{"Cab0": 34.71275994235226, "Cw0": 0.018205143266511625, "xscale0": 0.5895572647431184, "yscale0": 0.5895572647431184, "zscale0": 0.5895572647431184, "Cab1": 29.926368830660405, "Cw1": 0.043350693297534035, "xscale1": 0.5051078049592114, "yscale1": 0.5051078049592114, "zscale1": 0.5051078049592114, "Cab2": 24.905745123053993, "Cw2": 0.014377606251347465, "xscale2": 0.5728729287210214, "yscale2": 0.5728729287210214, "zscale2": 0.5728729287210214, "Cab3": 57.90482359049062, "Cw3": 0.021355773212148106, "xscale3": 0.5794046358724226, "yscale3": 0.5794046358724226, "zscale3": 0.5794046358724226, "Cab4": 42.46588075140228, "Cw4": 0.04138861136225113, "xscale4": 0.5141795443477906, "yscale4": 0.5141795443477906, "zscale4": 0.5141795443477906, "Cab5": 49.10412576384587, "Cw5": 0.03336354940324672, "xscale5": 0.8468337162948772, "yscale5": 0.8468337162948772, "zscale5": 0.8468337162948772, "Cab6": 20.515012573532456, "Cw6": 0.03373433455363346, "xscale6": 0.623793961766115, "yscale6": 0.623793961766115, "zscale6": 0.623793961766115, "Cab7": 34.4812538825707, "Cw7": 0.04031438178397564, "xscale7": 0.5188569072161017, "yscale7": 0.5188569072161017, "zscale7": 0.5188569072161017, "Cab8": 71.46016306374048, "Cw8": 0.02897936142122834, "xscale8": 0.625456033717835, "yscale8": 0.625456033717835, "zscale8": 0.625456033717835, "Cab9": 39.7591022538551, "Cw9": 0.03158316568143532, "xscale9": 0.640906663635444, "yscale9": 0.640906663635444, "zscale9": 0.640906663635444, "Cab10": 72.22480197178861, "Cw10": 0.03786337191163475, "xscale10": 0.42533865048218217, "yscale10": 0.42533865048218217, "zscale10": 0.42533865048218217, "Cab11": 58.384556912109964, "Cw11": 0.041968129922649325, "xscale11": 0.5328547919003754, "yscale11": 0.5328547919003754, "zscale11": 0.5328547919003754, "Cab12": 80.97087468289419, "Cw12": 0.016513640402615264, "xscale12": 0.5837568846530493, "yscale12": 0.5837568846530493, "zscale12": 0.5837568846530493, "Cab13": 29.22523314573541, "Cw13": 0.03861530108555131, "xscale13": 0.5267532054691043, "yscale13": 0.5267532054691043, "zscale13": 0.5267532054691043, "Cab14": 21.198997912445876, "Cw14": 0.04584713505694771, "xscale14": 0.5528160288829108, "yscale14": 0.5528160288829108, "zscale14": 0.5528160288829108, "Cab15": 55.453483243073336, "Cw15": 0.026802874060020757, "xscale15": 0.5046804535730525, "yscale15": 0.5046804535730525, "zscale15": 0.5046804535730525, "Cab16": 54.007125952359374, "Cw16": 0.04451469278038988, "xscale16": 0.6431673903017199, "yscale16": 0.6431673903017199, "zscale16": 0.6431673903017199, "Cab17": 50.968730814699356, "Cw17": 0.03818971372882607, "xscale17": 0.5185563906845464, "yscale17": 0.5185563906845464, "zscale17": 0.5185563906845464, "Cab18": 51.009226349566006, "Cw18": 0.04940957424325954, "xscale18": 0.5785249700450237, "yscale18": 0.5785249700450237, "zscale18": 0.5785249700450237, "Cab19": 69.30416764413428, "Cw19": 0.023693090196331413, "xscale19": 0.5356009950848752, "yscale19": 0.5356009950848752, "zscale19": 0.5356009950848752, "Cab20": 87.18815256243406, "Cw20": 0.015531643574392313, "xscale20": 0.5933350379367729, "yscale20": 0.5933350379367729, "zscale20": 0.5933350379367729, "Cab21": 44.22231484945229, "Cw21": 0.03486403849268069, "xscale21": 0.623202643846407, "yscale21": 0.623202643846407, "zscale21": 0.623202643846407, "Cab22": 84.25008637089938, "Cw22": 0.02336872733852078, "xscale22": 0.5058713060650292, "yscale22": 0.5058713060650292, "zscale22": 0.5058713060650292, "Cab23": 60.420373355949074, "Cw23": 0.048493435044380626, "xscale23": 0.5111269842384618, "yscale23": 0.5111269842384618, "zscale23": 0.5111269842384618, "Cab24": 78.92005731438013, "Cw24": 0.034724910684394386, "xscale24": 0.47988366412941347, "yscale24": 0.47988366412941347, "zscale24": 0.47988366412941347, "Cab25": 84.66355364884627, "Cw25": 0.010319080677029656, "xscale25": 0.6503633035151362, "yscale25": 0.6503633035151362, "zscale25": 0.6503633035151362, "Cab26": 64.10600120205376, "Cw26": 0.020608542402734666, "xscale26": 0.730803953793911, "yscale26": 0.730803953793911, "zscale26": 0.730803953793911, "Cab27": 43.86189777817445, "Cw27": 0.01926849834423052, "xscale27": 0.36870556709153723, "yscale27": 0.36870556709153723, "zscale27": 0.36870556709153723, "Cab28": 57.218578610380156, "Cw28": 0.0480483738819591, "xscale28": 0.4545351031354054, "yscale28": 0.4545351031354054, "zscale28": 0.4545351031354054, "Cab29": 65.36081289500477, "Cw29": 0.010400993664467114, "xscale29": 0.5959743255632085, "yscale29": 0.5959743255632085, "zscale29": 0.5959743255632085, "Cab30": 80.86891153961528, "Cw30": 0.012702471386386093, "xscale30": 0.4320879223688361, "yscale30": 0.4320879223688361, "zscale30": 0.4320879223688361, "Cab31": 57.805260676640536, "Cw31": 0.02448623815968555, "xscale31": 0.553488022741902, "yscale31": 0.553488022741902, "zscale31": 0.553488022741902, "Cab32": 61.2466709912182, "Cw32": 0.03586146106830042, "xscale32": 0.48964151491263347, "yscale32": 0.48964151491263347, "zscale32": 0.48964151491263347, "Cab33": 66.23196602235986, "Cw33": 0.048951255523723244, "xscale33": 0.46466223321355926, "yscale33": 0.46466223321355926, "zscale33": 0.46466223321355926, "Cab34": 48.17775850116624, "Cw34": 0.04801901344632573, "xscale34": 0.5407633472470321, "yscale34": 0.5407633472470321, "zscale34": 0.5407633472470321, "Cab35": 53.70042683473024, "Cw35": 0.013864117023672375, "xscale35": 0.3982932513606861, "yscale35": 0.3982932513606861, "zscale35": 0.3982932513606861, "Cab36": 36.35212988074238, "Cw36": 0.04390188224211882, "xscale36": 0.6534880657877471, "yscale36": 0.6534880657877471, "zscale36": 0.6534880657877471, "Cab37": 24.65003688768138, "Cw37": 0.02578436340135721, "xscale37": 0.5101654438070297, "yscale37": 0.5101654438070297, "zscale37": 0.5101654438070297, "Cab38": 73.41326787461242, "Cw38": 0.04245430568876986, "xscale38": 0.4128296114695839, "yscale38": 0.4128296114695839, "zscale38": 0.4128296114695839, "Cab39": 39.97540404293207, "Cw39": 0.03317228380673305, "xscale39": 0.60655281239704, "yscale39": 0.60655281239704, "zscale39": 0.60655281239704, "Cab40": 79.42420108483584, "Cw40": 0.028304548212451937, "xscale40": 0.47223164344577145, "yscale40": 0.47223164344577145, "zscale40": 0.47223164344577145, "Cab41": 43.988870263036276, "Cw41": 0.02637304504434207, "xscale41": 0.5317295327483293, "yscale41": 0.5317295327483293, "zscale41": 0.5317295327483293, "Cab42": 80.73092483883214, "Cw42": 0.027490059434028706, "xscale42": 0.5361093102925961, "yscale42": 0.5361093102925961, "zscale42": 0.5361093102925961, "Cab43": 62.81620965381971, "Cw43": 0.033451465714885845, "xscale43": 0.627714941555994, "yscale43": 0.627714941555994, "zscale43": 0.627714941555994, "Cab44": 49.70479031766054, "Cw44": 0.02533037886671125, "xscale44": 0.43460980992918824, "yscale44": 0.43460980992918824, "zscale44": 0.43460980992918824, "Cab45": 40.71355939439252, "Cw45": 0.012015715199418641, "xscale45": 0.28250459854708504, "yscale45": 0.28250459854708504, "zscale45": 0.28250459854708504, "Cab46": 34.12643887565174, "Cw46": 0.024293495750340663, "xscale46": 0.5473121044430479, "yscale46": 0.5473121044430479, "zscale46": 0.5473121044430479, "Cab47": 36.789858479027586, "Cw47": 0.04293938614442144, "xscale47": 0.5983448006040895, "yscale47": 0.5983448006040895, "zscale47": 0.5983448006040895, "Cab48": 36.48372962599338, "Cw48": 0.04359631855795927, "xscale48": 0.7829201643240439, "yscale48": 0.7829201643240439, "zscale48": 0.7829201643240439, "Cab49": 52.89779425734681, "Cw49": 0.01756768171230911, "xscale49": 0.5419178372060534, "yscale49": 0.5419178372060534, "zscale49": 0.5419178372060534, "Cab50": 67.91512217368381, "Cw50": 0.019864023238783404, "xscale50": 0.6096438746543628, "yscale50": 0.6096438746543628, "zscale50": 0.6096438746543628, "Cab51": 46.74730584850302, "Cw51": 0.04788333384018706, "xscale51": 0.8396806971188207, "yscale51": 0.8396806971188207, "zscale51": 0.8396806971188207, "Cab52": 34.63926829377798, "Cw52": 0.01987079448423408,