{"Cab0": 32.577387882418556, "Cw0": 0.017292931887551537, "xscale0": 0.6482212454210846, "yscale0": 0.6482212454210846, "zscale0": 0.6482212454210846, "Cab1": 46.5225804570445, "Cw1": 0.026068824819857297, "xscale1": 0.6055704440053363, "yscale1": 0.6055704440053363, "zscale1": 0.6055704440053363, "Cab2": 56.22782989417688, "Cw2": 0.03215307487375134, "xscale2": 0.5790562627412339, "yscale2": 0.5790562627412339, "zscale2": 0.5790562627412339, "Cab3": 50.79774304450219, "Cw3": 0.025542504400212558, "xscale3": 0.47495143273648655, "yscale3": 0.47495143273648655, "zscale3": 0.47495143273648655, "Cab4": 41.883537731677876, "Cw4": 0.04013108401747195, "xscale4": 0.5807272621893557, "yscale4": 0.5807272621893557, "zscale4": 0.5807272621893557, "Cab5": 26.50299190352377, "Cw5": 0.04931541387555938, "xscale5": 0.6133538625101297, "yscale5": 0.6133538625101297, "zscale5": 0.6133538625101297, "Cab6": 88.9464407841856, "Cw6": 0.019685376571691678, "xscale6": 0.6566855388023641, "yscale6": 0.6566855388023641, "zscale6": 0.6566855388023641, "Cab7": 21.036487267531008, "Cw7": 0.01655924207264479, "xscale7": 0.5559307031643235, "yscale7": 0.5559307031643235, "zscale7": 0.5559307031643235, "Cab8": 36.423361223376986, "Cw8": 0.03379303825407273, "xscale8": 0.6218308304694475, "yscale8": 0.6218308304694475, "zscale8": 0.6218308304694475, "Cab9": 21.43711512209569, "Cw9": 0.033823019943884466, "xscale9": 0.6477657373928551, "yscale9": 0.6477657373928551, "zscale9": 0.6477657373928551, "Cab10": 39.047628896249826, "Cw10": 0.022111243086687545, "xscale10": 0.4062523782548719, "yscale10": 0.4062523782548719, "zscale10": 0.4062523782548719, "Cab11": 85.45922843842149, "Cw11": 0.04248774109256346, "xscale11": 0.5276881627972934, "yscale11": 0.5276881627972934, "zscale11": 0.5276881627972934, "Cab12": 67.36955821679544, "Cw12": 0.015229367389283679, "xscale12": 0.5425168595125294, "yscale12": 0.5425168595125294, "zscale12": 0.5425168595125294, "Cab13": 35.44643566867124, "Cw13": 0.011753391757073689, "xscale13": 0.5480603427380192, "yscale13": 0.5480603427380192, "zscale13": 0.5480603427380192, "Cab14": 49.854825626930136, "Cw14": 0.04720351987568671, "xscale14": 0.45447932276139624, "yscale14": 0.45447932276139624, "zscale14": 0.45447932276139624, "Cab15": 53.5875981031394, "Cw15": 0.04846328158173606, "xscale15": 0.5157376907256607, "yscale15": 0.5157376907256607, "zscale15": 0.5157376907256607, "Cab16": 57.6772871730831, "Cw16": 0.03727137596592478, "xscale16": 0.690627031156359, "yscale16": 0.690627031156359, "zscale16": 0.690627031156359, "Cab17": 89.46246782824134, "Cw17": 0.028397773976727124, "xscale17": 0.45057849039904535, "yscale17": 0.45057849039904535, "zscale17": 0.45057849039904535, "Cab18": 48.58383102877894, "Cw18": 0.03269517802733139, "xscale18": 0.6882093654613542, "yscale18": 0.6882093654613542, "zscale18": 0.6882093654613542, "Cab19": 44.067287803883175, "Cw19": 0.0156983065753866, "xscale19": 0.4424575216391213, "yscale19": 0.4424575216391213, "zscale19": 0.4424575216391213, "Cab20": 54.460331237176604, "Cw20": 0.023864951706837514, "xscale20": 0.6449252494306452, "yscale20": 0.6449252494306452, "zscale20": 0.6449252494306452, "Cab21": 24.54564086913426, "Cw21": 0.01430692294878448, "xscale21": 0.43991309071437656, "yscale21": 0.43991309071437656, "zscale21": 0.43991309071437656, "Cab22": 27.788897204155212, "Cw22": 0.02562348919034206, "xscale22": 0.5996269839322743, "yscale22": 0.5996269839322743, "zscale22": 0.5996269839322743, "Cab23": 57.90770322141159, "Cw23": 0.02033768637642922, "xscale23": 0.5295042410075272, "yscale23": 0.5295042410075272, "zscale23": 0.5295042410075272, "Cab24": 66.97640750648883, "Cw24": 0.035306208520430656, "xscale24": 0.5837202846464931, "yscale24": 0.5837202846464931, "zscale24": 0.5837202846464931, "Cab25": 55.028386555948096, "Cw25": 0.030710946420168826, "xscale25": 0.5069301921541977, "yscale25": 0.5069301921541977, "zscale25": 0.5069301921541977, "Cab26": 24.581517322562867, "Cw26": 0.04599639177063283, "xscale26": 0.7300255162735162, "yscale26": 0.7300255162735162, "zscale26": 0.7300255162735162, "Cab27": 36.5105684284965, "Cw27": 0.01542963443288457, "xscale27": 0.48037951276082075, "yscale27": 0.48037951276082075, "zscale27": 0.48037951276082075, "Cab28": 80.88559158085661, "Cw28": 0.018171037640965088, "xscale28": 0.42531295143920456, "yscale28": 0.42531295143920456, "zscale28": 0.42531295143920456, "Cab29": 32.28302938282113, "Cw29": 0.04223924773908381, "xscale29": 0.6082425406614375, "yscale29": 0.6082425406614375, "zscale29": 0.6082425406614375, "Cab30": 48.650836233806324, "Cw30": 0.04753276707474487, "xscale30": 0.3846799797560925, "yscale30": 0.3846799797560925, "zscale30": 0.3846799797560925, "Cab31": 64.91684072613185, "Cw31": 0.03384703647240415, "xscale31": 0.5901374916647371, "yscale31": 0.5901374916647371, "zscale31": 0.5901374916647371, "Cab32": 59.89555544057038, "Cw32": 0.03950063395757236, "xscale32": 0.4932273195302006, "yscale32": 0.4932273195302006, "zscale32": 0.4932273195302006, "Cab33": 58.916536674268364, "Cw33": 0.0324834773052577, "xscale33": 0.39098476603109183, "yscale33": 0.39098476603109183, "zscale33": 0.39098476603109183, "Cab34": 23.076122715194927, "Cw34": 0.019019596432543803, "xscale34": 0.4854250050504815, "yscale34": 0.4854250050504815, "zscale34": 0.4854250050504815, "Cab35": 62.29821131915646, "Cw35": 0.03525266915329088, "xscale35": 0.383733228548111, "yscale35": 0.383733228548111, "zscale35": 0.383733228548111, "Cab36": 56.73587323848358, "Cw36": 0.04250104135627502, "xscale36": 0.7742395422172375, "yscale36": 0.7742395422172375, "zscale36": 0.7742395422172375, "Cab37": 74.86135724469338, "Cw37": 0.03243489934189526, "xscale37": 0.44653440141951717, "yscale37": 0.44653440141951717, "zscale37": 0.44653440141951717, "Cab38": 66.07137097827794, "Cw38": 0.038641799521148566, "xscale38": 0.4051407618647338, "yscale38": 0.4051407618647338, "zscale38": 0.4051407618647338, "Cab39": 25.10298490583938, "Cw39": 0.03018469349923167, "xscale39": 0.6104557904914928, "yscale39": 0.6104557904914928, "zscale39": 0.6104557904914928, "Cab40": 87.11640077058976, "Cw40": 0.036600821873397124, "xscale40": 0.53652898592792, "yscale40": 0.53652898592792, "zscale40": 0.53652898592792, "Cab41": 58.12800176170951, "Cw41": 0.025912735645175114, "xscale41": 0.6262571732334841, "yscale41": 0.6262571732334841, "zscale41": 0.6262571732334841, "Cab42": 26.47666256778684, "Cw42": 0.02171807499466344, "xscale42": 0.49905164946481106, "yscale42": 0.49905164946481106, "zscale42": 0.49905164946481106, "Cab43": 27.45476071924689, "Cw43": 0.02449902355827644, "xscale43": 0.5215994273015105, "yscale43": 0.5215994273015105, "zscale43": 0.5215994273015105, "Cab44": 60.83700216345536, "Cw44": 0.011319296433862766, "xscale44": 0.5007778348924847, "yscale44": 0.5007778348924847, "zscale44": 0.5007778348924847, "Cab45": 84.16563785978622, "Cw45": 0.025780804879907117, "xscale45": 0.38973928320361656, "yscale45": 0.38973928320361656, "zscale45": 0.38973928320361656, "Cab46": 59.814243850606445, "Cw46": 0.026141531316839016, "xscale46": 0.376792298761631, "yscale46": 0.376792298761631, "zscale46": 0.376792298761631, "Cab47": 67.02411462536199, "Cw47": 0.01718688089820267, "xscale47": 0.5425863628264045, "yscale47": 0.5425863628264045, "zscale47": 0.5425863628264045, "Cab48": 74.82125090296171, "Cw48": 0.04860380083005693, "xscale48": 0.5655844737944286, "yscale48": 0.5655844737944286, "zscale48": 0.5655844737944286, "Cab49": 56.69555417530696, "Cw49": 0.026200612730988372, "xscale49": 0.5777951987787511, "yscale49": 0.5777951987787511, "zscale49": 0.5777951987787511, "Cab50": 32.05169880366668, "Cw50": 0.029674706311770785, "xscale50": 0.7023585198322797, "yscale50": 0.7023585198322797, "zscale50": 0.7023585198322797, "Cab51": 28.938590829334185, "Cw51": 0.020272928665972013, "xscale51": 0.5837237990057844, "yscale51": 0.5837237990057844, "zscale51": 0.5837237990057844, "Cab52": 32.88841626216445,