{"Cab0": 41.04478725836526, "Cw0": 0.03614027312987064, "xscale0": 0.6771759422438958, "yscale0": 0.6771759422438958, "zscale0": 0.6771759422438958, "Cab1": 41.085160320104904, "Cw1": 0.038416513577071515, "xscale1": 0.4728637294712858, "yscale1": 0.4728637294712858, "zscale1": 0.4728637294712858, "Cab2": 77.83338085984937, "Cw2": 0.02002600980824766, "xscale2": 0.7427082216211269, "yscale2": 0.7427082216211269, "zscale2": 0.7427082216211269, "Cab3": 72.9410552236856, "Cw3": 0.01578325644207804, "xscale3": 0.5711543522285711, "yscale3": 0.5711543522285711, "zscale3": 0.5711543522285711, "Cab4": 52.56921012502107, "Cw4": 0.032165260055864876, "xscale4": 0.6720162353469296, "yscale4": 0.6720162353469296, "zscale4": 0.6720162353469296, "Cab5": 30.03393597212399, "Cw5": 0.04612179387102716, "xscale5": 0.8323997453424772, "yscale5": 0.8323997453424772, "zscale5": 0.8323997453424772, "Cab6": 40.23112754432645, "Cw6": 0.028359612265907594, "xscale6": 0.49160388259287285, "yscale6": 0.49160388259287285, "zscale6": 0.49160388259287285, "Cab7": 43.13680885551575, "Cw7": 0.03479315404992828, "xscale7": 0.569128616373025, "yscale7": 0.569128616373025, "zscale7": 0.569128616373025, "Cab8": 45.05574612375258, "Cw8": 0.04559196581754224, "xscale8": 0.5898855359462242, "yscale8": 0.5898855359462242, "zscale8": 0.5898855359462242, "Cab9": 25.369510990328077, "Cw9": 0.024697375975897995, "xscale9": 0.5774489075456168, "yscale9": 0.5774489075456168, "zscale9": 0.5774489075456168, "Cab10": 56.90034929913211, "Cw10": 0.043896094575110754, "xscale10": 0.44035303678534987, "yscale10": 0.44035303678534987, "zscale10": 0.44035303678534987, "Cab11": 40.127356098904045, "Cw11": 0.020688491236030226, "xscale11": 0.6637219269633262, "yscale11": 0.6637219269633262, "zscale11": 0.6637219269633262, "Cab12": 42.398400556629795, "Cw12": 0.02268574293346355, "xscale12": 0.5594950160939862, "yscale12": 0.5594950160939862, "zscale12": 0.5594950160939862, "Cab13": 48.52625815458131, "Cw13": 0.019600283020815557, "xscale13": 0.6308181314878257, "yscale13": 0.6308181314878257, "zscale13": 0.6308181314878257, "Cab14": 71.9959044818851, "Cw14": 0.03195999230031157, "xscale14": 0.6592558116390173, "yscale14": 0.6592558116390173, "zscale14": 0.6592558116390173, "Cab15": 84.24139568847693, "Cw15": 0.014022980762258563, "xscale15": 0.47843088034155556, "yscale15": 0.47843088034155556, "zscale15": 0.47843088034155556, "Cab16": 29.246099012627543, "Cw16": 0.027770506920110183, "xscale16": 0.5492892410205308, "yscale16": 0.5492892410205308, "zscale16": 0.5492892410205308, "Cab17": 55.635280948478375, "Cw17": 0.03945305176241596, "xscale17": 0.4755458611389113, "yscale17": 0.4755458611389113, "zscale17": 0.4755458611389113, "Cab18": 22.73807065478975, "Cw18": 0.01143720541120945, "xscale18": 0.661440131641682, "yscale18": 0.661440131641682, "zscale18": 0.661440131641682, "Cab19": 72.43637762671361, "Cw19": 0.03428996854355113, "xscale19": 0.5293830302166727, "yscale19": 0.5293830302166727, "zscale19": 0.5293830302166727, "Cab20": 58.91232406677796, "Cw20": 0.038500549012551406, "xscale20": 0.531800413302204, "yscale20": 0.531800413302204, "zscale20": 0.531800413302204, "Cab21": 23.783114207814307, "Cw21": 0.016680845177705645, "xscale21": 0.536609732806791, "yscale21": 0.536609732806791, "zscale21": 0.536609732806791, "Cab22": 53.48252113090744, "Cw22": 0.03604190040427224, "xscale22": 0.5286906956782108, "yscale22": 0.5286906956782108, "zscale22": 0.5286906956782108, "Cab23": 31.843991245186093, "Cw23": 0.02263856789629807, "xscale23": 0.5707641907697255, "yscale23": 0.5707641907697255, "zscale23": 0.5707641907697255, "Cab24": 33.352101935253195, "Cw24": 0.0319377988699901, "xscale24": 0.6171565055456466, "yscale24": 0.6171565055456466, "zscale24": 0.6171565055456466, "Cab25": 85.51583376088686, "Cw25": 0.011402816451512785, "xscale25": 0.5891984072996647, "yscale25": 0.5891984072996647, "zscale25": 0.5891984072996647, "Cab26": 69.55756305523607, "Cw26": 0.040900911076150605, "xscale26": 0.6711123355557428, "yscale26": 0.6711123355557428, "zscale26": 0.6711123355557428, "Cab27": 67.24340640352221, "Cw27": 0.01903065950472261, "xscale27": 0.4651993682852768, "yscale27": 0.4651993682852768, "zscale27": 0.4651993682852768, "Cab28": 41.50818589313955, "Cw28": 0.026232739986876752, "xscale28": 0.3739799562865903, "yscale28": 0.3739799562865903, "zscale28": 0.3739799562865903, "Cab29": 73.56129292490937, "Cw29": 0.024032976731563335, "xscale29": 0.4932165648699663, "yscale29": 0.4932165648699663, "zscale29": 0.4932165648699663, "Cab30": 43.312840380085234, "Cw30": 0.03204399336513706, "xscale30": 0.35893004917577764, "yscale30": 0.35893004917577764, "zscale30": 0.35893004917577764, "Cab31": 81.41423898267335, "Cw31": 0.016436681421098456, "xscale31": 0.6209855329320298, "yscale31": 0.6209855329320298, "zscale31": 0.6209855329320298, "Cab32": 58.77886761845468, "Cw32": 0.03701585559690337, "xscale32": 0.5377688818107655, "yscale32": 0.5377688818107655, "zscale32": 0.5377688818107655, "Cab33": 87.26049837722066, "Cw33": 0.04695041001406059, "xscale33": 0.45413485609460424, "yscale33": 0.45413485609460424, "zscale33": 0.45413485609460424, "Cab34": 85.86702153344336, "Cw34": 0.044422790002082164, "xscale34": 0.5753719990431401, "yscale34": 0.5753719990431401, "zscale34": 0.5753719990431401, "Cab35": 51.31174973976047, "Cw35": 0.036286723527549816, "xscale35": 0.33267786809730965, "yscale35": 0.33267786809730965, "zscale35": 0.33267786809730965, "Cab36": 84.92224330475905, "Cw36": 0.039983563173735026, "xscale36": 0.7723368758219461, "yscale36": 0.7723368758219461, "zscale36": 0.7723368758219461, "Cab37": 84.04198848616267, "Cw37": 0.023841319885810314, "xscale37": 0.3622197095998267, "yscale37": 0.3622197095998267, "zscale37": 0.3622197095998267, "Cab38": 87.16383323068817, "Cw38": 0.04353425228315768, "xscale38": 0.5349148215453616, "yscale38": 0.5349148215453616, "zscale38": 0.5349148215453616, "Cab39": 74.36057650384228, "Cw39": 0.04234472458102766, "xscale39": 0.6275456293188356, "yscale39": 0.6275456293188356, "zscale39": 0.6275456293188356, "Cab40": 68.3419934503188, "Cw40": 0.015479664452325528, "xscale40": 0.48467539759573774, "yscale40": 0.48467539759573774, "zscale40": 0.48467539759573774, "Cab41": 24.44386235263919, "Cw41": 0.04289266576801599, "xscale41": 0.48702642557556874, "yscale41": 0.48702642557556874, "zscale41": 0.48702642557556874, "Cab42": 27.09023968262786, "Cw42": 0.040649585723619604, "xscale42": 0.5012359664263818, "yscale42": 0.5012359664263818, "zscale42": 0.5012359664263818, "Cab43": 68.95495843387613, "Cw43": 0.034891070286823735, "xscale43": 0.5078396174503852, "yscale43": 0.5078396174503852, "zscale43": 0.5078396174503852, "Cab44": 85.48643148332009, "Cw44": 0.012736587918125312, "xscale44": 0.441344833538384, "yscale44": 0.441344833538384, "zscale44": 0.441344833538384, "Cab45": 36.04275317488075, "Cw45": 0.04781217512070726, "xscale45": 0.4023381046253723, "yscale45": 0.4023381046253723, "zscale45": 0.4023381046253723, "Cab46": 29.046315450254134, "Cw46": 0.040633706749426436, "xscale46": 0.45190982431517557, "yscale46": 0.45190982431517557, "zscale46": 0.45190982431517557, "Cab47": 83.24855317090226, "Cw47": 0.028032279218003747, "xscale47": 0.5493133605061088, "yscale47": 0.5493133605061088, "zscale47": 0.5493133605061088, "Cab48": 37.04361572517877, "Cw48": 0.0440897730853307, "xscale48": 0.7293382220111134, "yscale48": 0.7293382220111134, "zscale48": 0.7293382220111134, "Cab49": 65.36119066612652, "Cw49": 0.026885905316469776, "xscale49": 0.5915222772365019, "yscale49": 0.5915222772365019, "zscale49": 0.5915222772365019, "Cab50": 33.51007361524221, "Cw50": 0.028497207216839987, "xscale50": 0.7066536964134192, "yscale50": 0.7066536964134192, "zscale50": 0.7066536964134192, "Cab51": 37.48360408665913, "Cw51": 0.02306199507625409, "xscale51": 0.7337638149468092, "yscale51": 0.7337638149468092, "zscale51": 0.7337638149468092, "Cab52": 59.0259449978248,