{"Cab0": 89.49465237924552, "Cw0": 0.04248143318472309, "xscale0": 0.7332426061095005, "yscale0": 0.7332426061095005, "zscale0": 0.7332426061095005, "Cab1": 37.59715416229449, "Cw1": 0.03747066478739291, "xscale1": 0.658549638815038, "yscale1": 0.658549638815038, "zscale1": 0.658549638815038, "Cab2": 42.390196789639404, "Cw2": 0.014773590934672596, "xscale2": 0.6010088227070001, "yscale2": 0.6010088227070001, "zscale2": 0.6010088227070001, "Cab3": 35.810121890453836, "Cw3": 0.03694967805301495, "xscale3": 0.5799827219007263, "yscale3": 0.5799827219007263, "zscale3": 0.5799827219007263, "Cab4": 40.847140756573204, "Cw4": 0.018073608388866312, "xscale4": 0.7107977868218935, "yscale4": 0.7107977868218935, "zscale4": 0.7107977868218935, "Cab5": 38.993415752427865, "Cw5": 0.04242762032283213, "xscale5": 0.7343329405404674, "yscale5": 0.7343329405404674, "zscale5": 0.7343329405404674, "Cab6": 49.34935009822402, "Cw6": 0.041905250470351534, "xscale6": 0.4849673675674349, "yscale6": 0.4849673675674349, "zscale6": 0.4849673675674349, "Cab7": 67.22048917979888, "Cw7": 0.029654210000426215, "xscale7": 0.49708349651902184, "yscale7": 0.49708349651902184, "zscale7": 0.49708349651902184, "Cab8": 67.36561982932758, "Cw8": 0.04943876589786752, "xscale8": 0.5923532350818944, "yscale8": 0.5923532350818944, "zscale8": 0.5923532350818944, "Cab9": 68.08896297708095, "Cw9": 0.040066598051240125, "xscale9": 0.5639899421935048, "yscale9": 0.5639899421935048, "zscale9": 0.5639899421935048, "Cab10": 31.353741645521055, "Cw10": 0.015585350720313258, "xscale10": 0.48877075187659114, "yscale10": 0.48877075187659114, "zscale10": 0.48877075187659114, "Cab11": 23.88764562598562, "Cw11": 0.039664207053764576, "xscale11": 0.6593972655524795, "yscale11": 0.6593972655524795, "zscale11": 0.6593972655524795, "Cab12": 49.44043647280131, "Cw12": 0.03412265718995141, "xscale12": 0.6217026405269408, "yscale12": 0.6217026405269408, "zscale12": 0.6217026405269408, "Cab13": 83.04708835053245, "Cw13": 0.02715596523966205, "xscale13": 0.7104844179546432, "yscale13": 0.7104844179546432, "zscale13": 0.7104844179546432, "Cab14": 71.7537538733435, "Cw14": 0.04245809160255049, "xscale14": 0.5892796699239579, "yscale14": 0.5892796699239579, "zscale14": 0.5892796699239579, "Cab15": 88.82207625175731, "Cw15": 0.03005423033318587, "xscale15": 0.668292898333422, "yscale15": 0.668292898333422, "zscale15": 0.668292898333422, "Cab16": 45.62058041522373, "Cw16": 0.04016398921650795, "xscale16": 0.5887066487889306, "yscale16": 0.5887066487889306, "zscale16": 0.5887066487889306, "Cab17": 21.81706867475821, "Cw17": 0.016028573794461973, "xscale17": 0.6251911856831756, "yscale17": 0.6251911856831756, "zscale17": 0.6251911856831756, "Cab18": 62.03909511342545, "Cw18": 0.023032734713515714, "xscale18": 0.6546477465224427, "yscale18": 0.6546477465224427, "zscale18": 0.6546477465224427, "Cab19": 79.26866603891385, "Cw19": 0.021633558285071346, "xscale19": 0.49001939584377086, "yscale19": 0.49001939584377086, "zscale19": 0.49001939584377086, "Cab20": 84.50317289009885, "Cw20": 0.019171210815329166, "xscale20": 0.6642313528531476, "yscale20": 0.6642313528531476, "zscale20": 0.6642313528531476, "Cab21": 28.046289648559, "Cw21": 0.043575206272044954, "xscale21": 0.6333414086242265, "yscale21": 0.6333414086242265, "zscale21": 0.6333414086242265, "Cab22": 48.21948294065379, "Cw22": 0.03001405625209838, "xscale22": 0.4662846694930326, "yscale22": 0.4662846694930326, "zscale22": 0.4662846694930326, "Cab23": 44.512013818136914, "Cw23": 0.03397231184899744, "xscale23": 0.5657431560347808, "yscale23": 0.5657431560347808, "zscale23": 0.5657431560347808, "Cab24": 21.744511461387443, "Cw24": 0.029432755650313905, "xscale24": 0.4359452013699482, "yscale24": 0.4359452013699482, "zscale24": 0.4359452013699482, "Cab25": 67.66506851401832, "Cw25": 0.028395087903661693, "xscale25": 0.49655794232906325, "yscale25": 0.49655794232906325, "zscale25": 0.49655794232906325, "Cab26": 69.77972529925893, "Cw26": 0.03133397350339957, "xscale26": 0.7158663811866023, "yscale26": 0.7158663811866023, "zscale26": 0.7158663811866023, "Cab27": 21.4054702134547, "Cw27": 0.03124619316750607, "xscale27": 0.44777549831673674, "yscale27": 0.44777549831673674, "zscale27": 0.44777549831673674, "Cab28": 65.33723589122744, "Cw28": 0.028747792610676635, "xscale28": 0.42690080537622854, "yscale28": 0.42690080537622854, "zscale28": 0.42690080537622854, "Cab29": 58.120480887293496, "Cw29": 0.01295665964048153, "xscale29": 0.610330514942595, "yscale29": 0.610330514942595, "zscale29": 0.610330514942595, "Cab30": 64.8244269815148, "Cw30": 0.043676048093725744, "xscale30": 0.3650267792567751, "yscale30": 0.3650267792567751, "zscale30": 0.3650267792567751, "Cab31": 23.237049789979253, "Cw31": 0.024962194270855168, "xscale31": 0.5830517980244616, "yscale31": 0.5830517980244616, "zscale31": 0.5830517980244616, "Cab32": 81.10096621583796, "Cw32": 0.04211420328000919, "xscale32": 0.4341646929886384, "yscale32": 0.4341646929886384, "zscale32": 0.4341646929886384, "Cab33": 89.2720158527755, "Cw33": 0.04237376609749402, "xscale33": 0.44317003376350206, "yscale33": 0.44317003376350206, "zscale33": 0.44317003376350206, "Cab34": 57.39479984576128, "Cw34": 0.024414937634043843, "xscale34": 0.595295077746908, "yscale34": 0.595295077746908, "zscale34": 0.595295077746908, "Cab35": 75.05561250894553, "Cw35": 0.03844757869905145, "xscale35": 0.4757113433002095, "yscale35": 0.4757113433002095, "zscale35": 0.4757113433002095, "Cab36": 62.962218974821816, "Cw36": 0.013109956041953245, "xscale36": 0.5921857208427858, "yscale36": 0.5921857208427858, "zscale36": 0.5921857208427858, "Cab37": 27.156341937997738, "Cw37": 0.028874901740437754, "xscale37": 0.43247757662279984, "yscale37": 0.43247757662279984, "zscale37": 0.43247757662279984, "Cab38": 61.25648316549849, "Cw38": 0.04622415162736922, "xscale38": 0.5459035386219089, "yscale38": 0.5459035386219089, "zscale38": 0.5459035386219089, "Cab39": 51.90997529018376, "Cw39": 0.036029133984048854, "xscale39": 0.6769106282391082, "yscale39": 0.6769106282391082, "zscale39": 0.6769106282391082, "Cab40": 53.44742643044946, "Cw40": 0.0236794530056776, "xscale40": 0.48296847278497856, "yscale40": 0.48296847278497856, "zscale40": 0.48296847278497856, "Cab41": 86.20730407303292, "Cw41": 0.010574052105276564, "xscale41": 0.5105555108191414, "yscale41": 0.5105555108191414, "zscale41": 0.5105555108191414, "Cab42": 52.62270803877433, "Cw42": 0.049888935861887515, "xscale42": 0.5514542983139882, "yscale42": 0.5514542983139882, "zscale42": 0.5514542983139882, "Cab43": 75.42186801873146, "Cw43": 0.021326024872118973, "xscale43": 0.5079220418942193, "yscale43": 0.5079220418942193, "zscale43": 0.5079220418942193, "Cab44": 40.12287207128858, "Cw44": 0.03665105126304789, "xscale44": 0.3678450228697294, "yscale44": 0.3678450228697294, "zscale44": 0.3678450228697294, "Cab45": 40.349808805098206, "Cw45": 0.011257557460572998, "xscale45": 0.2740584217021735, "yscale45": 0.2740584217021735, "zscale45": 0.2740584217021735, "Cab46": 78.57341550263484, "Cw46": 0.027905185047809714, "xscale46": 0.4692110957232364, "yscale46": 0.4692110957232364, "zscale46": 0.4692110957232364, "Cab47": 39.37155080872546, "Cw47": 0.04641351996869269, "xscale47": 0.62698919251607, "yscale47": 0.62698919251607, "zscale47": 0.62698919251607, "Cab48": 62.4583196363914, "Cw48": 0.02587165701934397, "xscale48": 0.5900602895587372, "yscale48": 0.5900602895587372, "zscale48": 0.5900602895587372, "Cab49": 22.461683575239395, "Cw49": 0.021321158943257222, "xscale49": 0.41088156895580463, "yscale49": 0.41088156895580463, "zscale49": 0.41088156895580463, "Cab50": 34.64290309560778, "Cw50": 0.030751932047564663, "xscale50": 0.7794615988833608, "yscale50": 0.7794615988833608, "zscale50": 0.7794615988833608, "Cab51": 48.01673602697656, "Cw51": 0.02162987595902383, "xscale51": 0.8074563024552178, "yscale51": 0.8074563024552178, "zscale51": 0.8074563024552178, "Cab52": 79.20050768574418,