{"Cab0": 31.109805614032737, "Cw0": 0.03407397634763925, "xscale0": 0.6507579653859408, "yscale0": 0.6507579653859408, "zscale0": 0.6507579653859408, "Cab1": 55.279732300663724, "Cw1": 0.04918097391000447, "xscale1": 0.6657117283418855, "yscale1": 0.6657117283418855, "zscale1": 0.6657117283418855, "Cab2": 78.26229470737346, "Cw2": 0.032697985839899434, "xscale2": 0.7098473263524465, "yscale2": 0.7098473263524465, "zscale2": 0.7098473263524465, "Cab3": 72.98243637669363, "Cw3": 0.03412982542915058, "xscale3": 0.517903505460169, "yscale3": 0.517903505460169, "zscale3": 0.517903505460169, "Cab4": 74.0761877569093, "Cw4": 0.014261713960842793, "xscale4": 0.6193529931283149, "yscale4": 0.6193529931283149, "zscale4": 0.6193529931283149, "Cab5": 66.47761452115364, "Cw5": 0.03210787152770749, "xscale5": 0.8299966751110944, "yscale5": 0.8299966751110944, "zscale5": 0.8299966751110944, "Cab6": 87.94453237320981, "Cw6": 0.04822664761051889, "xscale6": 0.5002458932000982, "yscale6": 0.5002458932000982, "zscale6": 0.5002458932000982, "Cab7": 78.01162419429954, "Cw7": 0.04752473618960732, "xscale7": 0.4426969789142034, "yscale7": 0.4426969789142034, "zscale7": 0.4426969789142034, "Cab8": 63.79261999830941, "Cw8": 0.016607023685861776, "xscale8": 0.5151001871518706, "yscale8": 0.5151001871518706, "zscale8": 0.5151001871518706, "Cab9": 89.74373390180047, "Cw9": 0.016794000575764932, "xscale9": 0.6444084988037708, "yscale9": 0.6444084988037708, "zscale9": 0.6444084988037708, "Cab10": 53.083221887119585, "Cw10": 0.038254120221194114, "xscale10": 0.5796140909834994, "yscale10": 0.5796140909834994, "zscale10": 0.5796140909834994, "Cab11": 86.34064146919158, "Cw11": 0.042122319344548756, "xscale11": 0.7556611535761872, "yscale11": 0.7556611535761872, "zscale11": 0.7556611535761872, "Cab12": 88.50539211043143, "Cw12": 0.047863509817139605, "xscale12": 0.5785970591878239, "yscale12": 0.5785970591878239, "zscale12": 0.5785970591878239, "Cab13": 40.26170871212439, "Cw13": 0.024729069294225768, "xscale13": 0.5733571307716587, "yscale13": 0.5733571307716587, "zscale13": 0.5733571307716587, "Cab14": 81.22824051844908, "Cw14": 0.020902098888823106, "xscale14": 0.48345258805394686, "yscale14": 0.48345258805394686, "zscale14": 0.48345258805394686, "Cab15": 48.62795738177677, "Cw15": 0.02247866233355465, "xscale15": 0.5924391056293662, "yscale15": 0.5924391056293662, "zscale15": 0.5924391056293662, "Cab16": 88.27872861420153, "Cw16": 0.04424471397816153, "xscale16": 0.5771651362290925, "yscale16": 0.5771651362290925, "zscale16": 0.5771651362290925, "Cab17": 58.7363790995347, "Cw17": 0.027787930847637282, "xscale17": 0.661489912328223, "yscale17": 0.661489912328223, "zscale17": 0.661489912328223, "Cab18": 60.075539429434194, "Cw18": 0.03148635839358857, "xscale18": 0.7323267423524192, "yscale18": 0.7323267423524192, "zscale18": 0.7323267423524192, "Cab19": 84.9671298670142, "Cw19": 0.04027642763877609, "xscale19": 0.5969165773763936, "yscale19": 0.5969165773763936, "zscale19": 0.5969165773763936, "Cab20": 22.977011837701426, "Cw20": 0.04381999896640685, "xscale20": 0.7369646375534658, "yscale20": 0.7369646375534658, "zscale20": 0.7369646375534658, "Cab21": 68.15868533879018, "Cw21": 0.04217385669601035, "xscale21": 0.6315974212100178, "yscale21": 0.6315974212100178, "zscale21": 0.6315974212100178, "Cab22": 36.34744490701762, "Cw22": 0.02973446258124035, "xscale22": 0.5943019732085766, "yscale22": 0.5943019732085766, "zscale22": 0.5943019732085766, "Cab23": 53.079736720286384, "Cw23": 0.048263139703268614, "xscale23": 0.6350220160635485, "yscale23": 0.6350220160635485, "zscale23": 0.6350220160635485, "Cab24": 82.44222951027834, "Cw24": 0.011720909394158898, "xscale24": 0.4627875541078258, "yscale24": 0.4627875541078258, "zscale24": 0.4627875541078258, "Cab25": 87.0223371548562, "Cw25": 0.031575500505848945, "xscale25": 0.6954469464946533, "yscale25": 0.6954469464946533, "zscale25": 0.6954469464946533, "Cab26": 59.31686924174979, "Cw26": 0.03421604975722958, "xscale26": 0.51294411281509, "yscale26": 0.51294411281509, "zscale26": 0.51294411281509, "Cab27": 75.94457163973244, "Cw27": 0.038492078546492316, "xscale27": 0.5109728148048733, "yscale27": 0.5109728148048733, "zscale27": 0.5109728148048733, "Cab28": 76.68673494345202, "Cw28": 0.0255838119154455, "xscale28": 0.35790831722525274, "yscale28": 0.35790831722525274, "zscale28": 0.35790831722525274, "Cab29": 48.880213820319405, "Cw29": 0.019235900973919987, "xscale29": 0.5882101398378086, "yscale29": 0.5882101398378086, "zscale29": 0.5882101398378086, "Cab30": 42.91722089322155, "Cw30": 0.04243640258806194, "xscale30": 0.3888857271661941, "yscale30": 0.3888857271661941, "zscale30": 0.3888857271661941, "Cab31": 56.15751402914284, "Cw31": 0.03992339991129972, "xscale31": 0.585435939696941, "yscale31": 0.585435939696941, "zscale31": 0.585435939696941, "Cab32": 76.21755619263052, "Cw32": 0.011731143032928354, "xscale32": 0.5039203141346447, "yscale32": 0.5039203141346447, "zscale32": 0.5039203141346447, "Cab33": 59.67144684145052, "Cw33": 0.01131838768433183, "xscale33": 0.4108937584704289, "yscale33": 0.4108937584704289, "zscale33": 0.4108937584704289, "Cab34": 85.3366363075742, "Cw34": 0.03717768657329705, "xscale34": 0.4273407384556556, "yscale34": 0.4273407384556556, "zscale34": 0.4273407384556556, "Cab35": 49.99997813439491, "Cw35": 0.03376070868601971, "xscale35": 0.42389140459674657, "yscale35": 0.42389140459674657, "zscale35": 0.42389140459674657, "Cab36": 78.48938411232808, "Cw36": 0.045077445156669824, "xscale36": 0.580866206692977, "yscale36": 0.580866206692977, "zscale36": 0.580866206692977, "Cab37": 74.71468393172326, "Cw37": 0.039419535463595626, "xscale37": 0.5098651204532191, "yscale37": 0.5098651204532191, "zscale37": 0.5098651204532191, "Cab38": 29.423354453126514, "Cw38": 0.01908491181739725, "xscale38": 0.47447852013400443, "yscale38": 0.47447852013400443, "zscale38": 0.47447852013400443, "Cab39": 41.1386718660184, "Cw39": 0.04997869266879216, "xscale39": 0.6343434186434466, "yscale39": 0.6343434186434466, "zscale39": 0.6343434186434466, "Cab40": 55.84524840143102, "Cw40": 0.042122910582385625, "xscale40": 0.4675674533025486, "yscale40": 0.4675674533025486, "zscale40": 0.4675674533025486, "Cab41": 70.00325088717472, "Cw41": 0.02073997454522123, "xscale41": 0.637220644001492, "yscale41": 0.637220644001492, "zscale41": 0.637220644001492, "Cab42": 80.27776255295598, "Cw42": 0.02053978699737995, "xscale42": 0.5082689884310518, "yscale42": 0.5082689884310518, "zscale42": 0.5082689884310518, "Cab43": 28.733265739075176, "Cw43": 0.03797644135772388, "xscale43": 0.6840458823839746, "yscale43": 0.6840458823839746, "zscale43": 0.6840458823839746, "Cab44": 61.90169349970141, "Cw44": 0.04208029390191065, "xscale44": 0.46484760769168854, "yscale44": 0.46484760769168854, "zscale44": 0.46484760769168854, "Cab45": 43.84774765083837, "Cw45": 0.027620747080688214, "xscale45": 0.27373386344857864, "yscale45": 0.27373386344857864, "zscale45": 0.27373386344857864, "Cab46": 46.57863994995208, "Cw46": 0.013827362873860763, "xscale46": 0.3782309786107838, "yscale46": 0.3782309786107838, "zscale46": 0.3782309786107838, "Cab47": 81.31688363895702, "Cw47": 0.034059464501454265, "xscale47": 0.4732190467837973, "yscale47": 0.4732190467837973, "zscale47": 0.4732190467837973, "Cab48": 69.98008955961656, "Cw48": 0.02402004043143803, "xscale48": 0.7870895739206724, "yscale48": 0.7870895739206724, "zscale48": 0.7870895739206724, "Cab49": 56.804523886801576, "Cw49": 0.026652547879523973, "xscale49": 0.6077428521422971, "yscale49": 0.6077428521422971, "zscale49": 0.6077428521422971, "Cab50": 33.567355821760884, "Cw50": 0.038121204096369835, "xscale50": 0.6742687025502252, "yscale50": 0.6742687025502252, "zscale50": 0.6742687025502252, "Cab51": 83.89422130845497, "Cw51": 0.03559941923681876, "xscale51": 0.8151261641449333, "yscale51": 0.8151261641449333, "zscale51": 0.8151261641449333, "Cab52": 80.81630648141926, "Cw52": 0.03542891017787852,