{"Cab0": 22.705829548105893, "Cw0": 0.049387166682560754, "xscale0": 0.7132960114817684, "yscale0": 0.7132960114817684, "zscale0": 0.7132960114817684, "Cab1": 25.265034072166124, "Cw1": 0.04941855524702466, "xscale1": 0.6905405782958933, "yscale1": 0.6905405782958933, "zscale1": 0.6905405782958933, "Cab2": 75.33407546072749, "Cw2": 0.010588264418701953, "xscale2": 0.5417613945265313, "yscale2": 0.5417613945265313, "zscale2": 0.5417613945265313, "Cab3": 55.8301201798898, "Cw3": 0.01996419157876944, "xscale3": 0.4344350734768396, "yscale3": 0.4344350734768396, "zscale3": 0.4344350734768396, "Cab4": 76.21282485379912, "Cw4": 0.03848714031350899, "xscale4": 0.6659471050249987, "yscale4": 0.6659471050249987, "zscale4": 0.6659471050249987, "Cab5": 48.01381607675616, "Cw5": 0.03689247598814044, "xscale5": 0.6615014606997858, "yscale5": 0.6615014606997858, "zscale5": 0.6615014606997858, "Cab6": 39.25140567730991, "Cw6": 0.0447548346832067, "xscale6": 0.49813060861362285, "yscale6": 0.49813060861362285, "zscale6": 0.49813060861362285, "Cab7": 61.10204858954489, "Cw7": 0.025901251267513234, "xscale7": 0.5058490121326703, "yscale7": 0.5058490121326703, "zscale7": 0.5058490121326703, "Cab8": 61.87877917661348, "Cw8": 0.023851597060735967, "xscale8": 0.4745613999776148, "yscale8": 0.4745613999776148, "zscale8": 0.4745613999776148, "Cab9": 62.6102252845416, "Cw9": 0.011697962631827674, "xscale9": 0.8010516466026337, "yscale9": 0.8010516466026337, "zscale9": 0.8010516466026337, "Cab10": 64.7744894329925, "Cw10": 0.03404074589937342, "xscale10": 0.4103570429605096, "yscale10": 0.4103570429605096, "zscale10": 0.4103570429605096, "Cab11": 71.71630274355849, "Cw11": 0.017463026243479587, "xscale11": 0.567236786909008, "yscale11": 0.567236786909008, "zscale11": 0.567236786909008, "Cab12": 22.92664072335492, "Cw12": 0.022322516410007372, "xscale12": 0.5956502470699745, "yscale12": 0.5956502470699745, "zscale12": 0.5956502470699745, "Cab13": 33.74925571016359, "Cw13": 0.025411900641076464, "xscale13": 0.5948671757816062, "yscale13": 0.5948671757816062, "zscale13": 0.5948671757816062, "Cab14": 74.35728912204665, "Cw14": 0.029159910115765124, "xscale14": 0.5169723486542229, "yscale14": 0.5169723486542229, "zscale14": 0.5169723486542229, "Cab15": 53.06355769276641, "Cw15": 0.010822354773572922, "xscale15": 0.6565029605779743, "yscale15": 0.6565029605779743, "zscale15": 0.6565029605779743, "Cab16": 49.81463749894552, "Cw16": 0.046178452750015093, "xscale16": 0.6153467445089125, "yscale16": 0.6153467445089125, "zscale16": 0.6153467445089125, "Cab17": 26.97221499182486, "Cw17": 0.030893157623374905, "xscale17": 0.6376634004161469, "yscale17": 0.6376634004161469, "zscale17": 0.6376634004161469, "Cab18": 67.59900051463742, "Cw18": 0.04488596178017987, "xscale18": 0.6898234015118122, "yscale18": 0.6898234015118122, "zscale18": 0.6898234015118122, "Cab19": 26.81876884239194, "Cw19": 0.021966942729340327, "xscale19": 0.6144595356140474, "yscale19": 0.6144595356140474, "zscale19": 0.6144595356140474, "Cab20": 81.97498172071575, "Cw20": 0.024609624273537016, "xscale20": 0.6863344632429597, "yscale20": 0.6863344632429597, "zscale20": 0.6863344632429597, "Cab21": 30.85694015315526, "Cw21": 0.03852216876251272, "xscale21": 0.47161745671021493, "yscale21": 0.47161745671021493, "zscale21": 0.47161745671021493, "Cab22": 37.55800774318364, "Cw22": 0.0305585851066459, "xscale22": 0.5037940051798234, "yscale22": 0.5037940051798234, "zscale22": 0.5037940051798234, "Cab23": 62.33292498962053, "Cw23": 0.010102458629718094, "xscale23": 0.7243998701884159, "yscale23": 0.7243998701884159, "zscale23": 0.7243998701884159, "Cab24": 29.40871013492304, "Cw24": 0.031963961810720434, "xscale24": 0.5216956204991293, "yscale24": 0.5216956204991293, "zscale24": 0.5216956204991293, "Cab25": 54.55900813003773, "Cw25": 0.019910766213728746, "xscale25": 0.5377848126402718, "yscale25": 0.5377848126402718, "zscale25": 0.5377848126402718, "Cab26": 35.88592556690089, "Cw26": 0.04620742548221929, "xscale26": 0.6149947513963959, "yscale26": 0.6149947513963959, "zscale26": 0.6149947513963959, "Cab27": 57.98021654361814, "Cw27": 0.018638255901493907, "xscale27": 0.42736112206564236, "yscale27": 0.42736112206564236, "zscale27": 0.42736112206564236, "Cab28": 66.86716164327646, "Cw28": 0.03768063996466348, "xscale28": 0.3913931551420986, "yscale28": 0.3913931551420986, "zscale28": 0.3913931551420986, "Cab29": 70.54246510920684, "Cw29": 0.04225510730494321, "xscale29": 0.5205142967881515, "yscale29": 0.5205142967881515, "zscale29": 0.5205142967881515, "Cab30": 44.39655054441649, "Cw30": 0.03417557354779984, "xscale30": 0.3142583836441483, "yscale30": 0.3142583836441483, "zscale30": 0.3142583836441483, "Cab31": 77.51450943846893, "Cw31": 0.04924198281674333, "xscale31": 0.6037750944892102, "yscale31": 0.6037750944892102, "zscale31": 0.6037750944892102, "Cab32": 47.86477760155019, "Cw32": 0.011660015947547637, "xscale32": 0.4634406779881345, "yscale32": 0.4634406779881345, "zscale32": 0.4634406779881345, "Cab33": 52.42511870744207, "Cw33": 0.04591046499636148, "xscale33": 0.41553061892737814, "yscale33": 0.41553061892737814, "zscale33": 0.41553061892737814, "Cab34": 45.46564867643656, "Cw34": 0.028398036656135245, "xscale34": 0.5261869361058308, "yscale34": 0.5261869361058308, "zscale34": 0.5261869361058308, "Cab35": 37.529162942694114, "Cw35": 0.016068632175766234, "xscale35": 0.35000047543604845, "yscale35": 0.35000047543604845, "zscale35": 0.35000047543604845, "Cab36": 45.5775541675651, "Cw36": 0.01445839223398743, "xscale36": 0.6743183472494796, "yscale36": 0.6743183472494796, "zscale36": 0.6743183472494796, "Cab37": 27.59536420538332, "Cw37": 0.03057850964292229, "xscale37": 0.45967321017206897, "yscale37": 0.45967321017206897, "zscale37": 0.45967321017206897, "Cab38": 53.041737983723465, "Cw38": 0.02053091459989343, "xscale38": 0.4094745072641413, "yscale38": 0.4094745072641413, "zscale38": 0.4094745072641413, "Cab39": 27.868679055633663, "Cw39": 0.04982667353346471, "xscale39": 0.6413961380213681, "yscale39": 0.6413961380213681, "zscale39": 0.6413961380213681, "Cab40": 63.044127237589656, "Cw40": 0.010971002443230477, "xscale40": 0.4610861691750266, "yscale40": 0.4610861691750266, "zscale40": 0.4610861691750266, "Cab41": 36.25618148605162, "Cw41": 0.03314631246839499, "xscale41": 0.562069725604006, "yscale41": 0.562069725604006, "zscale41": 0.562069725604006, "Cab42": 56.65515016761169, "Cw42": 0.03498155280548077, "xscale42": 0.6040847177301257, "yscale42": 0.6040847177301257, "zscale42": 0.6040847177301257, "Cab43": 73.37054068261969, "Cw43": 0.035683864726495686, "xscale43": 0.69299452428945, "yscale43": 0.69299452428945, "zscale43": 0.69299452428945, "Cab44": 22.404723368176498, "Cw44": 0.04755072125180193, "xscale44": 0.4900685809238925, "yscale44": 0.4900685809238925, "zscale44": 0.4900685809238925, "Cab45": 57.39655105377368, "Cw45": 0.04460376627610955, "xscale45": 0.4026793396257997, "yscale45": 0.4026793396257997, "zscale45": 0.4026793396257997, "Cab46": 86.6766822901207, "Cw46": 0.01955240735833766, "xscale46": 0.5007672435819284, "yscale46": 0.5007672435819284, "zscale46": 0.5007672435819284, "Cab47": 66.01953846075776, "Cw47": 0.039506918362983416, "xscale47": 0.5377006374274392, "yscale47": 0.5377006374274392, "zscale47": 0.5377006374274392, "Cab48": 45.2414595619218, "Cw48": 0.02298884449581535, "xscale48": 0.6016208846186453, "yscale48": 0.6016208846186453, "zscale48": 0.6016208846186453, "Cab49": 25.593159824061182, "Cw49": 0.021227266215805084, "xscale49": 0.5745414151878457, "yscale49": 0.5745414151878457, "zscale49": 0.5745414151878457, "Cab50": 32.272837077958556, "Cw50": 0.03017759081676706, "xscale50": 0.7750911265009621, "yscale50": 0.7750911265009621, "zscale50": 0.7750911265009621, "Cab51": 79.30077278568734, "Cw51": 0.0417350635401463, "xscale51": 0.8051249034251141, "yscale51": 0.8051249034251141, "zscale51": 0.8051249034251141, "Cab52": 45.65096892502836, "Cw52": 0.02064190877353592,