{"Cab0": 30.440419808281014, "Cw0": 0.03616703284688793, "xscale0": 0.7750644343273267, "yscale0": 0.7750644343273267, "zscale0": 0.7750644343273267, "Cab1": 81.20414755794603, "Cw1": 0.04506408013485481, "xscale1": 0.5343089406811812, "yscale1": 0.5343089406811812, "zscale1": 0.5343089406811812, "Cab2": 72.805551594186, "Cw2": 0.042143504871977995, "xscale2": 0.5229145510808895, "yscale2": 0.5229145510808895, "zscale2": 0.5229145510808895, "Cab3": 30.037772896036874, "Cw3": 0.024341292732570928, "xscale3": 0.5405600938331895, "yscale3": 0.5405600938331895, "zscale3": 0.5405600938331895, "Cab4": 60.75772123294741, "Cw4": 0.02806773466471585, "xscale4": 0.5319053013529685, "yscale4": 0.5319053013529685, "zscale4": 0.5319053013529685, "Cab5": 22.22533122163793, "Cw5": 0.016325557246702763, "xscale5": 0.7927635707572468, "yscale5": 0.7927635707572468, "zscale5": 0.7927635707572468, "Cab6": 83.40040066850307, "Cw6": 0.01538728065158963, "xscale6": 0.6103574044801076, "yscale6": 0.6103574044801076, "zscale6": 0.6103574044801076, "Cab7": 48.79025386689352, "Cw7": 0.017832284732173805, "xscale7": 0.477504042623294, "yscale7": 0.477504042623294, "zscale7": 0.477504042623294, "Cab8": 52.17031815085467, "Cw8": 0.029067840962868623, "xscale8": 0.6449749518362425, "yscale8": 0.6449749518362425, "zscale8": 0.6449749518362425, "Cab9": 52.95892778007585, "Cw9": 0.0458079435779638, "xscale9": 0.7107056197432009, "yscale9": 0.7107056197432009, "zscale9": 0.7107056197432009, "Cab10": 34.20462194535438, "Cw10": 0.033251750604944647, "xscale10": 0.5469159978877016, "yscale10": 0.5469159978877016, "zscale10": 0.5469159978877016, "Cab11": 72.73192483959893, "Cw11": 0.013774237372692478, "xscale11": 0.7082973853366682, "yscale11": 0.7082973853366682, "zscale11": 0.7082973853366682, "Cab12": 49.43464191212252, "Cw12": 0.03203335368026844, "xscale12": 0.5249846124095676, "yscale12": 0.5249846124095676, "zscale12": 0.5249846124095676, "Cab13": 36.34843682748036, "Cw13": 0.012001911776216225, "xscale13": 0.5904852906289287, "yscale13": 0.5904852906289287, "zscale13": 0.5904852906289287, "Cab14": 84.12327985404576, "Cw14": 0.010489854657081979, "xscale14": 0.6062448135844744, "yscale14": 0.6062448135844744, "zscale14": 0.6062448135844744, "Cab15": 79.84942898606253, "Cw15": 0.03242502164681136, "xscale15": 0.48761100053858625, "yscale15": 0.48761100053858625, "zscale15": 0.48761100053858625, "Cab16": 52.921363797186274, "Cw16": 0.03783601964055755, "xscale16": 0.6593698297146569, "yscale16": 0.6593698297146569, "zscale16": 0.6593698297146569, "Cab17": 32.76849923402594, "Cw17": 0.03435950829810188, "xscale17": 0.5907695496598743, "yscale17": 0.5907695496598743, "zscale17": 0.5907695496598743, "Cab18": 22.126394981119837, "Cw18": 0.01806663926603281, "xscale18": 0.6711326568763422, "yscale18": 0.6711326568763422, "zscale18": 0.6711326568763422, "Cab19": 63.55197507491842, "Cw19": 0.03850773013940006, "xscale19": 0.5653808907590062, "yscale19": 0.5653808907590062, "zscale19": 0.5653808907590062, "Cab20": 62.45252379711595, "Cw20": 0.023139172745735938, "xscale20": 0.6977385646253715, "yscale20": 0.6977385646253715, "zscale20": 0.6977385646253715, "Cab21": 61.40491678737338, "Cw21": 0.04516159545901959, "xscale21": 0.5109919280193411, "yscale21": 0.5109919280193411, "zscale21": 0.5109919280193411, "Cab22": 72.44149455118037, "Cw22": 0.030181544152760253, "xscale22": 0.45522383476378275, "yscale22": 0.45522383476378275, "zscale22": 0.45522383476378275, "Cab23": 73.26935669950134, "Cw23": 0.020482466674430808, "xscale23": 0.6957572934362104, "yscale23": 0.6957572934362104, "zscale23": 0.6957572934362104, "Cab24": 27.43382283480029, "Cw24": 0.023967943189047783, "xscale24": 0.5400510372317058, "yscale24": 0.5400510372317058, "zscale24": 0.5400510372317058, "Cab25": 38.16910595850637, "Cw25": 0.012672912232624766, "xscale25": 0.5196961913608618, "yscale25": 0.5196961913608618, "zscale25": 0.5196961913608618, "Cab26": 88.87152265698599, "Cw26": 0.027880008011814332, "xscale26": 0.6376220391409549, "yscale26": 0.6376220391409549, "zscale26": 0.6376220391409549, "Cab27": 21.965160443543084, "Cw27": 0.01470160102373022, "xscale27": 0.372564134295881, "yscale27": 0.372564134295881, "zscale27": 0.372564134295881, "Cab28": 71.18676971883453, "Cw28": 0.038922890306472425, "xscale28": 0.3566370613290372, "yscale28": 0.3566370613290372, "zscale28": 0.3566370613290372, "Cab29": 71.99922021274926, "Cw29": 0.038706389664013456, "xscale29": 0.5679429290302058, "yscale29": 0.5679429290302058, "zscale29": 0.5679429290302058, "Cab30": 79.46578608438554, "Cw30": 0.04031493793011703, "xscale30": 0.41238896441850814, "yscale30": 0.41238896441850814, "zscale30": 0.41238896441850814, "Cab31": 73.05030591655422, "Cw31": 0.049208109715327325, "xscale31": 0.707215696006766, "yscale31": 0.707215696006766, "zscale31": 0.707215696006766, "Cab32": 78.1791560332964, "Cw32": 0.012209712185201903, "xscale32": 0.389763196887543, "yscale32": 0.389763196887543, "zscale32": 0.389763196887543, "Cab33": 60.36354320244431, "Cw33": 0.03095638335641246, "xscale33": 0.5755636335609957, "yscale33": 0.5755636335609957, "zscale33": 0.5755636335609957, "Cab34": 61.15808756045974, "Cw34": 0.015547320889836128, "xscale34": 0.5161004606694833, "yscale34": 0.5161004606694833, "zscale34": 0.5161004606694833, "Cab35": 30.75630283496951, "Cw35": 0.025960933841427024, "xscale35": 0.47454169956583137, "yscale35": 0.47454169956583137, "zscale35": 0.47454169956583137, "Cab36": 35.60328790046248, "Cw36": 0.03314272072262415, "xscale36": 0.5445641426645184, "yscale36": 0.5445641426645184, "zscale36": 0.5445641426645184, "Cab37": 79.69059001284668, "Cw37": 0.01881440811307305, "xscale37": 0.4749348378125799, "yscale37": 0.4749348378125799, "zscale37": 0.4749348378125799, "Cab38": 59.56056828492635, "Cw38": 0.028932506030865522, "xscale38": 0.49507054797319144, "yscale38": 0.49507054797319144, "zscale38": 0.49507054797319144, "Cab39": 84.36853646637185, "Cw39": 0.030693836626815615, "xscale39": 0.5472663869811903, "yscale39": 0.5472663869811903, "zscale39": 0.5472663869811903, "Cab40": 30.2079026701415, "Cw40": 0.029047083932444075, "xscale40": 0.6234668315541438, "yscale40": 0.6234668315541438, "zscale40": 0.6234668315541438, "Cab41": 55.104405334627806, "Cw41": 0.028032200704684186, "xscale41": 0.5057385645243477, "yscale41": 0.5057385645243477, "zscale41": 0.5057385645243477, "Cab42": 85.44296340021955, "Cw42": 0.03010390179820647, "xscale42": 0.6433818191979662, "yscale42": 0.6433818191979662, "zscale42": 0.6433818191979662, "Cab43": 26.465362135643936, "Cw43": 0.011038592947967482, "xscale43": 0.5884966839192691, "yscale43": 0.5884966839192691, "zscale43": 0.5884966839192691, "Cab44": 31.37008207655977, "Cw44": 0.04442342106602405, "xscale44": 0.44798890956076104, "yscale44": 0.44798890956076104, "zscale44": 0.44798890956076104, "Cab45": 79.03422137120504, "Cw45": 0.04625459881177648, "xscale45": 0.3733735185721576, "yscale45": 0.3733735185721576, "zscale45": 0.3733735185721576, "Cab46": 38.030350271718774, "Cw46": 0.03339153470053647, "xscale46": 0.5246319048882306, "yscale46": 0.5246319048882306, "zscale46": 0.5246319048882306, "Cab47": 66.52766381468587, "Cw47": 0.020340783408652134, "xscale47": 0.46636013819785094, "yscale47": 0.46636013819785094, "zscale47": 0.46636013819785094, "Cab48": 52.04384092065551, "Cw48": 0.039372446988884494, "xscale48": 0.5791488314359129, "yscale48": 0.5791488314359129, "zscale48": 0.5791488314359129, "Cab49": 21.36103094136997, "Cw49": 0.0380833068482742, "xscale49": 0.5057765156143469, "yscale49": 0.5057765156143469, "zscale49": 0.5057765156143469, "Cab50": 36.66980442866567, "Cw50": 0.033654755558242, "xscale50": 0.6952012697708352, "yscale50": 0.6952012697708352, "zscale50": 0.6952012697708352, "Cab51": 31.826203669182675, "Cw51": 0.035383903122292754, "xscale51": 0.6186350705954015, "yscale51": 0.6186350705954015, "zscale51": 0.6186350705954015, "Cab52": 85.02417806106311,