{"Cab0": 52.32822091336676, "Cw0": 0.029731536938535683, "xscale0": 0.7612688463150589, "yscale0": 0.7612688463150589, "zscale0": 0.7612688463150589, "Cab1": 73.97754693026008, "Cw1": 0.019103616505587673, "xscale1": 0.5404009547495517, "yscale1": 0.5404009547495517, "zscale1": 0.5404009547495517, "Cab2": 36.40368493407016, "Cw2": 0.0472458399723728, "xscale2": 0.5228377916776532, "yscale2": 0.5228377916776532, "zscale2": 0.5228377916776532, "Cab3": 28.884680479571088, "Cw3": 0.011289982150130093, "xscale3": 0.5301424327375895, "yscale3": 0.5301424327375895, "zscale3": 0.5301424327375895, "Cab4": 77.22846213480611, "Cw4": 0.04035351430869823, "xscale4": 0.5691179234536428, "yscale4": 0.5691179234536428, "zscale4": 0.5691179234536428, "Cab5": 84.04203584317752, "Cw5": 0.013783166547476574, "xscale5": 0.902641380705955, "yscale5": 0.902641380705955, "zscale5": 0.902641380705955, "Cab6": 73.28933898345777, "Cw6": 0.03240429920333044, "xscale6": 0.4835301123599514, "yscale6": 0.4835301123599514, "zscale6": 0.4835301123599514, "Cab7": 21.86542976701135, "Cw7": 0.01760415403147091, "xscale7": 0.5953529502414423, "yscale7": 0.5953529502414423, "zscale7": 0.5953529502414423, "Cab8": 27.366846498545485, "Cw8": 0.017434867601723213, "xscale8": 0.5767110091224378, "yscale8": 0.5767110091224378, "zscale8": 0.5767110091224378, "Cab9": 82.03196320194387, "Cw9": 0.04291876998297878, "xscale9": 0.6860669876732932, "yscale9": 0.6860669876732932, "zscale9": 0.6860669876732932, "Cab10": 86.14916434563449, "Cw10": 0.010478475666621731, "xscale10": 0.5642928715113521, "yscale10": 0.5642928715113521, "zscale10": 0.5642928715113521, "Cab11": 37.04865730729817, "Cw11": 0.01580504854274745, "xscale11": 0.7615711816986246, "yscale11": 0.7615711816986246, "zscale11": 0.7615711816986246, "Cab12": 62.94384465887608, "Cw12": 0.013786408672081793, "xscale12": 0.5760162986671652, "yscale12": 0.5760162986671652, "zscale12": 0.5760162986671652, "Cab13": 65.42572238273598, "Cw13": 0.043021764287623845, "xscale13": 0.5770398621536083, "yscale13": 0.5770398621536083, "zscale13": 0.5770398621536083, "Cab14": 40.43467040081042, "Cw14": 0.03283066354376977, "xscale14": 0.6020793491028558, "yscale14": 0.6020793491028558, "zscale14": 0.6020793491028558, "Cab15": 42.247507248221964, "Cw15": 0.011649544271073183, "xscale15": 0.5462123424427306, "yscale15": 0.5462123424427306, "zscale15": 0.5462123424427306, "Cab16": 35.071530707690044, "Cw16": 0.015786852181241682, "xscale16": 0.5651319897351291, "yscale16": 0.5651319897351291, "zscale16": 0.5651319897351291, "Cab17": 63.509147419151354, "Cw17": 0.02610250997595473, "xscale17": 0.6608368418029069, "yscale17": 0.6608368418029069, "zscale17": 0.6608368418029069, "Cab18": 20.082862916048704, "Cw18": 0.022784651595039083, "xscale18": 0.5696266533428872, "yscale18": 0.5696266533428872, "zscale18": 0.5696266533428872, "Cab19": 80.4697382242758, "Cw19": 0.017791075863385308, "xscale19": 0.5714949167401409, "yscale19": 0.5714949167401409, "zscale19": 0.5714949167401409, "Cab20": 80.42872121874785, "Cw20": 0.013469905087279131, "xscale20": 0.5752249668035851, "yscale20": 0.5752249668035851, "zscale20": 0.5752249668035851, "Cab21": 74.51340033215726, "Cw21": 0.03491985484410389, "xscale21": 0.45358016539828083, "yscale21": 0.45358016539828083, "zscale21": 0.45358016539828083, "Cab22": 52.72227020006582, "Cw22": 0.010448458899672004, "xscale22": 0.4462450742851924, "yscale22": 0.4462450742851924, "zscale22": 0.4462450742851924, "Cab23": 65.12608559096492, "Cw23": 0.019595904366849454, "xscale23": 0.6453224032388332, "yscale23": 0.6453224032388332, "zscale23": 0.6453224032388332, "Cab24": 36.801474123964596, "Cw24": 0.022413511800004456, "xscale24": 0.6108023075428601, "yscale24": 0.6108023075428601, "zscale24": 0.6108023075428601, "Cab25": 59.023160198397875, "Cw25": 0.028431653680931812, "xscale25": 0.5212110617443467, "yscale25": 0.5212110617443467, "zscale25": 0.5212110617443467, "Cab26": 53.049417964852, "Cw26": 0.0191198857320447, "xscale26": 0.5820734481049833, "yscale26": 0.5820734481049833, "zscale26": 0.5820734481049833, "Cab27": 67.71769227131479, "Cw27": 0.024147352801553848, "xscale27": 0.5003653478578955, "yscale27": 0.5003653478578955, "zscale27": 0.5003653478578955, "Cab28": 89.4437216507633, "Cw28": 0.02477550568940947, "xscale28": 0.4012713414948705, "yscale28": 0.4012713414948705, "zscale28": 0.4012713414948705, "Cab29": 52.78629483871663, "Cw29": 0.03992579461707125, "xscale29": 0.5685962924340091, "yscale29": 0.5685962924340091, "zscale29": 0.5685962924340091, "Cab30": 69.76325000807678, "Cw30": 0.03333816268127943, "xscale30": 0.3524010803851437, "yscale30": 0.3524010803851437, "zscale30": 0.3524010803851437, "Cab31": 58.83785612559254, "Cw31": 0.04600744578006773, "xscale31": 0.6341743693177772, "yscale31": 0.6341743693177772, "zscale31": 0.6341743693177772, "Cab32": 74.64969386880156, "Cw32": 0.0311799123598726, "xscale32": 0.4393062019152655, "yscale32": 0.4393062019152655, "zscale32": 0.4393062019152655, "Cab33": 25.00676940176326, "Cw33": 0.04709046921208919, "xscale33": 0.4497658154658078, "yscale33": 0.4497658154658078, "zscale33": 0.4497658154658078, "Cab34": 35.32681181311869, "Cw34": 0.0222404412168024, "xscale34": 0.41086569209256274, "yscale34": 0.41086569209256274, "zscale34": 0.41086569209256274, "Cab35": 34.64943954816023, "Cw35": 0.04519499380781924, "xscale35": 0.4492619482451616, "yscale35": 0.4492619482451616, "zscale35": 0.4492619482451616, "Cab36": 39.09531481599422, "Cw36": 0.013098409154755086, "xscale36": 0.598686987871222, "yscale36": 0.598686987871222, "zscale36": 0.598686987871222, "Cab37": 85.77828428448291, "Cw37": 0.03188849392609236, "xscale37": 0.4749436720299524, "yscale37": 0.4749436720299524, "zscale37": 0.4749436720299524, "Cab38": 24.913332497611677, "Cw38": 0.046705462161107665, "xscale38": 0.4982459506232957, "yscale38": 0.4982459506232957, "zscale38": 0.4982459506232957, "Cab39": 43.57504161543555, "Cw39": 0.044116133755650724, "xscale39": 0.5832885063682834, "yscale39": 0.5832885063682834, "zscale39": 0.5832885063682834, "Cab40": 24.67522147669262, "Cw40": 0.04740060050581331, "xscale40": 0.438572839868182, "yscale40": 0.438572839868182, "zscale40": 0.438572839868182, "Cab41": 88.56018611294468, "Cw41": 0.04102617319451821, "xscale41": 0.5950590408880516, "yscale41": 0.5950590408880516, "zscale41": 0.5950590408880516, "Cab42": 47.57163046489313, "Cw42": 0.04526421883143924, "xscale42": 0.601032005486715, "yscale42": 0.601032005486715, "zscale42": 0.601032005486715, "Cab43": 86.74823329365401, "Cw43": 0.02171008556279933, "xscale43": 0.5026032551689819, "yscale43": 0.5026032551689819, "zscale43": 0.5026032551689819, "Cab44": 86.36830902308408, "Cw44": 0.039126161321479266, "xscale44": 0.35442716279882885, "yscale44": 0.35442716279882885, "zscale44": 0.35442716279882885, "Cab45": 20.97022123922933, "Cw45": 0.022840614284672447, "xscale45": 0.31261384976437023, "yscale45": 0.31261384976437023, "zscale45": 0.31261384976437023, "Cab46": 55.958300735955746, "Cw46": 0.029398960874867333, "xscale46": 0.44353092582986076, "yscale46": 0.44353092582986076, "zscale46": 0.44353092582986076, "Cab47": 25.88960198600577, "Cw47": 0.022587131139115858, "xscale47": 0.5650390375430409, "yscale47": 0.5650390375430409, "zscale47": 0.5650390375430409, "Cab48": 58.07117996198151, "Cw48": 0.045676190331065354, "xscale48": 0.6547840099218472, "yscale48": 0.6547840099218472, "zscale48": 0.6547840099218472, "Cab49": 83.99070824205816, "Cw49": 0.031153711094819132, "xscale49": 0.5892591420696683, "yscale49": 0.5892591420696683, "zscale49": 0.5892591420696683, "Cab50": 62.463090481059595, "Cw50": 0.027225348282912544, "xscale50": 0.6102434820087175, "yscale50": 0.6102434820087175, "zscale50": 0.6102434820087175, "Cab51": 65.52360034591663, "Cw51": 0.020163107823023066, "xscale51": 0.7968114702833518, "yscale51": 0.7968114702833518, "zscale51": 0.7968114702833518, "Cab52": 72.83527507020105, "Cw52": 0.03569816918298456,