{"Cab0": 71.67806490282575, "Cw0": 0.011362399132831609, "xscale0": 0.8598992683456897, "yscale0": 0.8598992683456897, "zscale0": 0.8598992683456897, "Cab1": 34.46105792199813, "Cw1": 0.03135469766962421, "xscale1": 0.4777918673936526, "yscale1": 0.4777918673936526, "zscale1": 0.4777918673936526, "Cab2": 82.05289891082789, "Cw2": 0.014990750540367968, "xscale2": 0.5798087474692498, "yscale2": 0.5798087474692498, "zscale2": 0.5798087474692498, "Cab3": 42.65857741723332, "Cw3": 0.028624581775832464, "xscale3": 0.5784120865221615, "yscale3": 0.5784120865221615, "zscale3": 0.5784120865221615, "Cab4": 28.23362649017131, "Cw4": 0.024189783189118855, "xscale4": 0.7134287643190739, "yscale4": 0.7134287643190739, "zscale4": 0.7134287643190739, "Cab5": 61.322068426591386, "Cw5": 0.025621184081638944, "xscale5": 0.8436722711301702, "yscale5": 0.8436722711301702, "zscale5": 0.8436722711301702, "Cab6": 62.359125540547765, "Cw6": 0.044002281084686554, "xscale6": 0.6343194110105221, "yscale6": 0.6343194110105221, "zscale6": 0.6343194110105221, "Cab7": 54.23371669614817, "Cw7": 0.020832603526897087, "xscale7": 0.47088702437177987, "yscale7": 0.47088702437177987, "zscale7": 0.47088702437177987, "Cab8": 69.25100511660501, "Cw8": 0.01734909723966246, "xscale8": 0.6262843148455485, "yscale8": 0.6262843148455485, "zscale8": 0.6262843148455485, "Cab9": 68.84980342589776, "Cw9": 0.02600925066022331, "xscale9": 0.6071645510564293, "yscale9": 0.6071645510564293, "zscale9": 0.6071645510564293, "Cab10": 27.434866193783186, "Cw10": 0.03462339651314627, "xscale10": 0.5616483060735484, "yscale10": 0.5616483060735484, "zscale10": 0.5616483060735484, "Cab11": 65.49558001455193, "Cw11": 0.04250209919788558, "xscale11": 0.7605616050129732, "yscale11": 0.7605616050129732, "zscale11": 0.7605616050129732, "Cab12": 69.1721407250567, "Cw12": 0.02305597357217063, "xscale12": 0.6167097181320728, "yscale12": 0.6167097181320728, "zscale12": 0.6167097181320728, "Cab13": 29.719563221509382, "Cw13": 0.021395288809034303, "xscale13": 0.7372173204774992, "yscale13": 0.7372173204774992, "zscale13": 0.7372173204774992, "Cab14": 63.98004016535693, "Cw14": 0.044605629141660726, "xscale14": 0.511360680370302, "yscale14": 0.511360680370302, "zscale14": 0.511360680370302, "Cab15": 29.76450582996909, "Cw15": 0.047453825667592466, "xscale15": 0.5118673192488762, "yscale15": 0.5118673192488762, "zscale15": 0.5118673192488762, "Cab16": 73.94412491217709, "Cw16": 0.04087415775182769, "xscale16": 0.5258173612902305, "yscale16": 0.5258173612902305, "zscale16": 0.5258173612902305, "Cab17": 44.651872165468745, "Cw17": 0.03136075726995979, "xscale17": 0.6527777165062796, "yscale17": 0.6527777165062796, "zscale17": 0.6527777165062796, "Cab18": 70.52391204083514, "Cw18": 0.025835934743737188, "xscale18": 0.745593049679793, "yscale18": 0.745593049679793, "zscale18": 0.745593049679793, "Cab19": 21.331002609955, "Cw19": 0.04117396806490325, "xscale19": 0.5475488885541918, "yscale19": 0.5475488885541918, "zscale19": 0.5475488885541918, "Cab20": 28.038237710420063, "Cw20": 0.026208736319599135, "xscale20": 0.5636837001276606, "yscale20": 0.5636837001276606, "zscale20": 0.5636837001276606, "Cab21": 20.723716694145935, "Cw21": 0.024405946267853848, "xscale21": 0.5135380761411925, "yscale21": 0.5135380761411925, "zscale21": 0.5135380761411925, "Cab22": 80.54978608369004, "Cw22": 0.017444058106524208, "xscale22": 0.44061718021663787, "yscale22": 0.44061718021663787, "zscale22": 0.44061718021663787, "Cab23": 65.95940183722732, "Cw23": 0.03337539952992619, "xscale23": 0.5957083808000494, "yscale23": 0.5957083808000494, "zscale23": 0.5957083808000494, "Cab24": 85.83292988401571, "Cw24": 0.04206776958158355, "xscale24": 0.5852417287007848, "yscale24": 0.5852417287007848, "zscale24": 0.5852417287007848, "Cab25": 67.49311318111603, "Cw25": 0.02926654202384457, "xscale25": 0.6639496861538159, "yscale25": 0.6639496861538159, "zscale25": 0.6639496861538159, "Cab26": 69.07007402910887, "Cw26": 0.02578630056051044, "xscale26": 0.4907719829834621, "yscale26": 0.4907719829834621, "zscale26": 0.4907719829834621, "Cab27": 38.1623606515022, "Cw27": 0.038450889670289035, "xscale27": 0.43231469054437616, "yscale27": 0.43231469054437616, "zscale27": 0.43231469054437616, "Cab28": 34.88858636454439, "Cw28": 0.016275723039862366, "xscale28": 0.49510523501003834, "yscale28": 0.49510523501003834, "zscale28": 0.49510523501003834, "Cab29": 27.96168346182351, "Cw29": 0.04623406774449661, "xscale29": 0.6395450758214497, "yscale29": 0.6395450758214497, "zscale29": 0.6395450758214497, "Cab30": 46.09719870589046, "Cw30": 0.01845055777375301, "xscale30": 0.376270201556335, "yscale30": 0.376270201556335, "zscale30": 0.376270201556335, "Cab31": 72.04351264863583, "Cw31": 0.010968347082025912, "xscale31": 0.7604818341787908, "yscale31": 0.7604818341787908, "zscale31": 0.7604818341787908, "Cab32": 36.23019702181889, "Cw32": 0.036200038880089325, "xscale32": 0.4857012192719763, "yscale32": 0.4857012192719763, "zscale32": 0.4857012192719763, "Cab33": 44.81938452768723, "Cw33": 0.011531319873281473, "xscale33": 0.5070833144354623, "yscale33": 0.5070833144354623, "zscale33": 0.5070833144354623, "Cab34": 24.99977122808853, "Cw34": 0.024407438683843527, "xscale34": 0.6046861956307636, "yscale34": 0.6046861956307636, "zscale34": 0.6046861956307636, "Cab35": 85.6903916701577, "Cw35": 0.014063813674641365, "xscale35": 0.3867319302382918, "yscale35": 0.3867319302382918, "zscale35": 0.3867319302382918, "Cab36": 72.11855679811424, "Cw36": 0.04677184835385262, "xscale36": 0.686277115763033, "yscale36": 0.686277115763033, "zscale36": 0.686277115763033, "Cab37": 77.02369455946838, "Cw37": 0.03626082475273769, "xscale37": 0.5361417366054229, "yscale37": 0.5361417366054229, "zscale37": 0.5361417366054229, "Cab38": 55.905583229950004, "Cw38": 0.033322873801457334, "xscale38": 0.4665031606216161, "yscale38": 0.4665031606216161, "zscale38": 0.4665031606216161, "Cab39": 84.33070283984428, "Cw39": 0.03212965387195931, "xscale39": 0.4856636384866518, "yscale39": 0.4856636384866518, "zscale39": 0.4856636384866518, "Cab40": 61.033749399363245, "Cw40": 0.04114363090077979, "xscale40": 0.5069348720272177, "yscale40": 0.5069348720272177, "zscale40": 0.5069348720272177, "Cab41": 39.845421132838716, "Cw41": 0.042274424684683974, "xscale41": 0.5032664597703963, "yscale41": 0.5032664597703963, "zscale41": 0.5032664597703963, "Cab42": 57.720661697585115, "Cw42": 0.041444997173135274, "xscale42": 0.5277208923055047, "yscale42": 0.5277208923055047, "zscale42": 0.5277208923055047, "Cab43": 26.992406960134403, "Cw43": 0.013720160115006768, "xscale43": 0.6497878256894233, "yscale43": 0.6497878256894233, "zscale43": 0.6497878256894233, "Cab44": 58.14547876311616, "Cw44": 0.03981884477870438, "xscale44": 0.3531552703242349, "yscale44": 0.3531552703242349, "zscale44": 0.3531552703242349, "Cab45": 47.01740597813382, "Cw45": 0.01292824223080728, "xscale45": 0.36810338837697215, "yscale45": 0.36810338837697215, "zscale45": 0.36810338837697215, "Cab46": 77.04472285635278, "Cw46": 0.04635152416944632, "xscale46": 0.43113042973691673, "yscale46": 0.43113042973691673, "zscale46": 0.43113042973691673, "Cab47": 24.416190481636157, "Cw47": 0.04990450771534731, "xscale47": 0.42130209286782694, "yscale47": 0.42130209286782694, "zscale47": 0.42130209286782694, "Cab48": 54.25401226172215, "Cw48": 0.01625877220264917, "xscale48": 0.7240784079528028, "yscale48": 0.7240784079528028, "zscale48": 0.7240784079528028, "Cab49": 54.17225245834711, "Cw49": 0.03234014254759022, "xscale49": 0.6004724652727722, "yscale49": 0.6004724652727722, "zscale49": 0.6004724652727722, "Cab50": 63.91515325925227, "Cw50": 0.0392040852731108, "xscale50": 0.6103992712726595, "yscale50": 0.6103992712726595, "zscale50": 0.6103992712726595, "Cab51": 28.004563840928896, "Cw51": 0.020544976494854872, "xscale51": 0.7669709658561921, "yscale51": 0.7669709658561921, "zscale51": 0.7669709658561921, "Cab52": 54.167006760911434,