{"Cab0": 73.84828303515246, "Cw0": 0.030499411974945836, "xscale0": 0.8013349351534074, "yscale0": 0.8013349351534074, "zscale0": 0.8013349351534074, "Cab1": 63.30633402348432, "Cw1": 0.03251270697366333, "xscale1": 0.6513523397862656, "yscale1": 0.6513523397862656, "zscale1": 0.6513523397862656, "Cab2": 63.03116456381449, "Cw2": 0.04762242101899861, "xscale2": 0.7247619129694071, "yscale2": 0.7247619129694071, "zscale2": 0.7247619129694071, "Cab3": 61.5973405833912, "Cw3": 0.03498664718469963, "xscale3": 0.5906836718484919, "yscale3": 0.5906836718484919, "zscale3": 0.5906836718484919, "Cab4": 57.29090803877723, "Cw4": 0.028198023132737664, "xscale4": 0.6628354276003271, "yscale4": 0.6628354276003271, "zscale4": 0.6628354276003271, "Cab5": 43.28864622950407, "Cw5": 0.04488465729471033, "xscale5": 0.7878814945117677, "yscale5": 0.7878814945117677, "zscale5": 0.7878814945117677, "Cab6": 68.635711998236, "Cw6": 0.01859003773607274, "xscale6": 0.6430397667037999, "yscale6": 0.6430397667037999, "zscale6": 0.6430397667037999, "Cab7": 73.34154047633982, "Cw7": 0.022780835521207146, "xscale7": 0.5718462031757344, "yscale7": 0.5718462031757344, "zscale7": 0.5718462031757344, "Cab8": 71.66261489714867, "Cw8": 0.04973664730293267, "xscale8": 0.4630456374591437, "yscale8": 0.4630456374591437, "zscale8": 0.4630456374591437, "Cab9": 29.900803504618345, "Cw9": 0.010656180232354538, "xscale9": 0.7396831044201317, "yscale9": 0.7396831044201317, "zscale9": 0.7396831044201317, "Cab10": 69.25146289301102, "Cw10": 0.01212627581198495, "xscale10": 0.42190211717091797, "yscale10": 0.42190211717091797, "zscale10": 0.42190211717091797, "Cab11": 30.908180311037718, "Cw11": 0.03677807482798901, "xscale11": 0.6241141385009127, "yscale11": 0.6241141385009127, "zscale11": 0.6241141385009127, "Cab12": 49.19748839389942, "Cw12": 0.04801041486206219, "xscale12": 0.6301117162696059, "yscale12": 0.6301117162696059, "zscale12": 0.6301117162696059, "Cab13": 57.81936721486789, "Cw13": 0.040768663301241334, "xscale13": 0.5006510371467254, "yscale13": 0.5006510371467254, "zscale13": 0.5006510371467254, "Cab14": 42.905220041847414, "Cw14": 0.010711928145418343, "xscale14": 0.4579593859254014, "yscale14": 0.4579593859254014, "zscale14": 0.4579593859254014, "Cab15": 81.07337446070733, "Cw15": 0.027346433530168336, "xscale15": 0.571116122032216, "yscale15": 0.571116122032216, "zscale15": 0.571116122032216, "Cab16": 72.25894234028917, "Cw16": 0.03402307356714848, "xscale16": 0.5814489430036475, "yscale16": 0.5814489430036475, "zscale16": 0.5814489430036475, "Cab17": 44.157688996879216, "Cw17": 0.045280109765007265, "xscale17": 0.4792507873209582, "yscale17": 0.4792507873209582, "zscale17": 0.4792507873209582, "Cab18": 49.311282318351466, "Cw18": 0.02402072084188734, "xscale18": 0.7121235743794236, "yscale18": 0.7121235743794236, "zscale18": 0.7121235743794236, "Cab19": 33.29785696817996, "Cw19": 0.03491151203053327, "xscale19": 0.4966538385805399, "yscale19": 0.4966538385805399, "zscale19": 0.4966538385805399, "Cab20": 83.54454363778073, "Cw20": 0.020197498523217325, "xscale20": 0.7615436376361429, "yscale20": 0.7615436376361429, "zscale20": 0.7615436376361429, "Cab21": 61.54529914925167, "Cw21": 0.04606919356354949, "xscale21": 0.5665274180411428, "yscale21": 0.5665274180411428, "zscale21": 0.5665274180411428, "Cab22": 66.77629220450537, "Cw22": 0.03956219630285956, "xscale22": 0.6068933707498626, "yscale22": 0.6068933707498626, "zscale22": 0.6068933707498626, "Cab23": 77.12695268725383, "Cw23": 0.0191243083377773, "xscale23": 0.6607426365170113, "yscale23": 0.6607426365170113, "zscale23": 0.6607426365170113, "Cab24": 33.69812211416463, "Cw24": 0.025473665987066164, "xscale24": 0.4472663921809081, "yscale24": 0.4472663921809081, "zscale24": 0.4472663921809081, "Cab25": 52.56345615000581, "Cw25": 0.031608401190727775, "xscale25": 0.5651509417151123, "yscale25": 0.5651509417151123, "zscale25": 0.5651509417151123, "Cab26": 83.79755497837778, "Cw26": 0.03776253587132781, "xscale26": 0.5291609433559112, "yscale26": 0.5291609433559112, "zscale26": 0.5291609433559112, "Cab27": 80.34468042977177, "Cw27": 0.04540111216106845, "xscale27": 0.3992335385615491, "yscale27": 0.3992335385615491, "zscale27": 0.3992335385615491, "Cab28": 53.30880123587685, "Cw28": 0.01892632423525824, "xscale28": 0.4472682906187349, "yscale28": 0.4472682906187349, "zscale28": 0.4472682906187349, "Cab29": 87.7623369779362, "Cw29": 0.043443362576436016, "xscale29": 0.5846128428979616, "yscale29": 0.5846128428979616, "zscale29": 0.5846128428979616, "Cab30": 84.28942738852463, "Cw30": 0.010709590534058556, "xscale30": 0.44674118714740135, "yscale30": 0.44674118714740135, "zscale30": 0.44674118714740135, "Cab31": 42.291878122910035, "Cw31": 0.03173901571725357, "xscale31": 0.6230696209110939, "yscale31": 0.6230696209110939, "zscale31": 0.6230696209110939, "Cab32": 33.69973380244569, "Cw32": 0.022357874695940225, "xscale32": 0.5675918035208094, "yscale32": 0.5675918035208094, "zscale32": 0.5675918035208094, "Cab33": 24.321636153336495, "Cw33": 0.04412632712554663, "xscale33": 0.47328352690164666, "yscale33": 0.47328352690164666, "zscale33": 0.47328352690164666, "Cab34": 36.4201212222628, "Cw34": 0.045924523030403216, "xscale34": 0.5213477475508373, "yscale34": 0.5213477475508373, "zscale34": 0.5213477475508373, "Cab35": 62.8992480536918, "Cw35": 0.03235098963992358, "xscale35": 0.3835794280252953, "yscale35": 0.3835794280252953, "zscale35": 0.3835794280252953, "Cab36": 41.98386569395325, "Cw36": 0.03496535008116346, "xscale36": 0.7640623928582612, "yscale36": 0.7640623928582612, "zscale36": 0.7640623928582612, "Cab37": 62.846652481488526, "Cw37": 0.027577793355307266, "xscale37": 0.5243629737970307, "yscale37": 0.5243629737970307, "zscale37": 0.5243629737970307, "Cab38": 72.92007504932528, "Cw38": 0.027500115230809474, "xscale38": 0.4166167386605373, "yscale38": 0.4166167386605373, "zscale38": 0.4166167386605373, "Cab39": 81.14453610966697, "Cw39": 0.02443871922744844, "xscale39": 0.5302971364713185, "yscale39": 0.5302971364713185, "zscale39": 0.5302971364713185, "Cab40": 79.71135426806975, "Cw40": 0.035126851909687916, "xscale40": 0.4920589553866412, "yscale40": 0.4920589553866412, "zscale40": 0.4920589553866412, "Cab41": 71.41428933598334, "Cw41": 0.015731721984564177, "xscale41": 0.6409850283963122, "yscale41": 0.6409850283963122, "zscale41": 0.6409850283963122, "Cab42": 36.444562989029336, "Cw42": 0.018699080761112593, "xscale42": 0.5173916779803633, "yscale42": 0.5173916779803633, "zscale42": 0.5173916779803633, "Cab43": 64.0389432466589, "Cw43": 0.034069664101740796, "xscale43": 0.7121156900105897, "yscale43": 0.7121156900105897, "zscale43": 0.7121156900105897, "Cab44": 37.0017447371745, "Cw44": 0.04572475246496954, "xscale44": 0.5062618172855359, "yscale44": 0.5062618172855359, "zscale44": 0.5062618172855359, "Cab45": 70.66064666475442, "Cw45": 0.03876702496079028, "xscale45": 0.3764544064092189, "yscale45": 0.3764544064092189, "zscale45": 0.3764544064092189, "Cab46": 35.349593656094775, "Cw46": 0.024800954466407052, "xscale46": 0.4807706473280293, "yscale46": 0.4807706473280293, "zscale46": 0.4807706473280293, "Cab47": 79.27921127575945, "Cw47": 0.011078895642118822, "xscale47": 0.5465870041374097, "yscale47": 0.5465870041374097, "zscale47": 0.5465870041374097, "Cab48": 36.14066909174747, "Cw48": 0.021085877347911546, "xscale48": 0.6809422106596361, "yscale48": 0.6809422106596361, "zscale48": 0.6809422106596361, "Cab49": 78.81735990323534, "Cw49": 0.030436363729505388, "xscale49": 0.43872800733714595, "yscale49": 0.43872800733714595, "zscale49": 0.43872800733714595, "Cab50": 31.514305815993055, "Cw50": 0.010742534060783218, "xscale50": 0.6469531191875499, "yscale50": 0.6469531191875499, "zscale50": 0.6469531191875499, "Cab51": 87.64972962403333, "Cw51": 0.016308957379121004, "xscale51": 0.8347646045766961, "yscale51": 0.8347646045766961, "zscale51": 0.8347646045766961, "Cab52": 79.20337128759014,