{"Cab0": 63.27470014886263, "Cw0": 0.04703713060207913, "xscale0": 0.6316820725999371, "yscale0": 0.6316820725999371, "zscale0": 0.6316820725999371, "Cab1": 87.10319389078107, "Cw1": 0.04467484843509554, "xscale1": 0.4970749594858055, "yscale1": 0.4970749594858055, "zscale1": 0.4970749594858055, "Cab2": 25.770531621649834, "Cw2": 0.036558383144477305, "xscale2": 0.6452453923672455, "yscale2": 0.6452453923672455, "zscale2": 0.6452453923672455, "Cab3": 28.57091538714858, "Cw3": 0.022561904571649548, "xscale3": 0.45475349089976597, "yscale3": 0.45475349089976597, "zscale3": 0.45475349089976597, "Cab4": 30.140072705260927, "Cw4": 0.04345314497002625, "xscale4": 0.5832444469378326, "yscale4": 0.5832444469378326, "zscale4": 0.5832444469378326, "Cab5": 23.95601344080159, "Cw5": 0.01402971312202934, "xscale5": 0.8055834410254348, "yscale5": 0.8055834410254348, "zscale5": 0.8055834410254348, "Cab6": 71.89038985845757, "Cw6": 0.018141392246775374, "xscale6": 0.5583433175006614, "yscale6": 0.5583433175006614, "zscale6": 0.5583433175006614, "Cab7": 63.188352436177205, "Cw7": 0.011569340172037937, "xscale7": 0.6379203711196938, "yscale7": 0.6379203711196938, "zscale7": 0.6379203711196938, "Cab8": 85.15908074474146, "Cw8": 0.02735497826314761, "xscale8": 0.558226850292179, "yscale8": 0.558226850292179, "zscale8": 0.558226850292179, "Cab9": 89.95680747102726, "Cw9": 0.02499873361813208, "xscale9": 0.6526939284617755, "yscale9": 0.6526939284617755, "zscale9": 0.6526939284617755, "Cab10": 62.71601847457429, "Cw10": 0.03805551356418058, "xscale10": 0.5608791620165466, "yscale10": 0.5608791620165466, "zscale10": 0.5608791620165466, "Cab11": 87.06677329021767, "Cw11": 0.014544411872068369, "xscale11": 0.6833138360256686, "yscale11": 0.6833138360256686, "zscale11": 0.6833138360256686, "Cab12": 80.80398116615312, "Cw12": 0.02855891848320835, "xscale12": 0.5535058181976644, "yscale12": 0.5535058181976644, "zscale12": 0.5535058181976644, "Cab13": 23.56328907054901, "Cw13": 0.024741606713406066, "xscale13": 0.691514975331492, "yscale13": 0.691514975331492, "zscale13": 0.691514975331492, "Cab14": 82.09895991989285, "Cw14": 0.024776435476453827, "xscale14": 0.45003019446750964, "yscale14": 0.45003019446750964, "zscale14": 0.45003019446750964, "Cab15": 43.623401668744364, "Cw15": 0.033951746552379466, "xscale15": 0.5988235738940955, "yscale15": 0.5988235738940955, "zscale15": 0.5988235738940955, "Cab16": 38.224347111181046, "Cw16": 0.04862242536714546, "xscale16": 0.572375627102596, "yscale16": 0.572375627102596, "zscale16": 0.572375627102596, "Cab17": 49.64190471119056, "Cw17": 0.03591696939780758, "xscale17": 0.5525775315534686, "yscale17": 0.5525775315534686, "zscale17": 0.5525775315534686, "Cab18": 42.95143794645493, "Cw18": 0.02002524077400704, "xscale18": 0.7709925101932764, "yscale18": 0.7709925101932764, "zscale18": 0.7709925101932764, "Cab19": 43.77800844932552, "Cw19": 0.04989202736985314, "xscale19": 0.5648703086688192, "yscale19": 0.5648703086688192, "zscale19": 0.5648703086688192, "Cab20": 48.60995021302253, "Cw20": 0.03522427222628393, "xscale20": 0.7358583583815109, "yscale20": 0.7358583583815109, "zscale20": 0.7358583583815109, "Cab21": 53.383243702178355, "Cw21": 0.029139990645952983, "xscale21": 0.5314601420585157, "yscale21": 0.5314601420585157, "zscale21": 0.5314601420585157, "Cab22": 61.85743212209453, "Cw22": 0.031976679896018365, "xscale22": 0.5999600615803008, "yscale22": 0.5999600615803008, "zscale22": 0.5999600615803008, "Cab23": 25.681877954890233, "Cw23": 0.011261122739781554, "xscale23": 0.7071331005068509, "yscale23": 0.7071331005068509, "zscale23": 0.7071331005068509, "Cab24": 77.46540868513803, "Cw24": 0.04522339897635379, "xscale24": 0.4683805829678076, "yscale24": 0.4683805829678076, "zscale24": 0.4683805829678076, "Cab25": 80.2711224368986, "Cw25": 0.015362957411549027, "xscale25": 0.6318142632955888, "yscale25": 0.6318142632955888, "zscale25": 0.6318142632955888, "Cab26": 39.37869967977536, "Cw26": 0.03827321076030979, "xscale26": 0.6890566936926418, "yscale26": 0.6890566936926418, "zscale26": 0.6890566936926418, "Cab27": 54.61846259564474, "Cw27": 0.040630082782205014, "xscale27": 0.4226844943970026, "yscale27": 0.4226844943970026, "zscale27": 0.4226844943970026, "Cab28": 87.01170079951257, "Cw28": 0.04835155592410119, "xscale28": 0.44224606015499596, "yscale28": 0.44224606015499596, "zscale28": 0.44224606015499596, "Cab29": 36.92010249855526, "Cw29": 0.011389021771891454, "xscale29": 0.5851409079031157, "yscale29": 0.5851409079031157, "zscale29": 0.5851409079031157, "Cab30": 78.89169594191068, "Cw30": 0.0375428288813414, "xscale30": 0.34921305819786397, "yscale30": 0.34921305819786397, "zscale30": 0.34921305819786397, "Cab31": 37.5534749686971, "Cw31": 0.04061429299278809, "xscale31": 0.7306213493399297, "yscale31": 0.7306213493399297, "zscale31": 0.7306213493399297, "Cab32": 22.21724869427563, "Cw32": 0.03764353428419064, "xscale32": 0.4500929515637131, "yscale32": 0.4500929515637131, "zscale32": 0.4500929515637131, "Cab33": 71.04747069725603, "Cw33": 0.031183448031126722, "xscale33": 0.4076654863554394, "yscale33": 0.4076654863554394, "zscale33": 0.4076654863554394, "Cab34": 65.80934565746577, "Cw34": 0.04551475698982654, "xscale34": 0.5379318320358002, "yscale34": 0.5379318320358002, "zscale34": 0.5379318320358002, "Cab35": 56.73574746482902, "Cw35": 0.027916405485256084, "xscale35": 0.45962793632893906, "yscale35": 0.45962793632893906, "zscale35": 0.45962793632893906, "Cab36": 68.63849179583242, "Cw36": 0.015164610661774453, "xscale36": 0.5976122108177523, "yscale36": 0.5976122108177523, "zscale36": 0.5976122108177523, "Cab37": 66.54560904057561, "Cw37": 0.010283590790877643, "xscale37": 0.39929624437635935, "yscale37": 0.39929624437635935, "zscale37": 0.39929624437635935, "Cab38": 24.28666120989127, "Cw38": 0.012023770021294702, "xscale38": 0.540154297310842, "yscale38": 0.540154297310842, "zscale38": 0.540154297310842, "Cab39": 58.08118761277067, "Cw39": 0.0289506250875139, "xscale39": 0.6074828464497093, "yscale39": 0.6074828464497093, "zscale39": 0.6074828464497093, "Cab40": 50.72926244710833, "Cw40": 0.019521819245471562, "xscale40": 0.5036060964682942, "yscale40": 0.5036060964682942, "zscale40": 0.5036060964682942, "Cab41": 33.90017170162008, "Cw41": 0.013227613621000951, "xscale41": 0.6182509845785247, "yscale41": 0.6182509845785247, "zscale41": 0.6182509845785247, "Cab42": 29.939206504025876, "Cw42": 0.044545068133906414, "xscale42": 0.5260051379400181, "yscale42": 0.5260051379400181, "zscale42": 0.5260051379400181, "Cab43": 87.23847486966211, "Cw43": 0.013276964613135909, "xscale43": 0.6344659176142711, "yscale43": 0.6344659176142711, "zscale43": 0.6344659176142711, "Cab44": 22.9852895461994, "Cw44": 0.04513071165323161, "xscale44": 0.42052034025543267, "yscale44": 0.42052034025543267, "zscale44": 0.42052034025543267, "Cab45": 68.523316883934, "Cw45": 0.029596477517026945, "xscale45": 0.27986376640995764, "yscale45": 0.27986376640995764, "zscale45": 0.27986376640995764, "Cab46": 51.3734053018857, "Cw46": 0.020303235981713352, "xscale46": 0.5502448721225637, "yscale46": 0.5502448721225637, "zscale46": 0.5502448721225637, "Cab47": 39.04188193966123, "Cw47": 0.012578468715038165, "xscale47": 0.5913687934325806, "yscale47": 0.5913687934325806, "zscale47": 0.5913687934325806, "Cab48": 79.95128973650212, "Cw48": 0.04186797878966263, "xscale48": 0.5600593929856653, "yscale48": 0.5600593929856653, "zscale48": 0.5600593929856653, "Cab49": 37.25504320297498, "Cw49": 0.01106288378148521, "xscale49": 0.436235536605044, "yscale49": 0.436235536605044, "zscale49": 0.436235536605044, "Cab50": 57.43658967302613, "Cw50": 0.03232664218576169, "xscale50": 0.605914219916629, "yscale50": 0.605914219916629, "zscale50": 0.605914219916629, "Cab51": 56.017396027607205, "Cw51": 0.02243021150249809, "xscale51": 0.6755892135854003, "yscale51": 0.6755892135854003, "zscale51": 0.6755892135854003, "Cab52": 88.02234912837075, "Cw52": 0.03142661698610908,