{"Cab0": 26.363569230415834, "Cw0": 0.021551681391870733, "xscale0": 0.7243607234006544, "yscale0": 0.7243607234006544, "zscale0": 0.7243607234006544, "Cab1": 84.33956346350497, "Cw1": 0.01579903998598036, "xscale1": 0.5427768221502266, "yscale1": 0.5427768221502266, "zscale1": 0.5427768221502266, "Cab2": 83.91957517997649, "Cw2": 0.01763807729337612, "xscale2": 0.6771605889323061, "yscale2": 0.6771605889323061, "zscale2": 0.6771605889323061, "Cab3": 78.85604080847386, "Cw3": 0.011774770787784257, "xscale3": 0.40476750078656015, "yscale3": 0.40476750078656015, "zscale3": 0.40476750078656015, "Cab4": 47.38779022120312, "Cw4": 0.0171674365561185, "xscale4": 0.6912517551476939, "yscale4": 0.6912517551476939, "zscale4": 0.6912517551476939, "Cab5": 50.22406004170838, "Cw5": 0.016750949062133612, "xscale5": 0.8354264720443997, "yscale5": 0.8354264720443997, "zscale5": 0.8354264720443997, "Cab6": 89.30059322635464, "Cw6": 0.013666635609110972, "xscale6": 0.5065072422935843, "yscale6": 0.5065072422935843, "zscale6": 0.5065072422935843, "Cab7": 88.53871612468856, "Cw7": 0.048366489583585505, "xscale7": 0.4908757321456924, "yscale7": 0.4908757321456924, "zscale7": 0.4908757321456924, "Cab8": 56.39887706178153, "Cw8": 0.010239336970406332, "xscale8": 0.5183834309200606, "yscale8": 0.5183834309200606, "zscale8": 0.5183834309200606, "Cab9": 86.83192242137476, "Cw9": 0.025819343849760736, "xscale9": 0.717291701114135, "yscale9": 0.717291701114135, "zscale9": 0.717291701114135, "Cab10": 38.130524012334774, "Cw10": 0.026164589512081074, "xscale10": 0.4115416257700306, "yscale10": 0.4115416257700306, "zscale10": 0.4115416257700306, "Cab11": 23.097619007218675, "Cw11": 0.048617013104323675, "xscale11": 0.5946691449430617, "yscale11": 0.5946691449430617, "zscale11": 0.5946691449430617, "Cab12": 78.79441446969909, "Cw12": 0.04010038059366731, "xscale12": 0.44587839228652665, "yscale12": 0.44587839228652665, "zscale12": 0.44587839228652665, "Cab13": 73.77196223327873, "Cw13": 0.03352891351371554, "xscale13": 0.5627908508866043, "yscale13": 0.5627908508866043, "zscale13": 0.5627908508866043, "Cab14": 32.66531387266729, "Cw14": 0.0416515574656102, "xscale14": 0.59401730885597, "yscale14": 0.59401730885597, "zscale14": 0.59401730885597, "Cab15": 61.462257392900725, "Cw15": 0.04956895183287411, "xscale15": 0.6407566829029683, "yscale15": 0.6407566829029683, "zscale15": 0.6407566829029683, "Cab16": 45.689146232780615, "Cw16": 0.028931077536671894, "xscale16": 0.6835287167422047, "yscale16": 0.6835287167422047, "zscale16": 0.6835287167422047, "Cab17": 52.85227259430981, "Cw17": 0.01536918772623078, "xscale17": 0.453427098892627, "yscale17": 0.453427098892627, "zscale17": 0.453427098892627, "Cab18": 71.56099864322626, "Cw18": 0.030224790543408146, "xscale18": 0.733795743855696, "yscale18": 0.733795743855696, "zscale18": 0.733795743855696, "Cab19": 51.61237601626503, "Cw19": 0.024404132291598414, "xscale19": 0.4606506704176402, "yscale19": 0.4606506704176402, "zscale19": 0.4606506704176402, "Cab20": 50.41152551043686, "Cw20": 0.04802809994310243, "xscale20": 0.5185923324313714, "yscale20": 0.5185923324313714, "zscale20": 0.5185923324313714, "Cab21": 60.63919722425039, "Cw21": 0.020216497785827806, "xscale21": 0.5290948747847696, "yscale21": 0.5290948747847696, "zscale21": 0.5290948747847696, "Cab22": 32.129292135870045, "Cw22": 0.033160664227712695, "xscale22": 0.5335873071922529, "yscale22": 0.5335873071922529, "zscale22": 0.5335873071922529, "Cab23": 37.640674765915065, "Cw23": 0.043643344068242926, "xscale23": 0.6340537498263861, "yscale23": 0.6340537498263861, "zscale23": 0.6340537498263861, "Cab24": 49.04766601729609, "Cw24": 0.044653896612217796, "xscale24": 0.4298105619460525, "yscale24": 0.4298105619460525, "zscale24": 0.4298105619460525, "Cab25": 32.33867935792175, "Cw25": 0.0348559401424079, "xscale25": 0.652731723261352, "yscale25": 0.652731723261352, "zscale25": 0.652731723261352, "Cab26": 49.04433750369975, "Cw26": 0.03756341965822324, "xscale26": 0.6165056237679709, "yscale26": 0.6165056237679709, "zscale26": 0.6165056237679709, "Cab27": 81.49853805106204, "Cw27": 0.017164202858077113, "xscale27": 0.3854133564209659, "yscale27": 0.3854133564209659, "zscale27": 0.3854133564209659, "Cab28": 29.18169272738355, "Cw28": 0.013784788795073433, "xscale28": 0.40171798811148635, "yscale28": 0.40171798811148635, "zscale28": 0.40171798811148635, "Cab29": 42.96496887334446, "Cw29": 0.025031625829397733, "xscale29": 0.5859641728787148, "yscale29": 0.5859641728787148, "zscale29": 0.5859641728787148, "Cab30": 43.89947093007646, "Cw30": 0.04404147421549973, "xscale30": 0.40213535031902603, "yscale30": 0.40213535031902603, "zscale30": 0.40213535031902603, "Cab31": 56.98991086934192, "Cw31": 0.028995690730525082, "xscale31": 0.607431001953963, "yscale31": 0.607431001953963, "zscale31": 0.607431001953963, "Cab32": 82.9688593827494, "Cw32": 0.03755591710330163, "xscale32": 0.5416871973627064, "yscale32": 0.5416871973627064, "zscale32": 0.5416871973627064, "Cab33": 34.87334665564343, "Cw33": 0.0276129936570405, "xscale33": 0.39344788174502043, "yscale33": 0.39344788174502043, "zscale33": 0.39344788174502043, "Cab34": 70.72587992786464, "Cw34": 0.024197028269131993, "xscale34": 0.45363546748775924, "yscale34": 0.45363546748775924, "zscale34": 0.45363546748775924, "Cab35": 26.124564875501726, "Cw35": 0.03208341684219653, "xscale35": 0.38235964371184167, "yscale35": 0.38235964371184167, "zscale35": 0.38235964371184167, "Cab36": 76.75548205197529, "Cw36": 0.04062749557945587, "xscale36": 0.5286245808015204, "yscale36": 0.5286245808015204, "zscale36": 0.5286245808015204, "Cab37": 88.7958031821052, "Cw37": 0.01912735305960947, "xscale37": 0.44219199618029664, "yscale37": 0.44219199618029664, "zscale37": 0.44219199618029664, "Cab38": 53.84640416354877, "Cw38": 0.03796087407885731, "xscale38": 0.5449468819120697, "yscale38": 0.5449468819120697, "zscale38": 0.5449468819120697, "Cab39": 24.75267792192644, "Cw39": 0.049409339079591, "xscale39": 0.5556582053174912, "yscale39": 0.5556582053174912, "zscale39": 0.5556582053174912, "Cab40": 29.74474561273216, "Cw40": 0.014157166228167747, "xscale40": 0.5475434295936024, "yscale40": 0.5475434295936024, "zscale40": 0.5475434295936024, "Cab41": 60.02827060486288, "Cw41": 0.0207453843088581, "xscale41": 0.6172204551439491, "yscale41": 0.6172204551439491, "zscale41": 0.6172204551439491, "Cab42": 76.0358637597587, "Cw42": 0.01747385397503466, "xscale42": 0.5410550461159912, "yscale42": 0.5410550461159912, "zscale42": 0.5410550461159912, "Cab43": 71.14727400734381, "Cw43": 0.03494835003161052, "xscale43": 0.5564144750621154, "yscale43": 0.5564144750621154, "zscale43": 0.5564144750621154, "Cab44": 54.19645918879554, "Cw44": 0.029950625670945426, "xscale44": 0.40181437042002216, "yscale44": 0.40181437042002216, "zscale44": 0.40181437042002216, "Cab45": 21.14384145384521, "Cw45": 0.04499451959678005, "xscale45": 0.28761145884208544, "yscale45": 0.28761145884208544, "zscale45": 0.28761145884208544, "Cab46": 64.74162111460564, "Cw46": 0.037727560397347135, "xscale46": 0.5070057755549368, "yscale46": 0.5070057755549368, "zscale46": 0.5070057755549368, "Cab47": 21.70082604353992, "Cw47": 0.020605937585029564, "xscale47": 0.5601923911942537, "yscale47": 0.5601923911942537, "zscale47": 0.5601923911942537, "Cab48": 45.668366820527936, "Cw48": 0.031554512745851214, "xscale48": 0.6094818048417714, "yscale48": 0.6094818048417714, "zscale48": 0.6094818048417714, "Cab49": 22.601910955675176, "Cw49": 0.04513188104975468, "xscale49": 0.5367477686948846, "yscale49": 0.5367477686948846, "zscale49": 0.5367477686948846, "Cab50": 45.835279542353845, "Cw50": 0.02891630446744462, "xscale50": 0.5528526518726372, "yscale50": 0.5528526518726372, "zscale50": 0.5528526518726372, "Cab51": 54.56404144155429, "Cw51": 0.019337640969294204, "xscale51": 0.5656420134798207, "yscale51": 0.5656420134798207, "zscale51": 0.5656420134798207, "Cab52": 41.341919261334226,