{"Cab0": 23.57707436323524, "Cw0": 0.018889606213757775, "xscale0": 0.6025507474804271, "yscale0": 0.6025507474804271, "zscale0": 0.6025507474804271, "Cab1": 28.793601312926462, "Cw1": 0.014692330019867025, "xscale1": 0.6636388934805703, "yscale1": 0.6636388934805703, "zscale1": 0.6636388934805703, "Cab2": 66.35356604598681, "Cw2": 0.03588688679339874, "xscale2": 0.6552467510954354, "yscale2": 0.6552467510954354, "zscale2": 0.6552467510954354, "Cab3": 60.02212490594426, "Cw3": 0.01072647580984094, "xscale3": 0.440750204484314, "yscale3": 0.440750204484314, "zscale3": 0.440750204484314, "Cab4": 33.71344371992531, "Cw4": 0.01258635212362389, "xscale4": 0.6818897069755496, "yscale4": 0.6818897069755496, "zscale4": 0.6818897069755496, "Cab5": 50.5274155929039, "Cw5": 0.028894293773853046, "xscale5": 0.6703135492733313, "yscale5": 0.6703135492733313, "zscale5": 0.6703135492733313, "Cab6": 35.44182495463466, "Cw6": 0.03169211281596685, "xscale6": 0.44532855802712573, "yscale6": 0.44532855802712573, "zscale6": 0.44532855802712573, "Cab7": 22.081615049643673, "Cw7": 0.01754927982684458, "xscale7": 0.4630532137412117, "yscale7": 0.4630532137412117, "zscale7": 0.4630532137412117, "Cab8": 36.40322038280132, "Cw8": 0.028636385999723693, "xscale8": 0.5861647873885877, "yscale8": 0.5861647873885877, "zscale8": 0.5861647873885877, "Cab9": 29.00464208197008, "Cw9": 0.043936085340736224, "xscale9": 0.7978899244488936, "yscale9": 0.7978899244488936, "zscale9": 0.7978899244488936, "Cab10": 49.36543279053146, "Cw10": 0.03728234263053884, "xscale10": 0.5752239469934641, "yscale10": 0.5752239469934641, "zscale10": 0.5752239469934641, "Cab11": 80.62920725804635, "Cw11": 0.031148612689420457, "xscale11": 0.6384537662877874, "yscale11": 0.6384537662877874, "zscale11": 0.6384537662877874, "Cab12": 22.047453519658387, "Cw12": 0.03630109005085651, "xscale12": 0.6237844517146753, "yscale12": 0.6237844517146753, "zscale12": 0.6237844517146753, "Cab13": 44.00841814859193, "Cw13": 0.0340281307883618, "xscale13": 0.5233220872505799, "yscale13": 0.5233220872505799, "zscale13": 0.5233220872505799, "Cab14": 49.7704807252734, "Cw14": 0.02391069305394371, "xscale14": 0.4401992083428195, "yscale14": 0.4401992083428195, "zscale14": 0.4401992083428195, "Cab15": 73.40106197035217, "Cw15": 0.04217006283981435, "xscale15": 0.6831331127133682, "yscale15": 0.6831331127133682, "zscale15": 0.6831331127133682, "Cab16": 80.11471854573357, "Cw16": 0.03201728431567657, "xscale16": 0.6877208342290949, "yscale16": 0.6877208342290949, "zscale16": 0.6877208342290949, "Cab17": 21.245760606283188, "Cw17": 0.010207757883076431, "xscale17": 0.5719365963538724, "yscale17": 0.5719365963538724, "zscale17": 0.5719365963538724, "Cab18": 41.56387175880848, "Cw18": 0.018909157505640976, "xscale18": 0.5407453777411583, "yscale18": 0.5407453777411583, "zscale18": 0.5407453777411583, "Cab19": 72.72195334109885, "Cw19": 0.023218112562456678, "xscale19": 0.5827223012373965, "yscale19": 0.5827223012373965, "zscale19": 0.5827223012373965, "Cab20": 27.91965017353548, "Cw20": 0.023653488438822836, "xscale20": 0.6713460498682764, "yscale20": 0.6713460498682764, "zscale20": 0.6713460498682764, "Cab21": 53.64603416423591, "Cw21": 0.03836897248951373, "xscale21": 0.6102069067729724, "yscale21": 0.6102069067729724, "zscale21": 0.6102069067729724, "Cab22": 63.533601528874065, "Cw22": 0.024249425473057883, "xscale22": 0.5410415867074942, "yscale22": 0.5410415867074942, "zscale22": 0.5410415867074942, "Cab23": 78.45969273220649, "Cw23": 0.04239538285613149, "xscale23": 0.6714094278923711, "yscale23": 0.6714094278923711, "zscale23": 0.6714094278923711, "Cab24": 22.64645699346078, "Cw24": 0.028951679520048047, "xscale24": 0.6117814654762521, "yscale24": 0.6117814654762521, "zscale24": 0.6117814654762521, "Cab25": 59.23274965446793, "Cw25": 0.04531035073791455, "xscale25": 0.6175181122026833, "yscale25": 0.6175181122026833, "zscale25": 0.6175181122026833, "Cab26": 72.07579390542995, "Cw26": 0.022142093337780965, "xscale26": 0.7175689818707705, "yscale26": 0.7175689818707705, "zscale26": 0.7175689818707705, "Cab27": 39.161575899742346, "Cw27": 0.011216689160949622, "xscale27": 0.3485695923793756, "yscale27": 0.3485695923793756, "zscale27": 0.3485695923793756, "Cab28": 75.01892653222583, "Cw28": 0.024252848428527873, "xscale28": 0.4094530855443971, "yscale28": 0.4094530855443971, "zscale28": 0.4094530855443971, "Cab29": 52.12102699681196, "Cw29": 0.038275916949864056, "xscale29": 0.5811125489926843, "yscale29": 0.5811125489926843, "zscale29": 0.5811125489926843, "Cab30": 76.5164462509205, "Cw30": 0.010326255508133238, "xscale30": 0.41539068702809134, "yscale30": 0.41539068702809134, "zscale30": 0.41539068702809134, "Cab31": 30.949951856676073, "Cw31": 0.026173420264488344, "xscale31": 0.6597352512534893, "yscale31": 0.6597352512534893, "zscale31": 0.6597352512534893, "Cab32": 37.393349293882835, "Cw32": 0.03321459964006016, "xscale32": 0.5006660142639593, "yscale32": 0.5006660142639593, "zscale32": 0.5006660142639593, "Cab33": 83.61366065439273, "Cw33": 0.020608709437580454, "xscale33": 0.4232445416155454, "yscale33": 0.4232445416155454, "zscale33": 0.4232445416155454, "Cab34": 65.09223304071287, "Cw34": 0.047530935639020416, "xscale34": 0.483449385426765, "yscale34": 0.483449385426765, "zscale34": 0.483449385426765, "Cab35": 43.09237947860658, "Cw35": 0.015295818784748318, "xscale35": 0.3873076611224629, "yscale35": 0.3873076611224629, "zscale35": 0.3873076611224629, "Cab36": 78.60039734570414, "Cw36": 0.030100392614303216, "xscale36": 0.5803258294520728, "yscale36": 0.5803258294520728, "zscale36": 0.5803258294520728, "Cab37": 34.41219011214421, "Cw37": 0.015267047150884904, "xscale37": 0.45628228280895, "yscale37": 0.45628228280895, "zscale37": 0.45628228280895, "Cab38": 51.62876698934148, "Cw38": 0.017672457270424786, "xscale38": 0.43879138490505853, "yscale38": 0.43879138490505853, "zscale38": 0.43879138490505853, "Cab39": 82.23632028784692, "Cw39": 0.01601257729002409, "xscale39": 0.6534625153211905, "yscale39": 0.6534625153211905, "zscale39": 0.6534625153211905, "Cab40": 48.60759572727509, "Cw40": 0.033861843453358444, "xscale40": 0.5317716354304495, "yscale40": 0.5317716354304495, "zscale40": 0.5317716354304495, "Cab41": 71.39696632854992, "Cw41": 0.011077544875571515, "xscale41": 0.5535683937919422, "yscale41": 0.5535683937919422, "zscale41": 0.5535683937919422, "Cab42": 63.526047327613, "Cw42": 0.048968265883710095, "xscale42": 0.5101501664028864, "yscale42": 0.5101501664028864, "zscale42": 0.5101501664028864, "Cab43": 52.14207220198706, "Cw43": 0.035875587820546014, "xscale43": 0.5942288052387473, "yscale43": 0.5942288052387473, "zscale43": 0.5942288052387473, "Cab44": 28.074617800086433, "Cw44": 0.01784802158605802, "xscale44": 0.39735018251712173, "yscale44": 0.39735018251712173, "zscale44": 0.39735018251712173, "Cab45": 48.02075286404565, "Cw45": 0.028012999308323065, "xscale45": 0.31083771153812767, "yscale45": 0.31083771153812767, "zscale45": 0.31083771153812767, "Cab46": 52.03115812064585, "Cw46": 0.047132373162630144, "xscale46": 0.43069624900117964, "yscale46": 0.43069624900117964, "zscale46": 0.43069624900117964, "Cab47": 53.85365355887803, "Cw47": 0.034055239060767545, "xscale47": 0.4275748940088564, "yscale47": 0.4275748940088564, "zscale47": 0.4275748940088564, "Cab48": 70.09776396521758, "Cw48": 0.018816407031863783, "xscale48": 0.6600221759858856, "yscale48": 0.6600221759858856, "zscale48": 0.6600221759858856, "Cab49": 53.786267989997896, "Cw49": 0.041835508101924386, "xscale49": 0.5319368919383156, "yscale49": 0.5319368919383156, "zscale49": 0.5319368919383156, "Cab50": 81.15988633296075, "Cw50": 0.047427186924570076, "xscale50": 0.5648004343100929, "yscale50": 0.5648004343100929, "zscale50": 0.5648004343100929, "Cab51": 53.29602520848936, "Cw51": 0.024081201455436987, "xscale51": 0.6041943688909126, "yscale51": 0.6041943688909126, "zscale51": 0.6041943688909126, "Cab52": 68.08533258274431,