{"Cab0": 38.782154020197154, "Cw0": 0.014647385991803015, "xscale0": 0.639549256955931, "yscale0": 0.639549256955931, "zscale0": 0.639549256955931, "Cab1": 44.24706318246693, "Cw1": 0.010689776480627744, "xscale1": 0.47871782177646977, "yscale1": 0.47871782177646977, "zscale1": 0.47871782177646977, "Cab2": 57.62913190817008, "Cw2": 0.030024940191327447, "xscale2": 0.5789261627588392, "yscale2": 0.5789261627588392, "zscale2": 0.5789261627588392, "Cab3": 23.287361491071763, "Cw3": 0.038988240716062356, "xscale3": 0.4959120921725288, "yscale3": 0.4959120921725288, "zscale3": 0.4959120921725288, "Cab4": 80.22208008971916, "Cw4": 0.016558200401813612, "xscale4": 0.5355003004747977, "yscale4": 0.5355003004747977, "zscale4": 0.5355003004747977, "Cab5": 57.914661936346114, "Cw5": 0.013495757027078663, "xscale5": 0.8634375007868019, "yscale5": 0.8634375007868019, "zscale5": 0.8634375007868019, "Cab6": 78.56422520565684, "Cw6": 0.024449288678071883, "xscale6": 0.6598865787664014, "yscale6": 0.6598865787664014, "zscale6": 0.6598865787664014, "Cab7": 83.16159874615218, "Cw7": 0.024721220995449274, "xscale7": 0.44385417059243226, "yscale7": 0.44385417059243226, "zscale7": 0.44385417059243226, "Cab8": 74.50816747198667, "Cw8": 0.016943067401173805, "xscale8": 0.6253752235283275, "yscale8": 0.6253752235283275, "zscale8": 0.6253752235283275, "Cab9": 55.62191510813713, "Cw9": 0.013650088143407894, "xscale9": 0.7257670530009102, "yscale9": 0.7257670530009102, "zscale9": 0.7257670530009102, "Cab10": 88.80303998359038, "Cw10": 0.035228950658107834, "xscale10": 0.5131580867514935, "yscale10": 0.5131580867514935, "zscale10": 0.5131580867514935, "Cab11": 87.36369067757663, "Cw11": 0.043158776274808124, "xscale11": 0.5231621834442588, "yscale11": 0.5231621834442588, "zscale11": 0.5231621834442588, "Cab12": 88.54169430308464, "Cw12": 0.03774370762141275, "xscale12": 0.5067793131270102, "yscale12": 0.5067793131270102, "zscale12": 0.5067793131270102, "Cab13": 55.411076013146804, "Cw13": 0.026975287709459596, "xscale13": 0.6485082987672348, "yscale13": 0.6485082987672348, "zscale13": 0.6485082987672348, "Cab14": 69.062735713011, "Cw14": 0.012857889608641742, "xscale14": 0.5189587617466667, "yscale14": 0.5189587617466667, "zscale14": 0.5189587617466667, "Cab15": 25.977842094946702, "Cw15": 0.0375106897648383, "xscale15": 0.6369682237177268, "yscale15": 0.6369682237177268, "zscale15": 0.6369682237177268, "Cab16": 72.21968793229621, "Cw16": 0.039371802282265264, "xscale16": 0.6187584403478772, "yscale16": 0.6187584403478772, "zscale16": 0.6187584403478772, "Cab17": 63.42639086450248, "Cw17": 0.040989443743058226, "xscale17": 0.5165332583302756, "yscale17": 0.5165332583302756, "zscale17": 0.5165332583302756, "Cab18": 82.98138838478309, "Cw18": 0.02403386818401177, "xscale18": 0.6416786913851514, "yscale18": 0.6416786913851514, "zscale18": 0.6416786913851514, "Cab19": 71.5055940553257, "Cw19": 0.039104856467799314, "xscale19": 0.47462925598436345, "yscale19": 0.47462925598436345, "zscale19": 0.47462925598436345, "Cab20": 65.15581928523218, "Cw20": 0.03399395246445804, "xscale20": 0.6776547671742016, "yscale20": 0.6776547671742016, "zscale20": 0.6776547671742016, "Cab21": 70.003036413823, "Cw21": 0.04508115360532981, "xscale21": 0.6233505338247975, "yscale21": 0.6233505338247975, "zscale21": 0.6233505338247975, "Cab22": 69.56722196334374, "Cw22": 0.04726671571543742, "xscale22": 0.46800122114003584, "yscale22": 0.46800122114003584, "zscale22": 0.46800122114003584, "Cab23": 78.21543211759763, "Cw23": 0.029832373544531714, "xscale23": 0.745284193209541, "yscale23": 0.745284193209541, "zscale23": 0.745284193209541, "Cab24": 79.20306904930163, "Cw24": 0.03917979123362955, "xscale24": 0.5871928668247115, "yscale24": 0.5871928668247115, "zscale24": 0.5871928668247115, "Cab25": 27.38481003128628, "Cw25": 0.045182161514898685, "xscale25": 0.689477918961872, "yscale25": 0.689477918961872, "zscale25": 0.689477918961872, "Cab26": 30.38873742716862, "Cw26": 0.036289226159182834, "xscale26": 0.5911395510333335, "yscale26": 0.5911395510333335, "zscale26": 0.5911395510333335, "Cab27": 28.456381961530898, "Cw27": 0.045386253166648204, "xscale27": 0.34794118439941474, "yscale27": 0.34794118439941474, "zscale27": 0.34794118439941474, "Cab28": 34.29056406222321, "Cw28": 0.03955331993974779, "xscale28": 0.3918305042317197, "yscale28": 0.3918305042317197, "zscale28": 0.3918305042317197, "Cab29": 41.501674063628485, "Cw29": 0.02407395049580239, "xscale29": 0.6681140207396506, "yscale29": 0.6681140207396506, "zscale29": 0.6681140207396506, "Cab30": 68.94783527449778, "Cw30": 0.04198244945886292, "xscale30": 0.44426744967239057, "yscale30": 0.44426744967239057, "zscale30": 0.44426744967239057, "Cab31": 35.35273086526464, "Cw31": 0.031540308895893286, "xscale31": 0.7123323107992859, "yscale31": 0.7123323107992859, "zscale31": 0.7123323107992859, "Cab32": 54.60150622237032, "Cw32": 0.04033004382367272, "xscale32": 0.555159433600891, "yscale32": 0.555159433600891, "zscale32": 0.555159433600891, "Cab33": 31.628950321477678, "Cw33": 0.04684365698575846, "xscale33": 0.5572938182595348, "yscale33": 0.5572938182595348, "zscale33": 0.5572938182595348, "Cab34": 81.15800240635382, "Cw34": 0.03795328248392992, "xscale34": 0.6023821118927529, "yscale34": 0.6023821118927529, "zscale34": 0.6023821118927529, "Cab35": 65.144522901676, "Cw35": 0.02621755436848855, "xscale35": 0.47654871230219237, "yscale35": 0.47654871230219237, "zscale35": 0.47654871230219237, "Cab36": 46.877536583546046, "Cw36": 0.04349644625191342, "xscale36": 0.5324012454603873, "yscale36": 0.5324012454603873, "zscale36": 0.5324012454603873, "Cab37": 82.64470734221574, "Cw37": 0.043727720054506515, "xscale37": 0.4773469535381862, "yscale37": 0.4773469535381862, "zscale37": 0.4773469535381862, "Cab38": 21.140053654358237, "Cw38": 0.04198834197833367, "xscale38": 0.5258118857429799, "yscale38": 0.5258118857429799, "zscale38": 0.5258118857429799, "Cab39": 44.73456856548829, "Cw39": 0.022670786270310207, "xscale39": 0.6064851123730048, "yscale39": 0.6064851123730048, "zscale39": 0.6064851123730048, "Cab40": 38.287963645022145, "Cw40": 0.03950291090895989, "xscale40": 0.632755044469276, "yscale40": 0.632755044469276, "zscale40": 0.632755044469276, "Cab41": 72.74624209755882, "Cw41": 0.019972758032618523, "xscale41": 0.536704314868291, "yscale41": 0.536704314868291, "zscale41": 0.536704314868291, "Cab42": 47.14012452217005, "Cw42": 0.03961507824280097, "xscale42": 0.6427997740407501, "yscale42": 0.6427997740407501, "zscale42": 0.6427997740407501, "Cab43": 68.318470499487, "Cw43": 0.010355529528947019, "xscale43": 0.667751825367549, "yscale43": 0.667751825367549, "zscale43": 0.667751825367549, "Cab44": 63.162095711173535, "Cw44": 0.021800894732187964, "xscale44": 0.4266810770488877, "yscale44": 0.4266810770488877, "zscale44": 0.4266810770488877, "Cab45": 40.96688756016512, "Cw45": 0.04428780889892573, "xscale45": 0.33861979174661916, "yscale45": 0.33861979174661916, "zscale45": 0.33861979174661916, "Cab46": 61.199596557209965, "Cw46": 0.022036915050747695, "xscale46": 0.41613950929294774, "yscale46": 0.41613950929294774, "zscale46": 0.41613950929294774, "Cab47": 67.2436357199721, "Cw47": 0.0434058874402584, "xscale47": 0.5162661468862614, "yscale47": 0.5162661468862614, "zscale47": 0.5162661468862614, "Cab48": 53.885612752720874, "Cw48": 0.04924391733832123, "xscale48": 0.6063057601053716, "yscale48": 0.6063057601053716, "zscale48": 0.6063057601053716, "Cab49": 50.47946072468919, "Cw49": 0.04469072533881345, "xscale49": 0.48753828482843214, "yscale49": 0.48753828482843214, "zscale49": 0.48753828482843214, "Cab50": 22.98661056695374, "Cw50": 0.010108420621110415, "xscale50": 0.6735104759864319, "yscale50": 0.6735104759864319, "zscale50": 0.6735104759864319, "Cab51": 51.875537998171, "Cw51": 0.011507281337689008, "xscale51": 0.7938333267977095, "yscale51": 0.7938333267977095, "zscale51": 0.7938333267977095, "Cab52": 26.086516443569312,