{"Cab0": 62.235531615161094, "Cw0": 0.025780673272750868, "xscale0": 0.7988969331897017, "yscale0": 0.7988969331897017, "zscale0": 0.7988969331897017, "Cab1": 32.41585790906859, "Cw1": 0.016063322213063648, "xscale1": 0.5196433922592641, "yscale1": 0.5196433922592641, "zscale1": 0.5196433922592641, "Cab2": 58.119629257058165, "Cw2": 0.04491898858376746, "xscale2": 0.7389456435006146, "yscale2": 0.7389456435006146, "zscale2": 0.7389456435006146, "Cab3": 36.627687637287735, "Cw3": 0.03333666469258125, "xscale3": 0.5089579723509421, "yscale3": 0.5089579723509421, "zscale3": 0.5089579723509421, "Cab4": 87.77540127850702, "Cw4": 0.03287073117133375, "xscale4": 0.6437742314555777, "yscale4": 0.6437742314555777, "zscale4": 0.6437742314555777, "Cab5": 48.383445979131594, "Cw5": 0.012257826550189917, "xscale5": 0.7104096051175557, "yscale5": 0.7104096051175557, "zscale5": 0.7104096051175557, "Cab6": 27.40225802820614, "Cw6": 0.017855360955523543, "xscale6": 0.6024832857929752, "yscale6": 0.6024832857929752, "zscale6": 0.6024832857929752, "Cab7": 56.70917460564863, "Cw7": 0.04184032503023785, "xscale7": 0.5526782074968917, "yscale7": 0.5526782074968917, "zscale7": 0.5526782074968917, "Cab8": 43.81139747374388, "Cw8": 0.026817850143884006, "xscale8": 0.5563490565881083, "yscale8": 0.5563490565881083, "zscale8": 0.5563490565881083, "Cab9": 57.201674317756165, "Cw9": 0.010840643202094916, "xscale9": 0.6819280718261841, "yscale9": 0.6819280718261841, "zscale9": 0.6819280718261841, "Cab10": 89.24793804682905, "Cw10": 0.016567709546937443, "xscale10": 0.5684142438624727, "yscale10": 0.5684142438624727, "zscale10": 0.5684142438624727, "Cab11": 35.93512772918704, "Cw11": 0.014282214163635253, "xscale11": 0.5211469469972589, "yscale11": 0.5211469469972589, "zscale11": 0.5211469469972589, "Cab12": 47.99569940274416, "Cw12": 0.03414334505930775, "xscale12": 0.6098170150618053, "yscale12": 0.6098170150618053, "zscale12": 0.6098170150618053, "Cab13": 72.99713824659526, "Cw13": 0.018895816555187715, "xscale13": 0.6603417720766199, "yscale13": 0.6603417720766199, "zscale13": 0.6603417720766199, "Cab14": 69.35716753009416, "Cw14": 0.04239991636171069, "xscale14": 0.5539680783310278, "yscale14": 0.5539680783310278, "zscale14": 0.5539680783310278, "Cab15": 36.084701398955836, "Cw15": 0.04514925525548266, "xscale15": 0.5249295537135849, "yscale15": 0.5249295537135849, "zscale15": 0.5249295537135849, "Cab16": 88.38411054138254, "Cw16": 0.021375018159670335, "xscale16": 0.6616044121525378, "yscale16": 0.6616044121525378, "zscale16": 0.6616044121525378, "Cab17": 25.843015464263743, "Cw17": 0.025461385852255297, "xscale17": 0.4787017174114437, "yscale17": 0.4787017174114437, "zscale17": 0.4787017174114437, "Cab18": 52.38223440574779, "Cw18": 0.02188238176841417, "xscale18": 0.6949398135930924, "yscale18": 0.6949398135930924, "zscale18": 0.6949398135930924, "Cab19": 83.31172158603546, "Cw19": 0.023696549714319975, "xscale19": 0.6414723404341116, "yscale19": 0.6414723404341116, "zscale19": 0.6414723404341116, "Cab20": 30.479334813491064, "Cw20": 0.044354289809507286, "xscale20": 0.655543511427393, "yscale20": 0.655543511427393, "zscale20": 0.655543511427393, "Cab21": 49.21315614987074, "Cw21": 0.03411630680452541, "xscale21": 0.6283730428986877, "yscale21": 0.6283730428986877, "zscale21": 0.6283730428986877, "Cab22": 27.932998398944157, "Cw22": 0.019442118253261004, "xscale22": 0.491100790790739, "yscale22": 0.491100790790739, "zscale22": 0.491100790790739, "Cab23": 51.42024478905044, "Cw23": 0.0417549774871064, "xscale23": 0.6092621404322501, "yscale23": 0.6092621404322501, "zscale23": 0.6092621404322501, "Cab24": 58.60586893175487, "Cw24": 0.021813450266690283, "xscale24": 0.5685730006912142, "yscale24": 0.5685730006912142, "zscale24": 0.5685730006912142, "Cab25": 56.30226806325462, "Cw25": 0.018904441524796783, "xscale25": 0.5441302138424896, "yscale25": 0.5441302138424896, "zscale25": 0.5441302138424896, "Cab26": 38.5558343798222, "Cw26": 0.04077341533816668, "xscale26": 0.6247602305242197, "yscale26": 0.6247602305242197, "zscale26": 0.6247602305242197, "Cab27": 40.83436235833063, "Cw27": 0.030683115884109886, "xscale27": 0.35808511770313767, "yscale27": 0.35808511770313767, "zscale27": 0.35808511770313767, "Cab28": 87.29310995334639, "Cw28": 0.032011287336702735, "xscale28": 0.393043191959899, "yscale28": 0.393043191959899, "zscale28": 0.393043191959899, "Cab29": 78.4425178639604, "Cw29": 0.01015048521964769, "xscale29": 0.6185429049563137, "yscale29": 0.6185429049563137, "zscale29": 0.6185429049563137, "Cab30": 28.221147868583603, "Cw30": 0.04016585945130046, "xscale30": 0.3415347165771259, "yscale30": 0.3415347165771259, "zscale30": 0.3415347165771259, "Cab31": 43.06482180229045, "Cw31": 0.019543443550628828, "xscale31": 0.7539594247714436, "yscale31": 0.7539594247714436, "zscale31": 0.7539594247714436, "Cab32": 23.389829268265657, "Cw32": 0.0327699404235459, "xscale32": 0.39442146166989356, "yscale32": 0.39442146166989356, "zscale32": 0.39442146166989356, "Cab33": 72.32686666432315, "Cw33": 0.015226085259226953, "xscale33": 0.5659012395991277, "yscale33": 0.5659012395991277, "zscale33": 0.5659012395991277, "Cab34": 67.66953237099987, "Cw34": 0.04314816102014471, "xscale34": 0.44902326181578384, "yscale34": 0.44902326181578384, "zscale34": 0.44902326181578384, "Cab35": 72.18246546649296, "Cw35": 0.031021599534218666, "xscale35": 0.3485515707497645, "yscale35": 0.3485515707497645, "zscale35": 0.3485515707497645, "Cab36": 36.248970751718545, "Cw36": 0.016461024500929324, "xscale36": 0.5845306741880191, "yscale36": 0.5845306741880191, "zscale36": 0.5845306741880191, "Cab37": 61.33061904717509, "Cw37": 0.041433847606397456, "xscale37": 0.48502921686507944, "yscale37": 0.48502921686507944, "zscale37": 0.48502921686507944, "Cab38": 87.52518856942346, "Cw38": 0.01945869516670591, "xscale38": 0.39757861453992804, "yscale38": 0.39757861453992804, "zscale38": 0.39757861453992804, "Cab39": 75.64519382064232, "Cw39": 0.045895774558991555, "xscale39": 0.6579490954005008, "yscale39": 0.6579490954005008, "zscale39": 0.6579490954005008, "Cab40": 38.542117303838396, "Cw40": 0.018657920919436567, "xscale40": 0.617861203914697, "yscale40": 0.617861203914697, "zscale40": 0.617861203914697, "Cab41": 71.78060545431651, "Cw41": 0.03285559226373513, "xscale41": 0.5326797177944541, "yscale41": 0.5326797177944541, "zscale41": 0.5326797177944541, "Cab42": 65.12632722987298, "Cw42": 0.03349026741277144, "xscale42": 0.5845721183115361, "yscale42": 0.5845721183115361, "zscale42": 0.5845721183115361, "Cab43": 49.941690287342595, "Cw43": 0.019501630623377304, "xscale43": 0.7026289168412662, "yscale43": 0.7026289168412662, "zscale43": 0.7026289168412662, "Cab44": 41.484486428141, "Cw44": 0.026287600258347477, "xscale44": 0.38562983331366196, "yscale44": 0.38562983331366196, "zscale44": 0.38562983331366196, "Cab45": 57.098458250204885, "Cw45": 0.016847181932725636, "xscale45": 0.3445789390401471, "yscale45": 0.3445789390401471, "zscale45": 0.3445789390401471, "Cab46": 67.02607146196847, "Cw46": 0.044350315600099284, "xscale46": 0.542751456489962, "yscale46": 0.542751456489962, "zscale46": 0.542751456489962, "Cab47": 48.120087402038834, "Cw47": 0.0368779961111945, "xscale47": 0.514807817700458, "yscale47": 0.514807817700458, "zscale47": 0.514807817700458, "Cab48": 43.87541552974328, "Cw48": 0.03946017532810033, "xscale48": 0.7310929921904779, "yscale48": 0.7310929921904779, "zscale48": 0.7310929921904779, "Cab49": 27.090398186111514, "Cw49": 0.023269769735075548, "xscale49": 0.6082565679285927, "yscale49": 0.6082565679285927, "zscale49": 0.6082565679285927, "Cab50": 34.726644979702556, "Cw50": 0.014577918971243133, "xscale50": 0.5884067663022323, "yscale50": 0.5884067663022323, "zscale50": 0.5884067663022323, "Cab51": 53.51376263470131, "Cw51": 0.03461244865649977, "xscale51": 0.6557427485989107, "yscale51": 0.6557427485989107, "zscale51": 0.6557427485989107, "Cab52": 73.16345185478681,