{"Cab0": 32.66022679673572, "Cw0": 0.038238138373704586, "xscale0": 0.6806112327295314, "yscale0": 0.6806112327295314, "zscale0": 0.6806112327295314, "Cab1": 66.88724095483653, "Cw1": 0.0391549008782667, "xscale1": 0.6955339890855295, "yscale1": 0.6955339890855295, "zscale1": 0.6955339890855295, "Cab2": 69.80877931390589, "Cw2": 0.048311434275696216, "xscale2": 0.6219160231124103, "yscale2": 0.6219160231124103, "zscale2": 0.6219160231124103, "Cab3": 76.88333846227417, "Cw3": 0.010606778090209957, "xscale3": 0.43233990959965557, "yscale3": 0.43233990959965557, "zscale3": 0.43233990959965557, "Cab4": 41.844240305456196, "Cw4": 0.033415544682167106, "xscale4": 0.6017600838404285, "yscale4": 0.6017600838404285, "zscale4": 0.6017600838404285, "Cab5": 73.9837961124648, "Cw5": 0.043148455779530234, "xscale5": 0.6306454240400672, "yscale5": 0.6306454240400672, "zscale5": 0.6306454240400672, "Cab6": 39.87855627425788, "Cw6": 0.03721108914581024, "xscale6": 0.5360416712686152, "yscale6": 0.5360416712686152, "zscale6": 0.5360416712686152, "Cab7": 75.73337676907937, "Cw7": 0.01576112802143821, "xscale7": 0.6114343793347563, "yscale7": 0.6114343793347563, "zscale7": 0.6114343793347563, "Cab8": 35.02516331978152, "Cw8": 0.04237274249818385, "xscale8": 0.6363206867047502, "yscale8": 0.6363206867047502, "zscale8": 0.6363206867047502, "Cab9": 53.85954078563867, "Cw9": 0.021593639740724486, "xscale9": 0.7087451514038097, "yscale9": 0.7087451514038097, "zscale9": 0.7087451514038097, "Cab10": 36.89871943322115, "Cw10": 0.02335410750117528, "xscale10": 0.5402656079285546, "yscale10": 0.5402656079285546, "zscale10": 0.5402656079285546, "Cab11": 56.29484534961234, "Cw11": 0.0483167769895773, "xscale11": 0.5898908892651756, "yscale11": 0.5898908892651756, "zscale11": 0.5898908892651756, "Cab12": 45.71641503081697, "Cw12": 0.02738899433715082, "xscale12": 0.5511105211721872, "yscale12": 0.5511105211721872, "zscale12": 0.5511105211721872, "Cab13": 85.19989866549233, "Cw13": 0.04051370533270821, "xscale13": 0.7194180446968058, "yscale13": 0.7194180446968058, "zscale13": 0.7194180446968058, "Cab14": 53.37858366844584, "Cw14": 0.033611884552404034, "xscale14": 0.6348019467693496, "yscale14": 0.6348019467693496, "zscale14": 0.6348019467693496, "Cab15": 61.529769110859704, "Cw15": 0.029654267252688868, "xscale15": 0.6868222245356048, "yscale15": 0.6868222245356048, "zscale15": 0.6868222245356048, "Cab16": 72.38536540215654, "Cw16": 0.023579031127230768, "xscale16": 0.6625842568981268, "yscale16": 0.6625842568981268, "zscale16": 0.6625842568981268, "Cab17": 27.56289293748547, "Cw17": 0.04469737953132968, "xscale17": 0.6586784819780729, "yscale17": 0.6586784819780729, "zscale17": 0.6586784819780729, "Cab18": 83.23845909120709, "Cw18": 0.04018689662425442, "xscale18": 0.6060793966347959, "yscale18": 0.6060793966347959, "zscale18": 0.6060793966347959, "Cab19": 45.235804231113825, "Cw19": 0.03693976090209508, "xscale19": 0.4420594839093224, "yscale19": 0.4420594839093224, "zscale19": 0.4420594839093224, "Cab20": 70.19367002180411, "Cw20": 0.04347830458754936, "xscale20": 0.6102483674507304, "yscale20": 0.6102483674507304, "zscale20": 0.6102483674507304, "Cab21": 75.43938846288253, "Cw21": 0.046271561521513835, "xscale21": 0.4657018984330044, "yscale21": 0.4657018984330044, "zscale21": 0.4657018984330044, "Cab22": 36.53021030124799, "Cw22": 0.015792731385177887, "xscale22": 0.41137314004586617, "yscale22": 0.41137314004586617, "zscale22": 0.41137314004586617, "Cab23": 46.03461963094557, "Cw23": 0.022041930740096624, "xscale23": 0.650818179090072, "yscale23": 0.650818179090072, "zscale23": 0.650818179090072, "Cab24": 86.43340387614883, "Cw24": 0.03734485624827814, "xscale24": 0.4807301512875299, "yscale24": 0.4807301512875299, "zscale24": 0.4807301512875299, "Cab25": 55.00701956169932, "Cw25": 0.011969917729582037, "xscale25": 0.654741753965075, "yscale25": 0.654741753965075, "zscale25": 0.654741753965075, "Cab26": 22.204737267995398, "Cw26": 0.04841524804076539, "xscale26": 0.5341482917005731, "yscale26": 0.5341482917005731, "zscale26": 0.5341482917005731, "Cab27": 63.788222032227004, "Cw27": 0.026887588408883167, "xscale27": 0.3650817195076848, "yscale27": 0.3650817195076848, "zscale27": 0.3650817195076848, "Cab28": 30.345899302714457, "Cw28": 0.0270085998935308, "xscale28": 0.39056839550498146, "yscale28": 0.39056839550498146, "zscale28": 0.39056839550498146, "Cab29": 27.664865666438736, "Cw29": 0.010633702026461078, "xscale29": 0.5959940830110606, "yscale29": 0.5959940830110606, "zscale29": 0.5959940830110606, "Cab30": 38.346976744274315, "Cw30": 0.025632764572637752, "xscale30": 0.3547933627545748, "yscale30": 0.3547933627545748, "zscale30": 0.3547933627545748, "Cab31": 55.344953738555205, "Cw31": 0.02800556964018347, "xscale31": 0.6856409777382916, "yscale31": 0.6856409777382916, "zscale31": 0.6856409777382916, "Cab32": 38.15706935349771, "Cw32": 0.03658986024851635, "xscale32": 0.49851025594152354, "yscale32": 0.49851025594152354, "zscale32": 0.49851025594152354, "Cab33": 51.41202053612459, "Cw33": 0.031234055415186743, "xscale33": 0.4951519569470185, "yscale33": 0.4951519569470185, "zscale33": 0.4951519569470185, "Cab34": 28.823726150108527, "Cw34": 0.019986396625049255, "xscale34": 0.4770417780247308, "yscale34": 0.4770417780247308, "zscale34": 0.4770417780247308, "Cab35": 56.21939436492252, "Cw35": 0.01486970770953349, "xscale35": 0.4203601646119384, "yscale35": 0.4203601646119384, "zscale35": 0.4203601646119384, "Cab36": 84.35658295349596, "Cw36": 0.020572957090579165, "xscale36": 0.5831973332574225, "yscale36": 0.5831973332574225, "zscale36": 0.5831973332574225, "Cab37": 73.52182510637877, "Cw37": 0.01767685052434278, "xscale37": 0.4407217227687422, "yscale37": 0.4407217227687422, "zscale37": 0.4407217227687422, "Cab38": 60.0628977238768, "Cw38": 0.03578626037390881, "xscale38": 0.5366185813558244, "yscale38": 0.5366185813558244, "zscale38": 0.5366185813558244, "Cab39": 54.456700835503966, "Cw39": 0.04310062634617238, "xscale39": 0.6074011578572256, "yscale39": 0.6074011578572256, "zscale39": 0.6074011578572256, "Cab40": 25.45466095651619, "Cw40": 0.026545367691365757, "xscale40": 0.49430346141348774, "yscale40": 0.49430346141348774, "zscale40": 0.49430346141348774, "Cab41": 63.25313453294723, "Cw41": 0.03220642916349413, "xscale41": 0.5012217405017617, "yscale41": 0.5012217405017617, "zscale41": 0.5012217405017617, "Cab42": 35.58516099839563, "Cw42": 0.04641325637673993, "xscale42": 0.610085862483897, "yscale42": 0.610085862483897, "zscale42": 0.610085862483897, "Cab43": 80.61835727231518, "Cw43": 0.015386532774234362, "xscale43": 0.692131067350646, "yscale43": 0.692131067350646, "zscale43": 0.692131067350646, "Cab44": 87.37203758281541, "Cw44": 0.046455225232077624, "xscale44": 0.40940354772324494, "yscale44": 0.40940354772324494, "zscale44": 0.40940354772324494, "Cab45": 43.673351929183, "Cw45": 0.010466931735792532, "xscale45": 0.37927371381344094, "yscale45": 0.37927371381344094, "zscale45": 0.37927371381344094, "Cab46": 65.49524851913881, "Cw46": 0.04283335760647394, "xscale46": 0.3771676036788019, "yscale46": 0.3771676036788019, "zscale46": 0.3771676036788019, "Cab47": 62.18256757275414, "Cw47": 0.04393530371605048, "xscale47": 0.5109535393565415, "yscale47": 0.5109535393565415, "zscale47": 0.5109535393565415, "Cab48": 41.33824904912948, "Cw48": 0.027016879415778502, "xscale48": 0.6853671192589574, "yscale48": 0.6853671192589574, "zscale48": 0.6853671192589574, "Cab49": 26.45235577242815, "Cw49": 0.03643351068198813, "xscale49": 0.44878335395936053, "yscale49": 0.44878335395936053, "zscale49": 0.44878335395936053, "Cab50": 69.28924165030766, "Cw50": 0.04299427142684831, "xscale50": 0.5457849652008994, "yscale50": 0.5457849652008994, "zscale50": 0.5457849652008994, "Cab51": 54.21954321021201, "Cw51": 0.032889769138944855, "xscale51": 0.7568074130573783, "yscale51": 0.7568074130573783, "zscale51": 0.7568074130573783, "Cab52": 39.48638562205387,