{"Cab0": 34.948761358528984, "Cw0": 0.015948122231623077, "xscale0": 0.8285866463723713, "yscale0": 0.8285866463723713, "zscale0": 0.8285866463723713, "Cab1": 51.44725800833844, "Cw1": 0.032250094990989006, "xscale1": 0.6130608698511845, "yscale1": 0.6130608698511845, "zscale1": 0.6130608698511845, "Cab2": 26.850371986535443, "Cw2": 0.021224691696847212, "xscale2": 0.5715839863522266, "yscale2": 0.5715839863522266, "zscale2": 0.5715839863522266, "Cab3": 29.112444261877172, "Cw3": 0.04715684751646168, "xscale3": 0.4163373665063697, "yscale3": 0.4163373665063697, "zscale3": 0.4163373665063697, "Cab4": 40.3515344076731, "Cw4": 0.03313379555270144, "xscale4": 0.6463410539966965, "yscale4": 0.6463410539966965, "zscale4": 0.6463410539966965, "Cab5": 62.62042685592415, "Cw5": 0.026539955020338443, "xscale5": 0.7449666959475735, "yscale5": 0.7449666959475735, "zscale5": 0.7449666959475735, "Cab6": 84.8246966587634, "Cw6": 0.03562843739070652, "xscale6": 0.5914477447605591, "yscale6": 0.5914477447605591, "zscale6": 0.5914477447605591, "Cab7": 68.9959022536424, "Cw7": 0.023931210173904857, "xscale7": 0.5167762272996739, "yscale7": 0.5167762272996739, "zscale7": 0.5167762272996739, "Cab8": 21.961033221711116, "Cw8": 0.011181009335248984, "xscale8": 0.6050877563812508, "yscale8": 0.6050877563812508, "zscale8": 0.6050877563812508, "Cab9": 44.4243409260618, "Cw9": 0.04498561938912566, "xscale9": 0.7662876793614961, "yscale9": 0.7662876793614961, "zscale9": 0.7662876793614961, "Cab10": 64.77248513114797, "Cw10": 0.038870009315769144, "xscale10": 0.4745226671076719, "yscale10": 0.4745226671076719, "zscale10": 0.4745226671076719, "Cab11": 82.85568617149244, "Cw11": 0.018092894660415255, "xscale11": 0.6987727855568513, "yscale11": 0.6987727855568513, "zscale11": 0.6987727855568513, "Cab12": 28.299846164634843, "Cw12": 0.02091358919829484, "xscale12": 0.5485005614279782, "yscale12": 0.5485005614279782, "zscale12": 0.5485005614279782, "Cab13": 67.86293880370982, "Cw13": 0.041137935851157784, "xscale13": 0.5497243874007752, "yscale13": 0.5497243874007752, "zscale13": 0.5497243874007752, "Cab14": 29.522901986470018, "Cw14": 0.048301807651403836, "xscale14": 0.6429428981184885, "yscale14": 0.6429428981184885, "zscale14": 0.6429428981184885, "Cab15": 46.64486912285464, "Cw15": 0.014605302640446594, "xscale15": 0.5721088101679448, "yscale15": 0.5721088101679448, "zscale15": 0.5721088101679448, "Cab16": 36.25693021853289, "Cw16": 0.025186939456180536, "xscale16": 0.7053365875341953, "yscale16": 0.7053365875341953, "zscale16": 0.7053365875341953, "Cab17": 86.23756418057947, "Cw17": 0.020287679279171158, "xscale17": 0.5728134495656018, "yscale17": 0.5728134495656018, "zscale17": 0.5728134495656018, "Cab18": 34.48734730259197, "Cw18": 0.03221743859476046, "xscale18": 0.6068267440193104, "yscale18": 0.6068267440193104, "zscale18": 0.6068267440193104, "Cab19": 29.961273594120613, "Cw19": 0.020993535514366952, "xscale19": 0.5321464765660742, "yscale19": 0.5321464765660742, "zscale19": 0.5321464765660742, "Cab20": 35.820065324724666, "Cw20": 0.030453297601857054, "xscale20": 0.695235469733792, "yscale20": 0.695235469733792, "zscale20": 0.695235469733792, "Cab21": 79.36999480959392, "Cw21": 0.035360898067472134, "xscale21": 0.5072856110425904, "yscale21": 0.5072856110425904, "zscale21": 0.5072856110425904, "Cab22": 61.72947896714451, "Cw22": 0.034158749245011194, "xscale22": 0.5058265332097154, "yscale22": 0.5058265332097154, "zscale22": 0.5058265332097154, "Cab23": 20.61282734191452, "Cw23": 0.020508097200467913, "xscale23": 0.576892107035787, "yscale23": 0.576892107035787, "zscale23": 0.576892107035787, "Cab24": 28.135829774670242, "Cw24": 0.02940102440957993, "xscale24": 0.61923655104952, "yscale24": 0.61923655104952, "zscale24": 0.61923655104952, "Cab25": 45.92631923554341, "Cw25": 0.025514555090146024, "xscale25": 0.6966314405861971, "yscale25": 0.6966314405861971, "zscale25": 0.6966314405861971, "Cab26": 28.82566524389182, "Cw26": 0.026061571703005056, "xscale26": 0.6772731546735065, "yscale26": 0.6772731546735065, "zscale26": 0.6772731546735065, "Cab27": 29.763437641111857, "Cw27": 0.03919504363627131, "xscale27": 0.4991747922088315, "yscale27": 0.4991747922088315, "zscale27": 0.4991747922088315, "Cab28": 86.60751536828617, "Cw28": 0.026063111950006428, "xscale28": 0.3427496733768275, "yscale28": 0.3427496733768275, "zscale28": 0.3427496733768275, "Cab29": 24.20805912489531, "Cw29": 0.01717262393410512, "xscale29": 0.6185811466832272, "yscale29": 0.6185811466832272, "zscale29": 0.6185811466832272, "Cab30": 45.873673413191796, "Cw30": 0.032904582963641175, "xscale30": 0.3496754736786559, "yscale30": 0.3496754736786559, "zscale30": 0.3496754736786559, "Cab31": 52.515234262512436, "Cw31": 0.02082727381340526, "xscale31": 0.5787939480539898, "yscale31": 0.5787939480539898, "zscale31": 0.5787939480539898, "Cab32": 76.07865026696814, "Cw32": 0.03881059867481994, "xscale32": 0.48248074502721633, "yscale32": 0.48248074502721633, "zscale32": 0.48248074502721633, "Cab33": 27.574635250280934, "Cw33": 0.020539824741371594, "xscale33": 0.4510693206956347, "yscale33": 0.4510693206956347, "zscale33": 0.4510693206956347, "Cab34": 38.2414433401195, "Cw34": 0.04683716382929936, "xscale34": 0.4912305094250317, "yscale34": 0.4912305094250317, "zscale34": 0.4912305094250317, "Cab35": 78.32392020889509, "Cw35": 0.012325131999981274, "xscale35": 0.37682739516887753, "yscale35": 0.37682739516887753, "zscale35": 0.37682739516887753, "Cab36": 65.58875302626433, "Cw36": 0.026145659053091463, "xscale36": 0.6436509542173349, "yscale36": 0.6436509542173349, "zscale36": 0.6436509542173349, "Cab37": 48.28001014780948, "Cw37": 0.04127997217457426, "xscale37": 0.3772247247479003, "yscale37": 0.3772247247479003, "zscale37": 0.3772247247479003, "Cab38": 30.133284071325193, "Cw38": 0.015087898172543843, "xscale38": 0.5740984935390621, "yscale38": 0.5740984935390621, "zscale38": 0.5740984935390621, "Cab39": 76.87315685698019, "Cw39": 0.022612688068134566, "xscale39": 0.593444798234855, "yscale39": 0.593444798234855, "zscale39": 0.593444798234855, "Cab40": 23.261789196482205, "Cw40": 0.045467454398828, "xscale40": 0.43246186016525623, "yscale40": 0.43246186016525623, "zscale40": 0.43246186016525623, "Cab41": 40.06220696428316, "Cw41": 0.011290450212199992, "xscale41": 0.5092726533979961, "yscale41": 0.5092726533979961, "zscale41": 0.5092726533979961, "Cab42": 77.07767187668514, "Cw42": 0.030113258050810797, "xscale42": 0.4791271329409562, "yscale42": 0.4791271329409562, "zscale42": 0.4791271329409562, "Cab43": 87.62759449055895, "Cw43": 0.011995393555564546, "xscale43": 0.6774561443620061, "yscale43": 0.6774561443620061, "zscale43": 0.6774561443620061, "Cab44": 53.50919527737055, "Cw44": 0.02310751915812167, "xscale44": 0.457878437042673, "yscale44": 0.457878437042673, "zscale44": 0.457878437042673, "Cab45": 76.6351194071531, "Cw45": 0.01003541574765773, "xscale45": 0.3174490707821753, "yscale45": 0.3174490707821753, "zscale45": 0.3174490707821753, "Cab46": 61.991218694678764, "Cw46": 0.04959029551144963, "xscale46": 0.4628160952704982, "yscale46": 0.4628160952704982, "zscale46": 0.4628160952704982, "Cab47": 83.71961807087074, "Cw47": 0.027179856061647294, "xscale47": 0.4718051563153811, "yscale47": 0.4718051563153811, "zscale47": 0.4718051563153811, "Cab48": 45.92678152487295, "Cw48": 0.04839083192344344, "xscale48": 0.5797679068525682, "yscale48": 0.5797679068525682, "zscale48": 0.5797679068525682, "Cab49": 78.82221699513846, "Cw49": 0.041287262574399276, "xscale49": 0.43461059972811433, "yscale49": 0.43461059972811433, "zscale49": 0.43461059972811433, "Cab50": 77.0913280187046, "Cw50": 0.014121414543533422, "xscale50": 0.6329634819447199, "yscale50": 0.6329634819447199, "zscale50": 0.6329634819447199, "Cab51": 79.74751622960464, "Cw51": 0.043817923332995556, "xscale51": 0.5821401441767665, "yscale51": 0.5821401441767665, "zscale51": 0.5821401441767665, "Cab52": 75.45066242780808, "Cw52": 0.01821412309459853,