{"Cab0": 31.30590892598454, "Cw0": 0.021509618138426785, "xscale0": 0.8654807996866616, "yscale0": 0.8654807996866616, "zscale0": 0.8654807996866616, "Cab1": 47.48388481109967, "Cw1": 0.030372903929210285, "xscale1": 0.679038818097315, "yscale1": 0.679038818097315, "zscale1": 0.679038818097315, "Cab2": 39.517886479673905, "Cw2": 0.03735665584375687, "xscale2": 0.5688707645380574, "yscale2": 0.5688707645380574, "zscale2": 0.5688707645380574, "Cab3": 27.677452587196175, "Cw3": 0.019039434103678362, "xscale3": 0.46611341934335965, "yscale3": 0.46611341934335965, "zscale3": 0.46611341934335965, "Cab4": 63.264415114880265, "Cw4": 0.04046558969475377, "xscale4": 0.5782544284145532, "yscale4": 0.5782544284145532, "zscale4": 0.5782544284145532, "Cab5": 35.297011432570486, "Cw5": 0.027729719436573617, "xscale5": 0.752137890849822, "yscale5": 0.752137890849822, "zscale5": 0.752137890849822, "Cab6": 28.537197563186325, "Cw6": 0.034489650387889245, "xscale6": 0.5354350414399889, "yscale6": 0.5354350414399889, "zscale6": 0.5354350414399889, "Cab7": 29.414191585093068, "Cw7": 0.010903542935366772, "xscale7": 0.48265111388477216, "yscale7": 0.48265111388477216, "zscale7": 0.48265111388477216, "Cab8": 26.120135088768556, "Cw8": 0.011281250997509203, "xscale8": 0.6361771230765614, "yscale8": 0.6361771230765614, "zscale8": 0.6361771230765614, "Cab9": 54.24259018872537, "Cw9": 0.016938541805458632, "xscale9": 0.6130869212685724, "yscale9": 0.6130869212685724, "zscale9": 0.6130869212685724, "Cab10": 87.12680963109072, "Cw10": 0.018604365393923385, "xscale10": 0.47307451867104194, "yscale10": 0.47307451867104194, "zscale10": 0.47307451867104194, "Cab11": 32.739658189534524, "Cw11": 0.018419202728198775, "xscale11": 0.5507581442678776, "yscale11": 0.5507581442678776, "zscale11": 0.5507581442678776, "Cab12": 57.401835254770184, "Cw12": 0.014141436281186807, "xscale12": 0.5307580016703489, "yscale12": 0.5307580016703489, "zscale12": 0.5307580016703489, "Cab13": 44.89738306842618, "Cw13": 0.020247570523365708, "xscale13": 0.613734501855673, "yscale13": 0.613734501855673, "zscale13": 0.613734501855673, "Cab14": 49.48947382877331, "Cw14": 0.04957992370207258, "xscale14": 0.5950315779036656, "yscale14": 0.5950315779036656, "zscale14": 0.5950315779036656, "Cab15": 76.31658046753495, "Cw15": 0.035531784914426795, "xscale15": 0.5696592861961061, "yscale15": 0.5696592861961061, "zscale15": 0.5696592861961061, "Cab16": 54.091061821191715, "Cw16": 0.04550197816978499, "xscale16": 0.6634525612896818, "yscale16": 0.6634525612896818, "zscale16": 0.6634525612896818, "Cab17": 68.69509307060912, "Cw17": 0.031833502091845864, "xscale17": 0.6385401894144774, "yscale17": 0.6385401894144774, "zscale17": 0.6385401894144774, "Cab18": 74.40176851394213, "Cw18": 0.020774662852135937, "xscale18": 0.6574596550621311, "yscale18": 0.6574596550621311, "zscale18": 0.6574596550621311, "Cab19": 75.62731744577826, "Cw19": 0.017560775634571313, "xscale19": 0.4682873384999605, "yscale19": 0.4682873384999605, "zscale19": 0.4682873384999605, "Cab20": 89.95098478840895, "Cw20": 0.02943930961781608, "xscale20": 0.7411278791744049, "yscale20": 0.7411278791744049, "zscale20": 0.7411278791744049, "Cab21": 65.4216016429726, "Cw21": 0.04155054205867216, "xscale21": 0.4378112425290075, "yscale21": 0.4378112425290075, "zscale21": 0.4378112425290075, "Cab22": 22.445927890727607, "Cw22": 0.03390984268835405, "xscale22": 0.46546715590345744, "yscale22": 0.46546715590345744, "zscale22": 0.46546715590345744, "Cab23": 74.05993008351098, "Cw23": 0.018212972744546856, "xscale23": 0.5145764211846217, "yscale23": 0.5145764211846217, "zscale23": 0.5145764211846217, "Cab24": 58.07293007696606, "Cw24": 0.01776794321397538, "xscale24": 0.5303581990429959, "yscale24": 0.5303581990429959, "zscale24": 0.5303581990429959, "Cab25": 32.93306273324801, "Cw25": 0.04598585499839699, "xscale25": 0.5049992018621716, "yscale25": 0.5049992018621716, "zscale25": 0.5049992018621716, "Cab26": 74.78832953477249, "Cw26": 0.023209665795311904, "xscale26": 0.6673130922368065, "yscale26": 0.6673130922368065, "zscale26": 0.6673130922368065, "Cab27": 83.96723211684542, "Cw27": 0.01658907523223509, "xscale27": 0.5187336111720664, "yscale27": 0.5187336111720664, "zscale27": 0.5187336111720664, "Cab28": 62.10096442099221, "Cw28": 0.046221557609893354, "xscale28": 0.36172488659767077, "yscale28": 0.36172488659767077, "zscale28": 0.36172488659767077, "Cab29": 78.62941950732875, "Cw29": 0.04281655127543908, "xscale29": 0.5814590175324932, "yscale29": 0.5814590175324932, "zscale29": 0.5814590175324932, "Cab30": 76.76478020757824, "Cw30": 0.03404846670877732, "xscale30": 0.4480096592127586, "yscale30": 0.4480096592127586, "zscale30": 0.4480096592127586, "Cab31": 39.847576417696764, "Cw31": 0.038825429200791406, "xscale31": 0.5592664951235485, "yscale31": 0.5592664951235485, "zscale31": 0.5592664951235485, "Cab32": 60.63486147993213, "Cw32": 0.022791181526264706, "xscale32": 0.5127927617830812, "yscale32": 0.5127927617830812, "zscale32": 0.5127927617830812, "Cab33": 88.04315894181352, "Cw33": 0.011976704820745794, "xscale33": 0.4859073221000224, "yscale33": 0.4859073221000224, "zscale33": 0.4859073221000224, "Cab34": 22.01294067547503, "Cw34": 0.028113019443010895, "xscale34": 0.5330400479443015, "yscale34": 0.5330400479443015, "zscale34": 0.5330400479443015, "Cab35": 38.115872337283875, "Cw35": 0.022885471498403545, "xscale35": 0.33866834573786075, "yscale35": 0.33866834573786075, "zscale35": 0.33866834573786075, "Cab36": 37.971993163079276, "Cw36": 0.01691581265294606, "xscale36": 0.7149129978544566, "yscale36": 0.7149129978544566, "zscale36": 0.7149129978544566, "Cab37": 43.52346122859019, "Cw37": 0.02426770381164597, "xscale37": 0.47087931713107883, "yscale37": 0.47087931713107883, "zscale37": 0.47087931713107883, "Cab38": 44.51052214142727, "Cw38": 0.03920508031266808, "xscale38": 0.45754047276950444, "yscale38": 0.45754047276950444, "zscale38": 0.45754047276950444, "Cab39": 89.11123805552427, "Cw39": 0.0141577089774138, "xscale39": 0.6423494888992618, "yscale39": 0.6423494888992618, "zscale39": 0.6423494888992618, "Cab40": 80.98321459574008, "Cw40": 0.01938922894680672, "xscale40": 0.5236825960552952, "yscale40": 0.5236825960552952, "zscale40": 0.5236825960552952, "Cab41": 24.688364428817735, "Cw41": 0.03653255939807086, "xscale41": 0.6149385853443762, "yscale41": 0.6149385853443762, "zscale41": 0.6149385853443762, "Cab42": 48.5841422260126, "Cw42": 0.019891361306863142, "xscale42": 0.6466336703848877, "yscale42": 0.6466336703848877, "zscale42": 0.6466336703848877, "Cab43": 51.037955177014794, "Cw43": 0.029359740375633256, "xscale43": 0.7023525341999245, "yscale43": 0.7023525341999245, "zscale43": 0.7023525341999245, "Cab44": 27.535972989750142, "Cw44": 0.029300061461754193, "xscale44": 0.47467287332377944, "yscale44": 0.47467287332377944, "zscale44": 0.47467287332377944, "Cab45": 77.42459707166606, "Cw45": 0.03250869411472673, "xscale45": 0.35774423278425577, "yscale45": 0.35774423278425577, "zscale45": 0.35774423278425577, "Cab46": 50.06649122692589, "Cw46": 0.011144634563300362, "xscale46": 0.3925665276487703, "yscale46": 0.3925665276487703, "zscale46": 0.3925665276487703, "Cab47": 86.41816878084941, "Cw47": 0.049087872243338514, "xscale47": 0.47588437721813986, "yscale47": 0.47588437721813986, "zscale47": 0.47588437721813986, "Cab48": 29.87148318564813, "Cw48": 0.038032522547097755, "xscale48": 0.7531919367759142, "yscale48": 0.7531919367759142, "zscale48": 0.7531919367759142, "Cab49": 40.89103079635423, "Cw49": 0.020308690018373647, "xscale49": 0.5046951732967437, "yscale49": 0.5046951732967437, "zscale49": 0.5046951732967437, "Cab50": 30.710250563893638, "Cw50": 0.04241125480273592, "xscale50": 0.7586292539705176, "yscale50": 0.7586292539705176, "zscale50": 0.7586292539705176, "Cab51": 45.930593392474314, "Cw51": 0.012768335937090636, "xscale51": 0.6956992742963696, "yscale51": 0.6956992742963696, "zscale51": 0.6956992742963696,