{"Cab0": 31.585228707712822, "Cw0": 0.04635159898230173, "xscale0": 0.7094274252770384, "yscale0": 0.7094274252770384, "zscale0": 0.7094274252770384, "Cab1": 85.38401188715349, "Cw1": 0.023804783805493564, "xscale1": 0.7043749530283346, "yscale1": 0.7043749530283346, "zscale1": 0.7043749530283346, "Cab2": 32.92722081005012, "Cw2": 0.015264781085796405, "xscale2": 0.769905887560925, "yscale2": 0.769905887560925, "zscale2": 0.769905887560925, "Cab3": 72.38742234061812, "Cw3": 0.018764562076120733, "xscale3": 0.56951729346714, "yscale3": 0.56951729346714, "zscale3": 0.56951729346714, "Cab4": 71.65988079140318, "Cw4": 0.043649649227471235, "xscale4": 0.6429344235643197, "yscale4": 0.6429344235643197, "zscale4": 0.6429344235643197, "Cab5": 24.659698318159656, "Cw5": 0.028844081662261253, "xscale5": 0.6588047377231083, "yscale5": 0.6588047377231083, "zscale5": 0.6588047377231083, "Cab6": 54.80287923517671, "Cw6": 0.03598244706175488, "xscale6": 0.657288991692072, "yscale6": 0.657288991692072, "zscale6": 0.657288991692072, "Cab7": 39.36269725401199, "Cw7": 0.027998817009665153, "xscale7": 0.6218390601522968, "yscale7": 0.6218390601522968, "zscale7": 0.6218390601522968, "Cab8": 49.70424054866656, "Cw8": 0.03543150671841407, "xscale8": 0.49137942516299027, "yscale8": 0.49137942516299027, "zscale8": 0.49137942516299027, "Cab9": 60.60737689165833, "Cw9": 0.01945584223208901, "xscale9": 0.7015565914726454, "yscale9": 0.7015565914726454, "zscale9": 0.7015565914726454, "Cab10": 80.94476242194713, "Cw10": 0.043919370285008294, "xscale10": 0.5296605950826119, "yscale10": 0.5296605950826119, "zscale10": 0.5296605950826119, "Cab11": 89.33745909594926, "Cw11": 0.014716117542372635, "xscale11": 0.5975488225662212, "yscale11": 0.5975488225662212, "zscale11": 0.5975488225662212, "Cab12": 75.75861546247293, "Cw12": 0.040548969238314136, "xscale12": 0.5745599030320239, "yscale12": 0.5745599030320239, "zscale12": 0.5745599030320239, "Cab13": 67.85617273698148, "Cw13": 0.022847748719926744, "xscale13": 0.5509680680380428, "yscale13": 0.5509680680380428, "zscale13": 0.5509680680380428, "Cab14": 27.26733204494509, "Cw14": 0.02603464354750004, "xscale14": 0.48927075421166133, "yscale14": 0.48927075421166133, "zscale14": 0.48927075421166133, "Cab15": 45.27309407888329, "Cw15": 0.0433072832078162, "xscale15": 0.6460083824351759, "yscale15": 0.6460083824351759, "zscale15": 0.6460083824351759, "Cab16": 22.56344474733143, "Cw16": 0.027499733205384784, "xscale16": 0.6918464174697654, "yscale16": 0.6918464174697654, "zscale16": 0.6918464174697654, "Cab17": 77.1496966586175, "Cw17": 0.01321157846531024, "xscale17": 0.5687896416460122, "yscale17": 0.5687896416460122, "zscale17": 0.5687896416460122, "Cab18": 26.36227813890139, "Cw18": 0.010148307240391645, "xscale18": 0.7284287834286123, "yscale18": 0.7284287834286123, "zscale18": 0.7284287834286123, "Cab19": 32.42533488143682, "Cw19": 0.03252640807283828, "xscale19": 0.6049619617042514, "yscale19": 0.6049619617042514, "zscale19": 0.6049619617042514, "Cab20": 87.70248686118377, "Cw20": 0.0267346706680378, "xscale20": 0.6638734937727352, "yscale20": 0.6638734937727352, "zscale20": 0.6638734937727352, "Cab21": 84.40636202352924, "Cw21": 0.042193129806641756, "xscale21": 0.6182763292885147, "yscale21": 0.6182763292885147, "zscale21": 0.6182763292885147, "Cab22": 29.07968802971177, "Cw22": 0.04395482077969524, "xscale22": 0.5916554283820319, "yscale22": 0.5916554283820319, "zscale22": 0.5916554283820319, "Cab23": 53.92883346605757, "Cw23": 0.03764209947859411, "xscale23": 0.6277383982958527, "yscale23": 0.6277383982958527, "zscale23": 0.6277383982958527, "Cab24": 74.90343501069901, "Cw24": 0.0331832826082338, "xscale24": 0.6325069615380491, "yscale24": 0.6325069615380491, "zscale24": 0.6325069615380491, "Cab25": 72.94049267177166, "Cw25": 0.03430875206625769, "xscale25": 0.6153021891257976, "yscale25": 0.6153021891257976, "zscale25": 0.6153021891257976, "Cab26": 64.08647642710525, "Cw26": 0.03671088677925098, "xscale26": 0.6067850620310268, "yscale26": 0.6067850620310268, "zscale26": 0.6067850620310268, "Cab27": 21.277261726697898, "Cw27": 0.041186597098426474, "xscale27": 0.3847033117731168, "yscale27": 0.3847033117731168, "zscale27": 0.3847033117731168, "Cab28": 74.81180017842382, "Cw28": 0.041076872672594, "xscale28": 0.3995957064110535, "yscale28": 0.3995957064110535, "zscale28": 0.3995957064110535, "Cab29": 81.77579181264514, "Cw29": 0.043115948181800166, "xscale29": 0.5660344106111874, "yscale29": 0.5660344106111874, "zscale29": 0.5660344106111874, "Cab30": 36.9487060571438, "Cw30": 0.038957915812376946, "xscale30": 0.3706833210910217, "yscale30": 0.3706833210910217, "zscale30": 0.3706833210910217, "Cab31": 84.23408225527874, "Cw31": 0.019939641206186888, "xscale31": 0.6091572779817165, "yscale31": 0.6091572779817165, "zscale31": 0.6091572779817165, "Cab32": 71.74794499364697, "Cw32": 0.039727872893758044, "xscale32": 0.44338674531739125, "yscale32": 0.44338674531739125, "zscale32": 0.44338674531739125, "Cab33": 66.86200379041782, "Cw33": 0.01464178488066898, "xscale33": 0.5685196279772619, "yscale33": 0.5685196279772619, "zscale33": 0.5685196279772619, "Cab34": 74.14967252632832, "Cw34": 0.010960468404690418, "xscale34": 0.5268388306522177, "yscale34": 0.5268388306522177, "zscale34": 0.5268388306522177, "Cab35": 61.29275823811391, "Cw35": 0.025338584471772455, "xscale35": 0.46406832288113564, "yscale35": 0.46406832288113564, "zscale35": 0.46406832288113564, "Cab36": 21.856190413389918, "Cw36": 0.03382379226967521, "xscale36": 0.6705189696484879, "yscale36": 0.6705189696484879, "zscale36": 0.6705189696484879, "Cab37": 31.496042859615535, "Cw37": 0.026629797705096492, "xscale37": 0.48598044666832424, "yscale37": 0.48598044666832424, "zscale37": 0.48598044666832424, "Cab38": 73.08231257232563, "Cw38": 0.02302099132184606, "xscale38": 0.5379976760963259, "yscale38": 0.5379976760963259, "zscale38": 0.5379976760963259, "Cab39": 25.969671064079577, "Cw39": 0.02681578812036283, "xscale39": 0.5540225306731525, "yscale39": 0.5540225306731525, "zscale39": 0.5540225306731525, "Cab40": 22.6582670169568, "Cw40": 0.04172553115183629, "xscale40": 0.5903111158788934, "yscale40": 0.5903111158788934, "zscale40": 0.5903111158788934, "Cab41": 85.54396009110465, "Cw41": 0.012008319576795438, "xscale41": 0.61252239712286, "yscale41": 0.61252239712286, "zscale41": 0.61252239712286, "Cab42": 55.24241330611316, "Cw42": 0.012624212515947097, "xscale42": 0.6196162114237316, "yscale42": 0.6196162114237316, "zscale42": 0.6196162114237316, "Cab43": 67.79898841161732, "Cw43": 0.04480696979964773, "xscale43": 0.6150846367333511, "yscale43": 0.6150846367333511, "zscale43": 0.6150846367333511, "Cab44": 35.47418208562372, "Cw44": 0.04670692649667221, "xscale44": 0.512367647658994, "yscale44": 0.512367647658994, "zscale44": 0.512367647658994, "Cab45": 87.92776978785368, "Cw45": 0.02073934092627285, "xscale45": 0.32792842201531186, "yscale45": 0.32792842201531186, "zscale45": 0.32792842201531186, "Cab46": 58.790489376149225, "Cw46": 0.037803853920202635, "xscale46": 0.498927690946456, "yscale46": 0.498927690946456, "zscale46": 0.498927690946456, "Cab47": 71.45873853589629, "Cw47": 0.03911619815186889, "xscale47": 0.45053344608046075, "yscale47": 0.45053344608046075, "zscale47": 0.45053344608046075, "Cab48": 50.78738540148308, "Cw48": 0.0302799918399873, "xscale48": 0.7089754783400729, "yscale48": 0.7089754783400729, "zscale48": 0.7089754783400729, "Cab49": 23.096763530585015, "Cw49": 0.017275675187681715, "xscale49": 0.457188813814957, "yscale49": 0.457188813814957, "zscale49": 0.457188813814957, "Cab50": 40.47556120010182, "Cw50": 0.023596680492545048, "xscale50": 0.6883184987220524, "yscale50": 0.6883184987220524, "zscale50": 0.6883184987220524, "Cab51": 46.13276331956699, "Cw51": 0.025412423354290562, "xscale51": 0.6908428914047609, "yscale51": 0.6908428914047609, "zscale51": 0.6908428914047609, "Cab52": 28.013959284117053, "Cw52": 0.01433571035054455,