{"Cab0": 89.49732328395983, "Cw0": 0.024018434179471058, "xscale0": 0.7671130062106878, "yscale0": 0.7671130062106878, "zscale0": 0.7671130062106878, "Cab1": 87.23055310054036, "Cw1": 0.03670389229021235, "xscale1": 0.6238541744614674, "yscale1": 0.6238541744614674, "zscale1": 0.6238541744614674, "Cab2": 65.31358596699016, "Cw2": 0.014853417254932264, "xscale2": 0.6260051331760557, "yscale2": 0.6260051331760557, "zscale2": 0.6260051331760557, "Cab3": 20.013556620307913, "Cw3": 0.02188549920996527, "xscale3": 0.5347521004514791, "yscale3": 0.5347521004514791, "zscale3": 0.5347521004514791, "Cab4": 72.3758591606176, "Cw4": 0.018550199647658784, "xscale4": 0.6832053089391202, "yscale4": 0.6832053089391202, "zscale4": 0.6832053089391202, "Cab5": 41.7621517497101, "Cw5": 0.018212929041405708, "xscale5": 0.8639290360414905, "yscale5": 0.8639290360414905, "zscale5": 0.8639290360414905, "Cab6": 30.670853114533635, "Cw6": 0.037764438090464474, "xscale6": 0.6161642107755031, "yscale6": 0.6161642107755031, "zscale6": 0.6161642107755031, "Cab7": 51.92026564002072, "Cw7": 0.021183400639617232, "xscale7": 0.5794349962938866, "yscale7": 0.5794349962938866, "zscale7": 0.5794349962938866, "Cab8": 26.087447060823475, "Cw8": 0.03357968630096733, "xscale8": 0.5873067391907795, "yscale8": 0.5873067391907795, "zscale8": 0.5873067391907795, "Cab9": 54.905966869520334, "Cw9": 0.01779314662658178, "xscale9": 0.5716263217949455, "yscale9": 0.5716263217949455, "zscale9": 0.5716263217949455, "Cab10": 89.43816220752875, "Cw10": 0.04766921328482655, "xscale10": 0.40485658694097276, "yscale10": 0.40485658694097276, "zscale10": 0.40485658694097276, "Cab11": 44.130718075199, "Cw11": 0.02076632460348011, "xscale11": 0.6606360138128407, "yscale11": 0.6606360138128407, "zscale11": 0.6606360138128407, "Cab12": 23.69505830646946, "Cw12": 0.016340676442835465, "xscale12": 0.48734280094777627, "yscale12": 0.48734280094777627, "zscale12": 0.48734280094777627, "Cab13": 61.61679597095408, "Cw13": 0.03215039206159047, "xscale13": 0.6025659312403414, "yscale13": 0.6025659312403414, "zscale13": 0.6025659312403414, "Cab14": 48.19235283588658, "Cw14": 0.04820433488160491, "xscale14": 0.5476018521129065, "yscale14": 0.5476018521129065, "zscale14": 0.5476018521129065, "Cab15": 38.43793932623159, "Cw15": 0.04616517819228484, "xscale15": 0.5589477755589546, "yscale15": 0.5589477755589546, "zscale15": 0.5589477755589546, "Cab16": 81.1646006212292, "Cw16": 0.04275854161058496, "xscale16": 0.4816762671889842, "yscale16": 0.4816762671889842, "zscale16": 0.4816762671889842, "Cab17": 28.889847316418564, "Cw17": 0.04934729867516685, "xscale17": 0.5270196484069235, "yscale17": 0.5270196484069235, "zscale17": 0.5270196484069235, "Cab18": 28.35078277239262, "Cw18": 0.04514555186535443, "xscale18": 0.5258610381041017, "yscale18": 0.5258610381041017, "zscale18": 0.5258610381041017, "Cab19": 53.21579312718885, "Cw19": 0.030200595257823454, "xscale19": 0.5062783927133346, "yscale19": 0.5062783927133346, "zscale19": 0.5062783927133346, "Cab20": 68.31675448855972, "Cw20": 0.043088427202710694, "xscale20": 0.6177574879931165, "yscale20": 0.6177574879931165, "zscale20": 0.6177574879931165, "Cab21": 47.286403977826666, "Cw21": 0.012248142673087244, "xscale21": 0.6071782373225272, "yscale21": 0.6071782373225272, "zscale21": 0.6071782373225272, "Cab22": 30.880240713792716, "Cw22": 0.03644759167413911, "xscale22": 0.45781458098489464, "yscale22": 0.45781458098489464, "zscale22": 0.45781458098489464, "Cab23": 76.05794200469433, "Cw23": 0.04123894106789172, "xscale23": 0.5183976643092527, "yscale23": 0.5183976643092527, "zscale23": 0.5183976643092527, "Cab24": 84.40123986140844, "Cw24": 0.02440252984403537, "xscale24": 0.6307631680244725, "yscale24": 0.6307631680244725, "zscale24": 0.6307631680244725, "Cab25": 77.21512331751663, "Cw25": 0.012186549176985917, "xscale25": 0.5099970901226517, "yscale25": 0.5099970901226517, "zscale25": 0.5099970901226517, "Cab26": 61.38403034705631, "Cw26": 0.026669518505152624, "xscale26": 0.5997907802220698, "yscale26": 0.5997907802220698, "zscale26": 0.5997907802220698, "Cab27": 51.33049377469014, "Cw27": 0.012918260881083072, "xscale27": 0.4879357159355158, "yscale27": 0.4879357159355158, "zscale27": 0.4879357159355158, "Cab28": 55.214180325432714, "Cw28": 0.01802333574061278, "xscale28": 0.3949062499589223, "yscale28": 0.3949062499589223, "zscale28": 0.3949062499589223, "Cab29": 88.51338202909348, "Cw29": 0.04332213664082393, "xscale29": 0.6432936673832479, "yscale29": 0.6432936673832479, "zscale29": 0.6432936673832479, "Cab30": 82.81387625841501, "Cw30": 0.04405264174126795, "xscale30": 0.4021441503779667, "yscale30": 0.4021441503779667, "zscale30": 0.4021441503779667, "Cab31": 28.934485017883986, "Cw31": 0.046742950936572596, "xscale31": 0.6345677386236627, "yscale31": 0.6345677386236627, "zscale31": 0.6345677386236627, "Cab32": 43.382062279560486, "Cw32": 0.011764072871540417, "xscale32": 0.5497396653893193, "yscale32": 0.5497396653893193, "zscale32": 0.5497396653893193, "Cab33": 44.91130388604827, "Cw33": 0.037252446561844635, "xscale33": 0.4360667173746445, "yscale33": 0.4360667173746445, "zscale33": 0.4360667173746445, "Cab34": 42.56417619651559, "Cw34": 0.03772782294140865, "xscale34": 0.6017203981384724, "yscale34": 0.6017203981384724, "zscale34": 0.6017203981384724, "Cab35": 49.69621670291875, "Cw35": 0.03479684310764287, "xscale35": 0.4778208212631573, "yscale35": 0.4778208212631573, "zscale35": 0.4778208212631573, "Cab36": 76.34319371007507, "Cw36": 0.04285445735501825, "xscale36": 0.6110202530775499, "yscale36": 0.6110202530775499, "zscale36": 0.6110202530775499, "Cab37": 46.03010039235586, "Cw37": 0.026782077200687524, "xscale37": 0.5074883548545606, "yscale37": 0.5074883548545606, "zscale37": 0.5074883548545606, "Cab38": 23.8944858584424, "Cw38": 0.04204013158048176, "xscale38": 0.39235192708026706, "yscale38": 0.39235192708026706, "zscale38": 0.39235192708026706, "Cab39": 31.48185907568458, "Cw39": 0.028295389486079202, "xscale39": 0.4964095983193164, "yscale39": 0.4964095983193164, "zscale39": 0.4964095983193164, "Cab40": 29.237787220704128, "Cw40": 0.020003151619497866, "xscale40": 0.6358300310781791, "yscale40": 0.6358300310781791, "zscale40": 0.6358300310781791, "Cab41": 21.880736174201576, "Cw41": 0.03825924259680504, "xscale41": 0.4412432515758841, "yscale41": 0.4412432515758841, "zscale41": 0.4412432515758841, "Cab42": 56.91983569187648, "Cw42": 0.028881301503432114, "xscale42": 0.5647614427308447, "yscale42": 0.5647614427308447, "zscale42": 0.5647614427308447, "Cab43": 45.93834041424998, "Cw43": 0.012762933262161397, "xscale43": 0.6247724086655413, "yscale43": 0.6247724086655413, "zscale43": 0.6247724086655413, "Cab44": 69.14590208541732, "Cw44": 0.013333066143518582, "xscale44": 0.35201389214677564, "yscale44": 0.35201389214677564, "zscale44": 0.35201389214677564, "Cab45": 57.66250781201326, "Cw45": 0.025551114542322364, "xscale45": 0.3673371499106432, "yscale45": 0.3673371499106432, "zscale45": 0.3673371499106432, "Cab46": 37.71306620740238, "Cw46": 0.013990441134952413, "xscale46": 0.4148666480544096, "yscale46": 0.4148666480544096, "zscale46": 0.4148666480544096, "Cab47": 26.86434500640788, "Cw47": 0.012227314368619333, "xscale47": 0.6068751901424865, "yscale47": 0.6068751901424865, "zscale47": 0.6068751901424865, "Cab48": 79.85787399361506, "Cw48": 0.04650446917397431, "xscale48": 0.7369147132302946, "yscale48": 0.7369147132302946, "zscale48": 0.7369147132302946, "Cab49": 44.46971049264687, "Cw49": 0.025083762492974157, "xscale49": 0.5930650139758865, "yscale49": 0.5930650139758865, "zscale49": 0.5930650139758865, "Cab50": 21.870673183570254, "Cw50": 0.01296259617317896, "xscale50": 0.6368112983044442, "yscale50": 0.6368112983044442, "zscale50": 0.6368112983044442, "Cab51": 88.47784902943, "Cw51": 0.014768553136139628, "xscale51": 0.6732831145885263, "yscale51": 0.6732831145885263, "zscale51": 0.6732831145885263, "Cab52": 52.49431553994064,