{"Cab0": 70.01118541627557, "Cw0": 0.03598288076220177, "xscale0": 0.5947601731915256, "yscale0": 0.5947601731915256, "zscale0": 0.5947601731915256, "Cab1": 30.039791642797717, "Cw1": 0.01975516901512194, "xscale1": 0.599940720664705, "yscale1": 0.599940720664705, "zscale1": 0.599940720664705, "Cab2": 58.48575847353241, "Cw2": 0.02268004268530173, "xscale2": 0.6129867511966565, "yscale2": 0.6129867511966565, "zscale2": 0.6129867511966565, "Cab3": 68.77076789924287, "Cw3": 0.03855084176304135, "xscale3": 0.5169200759991781, "yscale3": 0.5169200759991781, "zscale3": 0.5169200759991781, "Cab4": 33.44810651439206, "Cw4": 0.03600616322202465, "xscale4": 0.4804535589362624, "yscale4": 0.4804535589362624, "zscale4": 0.4804535589362624, "Cab5": 68.96745814774687, "Cw5": 0.046300091429046834, "xscale5": 0.8567707323074901, "yscale5": 0.8567707323074901, "zscale5": 0.8567707323074901, "Cab6": 33.4473127156607, "Cw6": 0.03442750911613047, "xscale6": 0.6064473783292933, "yscale6": 0.6064473783292933, "zscale6": 0.6064473783292933, "Cab7": 39.54831183421017, "Cw7": 0.04644806386337515, "xscale7": 0.6418786999946666, "yscale7": 0.6418786999946666, "zscale7": 0.6418786999946666, "Cab8": 76.06898371002168, "Cw8": 0.044837927141812964, "xscale8": 0.6622765861219595, "yscale8": 0.6622765861219595, "zscale8": 0.6622765861219595, "Cab9": 53.37625445484181, "Cw9": 0.03423752272399177, "xscale9": 0.6176956582088833, "yscale9": 0.6176956582088833, "zscale9": 0.6176956582088833, "Cab10": 83.8522111466727, "Cw10": 0.047275493572340316, "xscale10": 0.41560050504953167, "yscale10": 0.41560050504953167, "zscale10": 0.41560050504953167, "Cab11": 62.337085962714504, "Cw11": 0.02825537035740737, "xscale11": 0.5866097201687496, "yscale11": 0.5866097201687496, "zscale11": 0.5866097201687496, "Cab12": 58.416666490269336, "Cw12": 0.018315103671676047, "xscale12": 0.49665327521101454, "yscale12": 0.49665327521101454, "zscale12": 0.49665327521101454, "Cab13": 22.57332284775145, "Cw13": 0.01436398253924909, "xscale13": 0.7200088991265763, "yscale13": 0.7200088991265763, "zscale13": 0.7200088991265763, "Cab14": 71.88657401008305, "Cw14": 0.034197570147852296, "xscale14": 0.6445202277218551, "yscale14": 0.6445202277218551, "zscale14": 0.6445202277218551, "Cab15": 66.79724526293862, "Cw15": 0.029022048824937807, "xscale15": 0.6496110269492054, "yscale15": 0.6496110269492054, "zscale15": 0.6496110269492054, "Cab16": 36.91776333236841, "Cw16": 0.029845768392302893, "xscale16": 0.6547289230002418, "yscale16": 0.6547289230002418, "zscale16": 0.6547289230002418, "Cab17": 30.700275749766757, "Cw17": 0.02751770555033218, "xscale17": 0.4663332739967384, "yscale17": 0.4663332739967384, "zscale17": 0.4663332739967384, "Cab18": 31.565676510797324, "Cw18": 0.02319572002475663, "xscale18": 0.6800535810773349, "yscale18": 0.6800535810773349, "zscale18": 0.6800535810773349, "Cab19": 85.31789892283189, "Cw19": 0.04591907502929602, "xscale19": 0.5528822742346735, "yscale19": 0.5528822742346735, "zscale19": 0.5528822742346735, "Cab20": 41.49687263034218, "Cw20": 0.02162935182079513, "xscale20": 0.536090636850002, "yscale20": 0.536090636850002, "zscale20": 0.536090636850002, "Cab21": 58.865792957343395, "Cw21": 0.02087568188586149, "xscale21": 0.4816428800754991, "yscale21": 0.4816428800754991, "zscale21": 0.4816428800754991, "Cab22": 56.02229580359415, "Cw22": 0.010510551556380485, "xscale22": 0.46940790870547255, "yscale22": 0.46940790870547255, "zscale22": 0.46940790870547255, "Cab23": 55.27394504324149, "Cw23": 0.018561406251511498, "xscale23": 0.639212690218866, "yscale23": 0.639212690218866, "zscale23": 0.639212690218866, "Cab24": 56.84607351735299, "Cw24": 0.04040365875021779, "xscale24": 0.5049283104816008, "yscale24": 0.5049283104816008, "zscale24": 0.5049283104816008, "Cab25": 21.861019722964347, "Cw25": 0.010752141912660239, "xscale25": 0.603170608162942, "yscale25": 0.603170608162942, "zscale25": 0.603170608162942, "Cab26": 40.243317687180635, "Cw26": 0.04650013118406139, "xscale26": 0.698921176985784, "yscale26": 0.698921176985784, "zscale26": 0.698921176985784, "Cab27": 22.316937273571664, "Cw27": 0.010053985617858014, "xscale27": 0.41040216835906373, "yscale27": 0.41040216835906373, "zscale27": 0.41040216835906373, "Cab28": 35.18163282767514, "Cw28": 0.0311516036221152, "xscale28": 0.412518317238395, "yscale28": 0.412518317238395, "zscale28": 0.412518317238395, "Cab29": 33.33528300091709, "Cw29": 0.028497294021783415, "xscale29": 0.5576773232778348, "yscale29": 0.5576773232778348, "zscale29": 0.5576773232778348, "Cab30": 57.899328892420094, "Cw30": 0.023109792111108488, "xscale30": 0.41130062826610614, "yscale30": 0.41130062826610614, "zscale30": 0.41130062826610614, "Cab31": 47.3564225888898, "Cw31": 0.023399106944253494, "xscale31": 0.6002596250572806, "yscale31": 0.6002596250572806, "zscale31": 0.6002596250572806, "Cab32": 49.98187973414636, "Cw32": 0.01031448331080984, "xscale32": 0.43034545633723664, "yscale32": 0.43034545633723664, "zscale32": 0.43034545633723664, "Cab33": 42.77893438874662, "Cw33": 0.01565502103285904, "xscale33": 0.5710688692878454, "yscale33": 0.5710688692878454, "zscale33": 0.5710688692878454, "Cab34": 80.0124497540413, "Cw34": 0.03542437621379124, "xscale34": 0.5571698313894047, "yscale34": 0.5571698313894047, "zscale34": 0.5571698313894047, "Cab35": 54.933839507796584, "Cw35": 0.011376835532428973, "xscale35": 0.382966392403399, "yscale35": 0.382966392403399, "zscale35": 0.382966392403399, "Cab36": 81.78855780364665, "Cw36": 0.031391289232582976, "xscale36": 0.55379692139199, "yscale36": 0.55379692139199, "zscale36": 0.55379692139199, "Cab37": 38.59694593929994, "Cw37": 0.04148316565964048, "xscale37": 0.41318979570774284, "yscale37": 0.41318979570774284, "zscale37": 0.41318979570774284, "Cab38": 76.34021861978457, "Cw38": 0.025243317424091624, "xscale38": 0.4475745473208507, "yscale38": 0.4475745473208507, "zscale38": 0.4475745473208507, "Cab39": 27.086307043588768, "Cw39": 0.03971609718319566, "xscale39": 0.5505108086851003, "yscale39": 0.5505108086851003, "zscale39": 0.5505108086851003, "Cab40": 81.36127889235753, "Cw40": 0.04824338435751384, "xscale40": 0.4549941459044098, "yscale40": 0.4549941459044098, "zscale40": 0.4549941459044098, "Cab41": 24.493388798315994, "Cw41": 0.019649078574786982, "xscale41": 0.549021145156829, "yscale41": 0.549021145156829, "zscale41": 0.549021145156829, "Cab42": 62.9415213517608, "Cw42": 0.04841795631158061, "xscale42": 0.6446525335736276, "yscale42": 0.6446525335736276, "zscale42": 0.6446525335736276, "Cab43": 42.167855839681586, "Cw43": 0.043354473214632996, "xscale43": 0.6456017823929389, "yscale43": 0.6456017823929389, "zscale43": 0.6456017823929389, "Cab44": 31.075483146828795, "Cw44": 0.014142747990274186, "xscale44": 0.4899940523681762, "yscale44": 0.4899940523681762, "zscale44": 0.4899940523681762, "Cab45": 21.443547307441, "Cw45": 0.021697210977276032, "xscale45": 0.3369196512878735, "yscale45": 0.3369196512878735, "zscale45": 0.3369196512878735, "Cab46": 36.291179673902946, "Cw46": 0.04418841818148935, "xscale46": 0.4623821635699018, "yscale46": 0.4623821635699018, "zscale46": 0.4623821635699018, "Cab47": 88.00493921723243, "Cw47": 0.04957317217022262, "xscale47": 0.5341835633629083, "yscale47": 0.5341835633629083, "zscale47": 0.5341835633629083, "Cab48": 22.09370651441125, "Cw48": 0.023770703801402775, "xscale48": 0.7052397629895588, "yscale48": 0.7052397629895588, "zscale48": 0.7052397629895588, "Cab49": 34.31425694569728, "Cw49": 0.04608039025693936, "xscale49": 0.44720334281580354, "yscale49": 0.44720334281580354, "zscale49": 0.44720334281580354, "Cab50": 87.46975300838109, "Cw50": 0.048327111355130806, "xscale50": 0.6698151524222858, "yscale50": 0.6698151524222858, "zscale50": 0.6698151524222858, "Cab51": 75.6118758638578, "Cw51": 0.03936485676882546, "xscale51": 0.7214087472169687, "yscale51": 0.7214087472169687, "zscale51": 0.7214087472169687, "Cab52": 84.36277192116734, "Cw52": 0.020818382674956795,