{"Cab0": 58.05172707988319, "Cw0": 0.03830080693405416, "xscale0": 0.6428133622530428, "yscale0": 0.6428133622530428, "zscale0": 0.6428133622530428, "Cab1": 61.10826793399443, "Cw1": 0.014697736034749057, "xscale1": 0.5184617373254375, "yscale1": 0.5184617373254375, "zscale1": 0.5184617373254375, "Cab2": 31.49442045737709, "Cw2": 0.04889242281096001, "xscale2": 0.5622007640241953, "yscale2": 0.5622007640241953, "zscale2": 0.5622007640241953, "Cab3": 42.71231553795056, "Cw3": 0.012678846026041355, "xscale3": 0.5588815644558314, "yscale3": 0.5588815644558314, "zscale3": 0.5588815644558314, "Cab4": 61.83605913410203, "Cw4": 0.02282620922625271, "xscale4": 0.5739329929468927, "yscale4": 0.5739329929468927, "zscale4": 0.5739329929468927, "Cab5": 78.46748094056419, "Cw5": 0.032467830893317326, "xscale5": 0.8743099031128743, "yscale5": 0.8743099031128743, "zscale5": 0.8743099031128743, "Cab6": 41.20268649095779, "Cw6": 0.03859163734290309, "xscale6": 0.572037182932899, "yscale6": 0.572037182932899, "zscale6": 0.572037182932899, "Cab7": 89.46280760302572, "Cw7": 0.04658175246631138, "xscale7": 0.6253985182591074, "yscale7": 0.6253985182591074, "zscale7": 0.6253985182591074, "Cab8": 49.818629893824365, "Cw8": 0.022229067512327096, "xscale8": 0.45635267887128744, "yscale8": 0.45635267887128744, "zscale8": 0.45635267887128744, "Cab9": 82.70107965691655, "Cw9": 0.0440659163412982, "xscale9": 0.7736486274488162, "yscale9": 0.7736486274488162, "zscale9": 0.7736486274488162, "Cab10": 21.84052334621532, "Cw10": 0.014585665795084565, "xscale10": 0.5404997047734943, "yscale10": 0.5404997047734943, "zscale10": 0.5404997047734943, "Cab11": 64.63721819275662, "Cw11": 0.0360926154906602, "xscale11": 0.636757864249926, "yscale11": 0.636757864249926, "zscale11": 0.636757864249926, "Cab12": 28.987434272823442, "Cw12": 0.031912773135337566, "xscale12": 0.5101322614836008, "yscale12": 0.5101322614836008, "zscale12": 0.5101322614836008, "Cab13": 83.50900087531934, "Cw13": 0.011680131516303534, "xscale13": 0.5863119561636264, "yscale13": 0.5863119561636264, "zscale13": 0.5863119561636264, "Cab14": 74.89871532058628, "Cw14": 0.034531569723373505, "xscale14": 0.5423494735708383, "yscale14": 0.5423494735708383, "zscale14": 0.5423494735708383, "Cab15": 68.55315393068064, "Cw15": 0.028365115200235096, "xscale15": 0.4888497992565451, "yscale15": 0.4888497992565451, "zscale15": 0.4888497992565451, "Cab16": 75.36828610896407, "Cw16": 0.025414612631607093, "xscale16": 0.5394942149340524, "yscale16": 0.5394942149340524, "zscale16": 0.5394942149340524, "Cab17": 39.68851626278576, "Cw17": 0.04908648056990904, "xscale17": 0.6016927737003511, "yscale17": 0.6016927737003511, "zscale17": 0.6016927737003511, "Cab18": 69.88108821978147, "Cw18": 0.015335740082234182, "xscale18": 0.7156386930400899, "yscale18": 0.7156386930400899, "zscale18": 0.7156386930400899, "Cab19": 70.1828358203814, "Cw19": 0.04503708344040621, "xscale19": 0.5343032655462413, "yscale19": 0.5343032655462413, "zscale19": 0.5343032655462413, "Cab20": 43.84663353277911, "Cw20": 0.01115299046344397, "xscale20": 0.6060433402534582, "yscale20": 0.6060433402534582, "zscale20": 0.6060433402534582, "Cab21": 85.94223404400005, "Cw21": 0.0206927580829881, "xscale21": 0.4371888800176587, "yscale21": 0.4371888800176587, "zscale21": 0.4371888800176587, "Cab22": 66.50123750959969, "Cw22": 0.025400799996155764, "xscale22": 0.5090016323417688, "yscale22": 0.5090016323417688, "zscale22": 0.5090016323417688, "Cab23": 83.33700063222966, "Cw23": 0.04966717951793383, "xscale23": 0.5835644596075147, "yscale23": 0.5835644596075147, "zscale23": 0.5835644596075147, "Cab24": 79.04729678630947, "Cw24": 0.025100538044195313, "xscale24": 0.5718322170988702, "yscale24": 0.5718322170988702, "zscale24": 0.5718322170988702, "Cab25": 60.1345291176862, "Cw25": 0.04888075874072508, "xscale25": 0.6936909984564694, "yscale25": 0.6936909984564694, "zscale25": 0.6936909984564694, "Cab26": 21.811016829005204, "Cw26": 0.024454450240785297, "xscale26": 0.7228930270834343, "yscale26": 0.7228930270834343, "zscale26": 0.7228930270834343, "Cab27": 52.36486393184827, "Cw27": 0.032480806260766604, "xscale27": 0.378223985130091, "yscale27": 0.378223985130091, "zscale27": 0.378223985130091, "Cab28": 55.62936718502693, "Cw28": 0.03185077149048182, "xscale28": 0.42616717089335143, "yscale28": 0.42616717089335143, "zscale28": 0.42616717089335143, "Cab29": 84.91802223618552, "Cw29": 0.031644172153454504, "xscale29": 0.6539556347264618, "yscale29": 0.6539556347264618, "zscale29": 0.6539556347264618, "Cab30": 58.925779768471436, "Cw30": 0.02358006068807819, "xscale30": 0.3326332495187689, "yscale30": 0.3326332495187689, "zscale30": 0.3326332495187689, "Cab31": 67.75696061994478, "Cw31": 0.04438487589378975, "xscale31": 0.6453338636516462, "yscale31": 0.6453338636516462, "zscale31": 0.6453338636516462, "Cab32": 85.44017859005828, "Cw32": 0.013843203521774768, "xscale32": 0.4588651138892816, "yscale32": 0.4588651138892816, "zscale32": 0.4588651138892816, "Cab33": 35.927244254497026, "Cw33": 0.012125531553011252, "xscale33": 0.45498449805799335, "yscale33": 0.45498449805799335, "zscale33": 0.45498449805799335, "Cab34": 43.73901516717976, "Cw34": 0.02998379936198036, "xscale34": 0.5975924471800569, "yscale34": 0.5975924471800569, "zscale34": 0.5975924471800569, "Cab35": 28.256449622294724, "Cw35": 0.023967443646410725, "xscale35": 0.4619828594655149, "yscale35": 0.4619828594655149, "zscale35": 0.4619828594655149, "Cab36": 20.97480976001355, "Cw36": 0.04986111079505259, "xscale36": 0.6868318836484987, "yscale36": 0.6868318836484987, "zscale36": 0.6868318836484987, "Cab37": 45.57044237919625, "Cw37": 0.024092163895515502, "xscale37": 0.5301121428714852, "yscale37": 0.5301121428714852, "zscale37": 0.5301121428714852, "Cab38": 54.29899589863208, "Cw38": 0.04442848872131649, "xscale38": 0.500649074245482, "yscale38": 0.500649074245482, "zscale38": 0.500649074245482, "Cab39": 65.23046107540839, "Cw39": 0.03178938888994664, "xscale39": 0.709227614919478, "yscale39": 0.709227614919478, "zscale39": 0.709227614919478, "Cab40": 61.67280141935734, "Cw40": 0.030486949628375545, "xscale40": 0.6029826960209845, "yscale40": 0.6029826960209845, "zscale40": 0.6029826960209845, "Cab41": 87.30898922838239, "Cw41": 0.020339625135238033, "xscale41": 0.5845942639752126, "yscale41": 0.5845942639752126, "zscale41": 0.5845942639752126, "Cab42": 81.49851487501655, "Cw42": 0.02342183187063658, "xscale42": 0.5416804687292816, "yscale42": 0.5416804687292816, "zscale42": 0.5416804687292816, "Cab43": 89.38630349646768, "Cw43": 0.04896057030354479, "xscale43": 0.49274652407994185, "yscale43": 0.49274652407994185, "zscale43": 0.49274652407994185, "Cab44": 70.53793067728644, "Cw44": 0.02746101766147236, "xscale44": 0.4634875293079997, "yscale44": 0.4634875293079997, "zscale44": 0.4634875293079997, "Cab45": 43.11063679458994, "Cw45": 0.02770287866556686, "xscale45": 0.3460620842508704, "yscale45": 0.3460620842508704, "zscale45": 0.3460620842508704, "Cab46": 52.09647355233338, "Cw46": 0.035169397392315324, "xscale46": 0.394384219229431, "yscale46": 0.394384219229431, "zscale46": 0.394384219229431, "Cab47": 88.3498869945513, "Cw47": 0.02210451456834405, "xscale47": 0.42537197393966625, "yscale47": 0.42537197393966625, "zscale47": 0.42537197393966625, "Cab48": 71.86509249881391, "Cw48": 0.02850319556602856, "xscale48": 0.7649103575329204, "yscale48": 0.7649103575329204, "zscale48": 0.7649103575329204, "Cab49": 47.815441248050476, "Cw49": 0.01065770639427548, "xscale49": 0.4467613220565101, "yscale49": 0.4467613220565101, "zscale49": 0.4467613220565101, "Cab50": 49.63313023366169, "Cw50": 0.019597640588560006, "xscale50": 0.7048321520807938, "yscale50": 0.7048321520807938, "zscale50": 0.7048321520807938, "Cab51": 55.49731842173807, "Cw51": 0.04694467808055774, "xscale51": 0.7259420207402648, "yscale51": 0.7259420207402648, "zscale51": 0.7259420207402648, "Cab52": 61.71126775849121, "Cw52": 0.046695201467681885,