{"Cab0": 20.746337342188777, "Cw0": 0.011036287625307261, "xscale0": 0.8662186917023899, "yscale0": 0.8662186917023899, "zscale0": 0.8662186917023899, "Cab1": 25.712778443008723, "Cw1": 0.01568408817658009, "xscale1": 0.5100991678261375, "yscale1": 0.5100991678261375, "zscale1": 0.5100991678261375, "Cab2": 64.92585804925321, "Cw2": 0.013377928359035018, "xscale2": 0.5756883559329952, "yscale2": 0.5756883559329952, "zscale2": 0.5756883559329952, "Cab3": 68.12875127269798, "Cw3": 0.03230280396604177, "xscale3": 0.4555140951075476, "yscale3": 0.4555140951075476, "zscale3": 0.4555140951075476, "Cab4": 86.2773723042875, "Cw4": 0.010319170539707177, "xscale4": 0.6315561666966695, "yscale4": 0.6315561666966695, "zscale4": 0.6315561666966695, "Cab5": 63.92660896587357, "Cw5": 0.032368568316333224, "xscale5": 0.7202500890985186, "yscale5": 0.7202500890985186, "zscale5": 0.7202500890985186, "Cab6": 48.783967586041086, "Cw6": 0.03773674310015285, "xscale6": 0.5925457380433125, "yscale6": 0.5925457380433125, "zscale6": 0.5925457380433125, "Cab7": 64.17067016919864, "Cw7": 0.036117913371406726, "xscale7": 0.6385110316537255, "yscale7": 0.6385110316537255, "zscale7": 0.6385110316537255, "Cab8": 28.276579642398374, "Cw8": 0.02014583938321063, "xscale8": 0.6457072789113882, "yscale8": 0.6457072789113882, "zscale8": 0.6457072789113882, "Cab9": 79.34073536223198, "Cw9": 0.037153350824764036, "xscale9": 0.5494441355926388, "yscale9": 0.5494441355926388, "zscale9": 0.5494441355926388, "Cab10": 52.123587920406266, "Cw10": 0.040808070651340025, "xscale10": 0.42462027584435985, "yscale10": 0.42462027584435985, "zscale10": 0.42462027584435985, "Cab11": 78.78299258898477, "Cw11": 0.04770197512317207, "xscale11": 0.7313920298083644, "yscale11": 0.7313920298083644, "zscale11": 0.7313920298083644, "Cab12": 89.423912193055, "Cw12": 0.016981901982319653, "xscale12": 0.48527967418070794, "yscale12": 0.48527967418070794, "zscale12": 0.48527967418070794, "Cab13": 47.27504903890083, "Cw13": 0.014294556889290155, "xscale13": 0.5421046889749832, "yscale13": 0.5421046889749832, "zscale13": 0.5421046889749832, "Cab14": 63.42093797153592, "Cw14": 0.013677053112586606, "xscale14": 0.562531950870163, "yscale14": 0.562531950870163, "zscale14": 0.562531950870163, "Cab15": 25.385828369824498, "Cw15": 0.0207707068896715, "xscale15": 0.5400963089770737, "yscale15": 0.5400963089770737, "zscale15": 0.5400963089770737, "Cab16": 56.1183385622052, "Cw16": 0.014579381777462617, "xscale16": 0.5382759571554342, "yscale16": 0.5382759571554342, "zscale16": 0.5382759571554342, "Cab17": 41.54118126123754, "Cw17": 0.021764487045872225, "xscale17": 0.592331936061469, "yscale17": 0.592331936061469, "zscale17": 0.592331936061469, "Cab18": 29.980091804787037, "Cw18": 0.04686998999122475, "xscale18": 0.668913290316182, "yscale18": 0.668913290316182, "zscale18": 0.668913290316182, "Cab19": 82.68655902270271, "Cw19": 0.02774396317588021, "xscale19": 0.6270782970245673, "yscale19": 0.6270782970245673, "zscale19": 0.6270782970245673, "Cab20": 45.66841100589363, "Cw20": 0.04851530092252623, "xscale20": 0.7394353883193387, "yscale20": 0.7394353883193387, "zscale20": 0.7394353883193387, "Cab21": 61.95489066367985, "Cw21": 0.036307267662058884, "xscale21": 0.48301729735600235, "yscale21": 0.48301729735600235, "zscale21": 0.48301729735600235, "Cab22": 48.28582188559109, "Cw22": 0.02791773560891355, "xscale22": 0.5721264218047426, "yscale22": 0.5721264218047426, "zscale22": 0.5721264218047426, "Cab23": 45.96071692057723, "Cw23": 0.029383869363245302, "xscale23": 0.6896480681623158, "yscale23": 0.6896480681623158, "zscale23": 0.6896480681623158, "Cab24": 57.002484504559675, "Cw24": 0.012504238974460638, "xscale24": 0.47430324624919057, "yscale24": 0.47430324624919057, "zscale24": 0.47430324624919057, "Cab25": 85.67109867048967, "Cw25": 0.04419853326179529, "xscale25": 0.6978569398107147, "yscale25": 0.6978569398107147, "zscale25": 0.6978569398107147, "Cab26": 82.04866531909502, "Cw26": 0.014976105470666506, "xscale26": 0.6299652442905953, "yscale26": 0.6299652442905953, "zscale26": 0.6299652442905953, "Cab27": 89.20319824954413, "Cw27": 0.022753062711941177, "xscale27": 0.3933488306874847, "yscale27": 0.3933488306874847, "zscale27": 0.3933488306874847, "Cab28": 77.15549885112254, "Cw28": 0.027160002481155708, "xscale28": 0.47893629758770007, "yscale28": 0.47893629758770007, "zscale28": 0.47893629758770007, "Cab29": 52.4364489260503, "Cw29": 0.02751054248175458, "xscale29": 0.5747674755525134, "yscale29": 0.5747674755525134, "zscale29": 0.5747674755525134, "Cab30": 42.568180612526916, "Cw30": 0.027007160771143568, "xscale30": 0.3903209720354298, "yscale30": 0.3903209720354298, "zscale30": 0.3903209720354298, "Cab31": 89.92440590604896, "Cw31": 0.014429904255212823, "xscale31": 0.5081930177850293, "yscale31": 0.5081930177850293, "zscale31": 0.5081930177850293, "Cab32": 71.28454548725492, "Cw32": 0.047419798858138996, "xscale32": 0.552609492222143, "yscale32": 0.552609492222143, "zscale32": 0.552609492222143, "Cab33": 38.943906715041905, "Cw33": 0.03897381522256497, "xscale33": 0.5740027062961525, "yscale33": 0.5740027062961525, "zscale33": 0.5740027062961525, "Cab34": 76.6322313962257, "Cw34": 0.012233256838357276, "xscale34": 0.5921719463897251, "yscale34": 0.5921719463897251, "zscale34": 0.5921719463897251, "Cab35": 86.32797847954839, "Cw35": 0.027990165752175035, "xscale35": 0.3830529369328214, "yscale35": 0.3830529369328214, "zscale35": 0.3830529369328214, "Cab36": 35.965427632125184, "Cw36": 0.011578126306813478, "xscale36": 0.7206870533576303, "yscale36": 0.7206870533576303, "zscale36": 0.7206870533576303, "Cab37": 40.18785949155206, "Cw37": 0.025196475229061925, "xscale37": 0.5074941715013246, "yscale37": 0.5074941715013246, "zscale37": 0.5074941715013246, "Cab38": 33.33212502907792, "Cw38": 0.02644596549632673, "xscale38": 0.4050637896844785, "yscale38": 0.4050637896844785, "zscale38": 0.4050637896844785, "Cab39": 38.680292081217175, "Cw39": 0.028538592142954816, "xscale39": 0.5564202512442942, "yscale39": 0.5564202512442942, "zscale39": 0.5564202512442942, "Cab40": 31.139470749615437, "Cw40": 0.01579157217941039, "xscale40": 0.6137722355519435, "yscale40": 0.6137722355519435, "zscale40": 0.6137722355519435, "Cab41": 80.00883149319955, "Cw41": 0.029950177465240417, "xscale41": 0.5723604152737818, "yscale41": 0.5723604152737818, "zscale41": 0.5723604152737818, "Cab42": 32.77978909953315, "Cw42": 0.02651695307103734, "xscale42": 0.5570731309425002, "yscale42": 0.5570731309425002, "zscale42": 0.5570731309425002, "Cab43": 43.28622613516235, "Cw43": 0.013437419300976732, "xscale43": 0.6876712592109513, "yscale43": 0.6876712592109513, "zscale43": 0.6876712592109513, "Cab44": 61.30889714881406, "Cw44": 0.011606860169986275, "xscale44": 0.44926613517734293, "yscale44": 0.44926613517734293, "zscale44": 0.44926613517734293, "Cab45": 39.49305613076736, "Cw45": 0.032934961123081107, "xscale45": 0.27398405641465623, "yscale45": 0.27398405641465623, "zscale45": 0.27398405641465623, "Cab46": 71.92610793116097, "Cw46": 0.028013745159090886, "xscale46": 0.3780888858654754, "yscale46": 0.3780888858654754, "zscale46": 0.3780888858654754, "Cab47": 28.468811132688202, "Cw47": 0.04146841918213579, "xscale47": 0.6068280403360232, "yscale47": 0.6068280403360232, "zscale47": 0.6068280403360232, "Cab48": 86.47332139468733, "Cw48": 0.018410147194203155, "xscale48": 0.6931240653105126, "yscale48": 0.6931240653105126, "zscale48": 0.6931240653105126, "Cab49": 69.48430340534173, "Cw49": 0.030467134974593295, "xscale49": 0.5054020202837609, "yscale49": 0.5054020202837609, "zscale49": 0.5054020202837609, "Cab50": 69.03827130667545, "Cw50": 0.02544737329441884, "xscale50": 0.7014409328409769, "yscale50": 0.7014409328409769, "zscale50": 0.7014409328409769, "Cab51": 33.47196585732959, "Cw51": 0.01571934022328918, "xscale51": 0.6552260552253892, "yscale51": 0.6552260552253892, "zscale51": 0.6552260552253892, "Cab52": 80.5709646881138,