{"Cab0": 40.40351099364216, "Cw0": 0.014483123393276216, "xscale0": 0.7061317699750862, "yscale0": 0.7061317699750862, "zscale0": 0.7061317699750862, "Cab1": 46.30805719006838, "Cw1": 0.026446695837230152, "xscale1": 0.7025805339956515, "yscale1": 0.7025805339956515, "zscale1": 0.7025805339956515, "Cab2": 30.844973057761642, "Cw2": 0.027951311166918173, "xscale2": 0.6876588831604336, "yscale2": 0.6876588831604336, "zscale2": 0.6876588831604336, "Cab3": 87.69795627390408, "Cw3": 0.02444647476716063, "xscale3": 0.4483322358290047, "yscale3": 0.4483322358290047, "zscale3": 0.4483322358290047, "Cab4": 66.6371954098344, "Cw4": 0.02566216647099972, "xscale4": 0.6397887066297137, "yscale4": 0.6397887066297137, "zscale4": 0.6397887066297137, "Cab5": 47.53190686314816, "Cw5": 0.015721206608653518, "xscale5": 0.7851446154895352, "yscale5": 0.7851446154895352, "zscale5": 0.7851446154895352, "Cab6": 26.582508316590282, "Cw6": 0.013645757577567138, "xscale6": 0.4659091973221953, "yscale6": 0.4659091973221953, "zscale6": 0.4659091973221953, "Cab7": 62.888426671535434, "Cw7": 0.035087692934905754, "xscale7": 0.44894970049331917, "yscale7": 0.44894970049331917, "zscale7": 0.44894970049331917, "Cab8": 26.620671041680563, "Cw8": 0.03927671499332748, "xscale8": 0.5169964420140263, "yscale8": 0.5169964420140263, "zscale8": 0.5169964420140263, "Cab9": 26.506693484760582, "Cw9": 0.0174388077979038, "xscale9": 0.5762018404257719, "yscale9": 0.5762018404257719, "zscale9": 0.5762018404257719, "Cab10": 87.9100161388976, "Cw10": 0.048855910724123444, "xscale10": 0.4111720395904529, "yscale10": 0.4111720395904529, "zscale10": 0.4111720395904529, "Cab11": 27.96501783986722, "Cw11": 0.015243638183122986, "xscale11": 0.5570099308741188, "yscale11": 0.5570099308741188, "zscale11": 0.5570099308741188, "Cab12": 74.92955636088197, "Cw12": 0.010897579650391225, "xscale12": 0.5799435398242907, "yscale12": 0.5799435398242907, "zscale12": 0.5799435398242907, "Cab13": 34.55336393621896, "Cw13": 0.019227687187798645, "xscale13": 0.6174208077008008, "yscale13": 0.6174208077008008, "zscale13": 0.6174208077008008, "Cab14": 51.87308962264868, "Cw14": 0.013703887788614737, "xscale14": 0.5854540724206203, "yscale14": 0.5854540724206203, "zscale14": 0.5854540724206203, "Cab15": 40.81889089381403, "Cw15": 0.01982382727812983, "xscale15": 0.5250656990623801, "yscale15": 0.5250656990623801, "zscale15": 0.5250656990623801, "Cab16": 21.20023475025893, "Cw16": 0.04373645802065862, "xscale16": 0.4998168151617615, "yscale16": 0.4998168151617615, "zscale16": 0.4998168151617615, "Cab17": 41.02751411826059, "Cw17": 0.019806398656734246, "xscale17": 0.47177189937619146, "yscale17": 0.47177189937619146, "zscale17": 0.47177189937619146, "Cab18": 36.664934749050296, "Cw18": 0.01406857831309544, "xscale18": 0.5661888825194129, "yscale18": 0.5661888825194129, "zscale18": 0.5661888825194129, "Cab19": 72.61789316881233, "Cw19": 0.03122637375024126, "xscale19": 0.5986631790408077, "yscale19": 0.5986631790408077, "zscale19": 0.5986631790408077, "Cab20": 61.732567680175116, "Cw20": 0.03104450673078752, "xscale20": 0.6902704800367893, "yscale20": 0.6902704800367893, "zscale20": 0.6902704800367893, "Cab21": 48.36142434026876, "Cw21": 0.014835349445301845, "xscale21": 0.6359325626622871, "yscale21": 0.6359325626622871, "zscale21": 0.6359325626622871, "Cab22": 47.82010609016194, "Cw22": 0.049439067451334764, "xscale22": 0.434106867458839, "yscale22": 0.434106867458839, "zscale22": 0.434106867458839, "Cab23": 49.6149457990725, "Cw23": 0.03615499552554169, "xscale23": 0.5241401232391646, "yscale23": 0.5241401232391646, "zscale23": 0.5241401232391646, "Cab24": 32.60411318722441, "Cw24": 0.028339622128985567, "xscale24": 0.5440954754450466, "yscale24": 0.5440954754450466, "zscale24": 0.5440954754450466, "Cab25": 82.83262667825178, "Cw25": 0.029649245209674047, "xscale25": 0.6155714270680943, "yscale25": 0.6155714270680943, "zscale25": 0.6155714270680943, "Cab26": 26.34071192745523, "Cw26": 0.034423360667153576, "xscale26": 0.556134054897243, "yscale26": 0.556134054897243, "zscale26": 0.556134054897243, "Cab27": 60.0500797451332, "Cw27": 0.038081827588311905, "xscale27": 0.38412625124878613, "yscale27": 0.38412625124878613, "zscale27": 0.38412625124878613, "Cab28": 85.13867423799668, "Cw28": 0.04377734633687585, "xscale28": 0.4324463786424202, "yscale28": 0.4324463786424202, "zscale28": 0.4324463786424202, "Cab29": 53.247235367569665, "Cw29": 0.03678172785519842, "xscale29": 0.6966395434403437, "yscale29": 0.6966395434403437, "zscale29": 0.6966395434403437, "Cab30": 36.71728593262283, "Cw30": 0.019057609798324583, "xscale30": 0.38424199804760295, "yscale30": 0.38424199804760295, "zscale30": 0.38424199804760295, "Cab31": 77.63437872507646, "Cw31": 0.016051735375660164, "xscale31": 0.5983642178733177, "yscale31": 0.5983642178733177, "zscale31": 0.5983642178733177, "Cab32": 83.63233273802882, "Cw32": 0.017619075667330356, "xscale32": 0.3991636477613468, "yscale32": 0.3991636477613468, "zscale32": 0.3991636477613468, "Cab33": 48.553134666603896, "Cw33": 0.04124273976932261, "xscale33": 0.563693254115643, "yscale33": 0.563693254115643, "zscale33": 0.563693254115643, "Cab34": 84.78207164728654, "Cw34": 0.029494880163779887, "xscale34": 0.42303708741501556, "yscale34": 0.42303708741501556, "zscale34": 0.42303708741501556, "Cab35": 37.87541059150681, "Cw35": 0.03233271923602767, "xscale35": 0.3701125644148377, "yscale35": 0.3701125644148377, "zscale35": 0.3701125644148377, "Cab36": 88.72308590892443, "Cw36": 0.04967868745825204, "xscale36": 0.6670483034825876, "yscale36": 0.6670483034825876, "zscale36": 0.6670483034825876, "Cab37": 39.400527560910746, "Cw37": 0.012506343756310719, "xscale37": 0.43411973967533163, "yscale37": 0.43411973967533163, "zscale37": 0.43411973967533163, "Cab38": 69.46474482188816, "Cw38": 0.027357158621455026, "xscale38": 0.3957312039979469, "yscale38": 0.3957312039979469, "zscale38": 0.3957312039979469, "Cab39": 33.85136611649128, "Cw39": 0.02014521631079723, "xscale39": 0.5852597734762602, "yscale39": 0.5852597734762602, "zscale39": 0.5852597734762602, "Cab40": 70.85921524985949, "Cw40": 0.018070748454510323, "xscale40": 0.5875557881190958, "yscale40": 0.5875557881190958, "zscale40": 0.5875557881190958, "Cab41": 74.94266529467748, "Cw41": 0.027986013642944257, "xscale41": 0.5778823199857667, "yscale41": 0.5778823199857667, "zscale41": 0.5778823199857667, "Cab42": 33.40836392191051, "Cw42": 0.015919755019775807, "xscale42": 0.5874904827289374, "yscale42": 0.5874904827289374, "zscale42": 0.5874904827289374, "Cab43": 76.05864635268836, "Cw43": 0.015551061064814716, "xscale43": 0.6602578780838306, "yscale43": 0.6602578780838306, "zscale43": 0.6602578780838306, "Cab44": 62.64354393052919, "Cw44": 0.022664890084893023, "xscale44": 0.5098543969305698, "yscale44": 0.5098543969305698, "zscale44": 0.5098543969305698, "Cab45": 72.65446085886933, "Cw45": 0.04654108156805963, "xscale45": 0.3076633129572781, "yscale45": 0.3076633129572781, "zscale45": 0.3076633129572781, "Cab46": 44.497377294455134, "Cw46": 0.027562673070622115, "xscale46": 0.4240887776109724, "yscale46": 0.4240887776109724, "zscale46": 0.4240887776109724, "Cab47": 57.213984864973355, "Cw47": 0.04576926023501991, "xscale47": 0.4205165251394944, "yscale47": 0.4205165251394944, "zscale47": 0.4205165251394944, "Cab48": 58.72254567963665, "Cw48": 0.031292378034523345, "xscale48": 0.6187965092295061, "yscale48": 0.6187965092295061, "zscale48": 0.6187965092295061, "Cab49": 21.657523703815, "Cw49": 0.018910593079243938, "xscale49": 0.4733130109031274, "yscale49": 0.4733130109031274, "zscale49": 0.4733130109031274, "Cab50": 75.2700027011609, "Cw50": 0.04271919417863516, "xscale50": 0.7829787450438607, "yscale50": 0.7829787450438607, "zscale50": 0.7829787450438607, "Cab51": 72.96578121557502, "Cw51": 0.014461701803175485, "xscale51": 0.6373248178835162, "yscale51": 0.6373248178835162, "zscale51": 0.6373248178835162, "Cab52": 42.75595116212807,