{"Cab0": 25.95622056810815, "Cw0": 0.03961122197945812, "xscale0": 0.7012861383518781, "yscale0": 0.7012861383518781, "zscale0": 0.7012861383518781, "Cab1": 45.8818425937801, "Cw1": 0.040743027258891014, "xscale1": 0.5324433980867367, "yscale1": 0.5324433980867367, "zscale1": 0.5324433980867367, "Cab2": 54.76503372582763, "Cw2": 0.038178710542127264, "xscale2": 0.7058543405524225, "yscale2": 0.7058543405524225, "zscale2": 0.7058543405524225, "Cab3": 62.789340601728924, "Cw3": 0.03295805435576875, "xscale3": 0.5725457771004955, "yscale3": 0.5725457771004955, "zscale3": 0.5725457771004955, "Cab4": 30.081901704991182, "Cw4": 0.024927855506383146, "xscale4": 0.5800627228095452, "yscale4": 0.5800627228095452, "zscale4": 0.5800627228095452, "Cab5": 39.09067638225767, "Cw5": 0.01549511050555362, "xscale5": 0.7198320774679071, "yscale5": 0.7198320774679071, "zscale5": 0.7198320774679071, "Cab6": 30.95905451410926, "Cw6": 0.040500485011632635, "xscale6": 0.6056767600826735, "yscale6": 0.6056767600826735, "zscale6": 0.6056767600826735, "Cab7": 52.63754766451851, "Cw7": 0.024560753936751965, "xscale7": 0.5888114616142568, "yscale7": 0.5888114616142568, "zscale7": 0.5888114616142568, "Cab8": 87.86596587196243, "Cw8": 0.025214434164767575, "xscale8": 0.4938128322247806, "yscale8": 0.4938128322247806, "zscale8": 0.4938128322247806, "Cab9": 27.316669108091585, "Cw9": 0.038952703267819626, "xscale9": 0.6744513069196498, "yscale9": 0.6744513069196498, "zscale9": 0.6744513069196498, "Cab10": 80.5024143385846, "Cw10": 0.0353267434436531, "xscale10": 0.536591898779372, "yscale10": 0.536591898779372, "zscale10": 0.536591898779372, "Cab11": 57.428346353625095, "Cw11": 0.04845341428653569, "xscale11": 0.6215695085156538, "yscale11": 0.6215695085156538, "zscale11": 0.6215695085156538, "Cab12": 84.22938836745045, "Cw12": 0.04712361531298245, "xscale12": 0.4429341394707381, "yscale12": 0.4429341394707381, "zscale12": 0.4429341394707381, "Cab13": 58.46576539120386, "Cw13": 0.04745681404642397, "xscale13": 0.6899296627099544, "yscale13": 0.6899296627099544, "zscale13": 0.6899296627099544, "Cab14": 57.73279334804786, "Cw14": 0.032925159259998844, "xscale14": 0.6213920490323885, "yscale14": 0.6213920490323885, "zscale14": 0.6213920490323885, "Cab15": 56.6317499646169, "Cw15": 0.02282659583070045, "xscale15": 0.6393944551128872, "yscale15": 0.6393944551128872, "zscale15": 0.6393944551128872, "Cab16": 64.269965773074, "Cw16": 0.03497540020420481, "xscale16": 0.4778199048822968, "yscale16": 0.4778199048822968, "zscale16": 0.4778199048822968, "Cab17": 42.136770077911535, "Cw17": 0.015802854543846764, "xscale17": 0.6100275460200227, "yscale17": 0.6100275460200227, "zscale17": 0.6100275460200227, "Cab18": 70.71922943472643, "Cw18": 0.04909689947311898, "xscale18": 0.6529386269531305, "yscale18": 0.6529386269531305, "zscale18": 0.6529386269531305, "Cab19": 23.954952208553507, "Cw19": 0.04444048696606644, "xscale19": 0.5678721385431507, "yscale19": 0.5678721385431507, "zscale19": 0.5678721385431507, "Cab20": 61.008228355488754, "Cw20": 0.03576198124841205, "xscale20": 0.6866772872796095, "yscale20": 0.6866772872796095, "zscale20": 0.6866772872796095, "Cab21": 39.96057824684394, "Cw21": 0.01492602930778925, "xscale21": 0.5689155512633776, "yscale21": 0.5689155512633776, "zscale21": 0.5689155512633776, "Cab22": 49.19661681179244, "Cw22": 0.02058735689416171, "xscale22": 0.5548061317712772, "yscale22": 0.5548061317712772, "zscale22": 0.5548061317712772, "Cab23": 80.11637793191852, "Cw23": 0.011399728674097394, "xscale23": 0.6585740820148832, "yscale23": 0.6585740820148832, "zscale23": 0.6585740820148832, "Cab24": 29.957742896846643, "Cw24": 0.010343765480910023, "xscale24": 0.5125785652216658, "yscale24": 0.5125785652216658, "zscale24": 0.5125785652216658, "Cab25": 36.48304884202043, "Cw25": 0.037580073275632356, "xscale25": 0.6715909553791315, "yscale25": 0.6715909553791315, "zscale25": 0.6715909553791315, "Cab26": 86.20732416784705, "Cw26": 0.027889510697248994, "xscale26": 0.7042069437400585, "yscale26": 0.7042069437400585, "zscale26": 0.7042069437400585, "Cab27": 89.09356068663566, "Cw27": 0.013230703560928947, "xscale27": 0.514377659013663, "yscale27": 0.514377659013663, "zscale27": 0.514377659013663, "Cab28": 34.509826005081806, "Cw28": 0.02314444975367451, "xscale28": 0.41117841418119505, "yscale28": 0.41117841418119505, "zscale28": 0.41117841418119505, "Cab29": 21.16785277242331, "Cw29": 0.040968524690541054, "xscale29": 0.6924020333167047, "yscale29": 0.6924020333167047, "zscale29": 0.6924020333167047, "Cab30": 89.51580287127227, "Cw30": 0.04182855939822121, "xscale30": 0.42116021658443725, "yscale30": 0.42116021658443725, "zscale30": 0.42116021658443725, "Cab31": 68.50712165290362, "Cw31": 0.03471584150893709, "xscale31": 0.6437985727836437, "yscale31": 0.6437985727836437, "zscale31": 0.6437985727836437, "Cab32": 84.81500872064265, "Cw32": 0.04788658332098645, "xscale32": 0.43607858887154305, "yscale32": 0.43607858887154305, "zscale32": 0.43607858887154305, "Cab33": 30.683125455098846, "Cw33": 0.031816974566525144, "xscale33": 0.4617198127469599, "yscale33": 0.4617198127469599, "zscale33": 0.4617198127469599, "Cab34": 55.77105227261734, "Cw34": 0.025078444242565747, "xscale34": 0.5936672718990726, "yscale34": 0.5936672718990726, "zscale34": 0.5936672718990726, "Cab35": 21.74007527866459, "Cw35": 0.04974987569467287, "xscale35": 0.42067626194844326, "yscale35": 0.42067626194844326, "zscale35": 0.42067626194844326, "Cab36": 81.39026502424412, "Cw36": 0.01109299151164358, "xscale36": 0.6791795101124821, "yscale36": 0.6791795101124821, "zscale36": 0.6791795101124821, "Cab37": 61.90198454396455, "Cw37": 0.030239334545167834, "xscale37": 0.4822390419764324, "yscale37": 0.4822390419764324, "zscale37": 0.4822390419764324, "Cab38": 36.65251165713664, "Cw38": 0.04984568555203807, "xscale38": 0.43213966166682816, "yscale38": 0.43213966166682816, "zscale38": 0.43213966166682816, "Cab39": 64.15397313418075, "Cw39": 0.013427704311539097, "xscale39": 0.6985721184748517, "yscale39": 0.6985721184748517, "zscale39": 0.6985721184748517, "Cab40": 75.00776177430804, "Cw40": 0.02264902860139853, "xscale40": 0.593912827138956, "yscale40": 0.593912827138956, "zscale40": 0.593912827138956, "Cab41": 34.15148793580844, "Cw41": 0.042473577067783666, "xscale41": 0.6030574143898292, "yscale41": 0.6030574143898292, "zscale41": 0.6030574143898292, "Cab42": 50.14410881049001, "Cw42": 0.04898149331044455, "xscale42": 0.5470842128366395, "yscale42": 0.5470842128366395, "zscale42": 0.5470842128366395, "Cab43": 84.72400465924402, "Cw43": 0.02792861387151377, "xscale43": 0.5902451399562899, "yscale43": 0.5902451399562899, "zscale43": 0.5902451399562899, "Cab44": 32.36644909833623, "Cw44": 0.02153222006052509, "xscale44": 0.4079929737324094, "yscale44": 0.4079929737324094, "zscale44": 0.4079929737324094, "Cab45": 37.278955818594284, "Cw45": 0.017375894485787153, "xscale45": 0.3222542164922674, "yscale45": 0.3222542164922674, "zscale45": 0.3222542164922674, "Cab46": 26.83186500492502, "Cw46": 0.026865958791340558, "xscale46": 0.4011780744733704, "yscale46": 0.4011780744733704, "zscale46": 0.4011780744733704, "Cab47": 66.81614590476444, "Cw47": 0.04379916416207542, "xscale47": 0.45509969549141654, "yscale47": 0.45509969549141654, "zscale47": 0.45509969549141654, "Cab48": 55.75527099075143, "Cw48": 0.04039377423654091, "xscale48": 0.7245149580414195, "yscale48": 0.7245149580414195, "zscale48": 0.7245149580414195, "Cab49": 79.50649580418118, "Cw49": 0.02651629978550108, "xscale49": 0.431901976078085, "yscale49": 0.431901976078085, "zscale49": 0.431901976078085, "Cab50": 36.5872143239727, "Cw50": 0.027310572820832005, "xscale50": 0.7393904035315361, "yscale50": 0.7393904035315361, "zscale50": 0.7393904035315361, "Cab51": 78.21412495432776, "Cw51": 0.01488422240163315, "xscale51": 0.7544313715718437, "yscale51": 0.7544313715718437, "zscale51": 0.7544313715718437, "Cab52": 61.854289459366036, "Cw52": 0.03364089036466247,