{"Cab0": 73.7573879804308, "Cw0": 0.026627649292132342, "xscale0": 0.8478345540363319, "yscale0": 0.8478345540363319, "zscale0": 0.8478345540363319, "Cab1": 43.435203575108304, "Cw1": 0.045175460973998396, "xscale1": 0.6739162215283774, "yscale1": 0.6739162215283774, "zscale1": 0.6739162215283774, "Cab2": 47.127956998801366, "Cw2": 0.036847313366378524, "xscale2": 0.541855719767307, "yscale2": 0.541855719767307, "zscale2": 0.541855719767307, "Cab3": 36.33070828787494, "Cw3": 0.012262491419044319, "xscale3": 0.5553940646938846, "yscale3": 0.5553940646938846, "zscale3": 0.5553940646938846, "Cab4": 27.533192220901732, "Cw4": 0.0277089397987954, "xscale4": 0.6384186193658626, "yscale4": 0.6384186193658626, "zscale4": 0.6384186193658626, "Cab5": 45.408018259953465, "Cw5": 0.03747258447752515, "xscale5": 0.9062705388083157, "yscale5": 0.9062705388083157, "zscale5": 0.9062705388083157, "Cab6": 58.16494491639433, "Cw6": 0.04879730518742158, "xscale6": 0.6409097975977056, "yscale6": 0.6409097975977056, "zscale6": 0.6409097975977056, "Cab7": 58.30116040805651, "Cw7": 0.034557500080339705, "xscale7": 0.4576912426420235, "yscale7": 0.4576912426420235, "zscale7": 0.4576912426420235, "Cab8": 78.36426756265914, "Cw8": 0.018971315534192644, "xscale8": 0.6644234955890438, "yscale8": 0.6644234955890438, "zscale8": 0.6644234955890438, "Cab9": 55.590900174666274, "Cw9": 0.027084776564971887, "xscale9": 0.7697653216216492, "yscale9": 0.7697653216216492, "zscale9": 0.7697653216216492, "Cab10": 84.75134530096015, "Cw10": 0.03725832006337156, "xscale10": 0.5560957658540131, "yscale10": 0.5560957658540131, "zscale10": 0.5560957658540131, "Cab11": 67.00461700391664, "Cw11": 0.01572142971382771, "xscale11": 0.614446757568827, "yscale11": 0.614446757568827, "zscale11": 0.614446757568827, "Cab12": 30.009291120054634, "Cw12": 0.04165793943149008, "xscale12": 0.49168443406614987, "yscale12": 0.49168443406614987, "zscale12": 0.49168443406614987, "Cab13": 83.42839198477766, "Cw13": 0.016023188578732826, "xscale13": 0.5086969521322422, "yscale13": 0.5086969521322422, "zscale13": 0.5086969521322422, "Cab14": 28.950676631856247, "Cw14": 0.030201984072825032, "xscale14": 0.6580712171234115, "yscale14": 0.6580712171234115, "zscale14": 0.6580712171234115, "Cab15": 74.30235303404768, "Cw15": 0.03529500053278677, "xscale15": 0.5640868586965001, "yscale15": 0.5640868586965001, "zscale15": 0.5640868586965001, "Cab16": 88.52567952384979, "Cw16": 0.04675245064181368, "xscale16": 0.5952460170292964, "yscale16": 0.5952460170292964, "zscale16": 0.5952460170292964, "Cab17": 57.22266345749443, "Cw17": 0.016179681671602823, "xscale17": 0.6630444459786705, "yscale17": 0.6630444459786705, "zscale17": 0.6630444459786705, "Cab18": 45.34430356541434, "Cw18": 0.04635650541543257, "xscale18": 0.5545511219114262, "yscale18": 0.5545511219114262, "zscale18": 0.5545511219114262, "Cab19": 49.72545696416404, "Cw19": 0.04730820896883519, "xscale19": 0.6493764630287262, "yscale19": 0.6493764630287262, "zscale19": 0.6493764630287262, "Cab20": 87.191948873386, "Cw20": 0.03606469253586236, "xscale20": 0.5931341817546463, "yscale20": 0.5931341817546463, "zscale20": 0.5931341817546463, "Cab21": 49.188272495150244, "Cw21": 0.024447116329138208, "xscale21": 0.4461545445137659, "yscale21": 0.4461545445137659, "zscale21": 0.4461545445137659, "Cab22": 40.95579781169822, "Cw22": 0.03621133100851195, "xscale22": 0.4726554310568513, "yscale22": 0.4726554310568513, "zscale22": 0.4726554310568513, "Cab23": 20.962984048966497, "Cw23": 0.02306696436001968, "xscale23": 0.647968081962414, "yscale23": 0.647968081962414, "zscale23": 0.647968081962414, "Cab24": 36.14572156793087, "Cw24": 0.045982433207430166, "xscale24": 0.6229640733190998, "yscale24": 0.6229640733190998, "zscale24": 0.6229640733190998, "Cab25": 52.141518889731444, "Cw25": 0.016144883739863936, "xscale25": 0.5181220047295394, "yscale25": 0.5181220047295394, "zscale25": 0.5181220047295394, "Cab26": 73.14254527721425, "Cw26": 0.01461980760949181, "xscale26": 0.5739731760177298, "yscale26": 0.5739731760177298, "zscale26": 0.5739731760177298, "Cab27": 54.162703017859755, "Cw27": 0.03535236180797868, "xscale27": 0.3706865562711852, "yscale27": 0.3706865562711852, "zscale27": 0.3706865562711852, "Cab28": 69.24904317486634, "Cw28": 0.04163218318661585, "xscale28": 0.35351014883438536, "yscale28": 0.35351014883438536, "zscale28": 0.35351014883438536, "Cab29": 88.11396593585977, "Cw29": 0.02178732463565302, "xscale29": 0.6805945157953469, "yscale29": 0.6805945157953469, "zscale29": 0.6805945157953469, "Cab30": 44.918476072516384, "Cw30": 0.04399748830785082, "xscale30": 0.32876587743257407, "yscale30": 0.32876587743257407, "zscale30": 0.32876587743257407, "Cab31": 41.96655407187177, "Cw31": 0.034076698407063975, "xscale31": 0.667409462319896, "yscale31": 0.667409462319896, "zscale31": 0.667409462319896, "Cab32": 50.910407571985594, "Cw32": 0.04763364405747826, "xscale32": 0.5456906897228004, "yscale32": 0.5456906897228004, "zscale32": 0.5456906897228004, "Cab33": 37.62068056448051, "Cw33": 0.028172465880961256, "xscale33": 0.5579563587436904, "yscale33": 0.5579563587436904, "zscale33": 0.5579563587436904, "Cab34": 37.39604768315887, "Cw34": 0.013903073497837615, "xscale34": 0.4783565769577593, "yscale34": 0.4783565769577593, "zscale34": 0.4783565769577593, "Cab35": 74.54217774163487, "Cw35": 0.03818379148324228, "xscale35": 0.48953735670601556, "yscale35": 0.48953735670601556, "zscale35": 0.48953735670601556, "Cab36": 70.1767005504602, "Cw36": 0.027047661967551442, "xscale36": 0.5395460532644345, "yscale36": 0.5395460532644345, "zscale36": 0.5395460532644345, "Cab37": 55.09783311537759, "Cw37": 0.04538491970486055, "xscale37": 0.4061016757571378, "yscale37": 0.4061016757571378, "zscale37": 0.4061016757571378, "Cab38": 74.12380280785297, "Cw38": 0.014745452274820355, "xscale38": 0.4705003823812041, "yscale38": 0.4705003823812041, "zscale38": 0.4705003823812041, "Cab39": 32.61861734857952, "Cw39": 0.03016907461267357, "xscale39": 0.5212295377513715, "yscale39": 0.5212295377513715, "zscale39": 0.5212295377513715, "Cab40": 30.635586371301933, "Cw40": 0.041286463305744855, "xscale40": 0.6257372549134459, "yscale40": 0.6257372549134459, "zscale40": 0.6257372549134459, "Cab41": 74.95638153559715, "Cw41": 0.021777945358445017, "xscale41": 0.6441427063373694, "yscale41": 0.6441427063373694, "zscale41": 0.6441427063373694, "Cab42": 33.002829577412996, "Cw42": 0.0258606855308519, "xscale42": 0.6462582672871356, "yscale42": 0.6462582672871356, "zscale42": 0.6462582672871356, "Cab43": 68.97588885905733, "Cw43": 0.017262342005783315, "xscale43": 0.5401067496169778, "yscale43": 0.5401067496169778, "zscale43": 0.5401067496169778, "Cab44": 51.23564179304409, "Cw44": 0.02843702078830928, "xscale44": 0.3738116932973074, "yscale44": 0.3738116932973074, "zscale44": 0.3738116932973074, "Cab45": 84.08478447499166, "Cw45": 0.040904539269323206, "xscale45": 0.2844142549492553, "yscale45": 0.2844142549492553, "zscale45": 0.2844142549492553, "Cab46": 66.66733038284369, "Cw46": 0.04587323928166541, "xscale46": 0.37510388166981656, "yscale46": 0.37510388166981656, "zscale46": 0.37510388166981656, "Cab47": 35.07641546225159, "Cw47": 0.037431937404269824, "xscale47": 0.44815550973731183, "yscale47": 0.44815550973731183, "zscale47": 0.44815550973731183, "Cab48": 21.11783815670218, "Cw48": 0.04716598305565139, "xscale48": 0.6541781279675621, "yscale48": 0.6541781279675621, "zscale48": 0.6541781279675621, "Cab49": 79.31905586010251, "Cw49": 0.04995085501614121, "xscale49": 0.46670786182194024, "yscale49": 0.46670786182194024, "zscale49": 0.46670786182194024, "Cab50": 78.0422419135312, "Cw50": 0.036744892692422045, "xscale50": 0.6938201172607128, "yscale50": 0.6938201172607128, "zscale50": 0.6938201172607128, "Cab51": 68.66934637861038, "Cw51": 0.02000246055492707, "xscale51": 0.7969128043834554, "yscale51": 0.7969128043834554, "zscale51": 0.7969128043834554, "Cab52": 60.36811467049507,