{"Cab0": 70.08698078762637, "Cw0": 0.013084318271507574, "xscale0": 0.7068800248890933, "yscale0": 0.7068800248890933, "zscale0": 0.7068800248890933, "Cab1": 36.005865253075555, "Cw1": 0.014737531252723883, "xscale1": 0.5312896717749626, "yscale1": 0.5312896717749626, "zscale1": 0.5312896717749626, "Cab2": 65.68050698495273, "Cw2": 0.023864379315445463, "xscale2": 0.6327207108467979, "yscale2": 0.6327207108467979, "zscale2": 0.6327207108467979, "Cab3": 72.53190612185058, "Cw3": 0.029591889461649597, "xscale3": 0.39684413619558867, "yscale3": 0.39684413619558867, "zscale3": 0.39684413619558867, "Cab4": 69.4981649890722, "Cw4": 0.04449508632357414, "xscale4": 0.6412177132414731, "yscale4": 0.6412177132414731, "zscale4": 0.6412177132414731, "Cab5": 34.88596574350396, "Cw5": 0.01745985916623598, "xscale5": 0.8098973793112738, "yscale5": 0.8098973793112738, "zscale5": 0.8098973793112738, "Cab6": 84.60121596406738, "Cw6": 0.01621057104368258, "xscale6": 0.6101506163032491, "yscale6": 0.6101506163032491, "zscale6": 0.6101506163032491, "Cab7": 52.36577728271569, "Cw7": 0.039652141894970544, "xscale7": 0.547043621252219, "yscale7": 0.547043621252219, "zscale7": 0.547043621252219, "Cab8": 53.81869363490357, "Cw8": 0.048895316307143305, "xscale8": 0.6636586371636599, "yscale8": 0.6636586371636599, "zscale8": 0.6636586371636599, "Cab9": 66.99128706214523, "Cw9": 0.023429262210361415, "xscale9": 0.6710939321503956, "yscale9": 0.6710939321503956, "zscale9": 0.6710939321503956, "Cab10": 32.66965705578627, "Cw10": 0.04924589117605046, "xscale10": 0.5510252340911891, "yscale10": 0.5510252340911891, "zscale10": 0.5510252340911891, "Cab11": 80.13349725566997, "Cw11": 0.030901125909701788, "xscale11": 0.6756078960358374, "yscale11": 0.6756078960358374, "zscale11": 0.6756078960358374, "Cab12": 46.500122977959734, "Cw12": 0.014833515874838752, "xscale12": 0.5625387546482253, "yscale12": 0.5625387546482253, "zscale12": 0.5625387546482253, "Cab13": 84.970411055514, "Cw13": 0.022012472834103455, "xscale13": 0.6839794652616826, "yscale13": 0.6839794652616826, "zscale13": 0.6839794652616826, "Cab14": 70.17741548804938, "Cw14": 0.022326108157833542, "xscale14": 0.490266980050788, "yscale14": 0.490266980050788, "zscale14": 0.490266980050788, "Cab15": 81.55870215927942, "Cw15": 0.025290272368610506, "xscale15": 0.650250922768925, "yscale15": 0.650250922768925, "zscale15": 0.650250922768925, "Cab16": 44.93095113475569, "Cw16": 0.02443012730897156, "xscale16": 0.5624706483284948, "yscale16": 0.5624706483284948, "zscale16": 0.5624706483284948, "Cab17": 26.947986553705242, "Cw17": 0.04849075890053851, "xscale17": 0.5573145966037995, "yscale17": 0.5573145966037995, "zscale17": 0.5573145966037995, "Cab18": 63.52005095579062, "Cw18": 0.014499354280377231, "xscale18": 0.6176767054061373, "yscale18": 0.6176767054061373, "zscale18": 0.6176767054061373, "Cab19": 34.37879580311871, "Cw19": 0.022213247628662697, "xscale19": 0.5253239335719626, "yscale19": 0.5253239335719626, "zscale19": 0.5253239335719626, "Cab20": 35.11815992340205, "Cw20": 0.023495729344080972, "xscale20": 0.5401259448251281, "yscale20": 0.5401259448251281, "zscale20": 0.5401259448251281, "Cab21": 53.35529442087946, "Cw21": 0.04946197601516175, "xscale21": 0.5997943599026515, "yscale21": 0.5997943599026515, "zscale21": 0.5997943599026515, "Cab22": 25.061660131671708, "Cw22": 0.021427464500343503, "xscale22": 0.5959960339417312, "yscale22": 0.5959960339417312, "zscale22": 0.5959960339417312, "Cab23": 83.65229279606896, "Cw23": 0.029431230718093872, "xscale23": 0.6313152817379175, "yscale23": 0.6313152817379175, "zscale23": 0.6313152817379175, "Cab24": 20.26531515335033, "Cw24": 0.014595043645619081, "xscale24": 0.5829013342502525, "yscale24": 0.5829013342502525, "zscale24": 0.5829013342502525, "Cab25": 89.6272338106889, "Cw25": 0.02405677141088586, "xscale25": 0.5702873039906666, "yscale25": 0.5702873039906666, "zscale25": 0.5702873039906666, "Cab26": 79.25475396459393, "Cw26": 0.03536675331369967, "xscale26": 0.59989859065517, "yscale26": 0.59989859065517, "zscale26": 0.59989859065517, "Cab27": 73.34987079314679, "Cw27": 0.013774179544407263, "xscale27": 0.386163945618046, "yscale27": 0.386163945618046, "zscale27": 0.386163945618046, "Cab28": 52.58523169967879, "Cw28": 0.03417695506158885, "xscale28": 0.4372188847431503, "yscale28": 0.4372188847431503, "zscale28": 0.4372188847431503, "Cab29": 42.75060329783048, "Cw29": 0.017178059800560228, "xscale29": 0.6079085565215372, "yscale29": 0.6079085565215372, "zscale29": 0.6079085565215372, "Cab30": 66.63683317904949, "Cw30": 0.04173514129345944, "xscale30": 0.3404587929446947, "yscale30": 0.3404587929446947, "zscale30": 0.3404587929446947, "Cab31": 33.76700599922101, "Cw31": 0.04626020014032228, "xscale31": 0.5652261740410226, "yscale31": 0.5652261740410226, "zscale31": 0.5652261740410226, "Cab32": 25.538084251680758, "Cw32": 0.034832382682517746, "xscale32": 0.5176930527744728, "yscale32": 0.5176930527744728, "zscale32": 0.5176930527744728, "Cab33": 22.975711776950977, "Cw33": 0.010182983828676445, "xscale33": 0.4644870847065687, "yscale33": 0.4644870847065687, "zscale33": 0.4644870847065687, "Cab34": 72.2230723412018, "Cw34": 0.03729200774326385, "xscale34": 0.5728366451311354, "yscale34": 0.5728366451311354, "zscale34": 0.5728366451311354, "Cab35": 78.5268556414597, "Cw35": 0.036827103131755384, "xscale35": 0.38198208816337526, "yscale35": 0.38198208816337526, "zscale35": 0.38198208816337526, "Cab36": 78.35815060083559, "Cw36": 0.021626523142108646, "xscale36": 0.5705924118084503, "yscale36": 0.5705924118084503, "zscale36": 0.5705924118084503, "Cab37": 22.53791624670488, "Cw37": 0.04318930289026434, "xscale37": 0.4713717085791061, "yscale37": 0.4713717085791061, "zscale37": 0.4713717085791061, "Cab38": 51.00774785757566, "Cw38": 0.04439420276270301, "xscale38": 0.4920456270964314, "yscale38": 0.4920456270964314, "zscale38": 0.4920456270964314, "Cab39": 66.02496311767587, "Cw39": 0.02868728731700724, "xscale39": 0.7069142088680851, "yscale39": 0.7069142088680851, "zscale39": 0.7069142088680851, "Cab40": 42.742652889643495, "Cw40": 0.03389701243145862, "xscale40": 0.5314371164523138, "yscale40": 0.5314371164523138, "zscale40": 0.5314371164523138, "Cab41": 78.53611284633328, "Cw41": 0.03156904489026377, "xscale41": 0.49288725852416854, "yscale41": 0.49288725852416854, "zscale41": 0.49288725852416854, "Cab42": 52.424716066747244, "Cw42": 0.01580256703014015, "xscale42": 0.5129606349875288, "yscale42": 0.5129606349875288, "zscale42": 0.5129606349875288, "Cab43": 67.96432637207704, "Cw43": 0.017210300355321548, "xscale43": 0.5626181495515746, "yscale43": 0.5626181495515746, "zscale43": 0.5626181495515746, "Cab44": 21.106827738151946, "Cw44": 0.028836711684840297, "xscale44": 0.4787021356172573, "yscale44": 0.4787021356172573, "zscale44": 0.4787021356172573, "Cab45": 84.19784702014647, "Cw45": 0.025767317989459096, "xscale45": 0.34442797225357397, "yscale45": 0.34442797225357397, "zscale45": 0.34442797225357397, "Cab46": 53.835446679827996, "Cw46": 0.033744720882901466, "xscale46": 0.5098314534170622, "yscale46": 0.5098314534170622, "zscale46": 0.5098314534170622, "Cab47": 82.03924021543645, "Cw47": 0.03608781577026239, "xscale47": 0.5559529085722243, "yscale47": 0.5559529085722243, "zscale47": 0.5559529085722243, "Cab48": 52.890305321266354, "Cw48": 0.024159715865947756, "xscale48": 0.6592993907121575, "yscale48": 0.6592993907121575, "zscale48": 0.6592993907121575, "Cab49": 34.0669500397645, "Cw49": 0.04891491568871282, "xscale49": 0.5176590693577098, "yscale49": 0.5176590693577098, "zscale49": 0.5176590693577098, "Cab50": 89.6901971606266, "Cw50": 0.03566957725657627, "xscale50": 0.640290248359476, "yscale50": 0.640290248359476, "zscale50": 0.640290248359476, "Cab51": 47.503683069620564, "Cw51": 0.03615789153519378, "xscale51": 0.8054730757943115, "yscale51": 0.8054730757943115, "zscale51": 0.8054730757943115, "Cab52": 30.741334403067015, "Cw52": 0.014561290193946329,