{"Cab0": 63.11172896224173, "Cw0": 0.011040288344201192, "xscale0": 0.6817696094965703, "yscale0": 0.6817696094965703, "zscale0": 0.6817696094965703, "Cab1": 58.76681870919802, "Cw1": 0.0491918182934531, "xscale1": 0.665994764782663, "yscale1": 0.665994764782663, "zscale1": 0.665994764782663, "Cab2": 48.61614163750749, "Cw2": 0.03874930146169698, "xscale2": 0.6919109202617025, "yscale2": 0.6919109202617025, "zscale2": 0.6919109202617025, "Cab3": 20.53315718618303, "Cw3": 0.015300313942403663, "xscale3": 0.560069806109486, "yscale3": 0.560069806109486, "zscale3": 0.560069806109486, "Cab4": 63.44941708664912, "Cw4": 0.03772610179450505, "xscale4": 0.6032441466090555, "yscale4": 0.6032441466090555, "zscale4": 0.6032441466090555, "Cab5": 43.61499763838915, "Cw5": 0.03398820198887794, "xscale5": 0.7433490597913986, "yscale5": 0.7433490597913986, "zscale5": 0.7433490597913986, "Cab6": 79.4984153362125, "Cw6": 0.012465636807420868, "xscale6": 0.5521039954088671, "yscale6": 0.5521039954088671, "zscale6": 0.5521039954088671, "Cab7": 22.03569674620814, "Cw7": 0.04679277260484982, "xscale7": 0.6163630794418193, "yscale7": 0.6163630794418193, "zscale7": 0.6163630794418193, "Cab8": 50.53369145135065, "Cw8": 0.01502491510455938, "xscale8": 0.563751186137918, "yscale8": 0.563751186137918, "zscale8": 0.563751186137918, "Cab9": 75.19697936660671, "Cw9": 0.010696252522859263, "xscale9": 0.7953136347612787, "yscale9": 0.7953136347612787, "zscale9": 0.7953136347612787, "Cab10": 54.90760323952649, "Cw10": 0.028797174059554752, "xscale10": 0.5393789154129606, "yscale10": 0.5393789154129606, "zscale10": 0.5393789154129606, "Cab11": 39.7679888470699, "Cw11": 0.03765503528654048, "xscale11": 0.6505220791453717, "yscale11": 0.6505220791453717, "zscale11": 0.6505220791453717, "Cab12": 74.54906401761993, "Cw12": 0.025057215454800344, "xscale12": 0.5294884733188469, "yscale12": 0.5294884733188469, "zscale12": 0.5294884733188469, "Cab13": 45.91653059266643, "Cw13": 0.032423276384633534, "xscale13": 0.5699529826973826, "yscale13": 0.5699529826973826, "zscale13": 0.5699529826973826, "Cab14": 87.62152143227986, "Cw14": 0.018885628761643868, "xscale14": 0.4499462571646211, "yscale14": 0.4499462571646211, "zscale14": 0.4499462571646211, "Cab15": 62.62953477690896, "Cw15": 0.013423373885936929, "xscale15": 0.5525900788973113, "yscale15": 0.5525900788973113, "zscale15": 0.5525900788973113, "Cab16": 59.959829034203935, "Cw16": 0.018357626572296025, "xscale16": 0.47311592655172297, "yscale16": 0.47311592655172297, "zscale16": 0.47311592655172297, "Cab17": 78.49813757156188, "Cw17": 0.022495982808093663, "xscale17": 0.6241212016823342, "yscale17": 0.6241212016823342, "zscale17": 0.6241212016823342, "Cab18": 35.660813463850616, "Cw18": 0.018785010842204932, "xscale18": 0.6904470574588387, "yscale18": 0.6904470574588387, "zscale18": 0.6904470574588387, "Cab19": 51.37004951058128, "Cw19": 0.040916722774236164, "xscale19": 0.5108209888162774, "yscale19": 0.5108209888162774, "zscale19": 0.5108209888162774, "Cab20": 85.80961963996616, "Cw20": 0.047013072788886466, "xscale20": 0.5316244776280129, "yscale20": 0.5316244776280129, "zscale20": 0.5316244776280129, "Cab21": 33.88607076833579, "Cw21": 0.012301758548366576, "xscale21": 0.5441446569904925, "yscale21": 0.5441446569904925, "zscale21": 0.5441446569904925, "Cab22": 64.49640626574603, "Cw22": 0.012773448000684109, "xscale22": 0.5430744729878172, "yscale22": 0.5430744729878172, "zscale22": 0.5430744729878172, "Cab23": 21.681073145565247, "Cw23": 0.03038479378866999, "xscale23": 0.5577752671957311, "yscale23": 0.5577752671957311, "zscale23": 0.5577752671957311, "Cab24": 78.27081389917383, "Cw24": 0.035264119856751576, "xscale24": 0.5256050098831901, "yscale24": 0.5256050098831901, "zscale24": 0.5256050098831901, "Cab25": 43.61033110563743, "Cw25": 0.040709859629299856, "xscale25": 0.5943672073560078, "yscale25": 0.5943672073560078, "zscale25": 0.5943672073560078, "Cab26": 39.12861753550718, "Cw26": 0.04550971469513848, "xscale26": 0.5665675815963364, "yscale26": 0.5665675815963364, "zscale26": 0.5665675815963364, "Cab27": 68.87409207203088, "Cw27": 0.021618820296273187, "xscale27": 0.36491121972120233, "yscale27": 0.36491121972120233, "zscale27": 0.36491121972120233, "Cab28": 52.22546459107903, "Cw28": 0.03249228844610196, "xscale28": 0.4779462341086862, "yscale28": 0.4779462341086862, "zscale28": 0.4779462341086862, "Cab29": 33.50681162504091, "Cw29": 0.04595180660422128, "xscale29": 0.6261892195809793, "yscale29": 0.6261892195809793, "zscale29": 0.6261892195809793, "Cab30": 25.23690624868486, "Cw30": 0.04629963348642457, "xscale30": 0.39760882459338187, "yscale30": 0.39760882459338187, "zscale30": 0.39760882459338187, "Cab31": 69.07571984978385, "Cw31": 0.011130790328104162, "xscale31": 0.6295213420520508, "yscale31": 0.6295213420520508, "zscale31": 0.6295213420520508, "Cab32": 20.939585702603186, "Cw32": 0.02641807880148194, "xscale32": 0.5195798324740213, "yscale32": 0.5195798324740213, "zscale32": 0.5195798324740213, "Cab33": 37.041589310215834, "Cw33": 0.020491265669893694, "xscale33": 0.5729476373763985, "yscale33": 0.5729476373763985, "zscale33": 0.5729476373763985, "Cab34": 36.28905217039171, "Cw34": 0.0261431349899335, "xscale34": 0.48432324556566264, "yscale34": 0.48432324556566264, "zscale34": 0.48432324556566264, "Cab35": 52.653080368878626, "Cw35": 0.015529954935509155, "xscale35": 0.4234285007617782, "yscale35": 0.4234285007617782, "zscale35": 0.4234285007617782, "Cab36": 53.58022179350972, "Cw36": 0.03072119150260713, "xscale36": 0.6013581091120157, "yscale36": 0.6013581091120157, "zscale36": 0.6013581091120157, "Cab37": 75.80858917190209, "Cw37": 0.03936775272785525, "xscale37": 0.40927312219672246, "yscale37": 0.40927312219672246, "zscale37": 0.40927312219672246, "Cab38": 24.063286803352113, "Cw38": 0.049147797465054294, "xscale38": 0.5158852033247985, "yscale38": 0.5158852033247985, "zscale38": 0.5158852033247985, "Cab39": 66.56449981835796, "Cw39": 0.026127518718244827, "xscale39": 0.5565764862285031, "yscale39": 0.5565764862285031, "zscale39": 0.5565764862285031, "Cab40": 29.744124421636187, "Cw40": 0.022519506741341073, "xscale40": 0.48223995650032553, "yscale40": 0.48223995650032553, "zscale40": 0.48223995650032553, "Cab41": 76.17478147366782, "Cw41": 0.020566428912301316, "xscale41": 0.44261051760874076, "yscale41": 0.44261051760874076, "zscale41": 0.44261051760874076, "Cab42": 53.094568974746664, "Cw42": 0.012522901386098174, "xscale42": 0.6254156266932909, "yscale42": 0.6254156266932909, "zscale42": 0.6254156266932909, "Cab43": 28.80945418161346, "Cw43": 0.04975435940145763, "xscale43": 0.7271165075012159, "yscale43": 0.7271165075012159, "zscale43": 0.7271165075012159, "Cab44": 80.87883176993427, "Cw44": 0.03892659104844333, "xscale44": 0.4067109969327741, "yscale44": 0.4067109969327741, "zscale44": 0.4067109969327741, "Cab45": 25.71031435832421, "Cw45": 0.010046378641729815, "xscale45": 0.3744183901645285, "yscale45": 0.3744183901645285, "zscale45": 0.3744183901645285, "Cab46": 65.94920645259243, "Cw46": 0.04707606138773683, "xscale46": 0.42159227279877026, "yscale46": 0.42159227279877026, "zscale46": 0.42159227279877026, "Cab47": 37.915835194855646, "Cw47": 0.01763743865644626, "xscale47": 0.4808779979583777, "yscale47": 0.4808779979583777, "zscale47": 0.4808779979583777, "Cab48": 44.137159417275186, "Cw48": 0.02064314633636488, "xscale48": 0.6006193994083655, "yscale48": 0.6006193994083655, "zscale48": 0.6006193994083655, "Cab49": 45.785210345943845, "Cw49": 0.030869044429295063, "xscale49": 0.41741294307014953, "yscale49": 0.41741294307014953, "zscale49": 0.41741294307014953, "Cab50": 66.83632361236775, "Cw50": 0.029234145170005235, "xscale50": 0.6419422110999868, "yscale50": 0.6419422110999868, "zscale50": 0.6419422110999868, "Cab51": 57.348891777390584, "Cw51": 0.01417941014378021, "xscale51": 0.6581564201124024, "yscale51": 0.6581564201124024, "zscale51": 0.6581564201124024, "Cab52": 75.36145586153813,