{"Cab0": 54.41509740903055, "Cw0": 0.0277252491467333, "xscale0": 0.8326686553009316, "yscale0": 0.8326686553009316, "zscale0": 0.8326686553009316, "Cab1": 49.88680260256504, "Cw1": 0.049219395737379414, "xscale1": 0.683453417561094, "yscale1": 0.683453417561094, "zscale1": 0.683453417561094, "Cab2": 89.26897521366823, "Cw2": 0.04847342045857789, "xscale2": 0.7518798598797911, "yscale2": 0.7518798598797911, "zscale2": 0.7518798598797911, "Cab3": 21.514325121593636, "Cw3": 0.015128258093953108, "xscale3": 0.4940785601463616, "yscale3": 0.4940785601463616, "zscale3": 0.4940785601463616, "Cab4": 46.62486770406665, "Cw4": 0.04302502734701646, "xscale4": 0.6077384752569813, "yscale4": 0.6077384752569813, "zscale4": 0.6077384752569813, "Cab5": 51.41507198605176, "Cw5": 0.04859326891490249, "xscale5": 0.6297062060091936, "yscale5": 0.6297062060091936, "zscale5": 0.6297062060091936, "Cab6": 75.31235823438848, "Cw6": 0.021845621572938477, "xscale6": 0.5887491172785083, "yscale6": 0.5887491172785083, "zscale6": 0.5887491172785083, "Cab7": 58.95894209969531, "Cw7": 0.04608612303287862, "xscale7": 0.5778785846610146, "yscale7": 0.5778785846610146, "zscale7": 0.5778785846610146, "Cab8": 83.80837900007185, "Cw8": 0.010356158349245987, "xscale8": 0.5432355478382037, "yscale8": 0.5432355478382037, "zscale8": 0.5432355478382037, "Cab9": 61.24665901209072, "Cw9": 0.019671291401637328, "xscale9": 0.7582362353787226, "yscale9": 0.7582362353787226, "zscale9": 0.7582362353787226, "Cab10": 41.187909815788714, "Cw10": 0.04832698169949034, "xscale10": 0.5192210296544175, "yscale10": 0.5192210296544175, "zscale10": 0.5192210296544175, "Cab11": 86.73633670604897, "Cw11": 0.04001253918836697, "xscale11": 0.6181433411667052, "yscale11": 0.6181433411667052, "zscale11": 0.6181433411667052, "Cab12": 54.815450052264495, "Cw12": 0.028883615784622542, "xscale12": 0.5097164933063423, "yscale12": 0.5097164933063423, "zscale12": 0.5097164933063423, "Cab13": 52.597922657872935, "Cw13": 0.024089683503685032, "xscale13": 0.6159029292775692, "yscale13": 0.6159029292775692, "zscale13": 0.6159029292775692, "Cab14": 87.13884345936934, "Cw14": 0.01814982693234923, "xscale14": 0.5447583862201076, "yscale14": 0.5447583862201076, "zscale14": 0.5447583862201076, "Cab15": 34.18327074676851, "Cw15": 0.015422785252838831, "xscale15": 0.6786923264547187, "yscale15": 0.6786923264547187, "zscale15": 0.6786923264547187, "Cab16": 31.413081902050497, "Cw16": 0.04508888366887583, "xscale16": 0.6430919071088703, "yscale16": 0.6430919071088703, "zscale16": 0.6430919071088703, "Cab17": 46.117888028082696, "Cw17": 0.03151195006729076, "xscale17": 0.5364274821472321, "yscale17": 0.5364274821472321, "zscale17": 0.5364274821472321, "Cab18": 63.53330631881599, "Cw18": 0.026259574961883685, "xscale18": 0.7185453803818493, "yscale18": 0.7185453803818493, "zscale18": 0.7185453803818493, "Cab19": 87.2551257093534, "Cw19": 0.04268849546419348, "xscale19": 0.4866416298319224, "yscale19": 0.4866416298319224, "zscale19": 0.4866416298319224, "Cab20": 26.675916325171933, "Cw20": 0.025923813297365865, "xscale20": 0.5109665813540603, "yscale20": 0.5109665813540603, "zscale20": 0.5109665813540603, "Cab21": 39.148662810403955, "Cw21": 0.034103110416015714, "xscale21": 0.616521103026851, "yscale21": 0.616521103026851, "zscale21": 0.616521103026851, "Cab22": 32.75633161991986, "Cw22": 0.0483015890872328, "xscale22": 0.4772404381289289, "yscale22": 0.4772404381289289, "zscale22": 0.4772404381289289, "Cab23": 35.21264236803191, "Cw23": 0.03316593143573909, "xscale23": 0.5725317271561324, "yscale23": 0.5725317271561324, "zscale23": 0.5725317271561324, "Cab24": 55.85661956943311, "Cw24": 0.048815232493605025, "xscale24": 0.6012257061295252, "yscale24": 0.6012257061295252, "zscale24": 0.6012257061295252, "Cab25": 59.674333588941245, "Cw25": 0.030108491989395768, "xscale25": 0.6530441564665067, "yscale25": 0.6530441564665067, "zscale25": 0.6530441564665067, "Cab26": 31.369051648653553, "Cw26": 0.020479393388674817, "xscale26": 0.6219885553599555, "yscale26": 0.6219885553599555, "zscale26": 0.6219885553599555, "Cab27": 63.7276229797449, "Cw27": 0.019887392813731156, "xscale27": 0.3822021156262919, "yscale27": 0.3822021156262919, "zscale27": 0.3822021156262919, "Cab28": 63.4242732917674, "Cw28": 0.01135642479207641, "xscale28": 0.47843577678127713, "yscale28": 0.47843577678127713, "zscale28": 0.47843577678127713, "Cab29": 65.97684217094232, "Cw29": 0.01091265548850596, "xscale29": 0.6036750255074637, "yscale29": 0.6036750255074637, "zscale29": 0.6036750255074637, "Cab30": 70.03046010163717, "Cw30": 0.014175598675163577, "xscale30": 0.40834145811230577, "yscale30": 0.40834145811230577, "zscale30": 0.40834145811230577, "Cab31": 66.62128032424906, "Cw31": 0.028362893219620426, "xscale31": 0.6799186431644431, "yscale31": 0.6799186431644431, "zscale31": 0.6799186431644431, "Cab32": 61.73331556395477, "Cw32": 0.015900927523747513, "xscale32": 0.5264614901111748, "yscale32": 0.5264614901111748, "zscale32": 0.5264614901111748, "Cab33": 83.4560634446155, "Cw33": 0.042123613008983075, "xscale33": 0.3994148396413716, "yscale33": 0.3994148396413716, "zscale33": 0.3994148396413716, "Cab34": 48.48789984351737, "Cw34": 0.011215656155178878, "xscale34": 0.4131330102196971, "yscale34": 0.4131330102196971, "zscale34": 0.4131330102196971, "Cab35": 69.13844846386391, "Cw35": 0.04060493658276312, "xscale35": 0.489411053308188, "yscale35": 0.489411053308188, "zscale35": 0.489411053308188, "Cab36": 20.265126711715535, "Cw36": 0.041031284454131005, "xscale36": 0.6451744890526298, "yscale36": 0.6451744890526298, "zscale36": 0.6451744890526298, "Cab37": 24.809206375353074, "Cw37": 0.018530740368052107, "xscale37": 0.4501771662406805, "yscale37": 0.4501771662406805, "zscale37": 0.4501771662406805, "Cab38": 71.20652638858317, "Cw38": 0.044022278738516205, "xscale38": 0.5724684379466773, "yscale38": 0.5724684379466773, "zscale38": 0.5724684379466773, "Cab39": 78.60124047417045, "Cw39": 0.04965835034165747, "xscale39": 0.6710008904726761, "yscale39": 0.6710008904726761, "zscale39": 0.6710008904726761, "Cab40": 69.23771060997309, "Cw40": 0.04248358786745949, "xscale40": 0.6406628989343424, "yscale40": 0.6406628989343424, "zscale40": 0.6406628989343424, "Cab41": 53.07101524924546, "Cw41": 0.023568841279760062, "xscale41": 0.5179556960191808, "yscale41": 0.5179556960191808, "zscale41": 0.5179556960191808, "Cab42": 73.2451185604084, "Cw42": 0.018621296265077268, "xscale42": 0.5334708744736001, "yscale42": 0.5334708744736001, "zscale42": 0.5334708744736001, "Cab43": 36.71216250732395, "Cw43": 0.01593157875022442, "xscale43": 0.49309932591560773, "yscale43": 0.49309932591560773, "zscale43": 0.49309932591560773, "Cab44": 67.35223568978336, "Cw44": 0.014405441195796783, "xscale44": 0.5184102384997402, "yscale44": 0.5184102384997402, "zscale44": 0.5184102384997402, "Cab45": 77.28440013694302, "Cw45": 0.04928377604663041, "xscale45": 0.3073196688399777, "yscale45": 0.3073196688399777, "zscale45": 0.3073196688399777, "Cab46": 47.593821670289515, "Cw46": 0.03982546342602555, "xscale46": 0.521976142329444, "yscale46": 0.521976142329444, "zscale46": 0.521976142329444, "Cab47": 40.22114054669591, "Cw47": 0.02776390113872919, "xscale47": 0.5791726025596985, "yscale47": 0.5791726025596985, "zscale47": 0.5791726025596985, "Cab48": 39.404809262282186, "Cw48": 0.045599274671160005, "xscale48": 0.7075429863364927, "yscale48": 0.7075429863364927, "zscale48": 0.7075429863364927, "Cab49": 52.69919570175432, "Cw49": 0.033155413118212275, "xscale49": 0.46065098573169133, "yscale49": 0.46065098573169133, "zscale49": 0.46065098573169133, "Cab50": 75.65511696791195, "Cw50": 0.01781892261745697, "xscale50": 0.6494969520318551, "yscale50": 0.6494969520318551, "zscale50": 0.6494969520318551, "Cab51": 56.69721785846288, "Cw51": 0.034287573863818026, "xscale51": 0.7602270140758931, "yscale51": 0.7602270140758931, "zscale51": 0.7602270140758931, "Cab52": 33.597357502125426, "Cw52": 0.03611220879507459,