{"Cab0": 32.76206151638406, "Cw0": 0.04300500404278948, "xscale0": 0.6875897586575966, "yscale0": 0.6875897586575966, "zscale0": 0.6875897586575966, "Cab1": 32.76947583103146, "Cw1": 0.03476628283044402, "xscale1": 0.6241625994339124, "yscale1": 0.6241625994339124, "zscale1": 0.6241625994339124, "Cab2": 78.57226924920178, "Cw2": 0.011694707530797687, "xscale2": 0.760548465581609, "yscale2": 0.760548465581609, "zscale2": 0.760548465581609, "Cab3": 75.57558510047582, "Cw3": 0.03849695456508354, "xscale3": 0.5364989377112978, "yscale3": 0.5364989377112978, "zscale3": 0.5364989377112978, "Cab4": 61.68389150344196, "Cw4": 0.02343660197168866, "xscale4": 0.49277256593801444, "yscale4": 0.49277256593801444, "zscale4": 0.49277256593801444, "Cab5": 56.33051645492807, "Cw5": 0.03408961554261108, "xscale5": 0.6500191870281654, "yscale5": 0.6500191870281654, "zscale5": 0.6500191870281654, "Cab6": 30.056954683415764, "Cw6": 0.03613665098463879, "xscale6": 0.4612754911888011, "yscale6": 0.4612754911888011, "zscale6": 0.4612754911888011, "Cab7": 49.92240090019935, "Cw7": 0.03311871533165313, "xscale7": 0.6507811973396036, "yscale7": 0.6507811973396036, "zscale7": 0.6507811973396036, "Cab8": 48.188584580375874, "Cw8": 0.012113251075311679, "xscale8": 0.48519004987266223, "yscale8": 0.48519004987266223, "zscale8": 0.48519004987266223, "Cab9": 58.13288019975848, "Cw9": 0.029554997148910314, "xscale9": 0.6389136882908275, "yscale9": 0.6389136882908275, "zscale9": 0.6389136882908275, "Cab10": 60.45063697648099, "Cw10": 0.046234347892725555, "xscale10": 0.41112751464982733, "yscale10": 0.41112751464982733, "zscale10": 0.41112751464982733, "Cab11": 80.96155380792683, "Cw11": 0.02228012549406726, "xscale11": 0.649506615160219, "yscale11": 0.649506615160219, "zscale11": 0.649506615160219, "Cab12": 89.14070396441777, "Cw12": 0.04789594563981498, "xscale12": 0.48982111807024925, "yscale12": 0.48982111807024925, "zscale12": 0.48982111807024925, "Cab13": 40.5410112746807, "Cw13": 0.04332094096888952, "xscale13": 0.6197443566166135, "yscale13": 0.6197443566166135, "zscale13": 0.6197443566166135, "Cab14": 87.41407761264135, "Cw14": 0.04135805158022235, "xscale14": 0.5707017600462805, "yscale14": 0.5707017600462805, "zscale14": 0.5707017600462805, "Cab15": 87.93533479283558, "Cw15": 0.04452870738367329, "xscale15": 0.682879235493829, "yscale15": 0.682879235493829, "zscale15": 0.682879235493829, "Cab16": 83.53681914207712, "Cw16": 0.022046367794497652, "xscale16": 0.6108559197479169, "yscale16": 0.6108559197479169, "zscale16": 0.6108559197479169, "Cab17": 54.50204553739079, "Cw17": 0.043936075931745484, "xscale17": 0.45419665083140026, "yscale17": 0.45419665083140026, "zscale17": 0.45419665083140026, "Cab18": 45.4321881022983, "Cw18": 0.04434445755613581, "xscale18": 0.5732358405474867, "yscale18": 0.5732358405474867, "zscale18": 0.5732358405474867, "Cab19": 34.32860583951175, "Cw19": 0.011059969647050538, "xscale19": 0.5030009796761, "yscale19": 0.5030009796761, "zscale19": 0.5030009796761, "Cab20": 89.78951410245364, "Cw20": 0.045744019783189996, "xscale20": 0.583219277686339, "yscale20": 0.583219277686339, "zscale20": 0.583219277686339, "Cab21": 37.3982732959504, "Cw21": 0.03303055456745112, "xscale21": 0.4633032161745083, "yscale21": 0.4633032161745083, "zscale21": 0.4633032161745083, "Cab22": 55.51426042567153, "Cw22": 0.010048022751380722, "xscale22": 0.5996062700315193, "yscale22": 0.5996062700315193, "zscale22": 0.5996062700315193, "Cab23": 26.420109775392852, "Cw23": 0.04610008213867115, "xscale23": 0.6266242408793998, "yscale23": 0.6266242408793998, "zscale23": 0.6266242408793998, "Cab24": 77.36899027150176, "Cw24": 0.019866439776225188, "xscale24": 0.5670081857246076, "yscale24": 0.5670081857246076, "zscale24": 0.5670081857246076, "Cab25": 32.64412555830955, "Cw25": 0.029592995061765735, "xscale25": 0.7318335527748591, "yscale25": 0.7318335527748591, "zscale25": 0.7318335527748591, "Cab26": 76.86431366366543, "Cw26": 0.032558374416295506, "xscale26": 0.6635447828208821, "yscale26": 0.6635447828208821, "zscale26": 0.6635447828208821, "Cab27": 33.259485417435926, "Cw27": 0.017062864978521674, "xscale27": 0.4862891057569008, "yscale27": 0.4862891057569008, "zscale27": 0.4862891057569008, "Cab28": 66.67661011092854, "Cw28": 0.014969252894361715, "xscale28": 0.40422569264559793, "yscale28": 0.40422569264559793, "zscale28": 0.40422569264559793, "Cab29": 73.54214784460177, "Cw29": 0.010070450259491581, "xscale29": 0.5197477225061581, "yscale29": 0.5197477225061581, "zscale29": 0.5197477225061581, "Cab30": 50.635496588047076, "Cw30": 0.04667436162714588, "xscale30": 0.32131706817238764, "yscale30": 0.32131706817238764, "zscale30": 0.32131706817238764, "Cab31": 54.56505919425736, "Cw31": 0.04017117520696222, "xscale31": 0.7217770687865681, "yscale31": 0.7217770687865681, "zscale31": 0.7217770687865681, "Cab32": 40.271499432702804, "Cw32": 0.047397027249101185, "xscale32": 0.3953954735475888, "yscale32": 0.3953954735475888, "zscale32": 0.3953954735475888, "Cab33": 57.377454078871956, "Cw33": 0.018214911473923297, "xscale33": 0.5083869303345132, "yscale33": 0.5083869303345132, "zscale33": 0.5083869303345132, "Cab34": 25.470366746963638, "Cw34": 0.03182750097100216, "xscale34": 0.5197172357861605, "yscale34": 0.5197172357861605, "zscale34": 0.5197172357861605, "Cab35": 20.164696469726863, "Cw35": 0.02227534870946151, "xscale35": 0.40853898450828663, "yscale35": 0.40853898450828663, "zscale35": 0.40853898450828663, "Cab36": 37.534965117018, "Cw36": 0.03994314898439039, "xscale36": 0.6760863560084762, "yscale36": 0.6760863560084762, "zscale36": 0.6760863560084762, "Cab37": 36.2932889492979, "Cw37": 0.02914449155997304, "xscale37": 0.4050855823966499, "yscale37": 0.4050855823966499, "zscale37": 0.4050855823966499, "Cab38": 64.66326650140162, "Cw38": 0.04904005381079985, "xscale38": 0.3895574223942407, "yscale38": 0.3895574223942407, "zscale38": 0.3895574223942407, "Cab39": 51.73240918255223, "Cw39": 0.03124962633266143, "xscale39": 0.6722403289787895, "yscale39": 0.6722403289787895, "zscale39": 0.6722403289787895, "Cab40": 20.590981686189867, "Cw40": 0.037330234118781176, "xscale40": 0.6095363796308249, "yscale40": 0.6095363796308249, "zscale40": 0.6095363796308249, "Cab41": 24.548494677490254, "Cw41": 0.027065702119293378, "xscale41": 0.46345658522856753, "yscale41": 0.46345658522856753, "zscale41": 0.46345658522856753, "Cab42": 32.92010199627396, "Cw42": 0.038497701120574206, "xscale42": 0.44859157354113294, "yscale42": 0.44859157354113294, "zscale42": 0.44859157354113294, "Cab43": 46.88764688073256, "Cw43": 0.018580381294050655, "xscale43": 0.7185902300909462, "yscale43": 0.7185902300909462, "zscale43": 0.7185902300909462, "Cab44": 85.8071764788509, "Cw44": 0.026361895290991554, "xscale44": 0.48421744022044827, "yscale44": 0.48421744022044827, "zscale44": 0.48421744022044827, "Cab45": 53.233431523692666, "Cw45": 0.041277324109104056, "xscale45": 0.33262061057958425, "yscale45": 0.33262061057958425, "zscale45": 0.33262061057958425, "Cab46": 30.57991851837514, "Cw46": 0.02353522204905479, "xscale46": 0.5576602159115949, "yscale46": 0.5576602159115949, "zscale46": 0.5576602159115949, "Cab47": 64.5987412622445, "Cw47": 0.010901078594969884, "xscale47": 0.47480982959747003, "yscale47": 0.47480982959747003, "zscale47": 0.47480982959747003, "Cab48": 88.00103603191626, "Cw48": 0.020060841436246736, "xscale48": 0.6643607679200003, "yscale48": 0.6643607679200003, "zscale48": 0.6643607679200003, "Cab49": 50.28488319405079, "Cw49": 0.027308686777196473, "xscale49": 0.448006893603002, "yscale49": 0.448006893603002, "zscale49": 0.448006893603002, "Cab50": 33.73701283263218, "Cw50": 0.0339550775183143, "xscale50": 0.7329788538087482, "yscale50": 0.7329788538087482, "zscale50": 0.7329788538087482, "Cab51": 57.190147766611624, "Cw51": 0.026514863965597553, "xscale51": 0.5654017863450813, "yscale51": 0.5654017863450813, "zscale51": 0.5654017863450813, "Cab52": 40.521204385665996,