{"Cab0": 52.27495903355175, "Cw0": 0.024766887204294562, "xscale0": 0.6533944228501251, "yscale0": 0.6533944228501251, "zscale0": 0.6533944228501251, "Cab1": 89.89756797878586, "Cw1": 0.035977650702425035, "xscale1": 0.701943837469235, "yscale1": 0.701943837469235, "zscale1": 0.701943837469235, "Cab2": 41.48697244948205, "Cw2": 0.039504060543180376, "xscale2": 0.7123079775078996, "yscale2": 0.7123079775078996, "zscale2": 0.7123079775078996, "Cab3": 59.02272294394051, "Cw3": 0.022833131926296615, "xscale3": 0.4256859987031513, "yscale3": 0.4256859987031513, "zscale3": 0.4256859987031513, "Cab4": 36.633697590698695, "Cw4": 0.021605155957212407, "xscale4": 0.5608495916363678, "yscale4": 0.5608495916363678, "zscale4": 0.5608495916363678, "Cab5": 29.31463562993067, "Cw5": 0.022125431633604205, "xscale5": 0.780963095874371, "yscale5": 0.780963095874371, "zscale5": 0.780963095874371, "Cab6": 34.82571239183318, "Cw6": 0.03986507553050057, "xscale6": 0.47912021479630074, "yscale6": 0.47912021479630074, "zscale6": 0.47912021479630074, "Cab7": 57.6930244894859, "Cw7": 0.025284674508545775, "xscale7": 0.5884988696251819, "yscale7": 0.5884988696251819, "zscale7": 0.5884988696251819, "Cab8": 57.01438675068632, "Cw8": 0.023240461733862648, "xscale8": 0.610077757129545, "yscale8": 0.610077757129545, "zscale8": 0.610077757129545, "Cab9": 70.04811099495714, "Cw9": 0.01947905127398724, "xscale9": 0.5489021401885013, "yscale9": 0.5489021401885013, "zscale9": 0.5489021401885013, "Cab10": 74.08265110584153, "Cw10": 0.035272532082988264, "xscale10": 0.582306687392758, "yscale10": 0.582306687392758, "zscale10": 0.582306687392758, "Cab11": 32.12089731543287, "Cw11": 0.0246461989157485, "xscale11": 0.6472230209868677, "yscale11": 0.6472230209868677, "zscale11": 0.6472230209868677, "Cab12": 43.4190584722385, "Cw12": 0.034138882395992436, "xscale12": 0.6242344564745589, "yscale12": 0.6242344564745589, "zscale12": 0.6242344564745589, "Cab13": 43.91634574058165, "Cw13": 0.015326578921707386, "xscale13": 0.7270102154942631, "yscale13": 0.7270102154942631, "zscale13": 0.7270102154942631, "Cab14": 45.82168122842474, "Cw14": 0.047134680336556434, "xscale14": 0.5463652074580717, "yscale14": 0.5463652074580717, "zscale14": 0.5463652074580717, "Cab15": 31.66008915084737, "Cw15": 0.013156164112281715, "xscale15": 0.6057881344847752, "yscale15": 0.6057881344847752, "zscale15": 0.6057881344847752, "Cab16": 62.13913626954788, "Cw16": 0.040172328076325585, "xscale16": 0.4872460560687453, "yscale16": 0.4872460560687453, "zscale16": 0.4872460560687453, "Cab17": 32.24740620938044, "Cw17": 0.03702330472052871, "xscale17": 0.4633246152888099, "yscale17": 0.4633246152888099, "zscale17": 0.4633246152888099, "Cab18": 47.019331036148635, "Cw18": 0.021735389658697146, "xscale18": 0.7738368839735104, "yscale18": 0.7738368839735104, "zscale18": 0.7738368839735104, "Cab19": 82.97673322252272, "Cw19": 0.030613574179083607, "xscale19": 0.5897219237565869, "yscale19": 0.5897219237565869, "zscale19": 0.5897219237565869, "Cab20": 53.257621755867724, "Cw20": 0.012389788623179783, "xscale20": 0.631147551637934, "yscale20": 0.631147551637934, "zscale20": 0.631147551637934, "Cab21": 82.92923087359347, "Cw21": 0.04610396592205723, "xscale21": 0.6401605608664096, "yscale21": 0.6401605608664096, "zscale21": 0.6401605608664096, "Cab22": 45.43608650784387, "Cw22": 0.04842512082312843, "xscale22": 0.41085858260165653, "yscale22": 0.41085858260165653, "zscale22": 0.41085858260165653, "Cab23": 76.5557215304818, "Cw23": 0.03520107310447488, "xscale23": 0.6651588237036109, "yscale23": 0.6651588237036109, "zscale23": 0.6651588237036109, "Cab24": 44.560172170419136, "Cw24": 0.031307546461925344, "xscale24": 0.4655391724418889, "yscale24": 0.4655391724418889, "zscale24": 0.4655391724418889, "Cab25": 37.477542689356326, "Cw25": 0.021717239942104602, "xscale25": 0.5032360644855266, "yscale25": 0.5032360644855266, "zscale25": 0.5032360644855266, "Cab26": 71.61751329489132, "Cw26": 0.04703830067466269, "xscale26": 0.6103306495165391, "yscale26": 0.6103306495165391, "zscale26": 0.6103306495165391, "Cab27": 27.07825690827513, "Cw27": 0.019689349348970604, "xscale27": 0.44293168883618383, "yscale27": 0.44293168883618383, "zscale27": 0.44293168883618383, "Cab28": 69.0084102017558, "Cw28": 0.024151960325074613, "xscale28": 0.37447945737898625, "yscale28": 0.37447945737898625, "zscale28": 0.37447945737898625, "Cab29": 52.771913551943314, "Cw29": 0.02999090429849466, "xscale29": 0.5392359401493545, "yscale29": 0.5392359401493545, "zscale29": 0.5392359401493545, "Cab30": 37.39198976066143, "Cw30": 0.0439227262229019, "xscale30": 0.3446432085382337, "yscale30": 0.3446432085382337, "zscale30": 0.3446432085382337, "Cab31": 82.02776754848148, "Cw31": 0.04340852345777461, "xscale31": 0.7108937226496853, "yscale31": 0.7108937226496853, "zscale31": 0.7108937226496853, "Cab32": 23.784323980468727, "Cw32": 0.011028848338030169, "xscale32": 0.5067297599102198, "yscale32": 0.5067297599102198, "zscale32": 0.5067297599102198, "Cab33": 32.24491754915614, "Cw33": 0.019659455621394293, "xscale33": 0.4177834637005915, "yscale33": 0.4177834637005915, "zscale33": 0.4177834637005915, "Cab34": 71.88953480488077, "Cw34": 0.049067601133244265, "xscale34": 0.40779201547081195, "yscale34": 0.40779201547081195, "zscale34": 0.40779201547081195, "Cab35": 86.67982678408177, "Cw35": 0.03898201089612375, "xscale35": 0.3544902956978132, "yscale35": 0.3544902956978132, "zscale35": 0.3544902956978132, "Cab36": 55.98308606576246, "Cw36": 0.012915597403121608, "xscale36": 0.7518430654405917, "yscale36": 0.7518430654405917, "zscale36": 0.7518430654405917, "Cab37": 64.07101566263981, "Cw37": 0.04755212007654835, "xscale37": 0.4907763175188673, "yscale37": 0.4907763175188673, "zscale37": 0.4907763175188673, "Cab38": 27.898376082458263, "Cw38": 0.014100278093791451, "xscale38": 0.5156105290189889, "yscale38": 0.5156105290189889, "zscale38": 0.5156105290189889, "Cab39": 82.05960432920054, "Cw39": 0.02208469107735668, "xscale39": 0.6064654729842606, "yscale39": 0.6064654729842606, "zscale39": 0.6064654729842606, "Cab40": 31.539859679907295, "Cw40": 0.014338582531056035, "xscale40": 0.6086260117671055, "yscale40": 0.6086260117671055, "zscale40": 0.6086260117671055, "Cab41": 20.070610454058503, "Cw41": 0.03975113283969681, "xscale41": 0.5482310134381481, "yscale41": 0.5482310134381481, "zscale41": 0.5482310134381481, "Cab42": 52.89613679027212, "Cw42": 0.048048527599948085, "xscale42": 0.5861561814130343, "yscale42": 0.5861561814130343, "zscale42": 0.5861561814130343, "Cab43": 87.56166346055896, "Cw43": 0.02611952757363349, "xscale43": 0.7126281598528316, "yscale43": 0.7126281598528316, "zscale43": 0.7126281598528316, "Cab44": 49.42577152249416, "Cw44": 0.03746473590114706, "xscale44": 0.3839955863583811, "yscale44": 0.3839955863583811, "zscale44": 0.3839955863583811, "Cab45": 46.9565253113142, "Cw45": 0.04778854013176546, "xscale45": 0.38975123698153463, "yscale45": 0.38975123698153463, "zscale45": 0.38975123698153463, "Cab46": 61.22976146488987, "Cw46": 0.012749944589713768, "xscale46": 0.3833739084248007, "yscale46": 0.3833739084248007, "zscale46": 0.3833739084248007, "Cab47": 36.21696415960261, "Cw47": 0.04198759760907779, "xscale47": 0.5403829845696119, "yscale47": 0.5403829845696119, "zscale47": 0.5403829845696119, "Cab48": 50.67563876560274, "Cw48": 0.02260843525003666, "xscale48": 0.5551926188624073, "yscale48": 0.5551926188624073, "zscale48": 0.5551926188624073, "Cab49": 75.6887910166904, "Cw49": 0.03457843053988706, "xscale49": 0.4786197906476774, "yscale49": 0.4786197906476774, "zscale49": 0.4786197906476774, "Cab50": 53.49286305360082, "Cw50": 0.01589416191599074, "xscale50": 0.5977104857716251, "yscale50": 0.5977104857716251, "zscale50": 0.5977104857716251, "Cab51": 34.7426644569375, "Cw51": 0.01217790664942203, "xscale51": 0.7021225299143904, "yscale51": 0.7021225299143904, "zscale51": 0.7021225299143904, "Cab52": 82.29794756451258, "Cw52": 0.026007208707984328,