{"Cab0": 76.53362344132982, "Cw0": 0.03381283025076671, "xscale0": 0.6280051446994717, "yscale0": 0.6280051446994717, "zscale0": 0.6280051446994717, "Cab1": 72.95199038299985, "Cw1": 0.03258882825410935, "xscale1": 0.6328696357650008, "yscale1": 0.6328696357650008, "zscale1": 0.6328696357650008, "Cab2": 48.2738237060224, "Cw2": 0.04199903124650215, "xscale2": 0.5189921804012388, "yscale2": 0.5189921804012388, "zscale2": 0.5189921804012388, "Cab3": 45.55406647275475, "Cw3": 0.03854552048868892, "xscale3": 0.42698331883552354, "yscale3": 0.42698331883552354, "zscale3": 0.42698331883552354, "Cab4": 80.24656318495559, "Cw4": 0.01560713860486318, "xscale4": 0.48361947726723165, "yscale4": 0.48361947726723165, "zscale4": 0.48361947726723165, "Cab5": 37.55985193078645, "Cw5": 0.03413368601172544, "xscale5": 0.7705168812807707, "yscale5": 0.7705168812807707, "zscale5": 0.7705168812807707, "Cab6": 73.42802834180691, "Cw6": 0.04544842990335978, "xscale6": 0.5395083161859975, "yscale6": 0.5395083161859975, "zscale6": 0.5395083161859975, "Cab7": 48.219916919699784, "Cw7": 0.030875000084692704, "xscale7": 0.5164643036718444, "yscale7": 0.5164643036718444, "zscale7": 0.5164643036718444, "Cab8": 80.73771399166932, "Cw8": 0.01122215364952369, "xscale8": 0.46330374326504853, "yscale8": 0.46330374326504853, "zscale8": 0.46330374326504853, "Cab9": 70.17808610595083, "Cw9": 0.044795502788000326, "xscale9": 0.6658034055698381, "yscale9": 0.6658034055698381, "zscale9": 0.6658034055698381, "Cab10": 88.28690693093982, "Cw10": 0.0487804055986898, "xscale10": 0.41170198600197283, "yscale10": 0.41170198600197283, "zscale10": 0.41170198600197283, "Cab11": 38.2578360537239, "Cw11": 0.017668644169457966, "xscale11": 0.6887637325079948, "yscale11": 0.6887637325079948, "zscale11": 0.6887637325079948, "Cab12": 23.193315493023565, "Cw12": 0.014938726759168235, "xscale12": 0.5771085014722095, "yscale12": 0.5771085014722095, "zscale12": 0.5771085014722095, "Cab13": 58.123168747770585, "Cw13": 0.01341399020720861, "xscale13": 0.6912107329437831, "yscale13": 0.6912107329437831, "zscale13": 0.6912107329437831, "Cab14": 75.78359874932215, "Cw14": 0.023333138259223424, "xscale14": 0.49378508927732234, "yscale14": 0.49378508927732234, "zscale14": 0.49378508927732234, "Cab15": 48.14130838856032, "Cw15": 0.049256768898859, "xscale15": 0.6032774758675767, "yscale15": 0.6032774758675767, "zscale15": 0.6032774758675767, "Cab16": 35.800514736117904, "Cw16": 0.020676292428188817, "xscale16": 0.539427152186822, "yscale16": 0.539427152186822, "zscale16": 0.539427152186822, "Cab17": 23.30160584330126, "Cw17": 0.032812700092392746, "xscale17": 0.5734501543550252, "yscale17": 0.5734501543550252, "zscale17": 0.5734501543550252, "Cab18": 41.1403447360385, "Cw18": 0.0269020469300721, "xscale18": 0.599003105293061, "yscale18": 0.599003105293061, "zscale18": 0.599003105293061, "Cab19": 40.618485811551615, "Cw19": 0.03931067766870721, "xscale19": 0.65003034100128, "yscale19": 0.65003034100128, "zscale19": 0.65003034100128, "Cab20": 56.015696756538276, "Cw20": 0.017514165535647896, "xscale20": 0.7056359718606934, "yscale20": 0.7056359718606934, "zscale20": 0.7056359718606934, "Cab21": 30.84337879566656, "Cw21": 0.02173476205698707, "xscale21": 0.6308699834458525, "yscale21": 0.6308699834458525, "zscale21": 0.6308699834458525, "Cab22": 40.48004954783474, "Cw22": 0.012460564797065974, "xscale22": 0.42655402857390046, "yscale22": 0.42655402857390046, "zscale22": 0.42655402857390046, "Cab23": 83.15813466155691, "Cw23": 0.027662335799369206, "xscale23": 0.7439729936502195, "yscale23": 0.7439729936502195, "zscale23": 0.7439729936502195, "Cab24": 26.085878029316373, "Cw24": 0.011521429274513051, "xscale24": 0.4760120945578635, "yscale24": 0.4760120945578635, "zscale24": 0.4760120945578635, "Cab25": 26.797908657310867, "Cw25": 0.013606819546344046, "xscale25": 0.6450156062070163, "yscale25": 0.6450156062070163, "zscale25": 0.6450156062070163, "Cab26": 43.00728157285167, "Cw26": 0.03234204964515351, "xscale26": 0.643008610096946, "yscale26": 0.643008610096946, "zscale26": 0.643008610096946, "Cab27": 45.64685013005973, "Cw27": 0.012162321062007157, "xscale27": 0.4508797430519155, "yscale27": 0.4508797430519155, "zscale27": 0.4508797430519155, "Cab28": 48.18774941693128, "Cw28": 0.04536375897516021, "xscale28": 0.3784140139451962, "yscale28": 0.3784140139451962, "zscale28": 0.3784140139451962, "Cab29": 57.0864691939786, "Cw29": 0.010082385843994998, "xscale29": 0.4836921178704832, "yscale29": 0.4836921178704832, "zscale29": 0.4836921178704832, "Cab30": 38.51241065777232, "Cw30": 0.02771676259733641, "xscale30": 0.40712051713475655, "yscale30": 0.40712051713475655, "zscale30": 0.40712051713475655, "Cab31": 83.96644679486603, "Cw31": 0.01076237694357348, "xscale31": 0.7298869084944378, "yscale31": 0.7298869084944378, "zscale31": 0.7298869084944378, "Cab32": 57.49822715299459, "Cw32": 0.03888114148442768, "xscale32": 0.5125016002881665, "yscale32": 0.5125016002881665, "zscale32": 0.5125016002881665, "Cab33": 52.07467144394328, "Cw33": 0.041776692348887534, "xscale33": 0.41937350231769843, "yscale33": 0.41937350231769843, "zscale33": 0.41937350231769843, "Cab34": 56.34962385144492, "Cw34": 0.03887736536632958, "xscale34": 0.544749745717765, "yscale34": 0.544749745717765, "zscale34": 0.544749745717765, "Cab35": 82.36178991986344, "Cw35": 0.010328607626338294, "xscale35": 0.34593047272487376, "yscale35": 0.34593047272487376, "zscale35": 0.34593047272487376, "Cab36": 74.32259161296906, "Cw36": 0.012805635362544147, "xscale36": 0.648435326189988, "yscale36": 0.648435326189988, "zscale36": 0.648435326189988, "Cab37": 83.307089976753, "Cw37": 0.027291342287208926, "xscale37": 0.3674901688631266, "yscale37": 0.3674901688631266, "zscale37": 0.3674901688631266, "Cab38": 30.414821078246387, "Cw38": 0.03020165612928507, "xscale38": 0.5307292711948509, "yscale38": 0.5307292711948509, "zscale38": 0.5307292711948509, "Cab39": 46.53723693538221, "Cw39": 0.022657094531178076, "xscale39": 0.6265956183328135, "yscale39": 0.6265956183328135, "zscale39": 0.6265956183328135, "Cab40": 46.370696679587255, "Cw40": 0.03526392152564357, "xscale40": 0.4800156062690438, "yscale40": 0.4800156062690438, "zscale40": 0.4800156062690438, "Cab41": 43.40146156849624, "Cw41": 0.04802718005440509, "xscale41": 0.5721829839510797, "yscale41": 0.5721829839510797, "zscale41": 0.5721829839510797, "Cab42": 27.08144236155993, "Cw42": 0.04495956020691137, "xscale42": 0.5376514268613046, "yscale42": 0.5376514268613046, "zscale42": 0.5376514268613046, "Cab43": 22.34401398714539, "Cw43": 0.03140887968786191, "xscale43": 0.5102277667183567, "yscale43": 0.5102277667183567, "zscale43": 0.5102277667183567, "Cab44": 35.757311082497765, "Cw44": 0.0287951769170091, "xscale44": 0.4977957709078194, "yscale44": 0.4977957709078194, "zscale44": 0.4977957709078194, "Cab45": 31.95348997615892, "Cw45": 0.023428051179100864, "xscale45": 0.2891061110663656, "yscale45": 0.2891061110663656, "zscale45": 0.2891061110663656, "Cab46": 31.357183346730935, "Cw46": 0.03760271456461108, "xscale46": 0.47093139161124986, "yscale46": 0.47093139161124986, "zscale46": 0.47093139161124986, "Cab47": 56.21528663284098, "Cw47": 0.019271810227596605, "xscale47": 0.45077787358309196, "yscale47": 0.45077787358309196, "zscale47": 0.45077787358309196, "Cab48": 52.13595773954205, "Cw48": 0.046788337124460684, "xscale48": 0.5587651581511596, "yscale48": 0.5587651581511596, "zscale48": 0.5587651581511596, "Cab49": 34.207684883026104, "Cw49": 0.0146329633374944, "xscale49": 0.5963749825804135, "yscale49": 0.5963749825804135, "zscale49": 0.5963749825804135, "Cab50": 46.675397896863764, "Cw50": 0.01890335019883609, "xscale50": 0.5738092644695194, "yscale50": 0.5738092644695194, "zscale50": 0.5738092644695194, "Cab51": 40.87373578744447, "Cw51": 0.028611522416286554, "xscale51": 0.6014840607262848, "yscale51": 0.6014840607262848, "zscale51": 0.6014840607262848, "Cab52": 68.9588301928979, "Cw52": 0.03929752320550322,