{"Cab0": 89.5897219961016, "Cw0": 0.03407656510159669, "xscale0": 0.609681786731557, "yscale0": 0.609681786731557, "zscale0": 0.609681786731557, "Cab1": 53.332224943708894, "Cw1": 0.023609520624401033, "xscale1": 0.5946055168724758, "yscale1": 0.5946055168724758, "zscale1": 0.5946055168724758, "Cab2": 77.41117443460445, "Cw2": 0.046990000989280516, "xscale2": 0.6621687121343207, "yscale2": 0.6621687121343207, "zscale2": 0.6621687121343207, "Cab3": 89.30123714195646, "Cw3": 0.04052385058323465, "xscale3": 0.5273023025997386, "yscale3": 0.5273023025997386, "zscale3": 0.5273023025997386, "Cab4": 53.94911136922144, "Cw4": 0.034660725921294926, "xscale4": 0.5418881585426781, "yscale4": 0.5418881585426781, "zscale4": 0.5418881585426781, "Cab5": 54.44328559018416, "Cw5": 0.03987907536513177, "xscale5": 0.7197491511753148, "yscale5": 0.7197491511753148, "zscale5": 0.7197491511753148, "Cab6": 21.097814024375438, "Cw6": 0.03932052611714648, "xscale6": 0.5781101701225557, "yscale6": 0.5781101701225557, "zscale6": 0.5781101701225557, "Cab7": 44.67475728096774, "Cw7": 0.024523695886402654, "xscale7": 0.510600280177128, "yscale7": 0.510600280177128, "zscale7": 0.510600280177128, "Cab8": 72.10490591664228, "Cw8": 0.048767660404779895, "xscale8": 0.5842083554624691, "yscale8": 0.5842083554624691, "zscale8": 0.5842083554624691, "Cab9": 80.10944134207308, "Cw9": 0.02477821819418454, "xscale9": 0.6986182350353207, "yscale9": 0.6986182350353207, "zscale9": 0.6986182350353207, "Cab10": 72.23342023124971, "Cw10": 0.030961151627188023, "xscale10": 0.4368922045968833, "yscale10": 0.4368922045968833, "zscale10": 0.4368922045968833, "Cab11": 41.431076523323426, "Cw11": 0.011839780507107425, "xscale11": 0.6503783288236491, "yscale11": 0.6503783288236491, "zscale11": 0.6503783288236491, "Cab12": 22.947140601538386, "Cw12": 0.04587727430705424, "xscale12": 0.4678392830290301, "yscale12": 0.4678392830290301, "zscale12": 0.4678392830290301, "Cab13": 49.7569809416737, "Cw13": 0.03410616347263849, "xscale13": 0.6416227232039645, "yscale13": 0.6416227232039645, "zscale13": 0.6416227232039645, "Cab14": 83.1092919667873, "Cw14": 0.03324802650210175, "xscale14": 0.5001104054602579, "yscale14": 0.5001104054602579, "zscale14": 0.5001104054602579, "Cab15": 30.167213145349063, "Cw15": 0.022677890225917707, "xscale15": 0.5612916949858702, "yscale15": 0.5612916949858702, "zscale15": 0.5612916949858702, "Cab16": 86.12360460357341, "Cw16": 0.016585676476072432, "xscale16": 0.6283450718108351, "yscale16": 0.6283450718108351, "zscale16": 0.6283450718108351, "Cab17": 49.546581671016554, "Cw17": 0.048056235116250075, "xscale17": 0.458403148073224, "yscale17": 0.458403148073224, "zscale17": 0.458403148073224, "Cab18": 42.39116758523089, "Cw18": 0.023288441041914368, "xscale18": 0.6396266216868496, "yscale18": 0.6396266216868496, "zscale18": 0.6396266216868496, "Cab19": 77.5749618445335, "Cw19": 0.025037793086348896, "xscale19": 0.4506623303074046, "yscale19": 0.4506623303074046, "zscale19": 0.4506623303074046, "Cab20": 86.22631631421592, "Cw20": 0.035643460248832394, "xscale20": 0.6957269731211729, "yscale20": 0.6957269731211729, "zscale20": 0.6957269731211729, "Cab21": 86.65805717383289, "Cw21": 0.0308598121212953, "xscale21": 0.45041846403247393, "yscale21": 0.45041846403247393, "zscale21": 0.45041846403247393, "Cab22": 44.46483821805516, "Cw22": 0.04910047097377095, "xscale22": 0.4965842269848597, "yscale22": 0.4965842269848597, "zscale22": 0.4965842269848597, "Cab23": 67.72488753249709, "Cw23": 0.04097579501870417, "xscale23": 0.5660205401917694, "yscale23": 0.5660205401917694, "zscale23": 0.5660205401917694, "Cab24": 28.932418292927622, "Cw24": 0.045461071842247236, "xscale24": 0.548628638633721, "yscale24": 0.548628638633721, "zscale24": 0.548628638633721, "Cab25": 33.09390007094524, "Cw25": 0.02462358907525259, "xscale25": 0.6396504186820011, "yscale25": 0.6396504186820011, "zscale25": 0.6396504186820011, "Cab26": 49.21467707098546, "Cw26": 0.039378993022809616, "xscale26": 0.5834738515082173, "yscale26": 0.5834738515082173, "zscale26": 0.5834738515082173, "Cab27": 48.899535524934095, "Cw27": 0.02201245246711341, "xscale27": 0.46702412372417496, "yscale27": 0.46702412372417496, "zscale27": 0.46702412372417496, "Cab28": 53.889429483068334, "Cw28": 0.017150934574564815, "xscale28": 0.4169104319732347, "yscale28": 0.4169104319732347, "zscale28": 0.4169104319732347, "Cab29": 35.670828989865484, "Cw29": 0.0452321247589767, "xscale29": 0.5419665439780875, "yscale29": 0.5419665439780875, "zscale29": 0.5419665439780875, "Cab30": 29.392303258357586, "Cw30": 0.040338624094189604, "xscale30": 0.37025129883610614, "yscale30": 0.37025129883610614, "zscale30": 0.37025129883610614, "Cab31": 40.12145384015206, "Cw31": 0.0290966733497662, "xscale31": 0.6705391039135877, "yscale31": 0.6705391039135877, "zscale31": 0.6705391039135877, "Cab32": 79.10115170282856, "Cw32": 0.0494029640961179, "xscale32": 0.4742659047107449, "yscale32": 0.4742659047107449, "zscale32": 0.4742659047107449, "Cab33": 45.02839538203841, "Cw33": 0.026142274848323772, "xscale33": 0.47347201726217364, "yscale33": 0.47347201726217364, "zscale33": 0.47347201726217364, "Cab34": 45.7308816065965, "Cw34": 0.04598572326554361, "xscale34": 0.5306680197751761, "yscale34": 0.5306680197751761, "zscale34": 0.5306680197751761, "Cab35": 47.372531442406455, "Cw35": 0.027068610713543877, "xscale35": 0.46138961902950953, "yscale35": 0.46138961902950953, "zscale35": 0.46138961902950953, "Cab36": 20.533189198735464, "Cw36": 0.015417207876284679, "xscale36": 0.5204145185636193, "yscale36": 0.5204145185636193, "zscale36": 0.5204145185636193, "Cab37": 67.51679377921221, "Cw37": 0.02622744712761446, "xscale37": 0.510347886898356, "yscale37": 0.510347886898356, "zscale37": 0.510347886898356, "Cab38": 63.82398452603606, "Cw38": 0.041990817350117574, "xscale38": 0.5475476233661427, "yscale38": 0.5475476233661427, "zscale38": 0.5475476233661427, "Cab39": 28.565833701493258, "Cw39": 0.02087563202396284, "xscale39": 0.5600845952075295, "yscale39": 0.5600845952075295, "zscale39": 0.5600845952075295, "Cab40": 37.21331492385848, "Cw40": 0.022491866470954008, "xscale40": 0.5586636899631446, "yscale40": 0.5586636899631446, "zscale40": 0.5586636899631446, "Cab41": 27.85933221454001, "Cw41": 0.01681922053930226, "xscale41": 0.48389142119656786, "yscale41": 0.48389142119656786, "zscale41": 0.48389142119656786, "Cab42": 85.56450051226263, "Cw42": 0.03724429014067569, "xscale42": 0.5530133580101668, "yscale42": 0.5530133580101668, "zscale42": 0.5530133580101668, "Cab43": 50.411289996763045, "Cw43": 0.03330484849516172, "xscale43": 0.6840684035336201, "yscale43": 0.6840684035336201, "zscale43": 0.6840684035336201, "Cab44": 40.79080208621061, "Cw44": 0.016694526892235405, "xscale44": 0.5009416785203656, "yscale44": 0.5009416785203656, "zscale44": 0.5009416785203656, "Cab45": 54.614727368165745, "Cw45": 0.020914914714185495, "xscale45": 0.37114884742305426, "yscale45": 0.37114884742305426, "zscale45": 0.37114884742305426, "Cab46": 55.57111656320577, "Cw46": 0.04916733783815375, "xscale46": 0.414274243163627, "yscale46": 0.414274243163627, "zscale46": 0.414274243163627, "Cab47": 51.01045002930246, "Cw47": 0.043368207522249076, "xscale47": 0.49275836028258574, "yscale47": 0.49275836028258574, "zscale47": 0.49275836028258574, "Cab48": 41.96564004735479, "Cw48": 0.04510452225865554, "xscale48": 0.599056930549671, "yscale48": 0.599056930549671, "zscale48": 0.599056930549671, "Cab49": 73.79614000836182, "Cw49": 0.011478185807608848, "xscale49": 0.45179311393653704, "yscale49": 0.45179311393653704, "zscale49": 0.45179311393653704, "Cab50": 79.92909113821611, "Cw50": 0.023985110612504912, "xscale50": 0.5468388883824682, "yscale50": 0.5468388883824682, "zscale50": 0.5468388883824682, "Cab51": 89.19149388186037, "Cw51": 0.03153236362313679, "xscale51": 0.6966246355792096, "yscale51": 0.6966246355792096, "zscale51": 0.6966246355792096, "Cab52": 21.37336238407751,