{"Cab0": 76.07020878760449, "Cw0": 0.045314985365974655, "xscale0": 0.6176333732528336, "yscale0": 0.6176333732528336, "zscale0": 0.6176333732528336, "Cab1": 42.555885018024966, "Cw1": 0.03251186477253973, "xscale1": 0.6801717532078947, "yscale1": 0.6801717532078947, "zscale1": 0.6801717532078947, "Cab2": 77.60422569658132, "Cw2": 0.01268571682186742, "xscale2": 0.7649880358303998, "yscale2": 0.7649880358303998, "zscale2": 0.7649880358303998, "Cab3": 74.20103926039566, "Cw3": 0.04720569950809991, "xscale3": 0.5385398153064589, "yscale3": 0.5385398153064589, "zscale3": 0.5385398153064589, "Cab4": 59.53230209814119, "Cw4": 0.01715135986512063, "xscale4": 0.6516417233800557, "yscale4": 0.6516417233800557, "zscale4": 0.6516417233800557, "Cab5": 87.96297334815314, "Cw5": 0.045033812221258546, "xscale5": 0.7376151892828171, "yscale5": 0.7376151892828171, "zscale5": 0.7376151892828171, "Cab6": 38.72494634820072, "Cw6": 0.019242371637229222, "xscale6": 0.45434575259119864, "yscale6": 0.45434575259119864, "zscale6": 0.45434575259119864, "Cab7": 83.1836830765823, "Cw7": 0.024914002998943495, "xscale7": 0.4833615183235732, "yscale7": 0.4833615183235732, "zscale7": 0.4833615183235732, "Cab8": 26.67468442215756, "Cw8": 0.04802320741178001, "xscale8": 0.5948158286442679, "yscale8": 0.5948158286442679, "zscale8": 0.5948158286442679, "Cab9": 28.851623773196415, "Cw9": 0.01991482268386901, "xscale9": 0.6381641650961202, "yscale9": 0.6381641650961202, "zscale9": 0.6381641650961202, "Cab10": 58.96043109489532, "Cw10": 0.040114094628129676, "xscale10": 0.46095538645697914, "yscale10": 0.46095538645697914, "zscale10": 0.46095538645697914, "Cab11": 51.07984790001433, "Cw11": 0.02953026880321063, "xscale11": 0.5670483230149073, "yscale11": 0.5670483230149073, "zscale11": 0.5670483230149073, "Cab12": 33.46534738272764, "Cw12": 0.01683967815914302, "xscale12": 0.5547258926011298, "yscale12": 0.5547258926011298, "zscale12": 0.5547258926011298, "Cab13": 65.31708174002068, "Cw13": 0.034022937725421254, "xscale13": 0.5044266817201424, "yscale13": 0.5044266817201424, "zscale13": 0.5044266817201424, "Cab14": 71.94837259290875, "Cw14": 0.02959374396629763, "xscale14": 0.6225352690210911, "yscale14": 0.6225352690210911, "zscale14": 0.6225352690210911, "Cab15": 34.60607825021306, "Cw15": 0.021315817603388805, "xscale15": 0.6364570549530035, "yscale15": 0.6364570549530035, "zscale15": 0.6364570549530035, "Cab16": 52.49242437572007, "Cw16": 0.04671231326104643, "xscale16": 0.6075498677270625, "yscale16": 0.6075498677270625, "zscale16": 0.6075498677270625, "Cab17": 68.16384564865405, "Cw17": 0.03734900342231752, "xscale17": 0.5486514973423807, "yscale17": 0.5486514973423807, "zscale17": 0.5486514973423807, "Cab18": 45.5527176492467, "Cw18": 0.0372373593346114, "xscale18": 0.5791591323027518, "yscale18": 0.5791591323027518, "zscale18": 0.5791591323027518, "Cab19": 89.07605726555738, "Cw19": 0.044519157537634774, "xscale19": 0.4492527292379268, "yscale19": 0.4492527292379268, "zscale19": 0.4492527292379268, "Cab20": 62.06812275678955, "Cw20": 0.042427751290742485, "xscale20": 0.6245170021313677, "yscale20": 0.6245170021313677, "zscale20": 0.6245170021313677, "Cab21": 71.07122463725653, "Cw21": 0.03559059120977006, "xscale21": 0.45761801794536905, "yscale21": 0.45761801794536905, "zscale21": 0.45761801794536905, "Cab22": 41.670082858392284, "Cw22": 0.013417314733097246, "xscale22": 0.42786171482821633, "yscale22": 0.42786171482821633, "zscale22": 0.42786171482821633, "Cab23": 48.85948744479936, "Cw23": 0.039813645854459255, "xscale23": 0.5493892169996732, "yscale23": 0.5493892169996732, "zscale23": 0.5493892169996732, "Cab24": 53.74029461123018, "Cw24": 0.03505833724560921, "xscale24": 0.5638756104053515, "yscale24": 0.5638756104053515, "zscale24": 0.5638756104053515, "Cab25": 48.66554895163546, "Cw25": 0.03544824770098834, "xscale25": 0.5131328845810971, "yscale25": 0.5131328845810971, "zscale25": 0.5131328845810971, "Cab26": 36.57414486371537, "Cw26": 0.02739818652503126, "xscale26": 0.6657607811525093, "yscale26": 0.6657607811525093, "zscale26": 0.6657607811525093, "Cab27": 29.806474891736066, "Cw27": 0.04080164973930106, "xscale27": 0.4111171489915397, "yscale27": 0.4111171489915397, "zscale27": 0.4111171489915397, "Cab28": 84.38248802189143, "Cw28": 0.013874489844985747, "xscale28": 0.4847551970241706, "yscale28": 0.4847551970241706, "zscale28": 0.4847551970241706, "Cab29": 47.48432761193599, "Cw29": 0.014397215551203577, "xscale29": 0.6529926415338803, "yscale29": 0.6529926415338803, "zscale29": 0.6529926415338803, "Cab30": 54.36475798517172, "Cw30": 0.04940211491401952, "xscale30": 0.3594403052666861, "yscale30": 0.3594403052666861, "zscale30": 0.3594403052666861, "Cab31": 88.8950273414868, "Cw31": 0.025181806784042228, "xscale31": 0.5123833990091322, "yscale31": 0.5123833990091322, "zscale31": 0.5123833990091322, "Cab32": 53.02287379333239, "Cw32": 0.04283984790842507, "xscale32": 0.5191850956879389, "yscale32": 0.5191850956879389, "zscale32": 0.5191850956879389, "Cab33": 51.442923714226225, "Cw33": 0.01290284322306238, "xscale33": 0.555346890761756, "yscale33": 0.555346890761756, "zscale33": 0.555346890761756, "Cab34": 71.87082043105079, "Cw34": 0.04921133278062222, "xscale34": 0.42041465140361706, "yscale34": 0.42041465140361706, "zscale34": 0.42041465140361706, "Cab35": 57.64122147203764, "Cw35": 0.03240036850464335, "xscale35": 0.48725721755305823, "yscale35": 0.48725721755305823, "zscale35": 0.48725721755305823, "Cab36": 49.635749874455655, "Cw36": 0.0473536499876628, "xscale36": 0.5834261887792722, "yscale36": 0.5834261887792722, "zscale36": 0.5834261887792722, "Cab37": 46.69946476268548, "Cw37": 0.02805386066009432, "xscale37": 0.4499939508544115, "yscale37": 0.4499939508544115, "zscale37": 0.4499939508544115, "Cab38": 77.36796336508985, "Cw38": 0.030728044053198775, "xscale38": 0.5469464577641104, "yscale38": 0.5469464577641104, "zscale38": 0.5469464577641104, "Cab39": 53.36878332040636, "Cw39": 0.03863039615632109, "xscale39": 0.5865454206685663, "yscale39": 0.5865454206685663, "zscale39": 0.5865454206685663, "Cab40": 36.64371657042131, "Cw40": 0.03844183876673391, "xscale40": 0.6222369260099191, "yscale40": 0.6222369260099191, "zscale40": 0.6222369260099191, "Cab41": 89.77029839910665, "Cw41": 0.02856311837701503, "xscale41": 0.4506592649440726, "yscale41": 0.4506592649440726, "zscale41": 0.4506592649440726, "Cab42": 83.31540416628062, "Cw42": 0.01367082252246787, "xscale42": 0.5544966630171068, "yscale42": 0.5544966630171068, "zscale42": 0.5544966630171068, "Cab43": 67.98246464499744, "Cw43": 0.03047483752981689, "xscale43": 0.7056116302937351, "yscale43": 0.7056116302937351, "zscale43": 0.7056116302937351, "Cab44": 31.971004950890467, "Cw44": 0.04318968063110976, "xscale44": 0.4071965330599357, "yscale44": 0.4071965330599357, "zscale44": 0.4071965330599357, "Cab45": 85.99456006831993, "Cw45": 0.04079797992061569, "xscale45": 0.33131501533200036, "yscale45": 0.33131501533200036, "zscale45": 0.33131501533200036, "Cab46": 39.91237454073716, "Cw46": 0.0263820460355959, "xscale46": 0.44220245324317153, "yscale46": 0.44220245324317153, "zscale46": 0.44220245324317153, "Cab47": 44.857589628780005, "Cw47": 0.034816065595483184, "xscale47": 0.4310639211507195, "yscale47": 0.4310639211507195, "zscale47": 0.4310639211507195, "Cab48": 44.73799902652767, "Cw48": 0.049794265499414216, "xscale48": 0.5309108173541377, "yscale48": 0.5309108173541377, "zscale48": 0.5309108173541377, "Cab49": 56.0655826777613, "Cw49": 0.018845573098689075, "xscale49": 0.5032104869228837, "yscale49": 0.5032104869228837, "zscale49": 0.5032104869228837, "Cab50": 42.938339588873056, "Cw50": 0.03785336318196653, "xscale50": 0.5935428553427592, "yscale50": 0.5935428553427592, "zscale50": 0.5935428553427592, "Cab51": 32.43836743033095, "Cw51": 0.048359924707284396, "xscale51": 0.7997875273320944, "yscale51": 0.7997875273320944, "zscale51": 0.7997875273320944, "Cab52": 33.09974626883517,