{"Cab0": 49.15594954169694, "Cw0": 0.03115114790277909, "xscale0": 0.5945804380327364, "yscale0": 0.5945804380327364, "zscale0": 0.5945804380327364, "Cab1": 48.167918909194654, "Cw1": 0.04717089803794629, "xscale1": 0.6219001963487927, "yscale1": 0.6219001963487927, "zscale1": 0.6219001963487927, "Cab2": 33.897910553157715, "Cw2": 0.025800314295671707, "xscale2": 0.6856555885606693, "yscale2": 0.6856555885606693, "zscale2": 0.6856555885606693, "Cab3": 56.228658121744104, "Cw3": 0.040901709146555235, "xscale3": 0.49883392103102925, "yscale3": 0.49883392103102925, "zscale3": 0.49883392103102925, "Cab4": 31.52047840423399, "Cw4": 0.01855879491326332, "xscale4": 0.5442244701495593, "yscale4": 0.5442244701495593, "zscale4": 0.5442244701495593, "Cab5": 30.814365491472042, "Cw5": 0.028601283191105796, "xscale5": 0.6362352477012834, "yscale5": 0.6362352477012834, "zscale5": 0.6362352477012834, "Cab6": 22.27315338248562, "Cw6": 0.013674465280244595, "xscale6": 0.5274734375492822, "yscale6": 0.5274734375492822, "zscale6": 0.5274734375492822, "Cab7": 27.97869806551273, "Cw7": 0.04916417857610348, "xscale7": 0.5286938952861369, "yscale7": 0.5286938952861369, "zscale7": 0.5286938952861369, "Cab8": 57.99219734858108, "Cw8": 0.03318469882291493, "xscale8": 0.5801815783877151, "yscale8": 0.5801815783877151, "zscale8": 0.5801815783877151, "Cab9": 85.24991695007772, "Cw9": 0.04203502623244424, "xscale9": 0.6025447780272581, "yscale9": 0.6025447780272581, "zscale9": 0.6025447780272581, "Cab10": 31.453812393753257, "Cw10": 0.024300893673176418, "xscale10": 0.4998300500618148, "yscale10": 0.4998300500618148, "zscale10": 0.4998300500618148, "Cab11": 20.692422404318147, "Cw11": 0.0252005969306566, "xscale11": 0.7502789250161607, "yscale11": 0.7502789250161607, "zscale11": 0.7502789250161607, "Cab12": 40.05873433979886, "Cw12": 0.042168621266299555, "xscale12": 0.4580715174984881, "yscale12": 0.4580715174984881, "zscale12": 0.4580715174984881, "Cab13": 35.21363104421748, "Cw13": 0.04199385545475474, "xscale13": 0.7072934841255533, "yscale13": 0.7072934841255533, "zscale13": 0.7072934841255533, "Cab14": 44.611943373484785, "Cw14": 0.041317527803509196, "xscale14": 0.4557568918090158, "yscale14": 0.4557568918090158, "zscale14": 0.4557568918090158, "Cab15": 60.57914663778015, "Cw15": 0.04590196873528887, "xscale15": 0.5802363544347708, "yscale15": 0.5802363544347708, "zscale15": 0.5802363544347708, "Cab16": 73.1195563000224, "Cw16": 0.019965721399985818, "xscale16": 0.7028702265222947, "yscale16": 0.7028702265222947, "zscale16": 0.7028702265222947, "Cab17": 34.502931644848346, "Cw17": 0.047242696843535686, "xscale17": 0.5079971626214052, "yscale17": 0.5079971626214052, "zscale17": 0.5079971626214052, "Cab18": 80.956856708181, "Cw18": 0.026834081212769013, "xscale18": 0.6960278881757817, "yscale18": 0.6960278881757817, "zscale18": 0.6960278881757817, "Cab19": 54.602654665037804, "Cw19": 0.04201776172788549, "xscale19": 0.5123532131617958, "yscale19": 0.5123532131617958, "zscale19": 0.5123532131617958, "Cab20": 35.694939262075515, "Cw20": 0.030869690557097873, "xscale20": 0.5893603082817972, "yscale20": 0.5893603082817972, "zscale20": 0.5893603082817972, "Cab21": 72.92251093867233, "Cw21": 0.02129930869295992, "xscale21": 0.5857575112149123, "yscale21": 0.5857575112149123, "zscale21": 0.5857575112149123, "Cab22": 30.987473469693917, "Cw22": 0.04942154942821935, "xscale22": 0.5152538323619742, "yscale22": 0.5152538323619742, "zscale22": 0.5152538323619742, "Cab23": 75.15934843881946, "Cw23": 0.029532782653357993, "xscale23": 0.5652749020313216, "yscale23": 0.5652749020313216, "zscale23": 0.5652749020313216, "Cab24": 31.309082487457367, "Cw24": 0.032437489492529246, "xscale24": 0.44208788883828587, "yscale24": 0.44208788883828587, "zscale24": 0.44208788883828587, "Cab25": 51.35401925056156, "Cw25": 0.030679779268190974, "xscale25": 0.5631849043871823, "yscale25": 0.5631849043871823, "zscale25": 0.5631849043871823, "Cab26": 89.7839681826724, "Cw26": 0.027731737987493156, "xscale26": 0.5695432273549298, "yscale26": 0.5695432273549298, "zscale26": 0.5695432273549298, "Cab27": 75.53143440775577, "Cw27": 0.043515028506331974, "xscale27": 0.4561756634514447, "yscale27": 0.4561756634514447, "zscale27": 0.4561756634514447, "Cab28": 75.85793083337761, "Cw28": 0.03212715549229018, "xscale28": 0.3545780359550688, "yscale28": 0.3545780359550688, "zscale28": 0.3545780359550688, "Cab29": 54.94247137593695, "Cw29": 0.03615349494239011, "xscale29": 0.6525691745574916, "yscale29": 0.6525691745574916, "zscale29": 0.6525691745574916, "Cab30": 22.04430983207172, "Cw30": 0.025107071339265, "xscale30": 0.40054647554817013, "yscale30": 0.40054647554817013, "zscale30": 0.40054647554817013, "Cab31": 59.13573100430827, "Cw31": 0.015913471054831523, "xscale31": 0.6295871326663136, "yscale31": 0.6295871326663136, "zscale31": 0.6295871326663136, "Cab32": 64.51838369478114, "Cw32": 0.02157071203086739, "xscale32": 0.42408377596345537, "yscale32": 0.42408377596345537, "zscale32": 0.42408377596345537, "Cab33": 27.75172655885168, "Cw33": 0.013488053963952038, "xscale33": 0.4365496018922108, "yscale33": 0.4365496018922108, "zscale33": 0.4365496018922108, "Cab34": 59.354154444055155, "Cw34": 0.01052177591722299, "xscale34": 0.5974199558867271, "yscale34": 0.5974199558867271, "zscale34": 0.5974199558867271, "Cab35": 54.516092192456924, "Cw35": 0.03458692237839272, "xscale35": 0.49677371319250924, "yscale35": 0.49677371319250924, "zscale35": 0.49677371319250924, "Cab36": 75.69003055936224, "Cw36": 0.02382951461043135, "xscale36": 0.5903415331089489, "yscale36": 0.5903415331089489, "zscale36": 0.5903415331089489, "Cab37": 59.78978027753454, "Cw37": 0.01410086492029283, "xscale37": 0.43080916772916655, "yscale37": 0.43080916772916655, "zscale37": 0.43080916772916655, "Cab38": 79.50299606000667, "Cw38": 0.030529445771993846, "xscale38": 0.4600463916889496, "yscale38": 0.4600463916889496, "zscale38": 0.4600463916889496, "Cab39": 27.274071052564604, "Cw39": 0.03442851741965966, "xscale39": 0.4919044041513326, "yscale39": 0.4919044041513326, "zscale39": 0.4919044041513326, "Cab40": 78.97473993996051, "Cw40": 0.03503577367385085, "xscale40": 0.6388045705810159, "yscale40": 0.6388045705810159, "zscale40": 0.6388045705810159, "Cab41": 54.9762073489878, "Cw41": 0.0416720730006232, "xscale41": 0.6045832123993644, "yscale41": 0.6045832123993644, "zscale41": 0.6045832123993644, "Cab42": 25.251672376912822, "Cw42": 0.03940046988574904, "xscale42": 0.5022509923316103, "yscale42": 0.5022509923316103, "zscale42": 0.5022509923316103, "Cab43": 86.89734044287013, "Cw43": 0.047998037744017306, "xscale43": 0.580634724237348, "yscale43": 0.580634724237348, "zscale43": 0.580634724237348, "Cab44": 68.34792340964214, "Cw44": 0.018802739412116947, "xscale44": 0.3722646228776467, "yscale44": 0.3722646228776467, "zscale44": 0.3722646228776467, "Cab45": 47.431991616685686, "Cw45": 0.029648493279218008, "xscale45": 0.3732308374565659, "yscale45": 0.3732308374565659, "zscale45": 0.3732308374565659, "Cab46": 79.14056386672155, "Cw46": 0.022357353121320596, "xscale46": 0.3757927158783315, "yscale46": 0.3757927158783315, "zscale46": 0.3757927158783315, "Cab47": 49.932008663751446, "Cw47": 0.0229292609460652, "xscale47": 0.5929666508236011, "yscale47": 0.5929666508236011, "zscale47": 0.5929666508236011, "Cab48": 79.9227639222218, "Cw48": 0.03458779397182696, "xscale48": 0.5282418062951878, "yscale48": 0.5282418062951878, "zscale48": 0.5282418062951878, "Cab49": 89.31594632475642, "Cw49": 0.03685620883141728, "xscale49": 0.57637093257014, "yscale49": 0.57637093257014, "zscale49": 0.57637093257014, "Cab50": 24.16908502424561, "Cw50": 0.046771115996404176, "xscale50": 0.5318319370468029, "yscale50": 0.5318319370468029, "zscale50": 0.5318319370468029, "Cab51": 72.11641409008129, "Cw51": 0.021614692697267048, "xscale51": 0.6712288262103345, "yscale51": 0.6712288262103345, "zscale51": 0.6712288262103345, "Cab52": 41.764031392822474,