{"Cab0": 20.990672930527275, "Cw0": 0.026703529781683007, "xscale0": 0.8103387275852748, "yscale0": 0.8103387275852748, "zscale0": 0.8103387275852748, "Cab1": 72.25375249274231, "Cw1": 0.04796416357203232, "xscale1": 0.5627540352361209, "yscale1": 0.5627540352361209, "zscale1": 0.5627540352361209, "Cab2": 52.724977250332614, "Cw2": 0.047186009237769624, "xscale2": 0.7425194180568927, "yscale2": 0.7425194180568927, "zscale2": 0.7425194180568927, "Cab3": 60.0297723764827, "Cw3": 0.035256713649106895, "xscale3": 0.4096024783557203, "yscale3": 0.4096024783557203, "zscale3": 0.4096024783557203, "Cab4": 34.71929178889536, "Cw4": 0.028074152687480758, "xscale4": 0.5037279574510558, "yscale4": 0.5037279574510558, "zscale4": 0.5037279574510558, "Cab5": 73.67306354897204, "Cw5": 0.018484116676740527, "xscale5": 0.8698175973603248, "yscale5": 0.8698175973603248, "zscale5": 0.8698175973603248, "Cab6": 58.52840676052135, "Cw6": 0.04653895787209598, "xscale6": 0.47146270958425107, "yscale6": 0.47146270958425107, "zscale6": 0.47146270958425107, "Cab7": 86.58342877574754, "Cw7": 0.01548262638181737, "xscale7": 0.5084853037236011, "yscale7": 0.5084853037236011, "zscale7": 0.5084853037236011, "Cab8": 46.91709980682475, "Cw8": 0.011340068599511244, "xscale8": 0.5513929215509156, "yscale8": 0.5513929215509156, "zscale8": 0.5513929215509156, "Cab9": 62.08711520625088, "Cw9": 0.02821825314955055, "xscale9": 0.6124971214630109, "yscale9": 0.6124971214630109, "zscale9": 0.6124971214630109, "Cab10": 30.92927708574316, "Cw10": 0.037492136271525894, "xscale10": 0.5136182459776136, "yscale10": 0.5136182459776136, "zscale10": 0.5136182459776136, "Cab11": 45.774525307461296, "Cw11": 0.02155532113487143, "xscale11": 0.6961925270196935, "yscale11": 0.6961925270196935, "zscale11": 0.6961925270196935, "Cab12": 28.34381580762539, "Cw12": 0.018322330839564048, "xscale12": 0.5384081889978756, "yscale12": 0.5384081889978756, "zscale12": 0.5384081889978756, "Cab13": 83.35757270310323, "Cw13": 0.027961965831996338, "xscale13": 0.62713110822678, "yscale13": 0.62713110822678, "zscale13": 0.62713110822678, "Cab14": 60.74029161293485, "Cw14": 0.018040692535770925, "xscale14": 0.6236184836492701, "yscale14": 0.6236184836492701, "zscale14": 0.6236184836492701, "Cab15": 39.188837594039896, "Cw15": 0.0208185441617515, "xscale15": 0.4665793414489424, "yscale15": 0.4665793414489424, "zscale15": 0.4665793414489424, "Cab16": 85.95743210807888, "Cw16": 0.03201403259704798, "xscale16": 0.587616956976091, "yscale16": 0.587616956976091, "zscale16": 0.587616956976091, "Cab17": 79.75458907157329, "Cw17": 0.04164222276008224, "xscale17": 0.5366844674641555, "yscale17": 0.5366844674641555, "zscale17": 0.5366844674641555, "Cab18": 81.50208373778949, "Cw18": 0.0318107823191766, "xscale18": 0.6032687260689469, "yscale18": 0.6032687260689469, "zscale18": 0.6032687260689469, "Cab19": 39.085767428353805, "Cw19": 0.04688663982729487, "xscale19": 0.5499130784679741, "yscale19": 0.5499130784679741, "zscale19": 0.5499130784679741, "Cab20": 87.88474501759356, "Cw20": 0.01846928506322592, "xscale20": 0.5493898098474219, "yscale20": 0.5493898098474219, "zscale20": 0.5493898098474219, "Cab21": 54.920054936023945, "Cw21": 0.025876835250675752, "xscale21": 0.5450673941400416, "yscale21": 0.5450673941400416, "zscale21": 0.5450673941400416, "Cab22": 52.55535358653281, "Cw22": 0.04085008525723745, "xscale22": 0.5061672180553392, "yscale22": 0.5061672180553392, "zscale22": 0.5061672180553392, "Cab23": 75.1975612451469, "Cw23": 0.032159647142830775, "xscale23": 0.6081622800235016, "yscale23": 0.6081622800235016, "zscale23": 0.6081622800235016, "Cab24": 76.33968507577033, "Cw24": 0.015162983118382885, "xscale24": 0.5832892021141078, "yscale24": 0.5832892021141078, "zscale24": 0.5832892021141078, "Cab25": 29.385770202412978, "Cw25": 0.03204003482760047, "xscale25": 0.5419473709979427, "yscale25": 0.5419473709979427, "zscale25": 0.5419473709979427, "Cab26": 36.00765389718244, "Cw26": 0.04856607173609671, "xscale26": 0.7078555954047003, "yscale26": 0.7078555954047003, "zscale26": 0.7078555954047003, "Cab27": 31.21229358758931, "Cw27": 0.0482086814341937, "xscale27": 0.44773051138649694, "yscale27": 0.44773051138649694, "zscale27": 0.44773051138649694, "Cab28": 37.18361584399608, "Cw28": 0.044087536412007994, "xscale28": 0.4615870908077013, "yscale28": 0.4615870908077013, "zscale28": 0.4615870908077013, "Cab29": 28.363566264214676, "Cw29": 0.0270715332432149, "xscale29": 0.5350365222879989, "yscale29": 0.5350365222879989, "zscale29": 0.5350365222879989, "Cab30": 57.86901949123923, "Cw30": 0.04265698821846969, "xscale30": 0.4015151425391044, "yscale30": 0.4015151425391044, "zscale30": 0.4015151425391044, "Cab31": 25.7033546313799, "Cw31": 0.04118849790660935, "xscale31": 0.6328268028699903, "yscale31": 0.6328268028699903, "zscale31": 0.6328268028699903, "Cab32": 75.9025850288647, "Cw32": 0.018769669809819846, "xscale32": 0.5362089648022925, "yscale32": 0.5362089648022925, "zscale32": 0.5362089648022925, "Cab33": 58.08463584238437, "Cw33": 0.0429659601041271, "xscale33": 0.549836781056692, "yscale33": 0.549836781056692, "zscale33": 0.549836781056692, "Cab34": 70.22324072274617, "Cw34": 0.03955311685928455, "xscale34": 0.5494673848005099, "yscale34": 0.5494673848005099, "zscale34": 0.5494673848005099, "Cab35": 78.32659368796884, "Cw35": 0.01629875060553327, "xscale35": 0.4098786624038201, "yscale35": 0.4098786624038201, "zscale35": 0.4098786624038201, "Cab36": 81.4125190249529, "Cw36": 0.01457707670715834, "xscale36": 0.5414915761459077, "yscale36": 0.5414915761459077, "zscale36": 0.5414915761459077, "Cab37": 65.38430693128534, "Cw37": 0.02472232984314296, "xscale37": 0.43671351333422975, "yscale37": 0.43671351333422975, "zscale37": 0.43671351333422975, "Cab38": 47.86651661016117, "Cw38": 0.015031871402672602, "xscale38": 0.4190579012074619, "yscale38": 0.4190579012074619, "zscale38": 0.4190579012074619, "Cab39": 88.37828732918634, "Cw39": 0.027675785469117253, "xscale39": 0.6068518826432191, "yscale39": 0.6068518826432191, "zscale39": 0.6068518826432191, "Cab40": 42.272344915702575, "Cw40": 0.03577895196304117, "xscale40": 0.5964897928473223, "yscale40": 0.5964897928473223, "zscale40": 0.5964897928473223, "Cab41": 74.29076603938107, "Cw41": 0.03087166827811834, "xscale41": 0.4416664552371033, "yscale41": 0.4416664552371033, "zscale41": 0.4416664552371033, "Cab42": 68.0143482919135, "Cw42": 0.016911330218722997, "xscale42": 0.5557191328034794, "yscale42": 0.5557191328034794, "zscale42": 0.5557191328034794, "Cab43": 76.81314563277188, "Cw43": 0.01273419446385117, "xscale43": 0.583474062799403, "yscale43": 0.583474062799403, "zscale43": 0.583474062799403, "Cab44": 84.7406679090958, "Cw44": 0.027284963261497132, "xscale44": 0.4356538715821462, "yscale44": 0.4356538715821462, "zscale44": 0.4356538715821462, "Cab45": 68.27999093691085, "Cw45": 0.010230025286605784, "xscale45": 0.2729128121017172, "yscale45": 0.2729128121017172, "zscale45": 0.2729128121017172, "Cab46": 84.73940842810983, "Cw46": 0.01353257093056436, "xscale46": 0.5307644688107507, "yscale46": 0.5307644688107507, "zscale46": 0.5307644688107507, "Cab47": 33.28977290845026, "Cw47": 0.03006199601699827, "xscale47": 0.48985175282438737, "yscale47": 0.48985175282438737, "zscale47": 0.48985175282438737, "Cab48": 82.72566100740717, "Cw48": 0.01382814086556734, "xscale48": 0.6710181374197217, "yscale48": 0.6710181374197217, "zscale48": 0.6710181374197217, "Cab49": 84.04946363404716, "Cw49": 0.04387224580393422, "xscale49": 0.5625638808656732, "yscale49": 0.5625638808656732, "zscale49": 0.5625638808656732, "Cab50": 32.49681173504023, "Cw50": 0.04767057198107793, "xscale50": 0.7195081300986914, "yscale50": 0.7195081300986914, "zscale50": 0.7195081300986914, "Cab51": 46.929043763783675, "Cw51": 0.020243719681663736, "xscale51": 0.8105556853981782, "yscale51": 0.8105556853981782, "zscale51": 0.8105556853981782, "Cab52": 65.6160339862979, "Cw52": 0.014198749963336863,