{"Cab0": 59.74519432590234, "Cw0": 0.048322369818871044, "xscale0": 0.7003406105987982, "yscale0": 0.7003406105987982, "zscale0": 0.7003406105987982, "Cab1": 64.91109776850621, "Cw1": 0.039614791264147915, "xscale1": 0.6353163187018532, "yscale1": 0.6353163187018532, "zscale1": 0.6353163187018532, "Cab2": 85.74860291828219, "Cw2": 0.03210746530625269, "xscale2": 0.5660572252521393, "yscale2": 0.5660572252521393, "zscale2": 0.5660572252521393, "Cab3": 68.29084294158866, "Cw3": 0.04463421060839096, "xscale3": 0.4685252047071902, "yscale3": 0.4685252047071902, "zscale3": 0.4685252047071902, "Cab4": 74.03462234179672, "Cw4": 0.014871734100779247, "xscale4": 0.6270776159810596, "yscale4": 0.6270776159810596, "zscale4": 0.6270776159810596, "Cab5": 72.4962593950032, "Cw5": 0.028393251591904756, "xscale5": 0.6926643585879074, "yscale5": 0.6926643585879074, "zscale5": 0.6926643585879074, "Cab6": 85.79336581634618, "Cw6": 0.048115393347810606, "xscale6": 0.5031907034314891, "yscale6": 0.5031907034314891, "zscale6": 0.5031907034314891, "Cab7": 54.43962585830961, "Cw7": 0.03160612303595219, "xscale7": 0.5654025302114668, "yscale7": 0.5654025302114668, "zscale7": 0.5654025302114668, "Cab8": 29.140202241624717, "Cw8": 0.03690856902934521, "xscale8": 0.5820438973978108, "yscale8": 0.5820438973978108, "zscale8": 0.5820438973978108, "Cab9": 31.769875674064224, "Cw9": 0.038935434846381706, "xscale9": 0.7199201243101837, "yscale9": 0.7199201243101837, "zscale9": 0.7199201243101837, "Cab10": 46.23964369760817, "Cw10": 0.04699544670445126, "xscale10": 0.4444354139638826, "yscale10": 0.4444354139638826, "zscale10": 0.4444354139638826, "Cab11": 82.77532085202193, "Cw11": 0.03184336413330007, "xscale11": 0.6434072654879509, "yscale11": 0.6434072654879509, "zscale11": 0.6434072654879509, "Cab12": 30.32960394547736, "Cw12": 0.03172866356038192, "xscale12": 0.4832556264135993, "yscale12": 0.4832556264135993, "zscale12": 0.4832556264135993, "Cab13": 64.99704792910148, "Cw13": 0.0330881780081547, "xscale13": 0.645723098377485, "yscale13": 0.645723098377485, "zscale13": 0.645723098377485, "Cab14": 26.165755629772608, "Cw14": 0.02114569922073272, "xscale14": 0.6572894674165761, "yscale14": 0.6572894674165761, "zscale14": 0.6572894674165761, "Cab15": 43.02412907890398, "Cw15": 0.04361340575305063, "xscale15": 0.5019140945751019, "yscale15": 0.5019140945751019, "zscale15": 0.5019140945751019, "Cab16": 54.625830173168104, "Cw16": 0.010972149850337037, "xscale16": 0.6281798719719147, "yscale16": 0.6281798719719147, "zscale16": 0.6281798719719147, "Cab17": 88.06330108612934, "Cw17": 0.048934402660377914, "xscale17": 0.5768858900037108, "yscale17": 0.5768858900037108, "zscale17": 0.5768858900037108, "Cab18": 65.07713584216184, "Cw18": 0.03210733144963115, "xscale18": 0.5327987272281579, "yscale18": 0.5327987272281579, "zscale18": 0.5327987272281579, "Cab19": 37.71948560468445, "Cw19": 0.01649472060643297, "xscale19": 0.5089175582561424, "yscale19": 0.5089175582561424, "zscale19": 0.5089175582561424, "Cab20": 29.413971106546374, "Cw20": 0.03994086915848844, "xscale20": 0.5993621321809389, "yscale20": 0.5993621321809389, "zscale20": 0.5993621321809389, "Cab21": 77.00375406687033, "Cw21": 0.031444395233087785, "xscale21": 0.6070693581181127, "yscale21": 0.6070693581181127, "zscale21": 0.6070693581181127, "Cab22": 69.5670067403511, "Cw22": 0.013411648037285806, "xscale22": 0.5505503560251657, "yscale22": 0.5505503560251657, "zscale22": 0.5505503560251657, "Cab23": 23.646712820075923, "Cw23": 0.01187788204219162, "xscale23": 0.6955380123345045, "yscale23": 0.6955380123345045, "zscale23": 0.6955380123345045, "Cab24": 51.61504988867688, "Cw24": 0.01650163767665378, "xscale24": 0.5205314547331023, "yscale24": 0.5205314547331023, "zscale24": 0.5205314547331023, "Cab25": 84.53680810870591, "Cw25": 0.02957731909436452, "xscale25": 0.6291040703821933, "yscale25": 0.6291040703821933, "zscale25": 0.6291040703821933, "Cab26": 49.09555990654755, "Cw26": 0.010323806400299307, "xscale26": 0.5753431240308141, "yscale26": 0.5753431240308141, "zscale26": 0.5753431240308141, "Cab27": 37.612142218720635, "Cw27": 0.047744202172532675, "xscale27": 0.3798039389553452, "yscale27": 0.3798039389553452, "zscale27": 0.3798039389553452, "Cab28": 24.306405928212982, "Cw28": 0.024498331694607793, "xscale28": 0.37736579890432864, "yscale28": 0.37736579890432864, "zscale28": 0.37736579890432864, "Cab29": 87.82346554705656, "Cw29": 0.024380199578002873, "xscale29": 0.5946763796251117, "yscale29": 0.5946763796251117, "zscale29": 0.5946763796251117, "Cab30": 51.106836727740536, "Cw30": 0.01847204347999816, "xscale30": 0.4318754431851074, "yscale30": 0.4318754431851074, "zscale30": 0.4318754431851074, "Cab31": 46.59678959821595, "Cw31": 0.03529666861523992, "xscale31": 0.6317417646899117, "yscale31": 0.6317417646899117, "zscale31": 0.6317417646899117, "Cab32": 82.7652185762052, "Cw32": 0.04139996642915974, "xscale32": 0.4634594510893708, "yscale32": 0.4634594510893708, "zscale32": 0.4634594510893708, "Cab33": 68.40504283746952, "Cw33": 0.04701423976800051, "xscale33": 0.4062201256388066, "yscale33": 0.4062201256388066, "zscale33": 0.4062201256388066, "Cab34": 33.0318158796958, "Cw34": 0.012951611363240537, "xscale34": 0.48239941732187086, "yscale34": 0.48239941732187086, "zscale34": 0.48239941732187086, "Cab35": 48.19766499391402, "Cw35": 0.022662195487276184, "xscale35": 0.4955134876969782, "yscale35": 0.4955134876969782, "zscale35": 0.4955134876969782, "Cab36": 23.12804359465073, "Cw36": 0.04720942092878187, "xscale36": 0.5414444971640529, "yscale36": 0.5414444971640529, "zscale36": 0.5414444971640529, "Cab37": 73.74313795237623, "Cw37": 0.01761574144759906, "xscale37": 0.42598492406114563, "yscale37": 0.42598492406114563, "zscale37": 0.42598492406114563, "Cab38": 52.448537761529316, "Cw38": 0.015415293080079887, "xscale38": 0.4195571953922471, "yscale38": 0.4195571953922471, "zscale38": 0.4195571953922471, "Cab39": 47.95959520458668, "Cw39": 0.02301266480201116, "xscale39": 0.5301746569690182, "yscale39": 0.5301746569690182, "zscale39": 0.5301746569690182, "Cab40": 58.27803732901543, "Cw40": 0.028890635995788456, "xscale40": 0.5849760426722221, "yscale40": 0.5849760426722221, "zscale40": 0.5849760426722221, "Cab41": 28.36875592005705, "Cw41": 0.015985525018513642, "xscale41": 0.46425183858038455, "yscale41": 0.46425183858038455, "zscale41": 0.46425183858038455, "Cab42": 45.872900262576195, "Cw42": 0.03574288120995246, "xscale42": 0.5594119715530806, "yscale42": 0.5594119715530806, "zscale42": 0.5594119715530806, "Cab43": 76.40311178592032, "Cw43": 0.01863234234202859, "xscale43": 0.5115273567191222, "yscale43": 0.5115273567191222, "zscale43": 0.5115273567191222, "Cab44": 54.78000172351873, "Cw44": 0.018511067932668674, "xscale44": 0.36835094361716797, "yscale44": 0.36835094361716797, "zscale44": 0.36835094361716797, "Cab45": 42.45919693209633, "Cw45": 0.021627954026345653, "xscale45": 0.37780202587147416, "yscale45": 0.37780202587147416, "zscale45": 0.37780202587147416, "Cab46": 59.791204687380834, "Cw46": 0.03944970579432221, "xscale46": 0.5022316350123899, "yscale46": 0.5022316350123899, "zscale46": 0.5022316350123899, "Cab47": 70.43592512126554, "Cw47": 0.011758472739730061, "xscale47": 0.5958576451047969, "yscale47": 0.5958576451047969, "zscale47": 0.5958576451047969, "Cab48": 80.37253261739983, "Cw48": 0.035394241654278805, "xscale48": 0.586265615123042, "yscale48": 0.586265615123042, "zscale48": 0.586265615123042, "Cab49": 50.7685726228017, "Cw49": 0.04938943305560899, "xscale49": 0.40864053976992964, "yscale49": 0.40864053976992964, "zscale49": 0.40864053976992964, "Cab50": 73.15890485754724, "Cw50": 0.015390102111597949, "xscale50": 0.70791816936502, "yscale50": 0.70791816936502, "zscale50": 0.70791816936502, "Cab51": 36.31811097131847, "Cw51": 0.04670575657150336, "xscale51": 0.8003600305136697, "yscale51": 0.8003600305136697, "zscale51": 0.8003600305136697, "Cab52": 42.26635767160195,