{"Cab0": 41.08879812630292, "Cw0": 0.025764193994986785, "xscale0": 0.7447699929285264, "yscale0": 0.7447699929285264, "zscale0": 0.7447699929285264, "Cab1": 48.61817922750412, "Cw1": 0.016749265221174196, "xscale1": 0.4769725540180652, "yscale1": 0.4769725540180652, "zscale1": 0.4769725540180652, "Cab2": 82.69997007388756, "Cw2": 0.0406617351591421, "xscale2": 0.5966749262294312, "yscale2": 0.5966749262294312, "zscale2": 0.5966749262294312, "Cab3": 38.57056501095488, "Cw3": 0.025397278933517, "xscale3": 0.5931137739805769, "yscale3": 0.5931137739805769, "zscale3": 0.5931137739805769, "Cab4": 22.834439582503798, "Cw4": 0.02645840418915653, "xscale4": 0.6059388730313142, "yscale4": 0.6059388730313142, "zscale4": 0.6059388730313142, "Cab5": 33.03851114000376, "Cw5": 0.015306733280219486, "xscale5": 0.8550477483844021, "yscale5": 0.8550477483844021, "zscale5": 0.8550477483844021, "Cab6": 39.52292544724928, "Cw6": 0.04958327009589877, "xscale6": 0.5151941884906486, "yscale6": 0.5151941884906486, "zscale6": 0.5151941884906486, "Cab7": 49.58109545757766, "Cw7": 0.03508297461097932, "xscale7": 0.6468948839326947, "yscale7": 0.6468948839326947, "zscale7": 0.6468948839326947, "Cab8": 65.59108359384786, "Cw8": 0.027600575219128863, "xscale8": 0.5515360107798205, "yscale8": 0.5515360107798205, "zscale8": 0.5515360107798205, "Cab9": 21.697903052773576, "Cw9": 0.03588703807252173, "xscale9": 0.7753621992617507, "yscale9": 0.7753621992617507, "zscale9": 0.7753621992617507, "Cab10": 49.896424641704805, "Cw10": 0.035547455227948034, "xscale10": 0.4311402147628335, "yscale10": 0.4311402147628335, "zscale10": 0.4311402147628335, "Cab11": 83.23378230611334, "Cw11": 0.013421844780221081, "xscale11": 0.5295047514225365, "yscale11": 0.5295047514225365, "zscale11": 0.5295047514225365, "Cab12": 59.097967315293864, "Cw12": 0.045748083083080364, "xscale12": 0.5702151250784345, "yscale12": 0.5702151250784345, "zscale12": 0.5702151250784345, "Cab13": 72.42763844013575, "Cw13": 0.029558560005628037, "xscale13": 0.6741849604356597, "yscale13": 0.6741849604356597, "zscale13": 0.6741849604356597, "Cab14": 22.7523430135102, "Cw14": 0.04579253911119267, "xscale14": 0.48324926381645333, "yscale14": 0.48324926381645333, "zscale14": 0.48324926381645333, "Cab15": 31.0696756738572, "Cw15": 0.04535260721800297, "xscale15": 0.49290325120114437, "yscale15": 0.49290325120114437, "zscale15": 0.49290325120114437, "Cab16": 59.38466546432171, "Cw16": 0.026745088671863988, "xscale16": 0.5929484070482244, "yscale16": 0.5929484070482244, "zscale16": 0.5929484070482244, "Cab17": 88.53878799612026, "Cw17": 0.0161062428363578, "xscale17": 0.4783328765407917, "yscale17": 0.4783328765407917, "zscale17": 0.4783328765407917, "Cab18": 79.30173829886672, "Cw18": 0.012105872899797032, "xscale18": 0.7046274198246439, "yscale18": 0.7046274198246439, "zscale18": 0.7046274198246439, "Cab19": 26.878778955895985, "Cw19": 0.031108553315468482, "xscale19": 0.6326182722102272, "yscale19": 0.6326182722102272, "zscale19": 0.6326182722102272, "Cab20": 77.89933136308352, "Cw20": 0.02157741210967387, "xscale20": 0.6117864260483101, "yscale20": 0.6117864260483101, "zscale20": 0.6117864260483101, "Cab21": 44.36808085052863, "Cw21": 0.02613862210762806, "xscale21": 0.5509266835201948, "yscale21": 0.5509266835201948, "zscale21": 0.5509266835201948, "Cab22": 59.357367257901274, "Cw22": 0.04123374428432968, "xscale22": 0.5127975104334564, "yscale22": 0.5127975104334564, "zscale22": 0.5127975104334564, "Cab23": 51.72391631040313, "Cw23": 0.019048734180851352, "xscale23": 0.6143889258927744, "yscale23": 0.6143889258927744, "zscale23": 0.6143889258927744, "Cab24": 58.24732952263444, "Cw24": 0.017193045851347306, "xscale24": 0.5784808905770475, "yscale24": 0.5784808905770475, "zscale24": 0.5784808905770475, "Cab25": 64.08538937761506, "Cw25": 0.02787315461189461, "xscale25": 0.4990053301980461, "yscale25": 0.4990053301980461, "zscale25": 0.4990053301980461, "Cab26": 66.92732468909418, "Cw26": 0.016788465508843574, "xscale26": 0.7278669591557463, "yscale26": 0.7278669591557463, "zscale26": 0.7278669591557463, "Cab27": 58.54536563319664, "Cw27": 0.025573643267660165, "xscale27": 0.46390784750199, "yscale27": 0.46390784750199, "zscale27": 0.46390784750199, "Cab28": 32.46123116256892, "Cw28": 0.04054782858184081, "xscale28": 0.48241863935645385, "yscale28": 0.48241863935645385, "zscale28": 0.48241863935645385, "Cab29": 54.06014389933991, "Cw29": 0.013503385824752016, "xscale29": 0.5343155324584752, "yscale29": 0.5343155324584752, "zscale29": 0.5343155324584752, "Cab30": 24.27878237535305, "Cw30": 0.018961776737977068, "xscale30": 0.3393404512791877, "yscale30": 0.3393404512791877, "zscale30": 0.3393404512791877, "Cab31": 35.512932269596774, "Cw31": 0.02596347092636255, "xscale31": 0.5247891777465064, "yscale31": 0.5247891777465064, "zscale31": 0.5247891777465064, "Cab32": 39.201989312200304, "Cw32": 0.012234652052136813, "xscale32": 0.41884221162180396, "yscale32": 0.41884221162180396, "zscale32": 0.41884221162180396, "Cab33": 37.10014784330258, "Cw33": 0.016999872267237, "xscale33": 0.417239843026392, "yscale33": 0.417239843026392, "zscale33": 0.417239843026392, "Cab34": 44.270703456186126, "Cw34": 0.03476310889644999, "xscale34": 0.5945994823860477, "yscale34": 0.5945994823860477, "zscale34": 0.5945994823860477, "Cab35": 78.28650741067355, "Cw35": 0.02862898531584214, "xscale35": 0.4359795321043888, "yscale35": 0.4359795321043888, "zscale35": 0.4359795321043888, "Cab36": 49.43739582684019, "Cw36": 0.032455634525589944, "xscale36": 0.6834510815674332, "yscale36": 0.6834510815674332, "zscale36": 0.6834510815674332, "Cab37": 78.0142540732297, "Cw37": 0.019394514743374894, "xscale37": 0.4006942414717586, "yscale37": 0.4006942414717586, "zscale37": 0.4006942414717586, "Cab38": 65.87334578681377, "Cw38": 0.04189042864645593, "xscale38": 0.5057570574433444, "yscale38": 0.5057570574433444, "zscale38": 0.5057570574433444, "Cab39": 28.611489416154637, "Cw39": 0.04926644447597789, "xscale39": 0.6823672613976709, "yscale39": 0.6823672613976709, "zscale39": 0.6823672613976709, "Cab40": 26.88647360265582, "Cw40": 0.028598202531630874, "xscale40": 0.6095704448135485, "yscale40": 0.6095704448135485, "zscale40": 0.6095704448135485, "Cab41": 60.944579364523975, "Cw41": 0.020254249475068, "xscale41": 0.5034388041207214, "yscale41": 0.5034388041207214, "zscale41": 0.5034388041207214, "Cab42": 66.30409625143503, "Cw42": 0.01354136907860847, "xscale42": 0.617687707820814, "yscale42": 0.617687707820814, "zscale42": 0.617687707820814, "Cab43": 63.994775752673846, "Cw43": 0.014511901808848022, "xscale43": 0.6858853235947701, "yscale43": 0.6858853235947701, "zscale43": 0.6858853235947701, "Cab44": 70.23827119742626, "Cw44": 0.01339611381255661, "xscale44": 0.4501832767500876, "yscale44": 0.4501832767500876, "zscale44": 0.4501832767500876, "Cab45": 73.46465239239136, "Cw45": 0.04252776429884971, "xscale45": 0.3079487531369854, "yscale45": 0.3079487531369854, "zscale45": 0.3079487531369854, "Cab46": 58.3827448944715, "Cw46": 0.04354462921612104, "xscale46": 0.4304574264277292, "yscale46": 0.4304574264277292, "zscale46": 0.4304574264277292, "Cab47": 58.67179814824751, "Cw47": 0.02586062731758878, "xscale47": 0.5511860833529549, "yscale47": 0.5511860833529549, "zscale47": 0.5511860833529549, "Cab48": 64.68175327922197, "Cw48": 0.021581431672065263, "xscale48": 0.7797821491309367, "yscale48": 0.7797821491309367, "zscale48": 0.7797821491309367, "Cab49": 64.55479565342719, "Cw49": 0.027796331725471364, "xscale49": 0.5477479147623883, "yscale49": 0.5477479147623883, "zscale49": 0.5477479147623883, "Cab50": 53.439929496816625, "Cw50": 0.01072035677862596, "xscale50": 0.7103724460454688, "yscale50": 0.7103724460454688, "zscale50": 0.7103724460454688, "Cab51": 51.25493674039005, "Cw51": 0.02980776001743518, "xscale51": 0.5735879538727536, "yscale51": 0.5735879538727536, "zscale51": 0.5735879538727536, "Cab52": 43.207106163168575, "Cw52": 0.02320399655311273,