{"Cab0": 50.81434888123742, "Cw0": 0.035398848957691395, "xscale0": 0.6383366883898446, "yscale0": 0.6383366883898446, "zscale0": 0.6383366883898446, "Cab1": 27.79764705436219, "Cw1": 0.04237753055131835, "xscale1": 0.5283943140928715, "yscale1": 0.5283943140928715, "zscale1": 0.5283943140928715, "Cab2": 48.370172432368655, "Cw2": 0.0396339337868397, "xscale2": 0.5901546646281031, "yscale2": 0.5901546646281031, "zscale2": 0.5901546646281031, "Cab3": 45.97894555601546, "Cw3": 0.04248538659440694, "xscale3": 0.41895334357785574, "yscale3": 0.41895334357785574, "zscale3": 0.41895334357785574, "Cab4": 20.212050417518903, "Cw4": 0.014396312660654744, "xscale4": 0.6104006079284117, "yscale4": 0.6104006079284117, "zscale4": 0.6104006079284117, "Cab5": 44.59805747707056, "Cw5": 0.03451452852842404, "xscale5": 0.6161130634877311, "yscale5": 0.6161130634877311, "zscale5": 0.6161130634877311, "Cab6": 68.09510321435228, "Cw6": 0.024816460911123946, "xscale6": 0.5754101111212867, "yscale6": 0.5754101111212867, "zscale6": 0.5754101111212867, "Cab7": 80.48378157252621, "Cw7": 0.028928219275802587, "xscale7": 0.5803304823669737, "yscale7": 0.5803304823669737, "zscale7": 0.5803304823669737, "Cab8": 74.90918055681574, "Cw8": 0.03975761240206133, "xscale8": 0.5370895209006639, "yscale8": 0.5370895209006639, "zscale8": 0.5370895209006639, "Cab9": 36.55581078269631, "Cw9": 0.03588133508863791, "xscale9": 0.5584907411762031, "yscale9": 0.5584907411762031, "zscale9": 0.5584907411762031, "Cab10": 50.28928101863603, "Cw10": 0.03771059090498199, "xscale10": 0.5804299887621281, "yscale10": 0.5804299887621281, "zscale10": 0.5804299887621281, "Cab11": 55.899688137962755, "Cw11": 0.0328936667350758, "xscale11": 0.5950271014638896, "yscale11": 0.5950271014638896, "zscale11": 0.5950271014638896, "Cab12": 36.98750587798337, "Cw12": 0.02014883914730831, "xscale12": 0.45765167178330457, "yscale12": 0.45765167178330457, "zscale12": 0.45765167178330457, "Cab13": 31.647543693415727, "Cw13": 0.01890974962003769, "xscale13": 0.7416126516125596, "yscale13": 0.7416126516125596, "zscale13": 0.7416126516125596, "Cab14": 24.77041435867642, "Cw14": 0.023368595025855823, "xscale14": 0.48022992781121593, "yscale14": 0.48022992781121593, "zscale14": 0.48022992781121593, "Cab15": 30.704549569021985, "Cw15": 0.030665182417009912, "xscale15": 0.6019123049048958, "yscale15": 0.6019123049048958, "zscale15": 0.6019123049048958, "Cab16": 41.302457457938615, "Cw16": 0.03055049742684844, "xscale16": 0.6929782799187293, "yscale16": 0.6929782799187293, "zscale16": 0.6929782799187293, "Cab17": 31.96355883475166, "Cw17": 0.03936870726563284, "xscale17": 0.49597376328121623, "yscale17": 0.49597376328121623, "zscale17": 0.49597376328121623, "Cab18": 25.249357446964268, "Cw18": 0.042343064207179475, "xscale18": 0.6491227674262129, "yscale18": 0.6491227674262129, "zscale18": 0.6491227674262129, "Cab19": 57.56797828666137, "Cw19": 0.03157521411369696, "xscale19": 0.5671749912082434, "yscale19": 0.5671749912082434, "zscale19": 0.5671749912082434, "Cab20": 57.718444690107994, "Cw20": 0.04436373482437969, "xscale20": 0.73480300955071, "yscale20": 0.73480300955071, "zscale20": 0.73480300955071, "Cab21": 71.20363627303607, "Cw21": 0.013805298025223909, "xscale21": 0.5175242504506905, "yscale21": 0.5175242504506905, "zscale21": 0.5175242504506905, "Cab22": 35.98395048653982, "Cw22": 0.02084965158462406, "xscale22": 0.49411733902317534, "yscale22": 0.49411733902317534, "zscale22": 0.49411733902317534, "Cab23": 23.568988661678947, "Cw23": 0.01137527205951375, "xscale23": 0.6846356282489192, "yscale23": 0.6846356282489192, "zscale23": 0.6846356282489192, "Cab24": 57.5568846515677, "Cw24": 0.020468497901107625, "xscale24": 0.46997902283450643, "yscale24": 0.46997902283450643, "zscale24": 0.46997902283450643, "Cab25": 20.542429212354158, "Cw25": 0.0394753272488742, "xscale25": 0.5296440757214734, "yscale25": 0.5296440757214734, "zscale25": 0.5296440757214734, "Cab26": 78.45818451515831, "Cw26": 0.03624020192219452, "xscale26": 0.6138756586993386, "yscale26": 0.6138756586993386, "zscale26": 0.6138756586993386, "Cab27": 69.05013936599642, "Cw27": 0.01231150861885884, "xscale27": 0.40174240604066, "yscale27": 0.40174240604066, "zscale27": 0.40174240604066, "Cab28": 89.58798082920146, "Cw28": 0.03182135356939102, "xscale28": 0.43168805742274935, "yscale28": 0.43168805742274935, "zscale28": 0.43168805742274935, "Cab29": 47.46231134656951, "Cw29": 0.026685037514280495, "xscale29": 0.5505472079920528, "yscale29": 0.5505472079920528, "zscale29": 0.5505472079920528, "Cab30": 67.33456536758051, "Cw30": 0.03864323639220825, "xscale30": 0.3440430464495935, "yscale30": 0.3440430464495935, "zscale30": 0.3440430464495935, "Cab31": 80.8333498725412, "Cw31": 0.03492298074450972, "xscale31": 0.6773524386625326, "yscale31": 0.6773524386625326, "zscale31": 0.6773524386625326, "Cab32": 31.521481545440196, "Cw32": 0.01683261675990463, "xscale32": 0.5070978085732037, "yscale32": 0.5070978085732037, "zscale32": 0.5070978085732037, "Cab33": 84.2304061819889, "Cw33": 0.014625876012815286, "xscale33": 0.529016641904283, "yscale33": 0.529016641904283, "zscale33": 0.529016641904283, "Cab34": 45.31252599186041, "Cw34": 0.017130666798862097, "xscale34": 0.598997656259905, "yscale34": 0.598997656259905, "zscale34": 0.598997656259905, "Cab35": 45.5791622252597, "Cw35": 0.02921111260497042, "xscale35": 0.4671204334513799, "yscale35": 0.4671204334513799, "zscale35": 0.4671204334513799, "Cab36": 35.3423914830678, "Cw36": 0.029876116933744708, "xscale36": 0.6667858437048615, "yscale36": 0.6667858437048615, "zscale36": 0.6667858437048615, "Cab37": 42.34179520520168, "Cw37": 0.023833904833863738, "xscale37": 0.4969401106991361, "yscale37": 0.4969401106991361, "zscale37": 0.4969401106991361, "Cab38": 50.09484964730468, "Cw38": 0.03881630571138603, "xscale38": 0.5577185209332068, "yscale38": 0.5577185209332068, "zscale38": 0.5577185209332068, "Cab39": 24.123863621305464, "Cw39": 0.049480949456163895, "xscale39": 0.6500131446373746, "yscale39": 0.6500131446373746, "zscale39": 0.6500131446373746, "Cab40": 32.47574121436656, "Cw40": 0.04679532107050824, "xscale40": 0.616995830776318, "yscale40": 0.616995830776318, "zscale40": 0.616995830776318, "Cab41": 82.32763479176069, "Cw41": 0.014465176517208099, "xscale41": 0.4489633782514887, "yscale41": 0.4489633782514887, "zscale41": 0.4489633782514887, "Cab42": 63.63972582375049, "Cw42": 0.04916948443102055, "xscale42": 0.5738927750317301, "yscale42": 0.5738927750317301, "zscale42": 0.5738927750317301, "Cab43": 21.31154297863763, "Cw43": 0.016308422880275356, "xscale43": 0.637252930059717, "yscale43": 0.637252930059717, "zscale43": 0.637252930059717, "Cab44": 72.98405884225639, "Cw44": 0.018181349724288573, "xscale44": 0.44377292606604846, "yscale44": 0.44377292606604846, "zscale44": 0.44377292606604846, "Cab45": 78.74447690723478, "Cw45": 0.018137455063656743, "xscale45": 0.3014305008178014, "yscale45": 0.3014305008178014, "zscale45": 0.3014305008178014, "Cab46": 89.7016511150977, "Cw46": 0.012813494852356548, "xscale46": 0.4520573300535414, "yscale46": 0.4520573300535414, "zscale46": 0.4520573300535414, "Cab47": 85.50491869710696, "Cw47": 0.011748658168901093, "xscale47": 0.43905332426756855, "yscale47": 0.43905332426756855, "zscale47": 0.43905332426756855, "Cab48": 29.172804522360675, "Cw48": 0.016011052922789967, "xscale48": 0.5483887598701555, "yscale48": 0.5483887598701555, "zscale48": 0.5483887598701555, "Cab49": 34.691465588335554, "Cw49": 0.04075653380465028, "xscale49": 0.6004188538096794, "yscale49": 0.6004188538096794, "zscale49": 0.6004188538096794, "Cab50": 72.13867872445674, "Cw50": 0.030671366017258943, "xscale50": 0.6286799947741053, "yscale50": 0.6286799947741053, "zscale50": 0.6286799947741053, "Cab51": 25.316450007527752, "Cw51": 0.016493189509824435, "xscale51": 0.7152242035620081, "yscale51": 0.7152242035620081, "zscale51": 0.7152242035620081, "Cab52": 84.11485694995366, "Cw52": 0.02422299350520629,