{"Cab0": 56.83096983159713, "Cw0": 0.035244669388339776, "xscale0": 0.6940180130940745, "yscale0": 0.6940180130940745, "zscale0": 0.6940180130940745, "Cab1": 27.70233182497499, "Cw1": 0.02280072161322401, "xscale1": 0.5323539968388168, "yscale1": 0.5323539968388168, "zscale1": 0.5323539968388168, "Cab2": 25.95229879584826, "Cw2": 0.032792508304280474, "xscale2": 0.7186800443103543, "yscale2": 0.7186800443103543, "zscale2": 0.7186800443103543, "Cab3": 21.494548063480945, "Cw3": 0.04545617982019332, "xscale3": 0.5645881924870998, "yscale3": 0.5645881924870998, "zscale3": 0.5645881924870998, "Cab4": 40.001921127772874, "Cw4": 0.02512335788646137, "xscale4": 0.6391904754315038, "yscale4": 0.6391904754315038, "zscale4": 0.6391904754315038, "Cab5": 75.77276055932711, "Cw5": 0.039218853724895524, "xscale5": 0.6996528796867255, "yscale5": 0.6996528796867255, "zscale5": 0.6996528796867255, "Cab6": 37.77339374844874, "Cw6": 0.013773482094534484, "xscale6": 0.5207529277706031, "yscale6": 0.5207529277706031, "zscale6": 0.5207529277706031, "Cab7": 44.56202395574911, "Cw7": 0.02266045493643385, "xscale7": 0.5384146342126833, "yscale7": 0.5384146342126833, "zscale7": 0.5384146342126833, "Cab8": 89.84498911962076, "Cw8": 0.028626602173893498, "xscale8": 0.4732437550165983, "yscale8": 0.4732437550165983, "zscale8": 0.4732437550165983, "Cab9": 45.02253571888856, "Cw9": 0.019328565858415414, "xscale9": 0.7169240708575464, "yscale9": 0.7169240708575464, "zscale9": 0.7169240708575464, "Cab10": 67.88347296369227, "Cw10": 0.04885308946155983, "xscale10": 0.5596490580899277, "yscale10": 0.5596490580899277, "zscale10": 0.5596490580899277, "Cab11": 77.89215222662381, "Cw11": 0.03623812303514538, "xscale11": 0.5966997292865651, "yscale11": 0.5966997292865651, "zscale11": 0.5966997292865651, "Cab12": 83.7563680154017, "Cw12": 0.03403452639923344, "xscale12": 0.5628423642865599, "yscale12": 0.5628423642865599, "zscale12": 0.5628423642865599, "Cab13": 50.95670429203227, "Cw13": 0.024993833199930225, "xscale13": 0.6370032185944187, "yscale13": 0.6370032185944187, "zscale13": 0.6370032185944187, "Cab14": 28.59452833677422, "Cw14": 0.016494145130619198, "xscale14": 0.5492923482286229, "yscale14": 0.5492923482286229, "zscale14": 0.5492923482286229, "Cab15": 31.616077397027283, "Cw15": 0.02743117978763597, "xscale15": 0.6124382513040356, "yscale15": 0.6124382513040356, "zscale15": 0.6124382513040356, "Cab16": 67.35711417849473, "Cw16": 0.040209820952265746, "xscale16": 0.6514555541976554, "yscale16": 0.6514555541976554, "zscale16": 0.6514555541976554, "Cab17": 82.64859636344016, "Cw17": 0.023678631911829125, "xscale17": 0.5616857002676932, "yscale17": 0.5616857002676932, "zscale17": 0.5616857002676932, "Cab18": 47.07325774560429, "Cw18": 0.03467750563016485, "xscale18": 0.5722617959751894, "yscale18": 0.5722617959751894, "zscale18": 0.5722617959751894, "Cab19": 61.86223030731634, "Cw19": 0.033475076289443496, "xscale19": 0.6251730042762291, "yscale19": 0.6251730042762291, "zscale19": 0.6251730042762291, "Cab20": 80.00747013819165, "Cw20": 0.013120005564329613, "xscale20": 0.7530474006926899, "yscale20": 0.7530474006926899, "zscale20": 0.7530474006926899, "Cab21": 76.17585386199093, "Cw21": 0.038995177487497444, "xscale21": 0.4750129228676106, "yscale21": 0.4750129228676106, "zscale21": 0.4750129228676106, "Cab22": 48.96751397338309, "Cw22": 0.026595306749647676, "xscale22": 0.5024083482540386, "yscale22": 0.5024083482540386, "zscale22": 0.5024083482540386, "Cab23": 51.868224742290494, "Cw23": 0.011515894678815678, "xscale23": 0.5695271339461663, "yscale23": 0.5695271339461663, "zscale23": 0.5695271339461663, "Cab24": 71.44102507945333, "Cw24": 0.03788531077828178, "xscale24": 0.5398692492377386, "yscale24": 0.5398692492377386, "zscale24": 0.5398692492377386, "Cab25": 71.47925817177142, "Cw25": 0.018669323175496615, "xscale25": 0.564918292746266, "yscale25": 0.564918292746266, "zscale25": 0.564918292746266, "Cab26": 49.220942074103704, "Cw26": 0.03600899926164711, "xscale26": 0.5261366630249629, "yscale26": 0.5261366630249629, "zscale26": 0.5261366630249629, "Cab27": 54.98377402106057, "Cw27": 0.02467928618459321, "xscale27": 0.45857449872898876, "yscale27": 0.45857449872898876, "zscale27": 0.45857449872898876, "Cab28": 28.755230324979767, "Cw28": 0.0364723198430192, "xscale28": 0.4875783593247007, "yscale28": 0.4875783593247007, "zscale28": 0.4875783593247007, "Cab29": 74.40896143649766, "Cw29": 0.023093035434272498, "xscale29": 0.5658555953413298, "yscale29": 0.5658555953413298, "zscale29": 0.5658555953413298, "Cab30": 29.75750168075247, "Cw30": 0.04681510216151684, "xscale30": 0.3863695293749877, "yscale30": 0.3863695293749877, "zscale30": 0.3863695293749877, "Cab31": 74.76568450611688, "Cw31": 0.0429580278646855, "xscale31": 0.5161099205477324, "yscale31": 0.5161099205477324, "zscale31": 0.5161099205477324, "Cab32": 80.56816551592138, "Cw32": 0.02365262603402881, "xscale32": 0.5101490062000797, "yscale32": 0.5101490062000797, "zscale32": 0.5101490062000797, "Cab33": 72.93042028861123, "Cw33": 0.04920328679599197, "xscale33": 0.5670043865169733, "yscale33": 0.5670043865169733, "zscale33": 0.5670043865169733, "Cab34": 23.114889519842006, "Cw34": 0.03963781182397621, "xscale34": 0.4846449402766989, "yscale34": 0.4846449402766989, "zscale34": 0.4846449402766989, "Cab35": 74.99467328003809, "Cw35": 0.024470342886987188, "xscale35": 0.4571820059922069, "yscale35": 0.4571820059922069, "zscale35": 0.4571820059922069, "Cab36": 62.35700726678961, "Cw36": 0.014050116180650867, "xscale36": 0.6269564989486439, "yscale36": 0.6269564989486439, "zscale36": 0.6269564989486439, "Cab37": 31.578931759920316, "Cw37": 0.015176911743748498, "xscale37": 0.408741235269772, "yscale37": 0.408741235269772, "zscale37": 0.408741235269772, "Cab38": 83.69089289868066, "Cw38": 0.011216237676265393, "xscale38": 0.3947415117174664, "yscale38": 0.3947415117174664, "zscale38": 0.3947415117174664, "Cab39": 31.631320163898128, "Cw39": 0.0426599917725933, "xscale39": 0.707691601469845, "yscale39": 0.707691601469845, "zscale39": 0.707691601469845, "Cab40": 21.0392509939929, "Cw40": 0.03608910954279262, "xscale40": 0.5790821187963606, "yscale40": 0.5790821187963606, "zscale40": 0.5790821187963606, "Cab41": 44.36799033407473, "Cw41": 0.02781072670571881, "xscale41": 0.634294746905533, "yscale41": 0.634294746905533, "zscale41": 0.634294746905533, "Cab42": 41.158805948850656, "Cw42": 0.01658572968332034, "xscale42": 0.4863792932533591, "yscale42": 0.4863792932533591, "zscale42": 0.4863792932533591, "Cab43": 66.531202976543, "Cw43": 0.045982713571090066, "xscale43": 0.5638606440822576, "yscale43": 0.5638606440822576, "zscale43": 0.5638606440822576, "Cab44": 74.76760801265318, "Cw44": 0.03067659289357033, "xscale44": 0.40356216564841835, "yscale44": 0.40356216564841835, "zscale44": 0.40356216564841835, "Cab45": 21.002136488612063, "Cw45": 0.014201623333453149, "xscale45": 0.32911034919894744, "yscale45": 0.32911034919894744, "zscale45": 0.32911034919894744, "Cab46": 84.83420389703366, "Cw46": 0.03554962259908757, "xscale46": 0.42646413343553646, "yscale46": 0.42646413343553646, "zscale46": 0.42646413343553646, "Cab47": 81.27516295676443, "Cw47": 0.02785479098582272, "xscale47": 0.5491664008253595, "yscale47": 0.5491664008253595, "zscale47": 0.5491664008253595, "Cab48": 28.196834426152137, "Cw48": 0.040954965546976634, "xscale48": 0.5979020722809016, "yscale48": 0.5979020722809016, "zscale48": 0.5979020722809016, "Cab49": 36.26531899158008, "Cw49": 0.019327480952954747, "xscale49": 0.4285377254421743, "yscale49": 0.4285377254421743, "zscale49": 0.4285377254421743, "Cab50": 44.18301355946857, "Cw50": 0.03500098427514834, "xscale50": 0.6136814161149347, "yscale50": 0.6136814161149347, "zscale50": 0.6136814161149347, "Cab51": 21.873861790719413, "Cw51": 0.04352519979615763, "xscale51": 0.7805216713216672, "yscale51": 0.7805216713216672, "zscale51": 0.7805216713216672, "Cab52": 61.18343914476412, "Cw52": 0.028119436919942342,