{"Cab0": 69.31572533842723, "Cw0": 0.02441994305533881, "xscale0": 0.5846363036841278, "yscale0": 0.5846363036841278, "zscale0": 0.5846363036841278, "Cab1": 26.457770937993985, "Cw1": 0.029123311638223917, "xscale1": 0.696658573941721, "yscale1": 0.696658573941721, "zscale1": 0.696658573941721, "Cab2": 42.92320472649794, "Cw2": 0.036628410815244324, "xscale2": 0.7615667813351329, "yscale2": 0.7615667813351329, "zscale2": 0.7615667813351329, "Cab3": 71.31495065334516, "Cw3": 0.02959401176665391, "xscale3": 0.44703665910837326, "yscale3": 0.44703665910837326, "zscale3": 0.44703665910837326, "Cab4": 85.33231005226968, "Cw4": 0.04382804617246204, "xscale4": 0.6311322448574346, "yscale4": 0.6311322448574346, "zscale4": 0.6311322448574346, "Cab5": 69.9508836508548, "Cw5": 0.020226588808561128, "xscale5": 0.6155349317179308, "yscale5": 0.6155349317179308, "zscale5": 0.6155349317179308, "Cab6": 81.47868779375257, "Cw6": 0.044152781047779324, "xscale6": 0.5706107387187567, "yscale6": 0.5706107387187567, "zscale6": 0.5706107387187567, "Cab7": 66.82403188321351, "Cw7": 0.03375607591755682, "xscale7": 0.45312044138744423, "yscale7": 0.45312044138744423, "zscale7": 0.45312044138744423, "Cab8": 84.92236398940518, "Cw8": 0.029589736404471927, "xscale8": 0.47649255767585025, "yscale8": 0.47649255767585025, "zscale8": 0.47649255767585025, "Cab9": 31.726486928001243, "Cw9": 0.03617515439208846, "xscale9": 0.7785080816965775, "yscale9": 0.7785080816965775, "zscale9": 0.7785080816965775, "Cab10": 71.65323916733794, "Cw10": 0.018694636851350355, "xscale10": 0.4775124669038434, "yscale10": 0.4775124669038434, "zscale10": 0.4775124669038434, "Cab11": 81.77106989556725, "Cw11": 0.039703656976380904, "xscale11": 0.5469773327916723, "yscale11": 0.5469773327916723, "zscale11": 0.5469773327916723, "Cab12": 75.88990345231367, "Cw12": 0.0294903971389828, "xscale12": 0.5724739101622122, "yscale12": 0.5724739101622122, "zscale12": 0.5724739101622122, "Cab13": 80.71416442700036, "Cw13": 0.02160175142070936, "xscale13": 0.6234887305731599, "yscale13": 0.6234887305731599, "zscale13": 0.6234887305731599, "Cab14": 41.99256728106826, "Cw14": 0.018534567359710853, "xscale14": 0.44007587423327293, "yscale14": 0.44007587423327293, "zscale14": 0.44007587423327293, "Cab15": 32.08559479209446, "Cw15": 0.015301061593037422, "xscale15": 0.6863229771772164, "yscale15": 0.6863229771772164, "zscale15": 0.6863229771772164, "Cab16": 55.318493265319255, "Cw16": 0.02804647987534923, "xscale16": 0.5371479090908167, "yscale16": 0.5371479090908167, "zscale16": 0.5371479090908167, "Cab17": 60.58362101294981, "Cw17": 0.02525822847116241, "xscale17": 0.4710734551114242, "yscale17": 0.4710734551114242, "zscale17": 0.4710734551114242, "Cab18": 60.87223648601532, "Cw18": 0.018320120273009034, "xscale18": 0.7173275766469884, "yscale18": 0.7173275766469884, "zscale18": 0.7173275766469884, "Cab19": 63.590601457402265, "Cw19": 0.04661088816330903, "xscale19": 0.6161018031063222, "yscale19": 0.6161018031063222, "zscale19": 0.6161018031063222, "Cab20": 46.86010504369324, "Cw20": 0.020813999943472262, "xscale20": 0.6221961364058882, "yscale20": 0.6221961364058882, "zscale20": 0.6221961364058882, "Cab21": 73.03600247251785, "Cw21": 0.036468381919814725, "xscale21": 0.5661802014893662, "yscale21": 0.5661802014893662, "zscale21": 0.5661802014893662, "Cab22": 23.859641240585287, "Cw22": 0.04228569498260192, "xscale22": 0.5647178879032252, "yscale22": 0.5647178879032252, "zscale22": 0.5647178879032252, "Cab23": 65.55083269715516, "Cw23": 0.022163283581599674, "xscale23": 0.688418196588596, "yscale23": 0.688418196588596, "zscale23": 0.688418196588596, "Cab24": 77.48327651914846, "Cw24": 0.03072471355468797, "xscale24": 0.5538164277534839, "yscale24": 0.5538164277534839, "zscale24": 0.5538164277534839, "Cab25": 38.19750349870242, "Cw25": 0.040847178518149695, "xscale25": 0.5058494121645911, "yscale25": 0.5058494121645911, "zscale25": 0.5058494121645911, "Cab26": 22.19954047353401, "Cw26": 0.031083609848535997, "xscale26": 0.5891725923974265, "yscale26": 0.5891725923974265, "zscale26": 0.5891725923974265, "Cab27": 42.28182510359347, "Cw27": 0.020607404579092284, "xscale27": 0.4130836351731511, "yscale27": 0.4130836351731511, "zscale27": 0.4130836351731511, "Cab28": 21.0576603674998, "Cw28": 0.028502515455802672, "xscale28": 0.4227550596156041, "yscale28": 0.4227550596156041, "zscale28": 0.4227550596156041, "Cab29": 21.710715879904516, "Cw29": 0.03355830533223262, "xscale29": 0.7039486971019197, "yscale29": 0.7039486971019197, "zscale29": 0.7039486971019197, "Cab30": 26.185173405494368, "Cw30": 0.02994368130670058, "xscale30": 0.3755081846994976, "yscale30": 0.3755081846994976, "zscale30": 0.3755081846994976, "Cab31": 54.81292473397829, "Cw31": 0.04743078384999505, "xscale31": 0.5547423730783831, "yscale31": 0.5547423730783831, "zscale31": 0.5547423730783831, "Cab32": 58.5070506746439, "Cw32": 0.038972672864923404, "xscale32": 0.5216317212913055, "yscale32": 0.5216317212913055, "zscale32": 0.5216317212913055, "Cab33": 64.45062656185047, "Cw33": 0.012662226730375084, "xscale33": 0.41356068276269814, "yscale33": 0.41356068276269814, "zscale33": 0.41356068276269814, "Cab34": 36.87966961649633, "Cw34": 0.03900671244013782, "xscale34": 0.5423328306084315, "yscale34": 0.5423328306084315, "zscale34": 0.5423328306084315, "Cab35": 83.27094327945122, "Cw35": 0.023565882037569437, "xscale35": 0.38320669855764533, "yscale35": 0.38320669855764533, "zscale35": 0.38320669855764533, "Cab36": 20.35902891172717, "Cw36": 0.03451881736118441, "xscale36": 0.6864179568827656, "yscale36": 0.6864179568827656, "zscale36": 0.6864179568827656, "Cab37": 60.774535622565416, "Cw37": 0.03922687188023769, "xscale37": 0.38079650084928235, "yscale37": 0.38079650084928235, "zscale37": 0.38079650084928235, "Cab38": 80.52187652224407, "Cw38": 0.04347634211427912, "xscale38": 0.42239308413941923, "yscale38": 0.42239308413941923, "zscale38": 0.42239308413941923, "Cab39": 28.351413618343898, "Cw39": 0.030238624365144788, "xscale39": 0.6828656405231338, "yscale39": 0.6828656405231338, "zscale39": 0.6828656405231338, "Cab40": 37.76899505940383, "Cw40": 0.03331431535310445, "xscale40": 0.4869866500103493, "yscale40": 0.4869866500103493, "zscale40": 0.4869866500103493, "Cab41": 74.82461764331245, "Cw41": 0.034249823733229205, "xscale41": 0.45619411271656746, "yscale41": 0.45619411271656746, "zscale41": 0.45619411271656746, "Cab42": 54.49398353556562, "Cw42": 0.022960223037714632, "xscale42": 0.5918761911196282, "yscale42": 0.5918761911196282, "zscale42": 0.5918761911196282, "Cab43": 72.28959691504143, "Cw43": 0.023861556286198543, "xscale43": 0.5264466424198773, "yscale43": 0.5264466424198773, "zscale43": 0.5264466424198773, "Cab44": 89.33955531303391, "Cw44": 0.020863957288689075, "xscale44": 0.40843782596949046, "yscale44": 0.40843782596949046, "zscale44": 0.40843782596949046, "Cab45": 60.220609240488, "Cw45": 0.03310488963549728, "xscale45": 0.2861452655779078, "yscale45": 0.2861452655779078, "zscale45": 0.2861452655779078, "Cab46": 24.061042668892924, "Cw46": 0.02255931062388885, "xscale46": 0.5010582740861141, "yscale46": 0.5010582740861141, "zscale46": 0.5010582740861141, "Cab47": 60.14111139237377, "Cw47": 0.024365750105617104, "xscale47": 0.45101723627585716, "yscale47": 0.45101723627585716, "zscale47": 0.45101723627585716, "Cab48": 45.28237537882048, "Cw48": 0.03936092325869079, "xscale48": 0.7020473124632004, "yscale48": 0.7020473124632004, "zscale48": 0.7020473124632004, "Cab49": 21.72123731641735, "Cw49": 0.01732845351911295, "xscale49": 0.6050398802039293, "yscale49": 0.6050398802039293, "zscale49": 0.6050398802039293, "Cab50": 70.6333250888991, "Cw50": 0.04224708103719777, "xscale50": 0.7671131896635984, "yscale50": 0.7671131896635984, "zscale50": 0.7671131896635984, "Cab51": 67.02939661670585, "Cw51": 0.010560835215489655, "xscale51": 0.7401709706204687, "yscale51": 0.7401709706204687, "zscale51": 0.7401709706204687, "Cab52": 88.88798932713698,