{"Cab0": 87.14521174908643, "Cw0": 0.04739679012702943, "xscale0": 0.7969202799091827, "yscale0": 0.7969202799091827, "zscale0": 0.7969202799091827, "Cab1": 74.32582981064022, "Cw1": 0.019798575949953275, "xscale1": 0.5454449083568285, "yscale1": 0.5454449083568285, "zscale1": 0.5454449083568285, "Cab2": 38.99371143072061, "Cw2": 0.03157907841286111, "xscale2": 0.5522956083248132, "yscale2": 0.5522956083248132, "zscale2": 0.5522956083248132, "Cab3": 76.19111207893532, "Cw3": 0.023074125265357688, "xscale3": 0.43684063826169506, "yscale3": 0.43684063826169506, "zscale3": 0.43684063826169506, "Cab4": 80.55590845036758, "Cw4": 0.029298194252500243, "xscale4": 0.5046379853583561, "yscale4": 0.5046379853583561, "zscale4": 0.5046379853583561, "Cab5": 60.23885054178782, "Cw5": 0.04814895772854946, "xscale5": 0.8919173971942429, "yscale5": 0.8919173971942429, "zscale5": 0.8919173971942429, "Cab6": 64.86418966522595, "Cw6": 0.043629424685048795, "xscale6": 0.4533530540752222, "yscale6": 0.4533530540752222, "zscale6": 0.4533530540752222, "Cab7": 81.29965101566864, "Cw7": 0.029271898215441787, "xscale7": 0.5743107663711315, "yscale7": 0.5743107663711315, "zscale7": 0.5743107663711315, "Cab8": 66.0758229736473, "Cw8": 0.03155673426683761, "xscale8": 0.6229282875655286, "yscale8": 0.6229282875655286, "zscale8": 0.6229282875655286, "Cab9": 29.704948815204247, "Cw9": 0.028662826225672386, "xscale9": 0.5934052192497623, "yscale9": 0.5934052192497623, "zscale9": 0.5934052192497623, "Cab10": 47.06266575054729, "Cw10": 0.04872738905480487, "xscale10": 0.423381118296185, "yscale10": 0.423381118296185, "zscale10": 0.423381118296185, "Cab11": 65.18427047447395, "Cw11": 0.03772527844792221, "xscale11": 0.5724273158731386, "yscale11": 0.5724273158731386, "zscale11": 0.5724273158731386, "Cab12": 52.11533510334121, "Cw12": 0.04283810537943577, "xscale12": 0.5673944326567407, "yscale12": 0.5673944326567407, "zscale12": 0.5673944326567407, "Cab13": 72.99095056632407, "Cw13": 0.022149189987767905, "xscale13": 0.6753505310541918, "yscale13": 0.6753505310541918, "zscale13": 0.6753505310541918, "Cab14": 28.199445301550206, "Cw14": 0.0151953317064938, "xscale14": 0.6037179727603332, "yscale14": 0.6037179727603332, "zscale14": 0.6037179727603332, "Cab15": 54.57228976550652, "Cw15": 0.025813895813144735, "xscale15": 0.6103439783043377, "yscale15": 0.6103439783043377, "zscale15": 0.6103439783043377, "Cab16": 22.82726810987586, "Cw16": 0.04196698779644664, "xscale16": 0.501134506334247, "yscale16": 0.501134506334247, "zscale16": 0.501134506334247, "Cab17": 73.74023789503914, "Cw17": 0.04993722899311685, "xscale17": 0.6739558195598102, "yscale17": 0.6739558195598102, "zscale17": 0.6739558195598102, "Cab18": 63.6289137351758, "Cw18": 0.03418551293046566, "xscale18": 0.7210272952218352, "yscale18": 0.7210272952218352, "zscale18": 0.7210272952218352, "Cab19": 55.89879129425105, "Cw19": 0.024632323914437988, "xscale19": 0.4476383844386058, "yscale19": 0.4476383844386058, "zscale19": 0.4476383844386058, "Cab20": 71.6610486218961, "Cw20": 0.029776663863627956, "xscale20": 0.6960874290862031, "yscale20": 0.6960874290862031, "zscale20": 0.6960874290862031, "Cab21": 24.155273362671394, "Cw21": 0.03358724184867312, "xscale21": 0.495561027330941, "yscale21": 0.495561027330941, "zscale21": 0.495561027330941, "Cab22": 26.847119758140778, "Cw22": 0.021242027486943944, "xscale22": 0.513193541695936, "yscale22": 0.513193541695936, "zscale22": 0.513193541695936, "Cab23": 49.08696796940666, "Cw23": 0.032606008002303274, "xscale23": 0.7017499579389607, "yscale23": 0.7017499579389607, "zscale23": 0.7017499579389607, "Cab24": 35.65601480297819, "Cw24": 0.045762697129153304, "xscale24": 0.4736636488851499, "yscale24": 0.4736636488851499, "zscale24": 0.4736636488851499, "Cab25": 80.06363172965905, "Cw25": 0.04496957502757283, "xscale25": 0.6730720517313317, "yscale25": 0.6730720517313317, "zscale25": 0.6730720517313317, "Cab26": 53.608105987291836, "Cw26": 0.03428579565721224, "xscale26": 0.6259307352524686, "yscale26": 0.6259307352524686, "zscale26": 0.6259307352524686, "Cab27": 75.54964168050134, "Cw27": 0.045349654074553124, "xscale27": 0.3839115906830214, "yscale27": 0.3839115906830214, "zscale27": 0.3839115906830214, "Cab28": 61.60553783732793, "Cw28": 0.048032659330593294, "xscale28": 0.4311864417239219, "yscale28": 0.4311864417239219, "zscale28": 0.4311864417239219, "Cab29": 25.467625857492635, "Cw29": 0.013481916869925201, "xscale29": 0.5278297560793872, "yscale29": 0.5278297560793872, "zscale29": 0.5278297560793872, "Cab30": 50.27086440619825, "Cw30": 0.0346572436402968, "xscale30": 0.36128881642799415, "yscale30": 0.36128881642799415, "zscale30": 0.36128881642799415, "Cab31": 57.60700814800081, "Cw31": 0.03649999954267828, "xscale31": 0.699861715510295, "yscale31": 0.699861715510295, "zscale31": 0.699861715510295, "Cab32": 54.72706102669951, "Cw32": 0.02580511577305715, "xscale32": 0.5229385960580462, "yscale32": 0.5229385960580462, "zscale32": 0.5229385960580462, "Cab33": 89.11650673863454, "Cw33": 0.021366701100989448, "xscale33": 0.4783076698043952, "yscale33": 0.4783076698043952, "zscale33": 0.4783076698043952, "Cab34": 27.972793914291035, "Cw34": 0.02760678793239007, "xscale34": 0.5966707011032394, "yscale34": 0.5966707011032394, "zscale34": 0.5966707011032394, "Cab35": 31.174907721004544, "Cw35": 0.04245497032284904, "xscale35": 0.4782750507906016, "yscale35": 0.4782750507906016, "zscale35": 0.4782750507906016, "Cab36": 52.12596924779291, "Cw36": 0.014796411489309994, "xscale36": 0.6864923959777542, "yscale36": 0.6864923959777542, "zscale36": 0.6864923959777542, "Cab37": 54.502442015562586, "Cw37": 0.03080838793002809, "xscale37": 0.3707271685844288, "yscale37": 0.3707271685844288, "zscale37": 0.3707271685844288, "Cab38": 40.32465802976552, "Cw38": 0.025603530599158215, "xscale38": 0.4208347112851355, "yscale38": 0.4208347112851355, "zscale38": 0.4208347112851355, "Cab39": 48.22072185055323, "Cw39": 0.021203436114768538, "xscale39": 0.5134696891232151, "yscale39": 0.5134696891232151, "zscale39": 0.5134696891232151, "Cab40": 48.499437850282305, "Cw40": 0.03755128931061403, "xscale40": 0.5675873092502177, "yscale40": 0.5675873092502177, "zscale40": 0.5675873092502177, "Cab41": 22.082952597088152, "Cw41": 0.02903819968779249, "xscale41": 0.47032683859679614, "yscale41": 0.47032683859679614, "zscale41": 0.47032683859679614, "Cab42": 27.727903366370285, "Cw42": 0.02224934159871801, "xscale42": 0.5657322382337722, "yscale42": 0.5657322382337722, "zscale42": 0.5657322382337722, "Cab43": 36.958933675397965, "Cw43": 0.04675281698804737, "xscale43": 0.7015273676107787, "yscale43": 0.7015273676107787, "zscale43": 0.7015273676107787, "Cab44": 65.56297353299793, "Cw44": 0.026465786230601494, "xscale44": 0.4535033392431402, "yscale44": 0.4535033392431402, "zscale44": 0.4535033392431402, "Cab45": 21.785050406859554, "Cw45": 0.020841745165936558, "xscale45": 0.3620298680524029, "yscale45": 0.3620298680524029, "zscale45": 0.3620298680524029, "Cab46": 20.957309766492635, "Cw46": 0.032513064204954985, "xscale46": 0.5395388426718872, "yscale46": 0.5395388426718872, "zscale46": 0.5395388426718872, "Cab47": 69.1698849564915, "Cw47": 0.04166298870027688, "xscale47": 0.5520534370726953, "yscale47": 0.5520534370726953, "zscale47": 0.5520534370726953, "Cab48": 42.8089135999055, "Cw48": 0.04220272570349935, "xscale48": 0.6641703061321552, "yscale48": 0.6641703061321552, "zscale48": 0.6641703061321552, "Cab49": 20.665297071826025, "Cw49": 0.02868559461966847, "xscale49": 0.5027802108887623, "yscale49": 0.5027802108887623, "zscale49": 0.5027802108887623, "Cab50": 53.65013404831268, "Cw50": 0.025882253570577787, "xscale50": 0.7181348095390795, "yscale50": 0.7181348095390795, "zscale50": 0.7181348095390795, "Cab51": 72.94235240715518, "Cw51": 0.036211085961133746, "xscale51": 0.7358599223159981, "yscale51": 0.7358599223159981, "zscale51": 0.7358599223159981, "Cab52": 20.61855739262192, "Cw52": 0.047033318791243436,