{"Cab0": 77.45254057720066, "Cw0": 0.03616466639295836, "xscale0": 0.6395115837711428, "yscale0": 0.6395115837711428, "zscale0": 0.6395115837711428, "Cab1": 36.36908412364723, "Cw1": 0.01146414766337216, "xscale1": 0.6724961668416483, "yscale1": 0.6724961668416483, "zscale1": 0.6724961668416483, "Cab2": 61.058061122028725, "Cw2": 0.021876510810020074, "xscale2": 0.6596391254015767, "yscale2": 0.6596391254015767, "zscale2": 0.6596391254015767, "Cab3": 86.2076936360424, "Cw3": 0.011768238700328318, "xscale3": 0.45982348282419117, "yscale3": 0.45982348282419117, "zscale3": 0.45982348282419117, "Cab4": 39.80110544255475, "Cw4": 0.023446940081814218, "xscale4": 0.5738647617434053, "yscale4": 0.5738647617434053, "zscale4": 0.5738647617434053, "Cab5": 40.74407281187797, "Cw5": 0.019797151458356067, "xscale5": 0.8021500471973091, "yscale5": 0.8021500471973091, "zscale5": 0.8021500471973091, "Cab6": 48.62344717010991, "Cw6": 0.039250784595759376, "xscale6": 0.6382284516911709, "yscale6": 0.6382284516911709, "zscale6": 0.6382284516911709, "Cab7": 39.09264399660841, "Cw7": 0.04176081335126398, "xscale7": 0.4685164140800463, "yscale7": 0.4685164140800463, "zscale7": 0.4685164140800463, "Cab8": 74.94213147886529, "Cw8": 0.022105804894052943, "xscale8": 0.6084381536314813, "yscale8": 0.6084381536314813, "zscale8": 0.6084381536314813, "Cab9": 85.93636230665476, "Cw9": 0.01720634659252311, "xscale9": 0.5448934361166298, "yscale9": 0.5448934361166298, "zscale9": 0.5448934361166298, "Cab10": 47.56404120508202, "Cw10": 0.03926697555861089, "xscale10": 0.5922610510953795, "yscale10": 0.5922610510953795, "zscale10": 0.5922610510953795, "Cab11": 49.44052067433417, "Cw11": 0.015809604245910474, "xscale11": 0.5319249130410819, "yscale11": 0.5319249130410819, "zscale11": 0.5319249130410819, "Cab12": 33.40528086494581, "Cw12": 0.022203193135910862, "xscale12": 0.6364284499757998, "yscale12": 0.6364284499757998, "zscale12": 0.6364284499757998, "Cab13": 85.85686371238644, "Cw13": 0.020944621307294325, "xscale13": 0.6453355815066012, "yscale13": 0.6453355815066012, "zscale13": 0.6453355815066012, "Cab14": 56.05220507737311, "Cw14": 0.03556428495909517, "xscale14": 0.6221806285651633, "yscale14": 0.6221806285651633, "zscale14": 0.6221806285651633, "Cab15": 49.14265839901488, "Cw15": 0.04662731415681964, "xscale15": 0.5981742965110455, "yscale15": 0.5981742965110455, "zscale15": 0.5981742965110455, "Cab16": 20.644517827510494, "Cw16": 0.024611913365244334, "xscale16": 0.6134766437949407, "yscale16": 0.6134766437949407, "zscale16": 0.6134766437949407, "Cab17": 52.00553180745802, "Cw17": 0.034029366482317816, "xscale17": 0.6399500469986638, "yscale17": 0.6399500469986638, "zscale17": 0.6399500469986638, "Cab18": 22.993954597238943, "Cw18": 0.03512721952975982, "xscale18": 0.7462148624282916, "yscale18": 0.7462148624282916, "zscale18": 0.7462148624282916, "Cab19": 56.092604790205925, "Cw19": 0.04665846343908309, "xscale19": 0.5611133961762241, "yscale19": 0.5611133961762241, "zscale19": 0.5611133961762241, "Cab20": 33.46107887748923, "Cw20": 0.010220536084494079, "xscale20": 0.5628637550054498, "yscale20": 0.5628637550054498, "zscale20": 0.5628637550054498, "Cab21": 79.24737910947289, "Cw21": 0.02828911551662975, "xscale21": 0.6255627169919561, "yscale21": 0.6255627169919561, "zscale21": 0.6255627169919561, "Cab22": 32.546823711153614, "Cw22": 0.030228808202947162, "xscale22": 0.5801439859643513, "yscale22": 0.5801439859643513, "zscale22": 0.5801439859643513, "Cab23": 85.88971138228857, "Cw23": 0.027619313486412597, "xscale23": 0.5728919162095687, "yscale23": 0.5728919162095687, "zscale23": 0.5728919162095687, "Cab24": 38.760590955572965, "Cw24": 0.04984291565245702, "xscale24": 0.5843838032227738, "yscale24": 0.5843838032227738, "zscale24": 0.5843838032227738, "Cab25": 85.63946746282461, "Cw25": 0.048936481862078864, "xscale25": 0.7152838596858453, "yscale25": 0.7152838596858453, "zscale25": 0.7152838596858453, "Cab26": 89.97670198725287, "Cw26": 0.03804377795231397, "xscale26": 0.6845510057065743, "yscale26": 0.6845510057065743, "zscale26": 0.6845510057065743, "Cab27": 76.52251037959465, "Cw27": 0.034147136610764336, "xscale27": 0.38633750983234527, "yscale27": 0.38633750983234527, "zscale27": 0.38633750983234527, "Cab28": 75.02859509916469, "Cw28": 0.04464136229228913, "xscale28": 0.4611077872102443, "yscale28": 0.4611077872102443, "zscale28": 0.4611077872102443, "Cab29": 26.130546973843206, "Cw29": 0.02386313694324472, "xscale29": 0.5189617857032519, "yscale29": 0.5189617857032519, "zscale29": 0.5189617857032519, "Cab30": 46.746249184511534, "Cw30": 0.016136574060665758, "xscale30": 0.32967915244692997, "yscale30": 0.32967915244692997, "zscale30": 0.32967915244692997, "Cab31": 88.98934109144604, "Cw31": 0.026963537002220955, "xscale31": 0.5843426436599164, "yscale31": 0.5843426436599164, "zscale31": 0.5843426436599164, "Cab32": 31.781988533333024, "Cw32": 0.0403734468936524, "xscale32": 0.46168495039672025, "yscale32": 0.46168495039672025, "zscale32": 0.46168495039672025, "Cab33": 28.79302600679773, "Cw33": 0.034177496367025356, "xscale33": 0.4428363339118515, "yscale33": 0.4428363339118515, "zscale33": 0.4428363339118515, "Cab34": 33.5737736995085, "Cw34": 0.04088185074612066, "xscale34": 0.5852897113445229, "yscale34": 0.5852897113445229, "zscale34": 0.5852897113445229, "Cab35": 32.37585636649525, "Cw35": 0.036140635256711885, "xscale35": 0.4640108995481363, "yscale35": 0.4640108995481363, "zscale35": 0.4640108995481363, "Cab36": 66.87755084726804, "Cw36": 0.034768238249864955, "xscale36": 0.6964662315395885, "yscale36": 0.6964662315395885, "zscale36": 0.6964662315395885, "Cab37": 71.55693484669118, "Cw37": 0.01929827701709425, "xscale37": 0.4005214890075447, "yscale37": 0.4005214890075447, "zscale37": 0.4005214890075447, "Cab38": 24.68710899740283, "Cw38": 0.046148873754214725, "xscale38": 0.4990761961213875, "yscale38": 0.4990761961213875, "zscale38": 0.4990761961213875, "Cab39": 49.95630684396675, "Cw39": 0.04438296551760079, "xscale39": 0.49597388807022696, "yscale39": 0.49597388807022696, "zscale39": 0.49597388807022696, "Cab40": 37.507708348207906, "Cw40": 0.012344653919576194, "xscale40": 0.5286866577521767, "yscale40": 0.5286866577521767, "zscale40": 0.5286866577521767, "Cab41": 80.40645500947971, "Cw41": 0.016321466173896165, "xscale41": 0.6369113538405209, "yscale41": 0.6369113538405209, "zscale41": 0.6369113538405209, "Cab42": 70.39612315050877, "Cw42": 0.04448864505396546, "xscale42": 0.6276336162365508, "yscale42": 0.6276336162365508, "zscale42": 0.6276336162365508, "Cab43": 49.666134952881265, "Cw43": 0.03264945003171065, "xscale43": 0.5995545246503925, "yscale43": 0.5995545246503925, "zscale43": 0.5995545246503925, "Cab44": 81.5360375661974, "Cw44": 0.022954696703068864, "xscale44": 0.4059154298511879, "yscale44": 0.4059154298511879, "zscale44": 0.4059154298511879, "Cab45": 47.544667622258245, "Cw45": 0.03132774213178886, "xscale45": 0.31330941547454744, "yscale45": 0.31330941547454744, "zscale45": 0.31330941547454744, "Cab46": 74.75251759360195, "Cw46": 0.025974267516496882, "xscale46": 0.4121560193034036, "yscale46": 0.4121560193034036, "zscale46": 0.4121560193034036, "Cab47": 28.51884387669089, "Cw47": 0.023531627273954015, "xscale47": 0.6273603648636044, "yscale47": 0.6273603648636044, "zscale47": 0.6273603648636044, "Cab48": 66.26598530500719, "Cw48": 0.020537673346834574, "xscale48": 0.6411727173692973, "yscale48": 0.6411727173692973, "zscale48": 0.6411727173692973, "Cab49": 83.91551660151042, "Cw49": 0.028507991292648353, "xscale49": 0.4196286368755944, "yscale49": 0.4196286368755944, "zscale49": 0.4196286368755944, "Cab50": 27.560847996728384, "Cw50": 0.03379339926630292, "xscale50": 0.6498218280685084, "yscale50": 0.6498218280685084, "zscale50": 0.6498218280685084, "Cab51": 45.74395059244496, "Cw51": 0.029527089206606606, "xscale51": 0.8043206971047657, "yscale51": 0.8043206971047657, "zscale51": 0.8043206971047657, "Cab52": 70.04152391822517,