{"Cab0": 48.77464055721402, "Cw0": 0.036842447388025897, "xscale0": 0.7877163912468813, "yscale0": 0.7877163912468813, "zscale0": 0.7877163912468813, "Cab1": 74.37827375838131, "Cw1": 0.024800101121627185, "xscale1": 0.4793620353701851, "yscale1": 0.4793620353701851, "zscale1": 0.4793620353701851, "Cab2": 75.14785113932909, "Cw2": 0.01785890348662896, "xscale2": 0.5680838732821829, "yscale2": 0.5680838732821829, "zscale2": 0.5680838732821829, "Cab3": 64.59482640491946, "Cw3": 0.04377546467983333, "xscale3": 0.5154884967228277, "yscale3": 0.5154884967228277, "zscale3": 0.5154884967228277, "Cab4": 64.27954872214997, "Cw4": 0.02791120705019321, "xscale4": 0.6347278997750617, "yscale4": 0.6347278997750617, "zscale4": 0.6347278997750617, "Cab5": 22.875719276814117, "Cw5": 0.035381586918106625, "xscale5": 0.9002151408163808, "yscale5": 0.9002151408163808, "zscale5": 0.9002151408163808, "Cab6": 64.10662171772317, "Cw6": 0.03221753023073952, "xscale6": 0.5727125928828986, "yscale6": 0.5727125928828986, "zscale6": 0.5727125928828986, "Cab7": 21.37345148112422, "Cw7": 0.02865705647452317, "xscale7": 0.5369179877840334, "yscale7": 0.5369179877840334, "zscale7": 0.5369179877840334, "Cab8": 22.899613856604024, "Cw8": 0.03774066498216405, "xscale8": 0.6252342077467425, "yscale8": 0.6252342077467425, "zscale8": 0.6252342077467425, "Cab9": 85.02775152271848, "Cw9": 0.013332379985540741, "xscale9": 0.7508560726612578, "yscale9": 0.7508560726612578, "zscale9": 0.7508560726612578, "Cab10": 23.26462982798992, "Cw10": 0.045725410490971445, "xscale10": 0.44672983152412626, "yscale10": 0.44672983152412626, "zscale10": 0.44672983152412626, "Cab11": 49.435456164916104, "Cw11": 0.04530517949438932, "xscale11": 0.7012791460753339, "yscale11": 0.7012791460753339, "zscale11": 0.7012791460753339, "Cab12": 78.75516322670174, "Cw12": 0.023594583216938473, "xscale12": 0.5078383554573043, "yscale12": 0.5078383554573043, "zscale12": 0.5078383554573043, "Cab13": 73.70285797763374, "Cw13": 0.02981407795550175, "xscale13": 0.6139331881190696, "yscale13": 0.6139331881190696, "zscale13": 0.6139331881190696, "Cab14": 75.33477094134699, "Cw14": 0.030274387940482865, "xscale14": 0.6146465503615264, "yscale14": 0.6146465503615264, "zscale14": 0.6146465503615264, "Cab15": 82.5059571744895, "Cw15": 0.031623108547034116, "xscale15": 0.529774857590666, "yscale15": 0.529774857590666, "zscale15": 0.529774857590666, "Cab16": 49.674611972051, "Cw16": 0.04131514154183946, "xscale16": 0.6089668756864294, "yscale16": 0.6089668756864294, "zscale16": 0.6089668756864294, "Cab17": 85.17915633282789, "Cw17": 0.0281964463809928, "xscale17": 0.6448732039251839, "yscale17": 0.6448732039251839, "zscale17": 0.6448732039251839, "Cab18": 53.11264201622455, "Cw18": 0.047370190693303886, "xscale18": 0.6622649608843763, "yscale18": 0.6622649608843763, "zscale18": 0.6622649608843763, "Cab19": 67.90838682702395, "Cw19": 0.0186863248213847, "xscale19": 0.6191208244444117, "yscale19": 0.6191208244444117, "zscale19": 0.6191208244444117, "Cab20": 31.59625997786372, "Cw20": 0.01753823998502132, "xscale20": 0.5477916642416166, "yscale20": 0.5477916642416166, "zscale20": 0.5477916642416166, "Cab21": 59.931186615620774, "Cw21": 0.04238625552349805, "xscale21": 0.5715002195007747, "yscale21": 0.5715002195007747, "zscale21": 0.5715002195007747, "Cab22": 83.55342361654986, "Cw22": 0.019055275858957593, "xscale22": 0.4603308211080341, "yscale22": 0.4603308211080341, "zscale22": 0.4603308211080341, "Cab23": 55.29879041958791, "Cw23": 0.04732193694194646, "xscale23": 0.5418956179133032, "yscale23": 0.5418956179133032, "zscale23": 0.5418956179133032, "Cab24": 51.305354933630255, "Cw24": 0.013538744944257091, "xscale24": 0.5344989533597365, "yscale24": 0.5344989533597365, "zscale24": 0.5344989533597365, "Cab25": 87.33731964413235, "Cw25": 0.023263777507496974, "xscale25": 0.5337860791100193, "yscale25": 0.5337860791100193, "zscale25": 0.5337860791100193, "Cab26": 80.68387122944695, "Cw26": 0.04515591205061821, "xscale26": 0.48989269529955265, "yscale26": 0.48989269529955265, "zscale26": 0.48989269529955265, "Cab27": 88.74478620168351, "Cw27": 0.017084018348199045, "xscale27": 0.43226538534732695, "yscale27": 0.43226538534732695, "zscale27": 0.43226538534732695, "Cab28": 35.79102451492408, "Cw28": 0.010890692940215007, "xscale28": 0.39047218168894876, "yscale28": 0.39047218168894876, "zscale28": 0.39047218168894876, "Cab29": 68.31984584845182, "Cw29": 0.03747579247489069, "xscale29": 0.5166213232726609, "yscale29": 0.5166213232726609, "zscale29": 0.5166213232726609, "Cab30": 69.12200050803855, "Cw30": 0.034257220971574326, "xscale30": 0.42959823455619456, "yscale30": 0.42959823455619456, "zscale30": 0.42959823455619456, "Cab31": 32.56358370055172, "Cw31": 0.014541482645011962, "xscale31": 0.6056613675779785, "yscale31": 0.6056613675779785, "zscale31": 0.6056613675779785, "Cab32": 84.50879228473828, "Cw32": 0.04728589881146429, "xscale32": 0.43214590779203327, "yscale32": 0.43214590779203327, "zscale32": 0.43214590779203327, "Cab33": 30.940031131425364, "Cw33": 0.032673141213434904, "xscale33": 0.4594943279923915, "yscale33": 0.4594943279923915, "zscale33": 0.4594943279923915, "Cab34": 59.51239625972512, "Cw34": 0.01202506538886428, "xscale34": 0.47568441390567706, "yscale34": 0.47568441390567706, "zscale34": 0.47568441390567706, "Cab35": 87.91973473304637, "Cw35": 0.04768540581112096, "xscale35": 0.458529282603078, "yscale35": 0.458529282603078, "zscale35": 0.458529282603078, "Cab36": 78.23859272651583, "Cw36": 0.03651746946337711, "xscale36": 0.7620675729294326, "yscale36": 0.7620675729294326, "zscale36": 0.7620675729294326, "Cab37": 53.06832133002741, "Cw37": 0.04047009928420275, "xscale37": 0.4815947261303533, "yscale37": 0.4815947261303533, "zscale37": 0.4815947261303533, "Cab38": 85.16181208934027, "Cw38": 0.04371717862948762, "xscale38": 0.4782119934573724, "yscale38": 0.4782119934573724, "zscale38": 0.4782119934573724, "Cab39": 88.7317945410076, "Cw39": 0.04185289907922481, "xscale39": 0.6925047056937568, "yscale39": 0.6925047056937568, "zscale39": 0.6925047056937568, "Cab40": 52.888121216729765, "Cw40": 0.045845869771427704, "xscale40": 0.5018677095224386, "yscale40": 0.5018677095224386, "zscale40": 0.5018677095224386, "Cab41": 73.67177289528668, "Cw41": 0.023564172306604333, "xscale41": 0.6248645702156633, "yscale41": 0.6248645702156633, "zscale41": 0.6248645702156633, "Cab42": 26.681172703906874, "Cw42": 0.015433386483644035, "xscale42": 0.47919306887792773, "yscale42": 0.47919306887792773, "zscale42": 0.47919306887792773, "Cab43": 53.79833474685446, "Cw43": 0.04543052187648747, "xscale43": 0.7325534311152343, "yscale43": 0.7325534311152343, "zscale43": 0.7325534311152343, "Cab44": 70.04020816809039, "Cw44": 0.011287804594572456, "xscale44": 0.49371442633507534, "yscale44": 0.49371442633507534, "zscale44": 0.49371442633507534, "Cab45": 64.76205086580771, "Cw45": 0.029241101702924335, "xscale45": 0.32776673765715, "yscale45": 0.32776673765715, "zscale45": 0.32776673765715, "Cab46": 36.99975270842903, "Cw46": 0.03898284072602328, "xscale46": 0.45874276901428485, "yscale46": 0.45874276901428485, "zscale46": 0.45874276901428485, "Cab47": 75.6354779877172, "Cw47": 0.04781194828827183, "xscale47": 0.4368223212900707, "yscale47": 0.4368223212900707, "zscale47": 0.4368223212900707, "Cab48": 63.49765215642851, "Cw48": 0.03983112347661239, "xscale48": 0.644038014417385, "yscale48": 0.644038014417385, "zscale48": 0.644038014417385, "Cab49": 76.73351686155078, "Cw49": 0.02040044517673691, "xscale49": 0.5812661508969911, "yscale49": 0.5812661508969911, "zscale49": 0.5812661508969911, "Cab50": 27.102851785894327, "Cw50": 0.020685116204559623, "xscale50": 0.7075934213083648, "yscale50": 0.7075934213083648, "zscale50": 0.7075934213083648, "Cab51": 54.812583369730326, "Cw51": 0.021628700529514974, "xscale51": 0.7135379984862886, "yscale51": 0.7135379984862886, "zscale51": 0.7135379984862886, "Cab52": 67.43749472136453,