{"Cab0": 63.06534187334891, "Cw0": 0.03161632697246204, "xscale0": 0.644070861828597, "yscale0": 0.644070861828597, "zscale0": 0.644070861828597, "Cab1": 84.29143639948151, "Cw1": 0.01585047263568865, "xscale1": 0.6955805794454427, "yscale1": 0.6955805794454427, "zscale1": 0.6955805794454427, "Cab2": 79.91424420378216, "Cw2": 0.04805987886588433, "xscale2": 0.7226903414480181, "yscale2": 0.7226903414480181, "zscale2": 0.7226903414480181, "Cab3": 22.848908045323945, "Cw3": 0.04330528607231311, "xscale3": 0.409564817260338, "yscale3": 0.409564817260338, "zscale3": 0.409564817260338, "Cab4": 84.9660629934586, "Cw4": 0.04413145896160194, "xscale4": 0.6909035116951675, "yscale4": 0.6909035116951675, "zscale4": 0.6909035116951675, "Cab5": 79.36452395391815, "Cw5": 0.018862538237038155, "xscale5": 0.7328848258269676, "yscale5": 0.7328848258269676, "zscale5": 0.7328848258269676, "Cab6": 36.60983452160389, "Cw6": 0.023963391130171846, "xscale6": 0.5470410828835094, "yscale6": 0.5470410828835094, "zscale6": 0.5470410828835094, "Cab7": 72.30577457138459, "Cw7": 0.03537379750719427, "xscale7": 0.5073504190194325, "yscale7": 0.5073504190194325, "zscale7": 0.5073504190194325, "Cab8": 40.42333248277359, "Cw8": 0.04739684008275678, "xscale8": 0.6403077351617625, "yscale8": 0.6403077351617625, "zscale8": 0.6403077351617625, "Cab9": 73.27594282495451, "Cw9": 0.015740054097311877, "xscale9": 0.7756558867127494, "yscale9": 0.7756558867127494, "zscale9": 0.7756558867127494, "Cab10": 85.65646154444842, "Cw10": 0.043383949006113615, "xscale10": 0.4820583973882798, "yscale10": 0.4820583973882798, "zscale10": 0.4820583973882798, "Cab11": 76.82790116204234, "Cw11": 0.02089434390802533, "xscale11": 0.5567135635585012, "yscale11": 0.5567135635585012, "zscale11": 0.5567135635585012, "Cab12": 69.77697384072763, "Cw12": 0.022844109139666547, "xscale12": 0.5298379968175122, "yscale12": 0.5298379968175122, "zscale12": 0.5298379968175122, "Cab13": 80.92054023924246, "Cw13": 0.03273496089053585, "xscale13": 0.5489345482493583, "yscale13": 0.5489345482493583, "zscale13": 0.5489345482493583, "Cab14": 61.86120751894313, "Cw14": 0.024820116067131894, "xscale14": 0.47333546823488204, "yscale14": 0.47333546823488204, "zscale14": 0.47333546823488204, "Cab15": 50.10546351567913, "Cw15": 0.024972464084757832, "xscale15": 0.6381790151405856, "yscale15": 0.6381790151405856, "zscale15": 0.6381790151405856, "Cab16": 32.66121712748805, "Cw16": 0.03588262124229282, "xscale16": 0.6758868575114338, "yscale16": 0.6758868575114338, "zscale16": 0.6758868575114338, "Cab17": 80.39402404880458, "Cw17": 0.015446188577836218, "xscale17": 0.5890368346721082, "yscale17": 0.5890368346721082, "zscale17": 0.5890368346721082, "Cab18": 75.93418825157863, "Cw18": 0.03805146447488542, "xscale18": 0.5852552869131343, "yscale18": 0.5852552869131343, "zscale18": 0.5852552869131343, "Cab19": 77.6708551005277, "Cw19": 0.027269269231917956, "xscale19": 0.4843663944948733, "yscale19": 0.4843663944948733, "zscale19": 0.4843663944948733, "Cab20": 40.191367023451456, "Cw20": 0.04659244356745583, "xscale20": 0.7240178441577183, "yscale20": 0.7240178441577183, "zscale20": 0.7240178441577183, "Cab21": 87.63090180604335, "Cw21": 0.02581176618026086, "xscale21": 0.4817243818130466, "yscale21": 0.4817243818130466, "zscale21": 0.4817243818130466, "Cab22": 79.37385602674708, "Cw22": 0.03397938820058398, "xscale22": 0.4137223700551121, "yscale22": 0.4137223700551121, "zscale22": 0.4137223700551121, "Cab23": 41.01954355967338, "Cw23": 0.03877166795946512, "xscale23": 0.5317498396869093, "yscale23": 0.5317498396869093, "zscale23": 0.5317498396869093, "Cab24": 81.78947852588522, "Cw24": 0.03875082128647429, "xscale24": 0.47975257466262694, "yscale24": 0.47975257466262694, "zscale24": 0.47975257466262694, "Cab25": 43.159207813622714, "Cw25": 0.030114221611649408, "xscale25": 0.5174832320152345, "yscale25": 0.5174832320152345, "zscale25": 0.5174832320152345, "Cab26": 37.31088620520789, "Cw26": 0.02012236174260172, "xscale26": 0.653693678228041, "yscale26": 0.653693678228041, "zscale26": 0.653693678228041, "Cab27": 83.51616744098776, "Cw27": 0.03364679492265305, "xscale27": 0.38795002779078885, "yscale27": 0.38795002779078885, "zscale27": 0.38795002779078885, "Cab28": 25.937856350861097, "Cw28": 0.03974171423130193, "xscale28": 0.4761707473093111, "yscale28": 0.4761707473093111, "zscale28": 0.4761707473093111, "Cab29": 44.68182559045392, "Cw29": 0.04677413718933706, "xscale29": 0.5021960196982107, "yscale29": 0.5021960196982107, "zscale29": 0.5021960196982107, "Cab30": 68.04294562221574, "Cw30": 0.023855991466669578, "xscale30": 0.3946218889539773, "yscale30": 0.3946218889539773, "zscale30": 0.3946218889539773, "Cab31": 85.45674768113106, "Cw31": 0.03856263002737116, "xscale31": 0.560777219704219, "yscale31": 0.560777219704219, "zscale31": 0.560777219704219, "Cab32": 58.94289033812624, "Cw32": 0.027468372412899143, "xscale32": 0.5478663783489642, "yscale32": 0.5478663783489642, "zscale32": 0.5478663783489642, "Cab33": 87.40721971442869, "Cw33": 0.023629518613765603, "xscale33": 0.4772630461110936, "yscale33": 0.4772630461110936, "zscale33": 0.4772630461110936, "Cab34": 78.75388433885846, "Cw34": 0.035954059238112825, "xscale34": 0.5870010955853215, "yscale34": 0.5870010955853215, "zscale34": 0.5870010955853215, "Cab35": 22.52693363435513, "Cw35": 0.03164654607527908, "xscale35": 0.4680382055625262, "yscale35": 0.4680382055625262, "zscale35": 0.4680382055625262, "Cab36": 43.283579571709424, "Cw36": 0.03138512810614785, "xscale36": 0.6167503090639925, "yscale36": 0.6167503090639925, "zscale36": 0.6167503090639925, "Cab37": 66.63697979347111, "Cw37": 0.038162972991373154, "xscale37": 0.4929875129579665, "yscale37": 0.4929875129579665, "zscale37": 0.4929875129579665, "Cab38": 64.9614551118923, "Cw38": 0.042420526900384115, "xscale38": 0.47720059695188644, "yscale38": 0.47720059695188644, "zscale38": 0.47720059695188644, "Cab39": 25.412883402677245, "Cw39": 0.031055813269954533, "xscale39": 0.6737790035461465, "yscale39": 0.6737790035461465, "zscale39": 0.6737790035461465, "Cab40": 35.15200772568741, "Cw40": 0.0214271513224326, "xscale40": 0.4740822518553534, "yscale40": 0.4740822518553534, "zscale40": 0.4740822518553534, "Cab41": 22.918028164545007, "Cw41": 0.023068252399319613, "xscale41": 0.5784417135992482, "yscale41": 0.5784417135992482, "zscale41": 0.5784417135992482, "Cab42": 68.14238437769092, "Cw42": 0.019241998435466964, "xscale42": 0.46512565047603355, "yscale42": 0.46512565047603355, "zscale42": 0.46512565047603355, "Cab43": 78.24809792730599, "Cw43": 0.04893607997246816, "xscale43": 0.552354536315853, "yscale43": 0.552354536315853, "zscale43": 0.552354536315853, "Cab44": 72.6257560200342, "Cw44": 0.011042100064063894, "xscale44": 0.37009524472619937, "yscale44": 0.37009524472619937, "zscale44": 0.37009524472619937, "Cab45": 20.416848188237367, "Cw45": 0.037093263844814185, "xscale45": 0.2759049060346644, "yscale45": 0.2759049060346644, "zscale45": 0.2759049060346644, "Cab46": 50.59133026995781, "Cw46": 0.035904183701452645, "xscale46": 0.3824521716568324, "yscale46": 0.3824521716568324, "zscale46": 0.3824521716568324, "Cab47": 80.24371104351536, "Cw47": 0.02043464033170312, "xscale47": 0.4616655292880842, "yscale47": 0.4616655292880842, "zscale47": 0.4616655292880842, "Cab48": 27.128985345606687, "Cw48": 0.03220154816636068, "xscale48": 0.7163617254650895, "yscale48": 0.7163617254650895, "zscale48": 0.7163617254650895, "Cab49": 31.946950216077482, "Cw49": 0.015223617514901231, "xscale49": 0.581710549255853, "yscale49": 0.581710549255853, "zscale49": 0.581710549255853, "Cab50": 27.02088505464264, "Cw50": 0.044651123304992366, "xscale50": 0.557157279459155, "yscale50": 0.557157279459155, "zscale50": 0.557157279459155, "Cab51": 21.179175603592398, "Cw51": 0.020030916982460754, "xscale51": 0.7217354221992003, "yscale51": 0.7217354221992003, "zscale51": 0.7217354221992003, "Cab52": 53.8709437798182, "Cw52": 0.046973071891986275,