{"Cab0": 39.04919468472346, "Cw0": 0.02331393269127347, "xscale0": 0.675971087967226, "yscale0": 0.675971087967226, "zscale0": 0.675971087967226, "Cab1": 68.3247552527002, "Cw1": 0.020616289699528917, "xscale1": 0.6800229773773355, "yscale1": 0.6800229773773355, "zscale1": 0.6800229773773355, "Cab2": 45.74422427062367, "Cw2": 0.047495017142269655, "xscale2": 0.6368797773309509, "yscale2": 0.6368797773309509, "zscale2": 0.6368797773309509, "Cab3": 49.85711815160812, "Cw3": 0.03517839016144579, "xscale3": 0.5642643416486796, "yscale3": 0.5642643416486796, "zscale3": 0.5642643416486796, "Cab4": 66.04090850328063, "Cw4": 0.016308853905812635, "xscale4": 0.49934746891717197, "yscale4": 0.49934746891717197, "zscale4": 0.49934746891717197, "Cab5": 31.272757141556568, "Cw5": 0.030347639041158517, "xscale5": 0.6615110342835537, "yscale5": 0.6615110342835537, "zscale5": 0.6615110342835537, "Cab6": 65.21994684127199, "Cw6": 0.02738327853845031, "xscale6": 0.5819024501829906, "yscale6": 0.5819024501829906, "zscale6": 0.5819024501829906, "Cab7": 65.70836171727414, "Cw7": 0.040605275005398254, "xscale7": 0.4659702560403911, "yscale7": 0.4659702560403911, "zscale7": 0.4659702560403911, "Cab8": 20.453398295525947, "Cw8": 0.02785612448589357, "xscale8": 0.6417509613784664, "yscale8": 0.6417509613784664, "zscale8": 0.6417509613784664, "Cab9": 36.47229890037612, "Cw9": 0.01093531333643945, "xscale9": 0.7511208801215967, "yscale9": 0.7511208801215967, "zscale9": 0.7511208801215967, "Cab10": 58.76621091980904, "Cw10": 0.012530399890004137, "xscale10": 0.4201747639437035, "yscale10": 0.4201747639437035, "zscale10": 0.4201747639437035, "Cab11": 43.45976805785358, "Cw11": 0.041125521998822565, "xscale11": 0.7466660910819013, "yscale11": 0.7466660910819013, "zscale11": 0.7466660910819013, "Cab12": 41.58956727365677, "Cw12": 0.038157086042089165, "xscale12": 0.5160445101600378, "yscale12": 0.5160445101600378, "zscale12": 0.5160445101600378, "Cab13": 49.14251829513465, "Cw13": 0.022227970637667488, "xscale13": 0.5507336101164771, "yscale13": 0.5507336101164771, "zscale13": 0.5507336101164771, "Cab14": 64.34921924563727, "Cw14": 0.033701509561272144, "xscale14": 0.6371543871169011, "yscale14": 0.6371543871169011, "zscale14": 0.6371543871169011, "Cab15": 53.15014264072241, "Cw15": 0.04065655905514186, "xscale15": 0.6592911094985668, "yscale15": 0.6592911094985668, "zscale15": 0.6592911094985668, "Cab16": 77.62666322658102, "Cw16": 0.023191947129075692, "xscale16": 0.5077335711821667, "yscale16": 0.5077335711821667, "zscale16": 0.5077335711821667, "Cab17": 77.75119929966579, "Cw17": 0.033488363766008104, "xscale17": 0.563177453837499, "yscale17": 0.563177453837499, "zscale17": 0.563177453837499, "Cab18": 61.49447851857178, "Cw18": 0.03179967006650945, "xscale18": 0.6368089844658129, "yscale18": 0.6368089844658129, "zscale18": 0.6368089844658129, "Cab19": 76.29872597913484, "Cw19": 0.022494459993377437, "xscale19": 0.45194761871816164, "yscale19": 0.45194761871816164, "zscale19": 0.45194761871816164, "Cab20": 67.19580449045992, "Cw20": 0.012316516231367838, "xscale20": 0.684967273260159, "yscale20": 0.684967273260159, "zscale20": 0.684967273260159, "Cab21": 46.20812784659981, "Cw21": 0.03956817488069885, "xscale21": 0.4899535764369234, "yscale21": 0.4899535764369234, "zscale21": 0.4899535764369234, "Cab22": 81.65175745431898, "Cw22": 0.023667256029087907, "xscale22": 0.5128866995649008, "yscale22": 0.5128866995649008, "zscale22": 0.5128866995649008, "Cab23": 76.13313257556837, "Cw23": 0.0354000483113558, "xscale23": 0.6231523176129082, "yscale23": 0.6231523176129082, "zscale23": 0.6231523176129082, "Cab24": 88.81916344580438, "Cw24": 0.026454016622311623, "xscale24": 0.6061991996765643, "yscale24": 0.6061991996765643, "zscale24": 0.6061991996765643, "Cab25": 89.98691221519157, "Cw25": 0.03728034468198176, "xscale25": 0.665434040120444, "yscale25": 0.665434040120444, "zscale25": 0.665434040120444, "Cab26": 43.78750777851822, "Cw26": 0.010042990989628771, "xscale26": 0.68098033859125, "yscale26": 0.68098033859125, "zscale26": 0.68098033859125, "Cab27": 27.214245035279976, "Cw27": 0.0410702325841031, "xscale27": 0.5160544446549445, "yscale27": 0.5160544446549445, "zscale27": 0.5160544446549445, "Cab28": 29.25968196489829, "Cw28": 0.027846646221901604, "xscale28": 0.42657730048940334, "yscale28": 0.42657730048940334, "zscale28": 0.42657730048940334, "Cab29": 78.37165079385478, "Cw29": 0.028445123332474703, "xscale29": 0.6604655524336962, "yscale29": 0.6604655524336962, "zscale29": 0.6604655524336962, "Cab30": 55.25874520586901, "Cw30": 0.036205858798287166, "xscale30": 0.32523171863060457, "yscale30": 0.32523171863060457, "zscale30": 0.32523171863060457, "Cab31": 62.01925667288949, "Cw31": 0.032284884994705755, "xscale31": 0.5275576900338508, "yscale31": 0.5275576900338508, "zscale31": 0.5275576900338508, "Cab32": 58.02846807779723, "Cw32": 0.02007757384936629, "xscale32": 0.44573884517010526, "yscale32": 0.44573884517010526, "zscale32": 0.44573884517010526, "Cab33": 34.43678081886634, "Cw33": 0.04668364223721555, "xscale33": 0.460860600654149, "yscale33": 0.460860600654149, "zscale33": 0.460860600654149, "Cab34": 30.76098105659171, "Cw34": 0.02483889189988258, "xscale34": 0.4647620770540568, "yscale34": 0.4647620770540568, "zscale34": 0.4647620770540568, "Cab35": 54.28805904646685, "Cw35": 0.03264860141814557, "xscale35": 0.444088850071611, "yscale35": 0.444088850071611, "zscale35": 0.444088850071611, "Cab36": 32.66564781470653, "Cw36": 0.04962755493736426, "xscale36": 0.6482907749233433, "yscale36": 0.6482907749233433, "zscale36": 0.6482907749233433, "Cab37": 76.69675008029799, "Cw37": 0.036140622768060265, "xscale37": 0.4822498968373118, "yscale37": 0.4822498968373118, "zscale37": 0.4822498968373118, "Cab38": 26.299741556240534, "Cw38": 0.033687885016856656, "xscale38": 0.4168851931393527, "yscale38": 0.4168851931393527, "zscale38": 0.4168851931393527, "Cab39": 81.63419824960947, "Cw39": 0.041366109061211, "xscale39": 0.5687371369669613, "yscale39": 0.5687371369669613, "zscale39": 0.5687371369669613, "Cab40": 52.309694083396124, "Cw40": 0.011717809967648148, "xscale40": 0.6084679002558205, "yscale40": 0.6084679002558205, "zscale40": 0.6084679002558205, "Cab41": 69.00939423563847, "Cw41": 0.04059977206940159, "xscale41": 0.6057816376453729, "yscale41": 0.6057816376453729, "zscale41": 0.6057816376453729, "Cab42": 59.72987472657374, "Cw42": 0.017446520053554276, "xscale42": 0.563668041465883, "yscale42": 0.563668041465883, "zscale42": 0.563668041465883, "Cab43": 79.09029797545207, "Cw43": 0.049535886047544615, "xscale43": 0.6586818487178107, "yscale43": 0.6586818487178107, "zscale43": 0.6586818487178107, "Cab44": 75.84492040213894, "Cw44": 0.04344373780002768, "xscale44": 0.47594538126873576, "yscale44": 0.47594538126873576, "zscale44": 0.47594538126873576, "Cab45": 23.13187063283338, "Cw45": 0.014245448872772175, "xscale45": 0.3655211183076978, "yscale45": 0.3655211183076978, "zscale45": 0.3655211183076978, "Cab46": 66.18042949634449, "Cw46": 0.036574601746962636, "xscale46": 0.40446165328316647, "yscale46": 0.40446165328316647, "zscale46": 0.40446165328316647, "Cab47": 79.46784489734242, "Cw47": 0.020929792622498545, "xscale47": 0.5758038258138743, "yscale47": 0.5758038258138743, "zscale47": 0.5758038258138743, "Cab48": 88.2732056348634, "Cw48": 0.02879779898825236, "xscale48": 0.6387403507364691, "yscale48": 0.6387403507364691, "zscale48": 0.6387403507364691, "Cab49": 56.144390225135105, "Cw49": 0.014611164914955253, "xscale49": 0.6108765699944825, "yscale49": 0.6108765699944825, "zscale49": 0.6108765699944825, "Cab50": 62.42247073074902, "Cw50": 0.03865283194293522, "xscale50": 0.6440350799204931, "yscale50": 0.6440350799204931, "zscale50": 0.6440350799204931, "Cab51": 39.07073520189495, "Cw51": 0.04579859059298899, "xscale51": 0.6327570798846653, "yscale51": 0.6327570798846653, "zscale51": 0.6327570798846653, "Cab52": 82.40782687602551, "Cw52": 0.03771005656662241,