{"Cab0": 50.67894172580512, "Cw0": 0.011690644996099406, "xscale0": 0.6911953668079662, "yscale0": 0.6911953668079662, "zscale0": 0.6911953668079662, "Cab1": 86.14334905831957, "Cw1": 0.042023777153839086, "xscale1": 0.5977760365172302, "yscale1": 0.5977760365172302, "zscale1": 0.5977760365172302, "Cab2": 55.82130681520465, "Cw2": 0.026054928812162252, "xscale2": 0.5673448457618133, "yscale2": 0.5673448457618133, "zscale2": 0.5673448457618133, "Cab3": 36.30420398400308, "Cw3": 0.0147221982787292, "xscale3": 0.40454698116507704, "yscale3": 0.40454698116507704, "zscale3": 0.40454698116507704, "Cab4": 79.85187841565056, "Cw4": 0.025158342983436856, "xscale4": 0.5989824319502556, "yscale4": 0.5989824319502556, "zscale4": 0.5989824319502556, "Cab5": 30.243044465584877, "Cw5": 0.03306934628152215, "xscale5": 0.6161173260563593, "yscale5": 0.6161173260563593, "zscale5": 0.6161173260563593, "Cab6": 43.396861087931605, "Cw6": 0.033046922814756075, "xscale6": 0.6295169376183866, "yscale6": 0.6295169376183866, "zscale6": 0.6295169376183866, "Cab7": 23.93748656057094, "Cw7": 0.0341051582515835, "xscale7": 0.506933604090825, "yscale7": 0.506933604090825, "zscale7": 0.506933604090825, "Cab8": 76.96898838350899, "Cw8": 0.033271528743914494, "xscale8": 0.5901750280126125, "yscale8": 0.5901750280126125, "zscale8": 0.5901750280126125, "Cab9": 87.48826978209459, "Cw9": 0.048394597870150845, "xscale9": 0.7413251520257802, "yscale9": 0.7413251520257802, "zscale9": 0.7413251520257802, "Cab10": 64.43430387619242, "Cw10": 0.02088172879298687, "xscale10": 0.4327364405137805, "yscale10": 0.4327364405137805, "zscale10": 0.4327364405137805, "Cab11": 33.68390600235747, "Cw11": 0.03239268258567605, "xscale11": 0.7653409013234436, "yscale11": 0.7653409013234436, "zscale11": 0.7653409013234436, "Cab12": 31.804017367871488, "Cw12": 0.030956945874368307, "xscale12": 0.5365191362563377, "yscale12": 0.5365191362563377, "zscale12": 0.5365191362563377, "Cab13": 74.86757601576474, "Cw13": 0.02027264367837682, "xscale13": 0.576687918115031, "yscale13": 0.576687918115031, "zscale13": 0.576687918115031, "Cab14": 49.14543081781248, "Cw14": 0.013301878796951171, "xscale14": 0.4421765723629713, "yscale14": 0.4421765723629713, "zscale14": 0.4421765723629713, "Cab15": 59.6414428484517, "Cw15": 0.027124628297402233, "xscale15": 0.6740220417760201, "yscale15": 0.6740220417760201, "zscale15": 0.6740220417760201, "Cab16": 71.7086412576965, "Cw16": 0.012389233514397628, "xscale16": 0.5086585687506787, "yscale16": 0.5086585687506787, "zscale16": 0.5086585687506787, "Cab17": 88.87942319029351, "Cw17": 0.035785574550941265, "xscale17": 0.6204960823810146, "yscale17": 0.6204960823810146, "zscale17": 0.6204960823810146, "Cab18": 52.911232396150005, "Cw18": 0.030191950824902565, "xscale18": 0.5300827371245528, "yscale18": 0.5300827371245528, "zscale18": 0.5300827371245528, "Cab19": 49.283754080497026, "Cw19": 0.036061008828165424, "xscale19": 0.4432181622208603, "yscale19": 0.4432181622208603, "zscale19": 0.4432181622208603, "Cab20": 47.76386949673899, "Cw20": 0.029660167213861957, "xscale20": 0.6272766332075341, "yscale20": 0.6272766332075341, "zscale20": 0.6272766332075341, "Cab21": 34.112517556779395, "Cw21": 0.033359205900856254, "xscale21": 0.4398063212153742, "yscale21": 0.4398063212153742, "zscale21": 0.4398063212153742, "Cab22": 74.12258171408868, "Cw22": 0.018970819574927536, "xscale22": 0.5592570791249964, "yscale22": 0.5592570791249964, "zscale22": 0.5592570791249964, "Cab23": 79.2603051753092, "Cw23": 0.039293709811962396, "xscale23": 0.6675741021544576, "yscale23": 0.6675741021544576, "zscale23": 0.6675741021544576, "Cab24": 38.6236338161646, "Cw24": 0.020869458808599743, "xscale24": 0.4430651025763902, "yscale24": 0.4430651025763902, "zscale24": 0.4430651025763902, "Cab25": 48.97211474159397, "Cw25": 0.036513890892281055, "xscale25": 0.6540628582350687, "yscale25": 0.6540628582350687, "zscale25": 0.6540628582350687, "Cab26": 66.27306450096523, "Cw26": 0.04686347526462115, "xscale26": 0.698054938311601, "yscale26": 0.698054938311601, "zscale26": 0.698054938311601, "Cab27": 82.61336643213353, "Cw27": 0.04861601957559001, "xscale27": 0.49713871035967633, "yscale27": 0.49713871035967633, "zscale27": 0.49713871035967633, "Cab28": 86.05020612635975, "Cw28": 0.027407280721919378, "xscale28": 0.40043641381330064, "yscale28": 0.40043641381330064, "zscale28": 0.40043641381330064, "Cab29": 45.55448242173156, "Cw29": 0.034250692379380394, "xscale29": 0.6306939559829041, "yscale29": 0.6306939559829041, "zscale29": 0.6306939559829041, "Cab30": 82.42905335348871, "Cw30": 0.042347517149259245, "xscale30": 0.36388872057802535, "yscale30": 0.36388872057802535, "zscale30": 0.36388872057802535, "Cab31": 57.841671026532644, "Cw31": 0.022120272088464538, "xscale31": 0.5996809540794147, "yscale31": 0.5996809540794147, "zscale31": 0.5996809540794147, "Cab32": 45.12003836448411, "Cw32": 0.010406121963788838, "xscale32": 0.5322200032785517, "yscale32": 0.5322200032785517, "zscale32": 0.5322200032785517, "Cab33": 29.782717243231435, "Cw33": 0.012451960642570956, "xscale33": 0.5565720916352463, "yscale33": 0.5565720916352463, "zscale33": 0.5565720916352463, "Cab34": 62.32184259981269, "Cw34": 0.04557929190517406, "xscale34": 0.4261692358652173, "yscale34": 0.4261692358652173, "zscale34": 0.4261692358652173, "Cab35": 48.1421817272531, "Cw35": 0.031785367750334595, "xscale35": 0.34530086370710544, "yscale35": 0.34530086370710544, "zscale35": 0.34530086370710544, "Cab36": 87.61807697082752, "Cw36": 0.01074985163796935, "xscale36": 0.6689482095716204, "yscale36": 0.6689482095716204, "zscale36": 0.6689482095716204, "Cab37": 66.02249161214027, "Cw37": 0.02964162253106925, "xscale37": 0.42401662502628923, "yscale37": 0.42401662502628923, "zscale37": 0.42401662502628923, "Cab38": 63.866521980844915, "Cw38": 0.025650045170936782, "xscale38": 0.5476420995072815, "yscale38": 0.5476420995072815, "zscale38": 0.5476420995072815, "Cab39": 72.65562075003379, "Cw39": 0.01924251929961185, "xscale39": 0.6404822457614466, "yscale39": 0.6404822457614466, "zscale39": 0.6404822457614466, "Cab40": 52.39446768290083, "Cw40": 0.012750872547668792, "xscale40": 0.5927901444101498, "yscale40": 0.5927901444101498, "zscale40": 0.5927901444101498, "Cab41": 33.167482958887575, "Cw41": 0.016907487569407822, "xscale41": 0.5484286616918352, "yscale41": 0.5484286616918352, "zscale41": 0.5484286616918352, "Cab42": 36.70663594119305, "Cw42": 0.023799679278297348, "xscale42": 0.5318021776733249, "yscale42": 0.5318021776733249, "zscale42": 0.5318021776733249, "Cab43": 86.62006214455732, "Cw43": 0.04756044422908415, "xscale43": 0.5485357157485569, "yscale43": 0.5485357157485569, "zscale43": 0.5485357157485569, "Cab44": 31.89723982570347, "Cw44": 0.0163213550847433, "xscale44": 0.3847134013519293, "yscale44": 0.3847134013519293, "zscale44": 0.3847134013519293, "Cab45": 53.34933438926593, "Cw45": 0.0326196500791773, "xscale45": 0.3494126303194987, "yscale45": 0.3494126303194987, "zscale45": 0.3494126303194987, "Cab46": 68.284216325498, "Cw46": 0.03560456120333691, "xscale46": 0.42901696381148635, "yscale46": 0.42901696381148635, "zscale46": 0.42901696381148635, "Cab47": 54.62236591744303, "Cw47": 0.03257367978145229, "xscale47": 0.4266038357449187, "yscale47": 0.4266038357449187, "zscale47": 0.4266038357449187, "Cab48": 50.185077479407184, "Cw48": 0.034789936672122095, "xscale48": 0.7422806881864431, "yscale48": 0.7422806881864431, "zscale48": 0.7422806881864431, "Cab49": 67.72120376943727, "Cw49": 0.03933678522879075, "xscale49": 0.5014111144985252, "yscale49": 0.5014111144985252, "zscale49": 0.5014111144985252, "Cab50": 30.29659440575867, "Cw50": 0.04143624475434099, "xscale50": 0.6161833294753097, "yscale50": 0.6161833294753097, "zscale50": 0.6161833294753097, "Cab51": 49.820419498976754, "Cw51": 0.041208692206572264, "xscale51": 0.7733153543377131, "yscale51": 0.7733153543377131, "zscale51": 0.7733153543377131, "Cab52": 80.38602038699867,