{"Cab0": 49.97667327710924, "Cw0": 0.03859151291672319, "xscale0": 0.6949623832223367, "yscale0": 0.6949623832223367, "zscale0": 0.6949623832223367, "Cab1": 38.901405759388076, "Cw1": 0.024827338624985228, "xscale1": 0.6156396088818304, "yscale1": 0.6156396088818304, "zscale1": 0.6156396088818304, "Cab2": 81.5319392894753, "Cw2": 0.02627103696963149, "xscale2": 0.52004876431187, "yscale2": 0.52004876431187, "zscale2": 0.52004876431187, "Cab3": 74.4727874390459, "Cw3": 0.021849021676415344, "xscale3": 0.4159456982905575, "yscale3": 0.4159456982905575, "zscale3": 0.4159456982905575, "Cab4": 89.9525917499911, "Cw4": 0.014247944053321988, "xscale4": 0.7175946954024076, "yscale4": 0.7175946954024076, "zscale4": 0.7175946954024076, "Cab5": 72.81626416351497, "Cw5": 0.02477419921746201, "xscale5": 0.894144435580279, "yscale5": 0.894144435580279, "zscale5": 0.894144435580279, "Cab6": 49.75933120330621, "Cw6": 0.03206099544689922, "xscale6": 0.460201339260062, "yscale6": 0.460201339260062, "zscale6": 0.460201339260062, "Cab7": 82.79755849999222, "Cw7": 0.02862988367789686, "xscale7": 0.6528688807389441, "yscale7": 0.6528688807389441, "zscale7": 0.6528688807389441, "Cab8": 27.727073296229523, "Cw8": 0.02481076611291588, "xscale8": 0.5915276449105002, "yscale8": 0.5915276449105002, "zscale8": 0.5915276449105002, "Cab9": 81.10668026733984, "Cw9": 0.031541732403838556, "xscale9": 0.7600579196852957, "yscale9": 0.7600579196852957, "zscale9": 0.7600579196852957, "Cab10": 47.9530635016088, "Cw10": 0.019263982962173097, "xscale10": 0.5797769994912032, "yscale10": 0.5797769994912032, "zscale10": 0.5797769994912032, "Cab11": 84.47886244783554, "Cw11": 0.019675842732609056, "xscale11": 0.6378454812101262, "yscale11": 0.6378454812101262, "zscale11": 0.6378454812101262, "Cab12": 54.72254409930078, "Cw12": 0.02065288842482225, "xscale12": 0.45458460905283626, "yscale12": 0.45458460905283626, "zscale12": 0.45458460905283626, "Cab13": 35.160952722475244, "Cw13": 0.03323525219379121, "xscale13": 0.7204661349786261, "yscale13": 0.7204661349786261, "zscale13": 0.7204661349786261, "Cab14": 83.05557644674943, "Cw14": 0.04781028583893833, "xscale14": 0.45966315384718, "yscale14": 0.45966315384718, "zscale14": 0.45966315384718, "Cab15": 20.628319930118362, "Cw15": 0.022187179770796855, "xscale15": 0.6012678292870488, "yscale15": 0.6012678292870488, "zscale15": 0.6012678292870488, "Cab16": 44.171761469089034, "Cw16": 0.02195372369899371, "xscale16": 0.5189294100651417, "yscale16": 0.5189294100651417, "zscale16": 0.5189294100651417, "Cab17": 76.19981299777132, "Cw17": 0.0451143207344051, "xscale17": 0.628926465911251, "yscale17": 0.628926465911251, "zscale17": 0.628926465911251, "Cab18": 47.7407648436935, "Cw18": 0.02584387783459348, "xscale18": 0.6691885789188576, "yscale18": 0.6691885789188576, "zscale18": 0.6691885789188576, "Cab19": 59.25596272982472, "Cw19": 0.03059515586519502, "xscale19": 0.44986447331681256, "yscale19": 0.44986447331681256, "zscale19": 0.44986447331681256, "Cab20": 47.249830771165904, "Cw20": 0.012442514352544648, "xscale20": 0.7232048073124135, "yscale20": 0.7232048073124135, "zscale20": 0.7232048073124135, "Cab21": 22.24527626930826, "Cw21": 0.0381850449881453, "xscale21": 0.44103906888652783, "yscale21": 0.44103906888652783, "zscale21": 0.44103906888652783, "Cab22": 75.31873208383213, "Cw22": 0.020174290364293218, "xscale22": 0.4878878588156112, "yscale22": 0.4878878588156112, "zscale22": 0.4878878588156112, "Cab23": 65.55265642192069, "Cw23": 0.03355566412901216, "xscale23": 0.5755153663294446, "yscale23": 0.5755153663294446, "zscale23": 0.5755153663294446, "Cab24": 20.30169816958516, "Cw24": 0.03845143627825786, "xscale24": 0.5954893812832409, "yscale24": 0.5954893812832409, "zscale24": 0.5954893812832409, "Cab25": 86.6595509546469, "Cw25": 0.04296266244435701, "xscale25": 0.7240429039808377, "yscale25": 0.7240429039808377, "zscale25": 0.7240429039808377, "Cab26": 54.23187371697848, "Cw26": 0.022746474532112607, "xscale26": 0.7013200860180778, "yscale26": 0.7013200860180778, "zscale26": 0.7013200860180778, "Cab27": 23.863285769185968, "Cw27": 0.033157558113613254, "xscale27": 0.35143366108677415, "yscale27": 0.35143366108677415, "zscale27": 0.35143366108677415, "Cab28": 40.76110913730314, "Cw28": 0.04932431613053483, "xscale28": 0.3674979258540225, "yscale28": 0.3674979258540225, "zscale28": 0.3674979258540225, "Cab29": 84.24272815540739, "Cw29": 0.03612630589003779, "xscale29": 0.5474830632092796, "yscale29": 0.5474830632092796, "zscale29": 0.5474830632092796, "Cab30": 37.43075122164683, "Cw30": 0.03546369004072441, "xscale30": 0.3861867375649261, "yscale30": 0.3861867375649261, "zscale30": 0.3861867375649261, "Cab31": 47.271369471827406, "Cw31": 0.01147095640750805, "xscale31": 0.5652166925467402, "yscale31": 0.5652166925467402, "zscale31": 0.5652166925467402, "Cab32": 66.67576742786403, "Cw32": 0.023269958984727578, "xscale32": 0.5443220138534824, "yscale32": 0.5443220138534824, "zscale32": 0.5443220138534824, "Cab33": 71.24868033973775, "Cw33": 0.01692895188126879, "xscale33": 0.5640956961259072, "yscale33": 0.5640956961259072, "zscale33": 0.5640956961259072, "Cab34": 70.62563641869822, "Cw34": 0.010497163783009387, "xscale34": 0.4267200124061689, "yscale34": 0.4267200124061689, "zscale34": 0.4267200124061689, "Cab35": 72.13272547806172, "Cw35": 0.023903538932977694, "xscale35": 0.41975921668541033, "yscale35": 0.41975921668541033, "zscale35": 0.41975921668541033, "Cab36": 78.80742389620434, "Cw36": 0.04190830934763818, "xscale36": 0.6725574019573222, "yscale36": 0.6725574019573222, "zscale36": 0.6725574019573222, "Cab37": 38.19268874679146, "Cw37": 0.031040199404356067, "xscale37": 0.441000230897827, "yscale37": 0.441000230897827, "zscale37": 0.441000230897827, "Cab38": 62.25072892681838, "Cw38": 0.048057378963343625, "xscale38": 0.42741551649172527, "yscale38": 0.42741551649172527, "zscale38": 0.42741551649172527, "Cab39": 37.07386244516459, "Cw39": 0.015128510144873082, "xscale39": 0.5782639365377873, "yscale39": 0.5782639365377873, "zscale39": 0.5782639365377873, "Cab40": 69.97585885584553, "Cw40": 0.02695969415069433, "xscale40": 0.4640312050170877, "yscale40": 0.4640312050170877, "zscale40": 0.4640312050170877, "Cab41": 32.931334564765464, "Cw41": 0.022016865711585384, "xscale41": 0.6355678025363094, "yscale41": 0.6355678025363094, "zscale41": 0.6355678025363094, "Cab42": 30.616446566970417, "Cw42": 0.04418708402331071, "xscale42": 0.5154124045647867, "yscale42": 0.5154124045647867, "zscale42": 0.5154124045647867, "Cab43": 31.702200693939382, "Cw43": 0.023199525864533, "xscale43": 0.5272001202667291, "yscale43": 0.5272001202667291, "zscale43": 0.5272001202667291, "Cab44": 57.29980030714651, "Cw44": 0.03820437345788473, "xscale44": 0.4734374336379628, "yscale44": 0.4734374336379628, "zscale44": 0.4734374336379628, "Cab45": 43.06533400805746, "Cw45": 0.04679629906429342, "xscale45": 0.30673334731032703, "yscale45": 0.30673334731032703, "zscale45": 0.30673334731032703, "Cab46": 40.842223312122904, "Cw46": 0.011807435757980204, "xscale46": 0.48664605200975686, "yscale46": 0.48664605200975686, "zscale46": 0.48664605200975686, "Cab47": 70.78298476149207, "Cw47": 0.026712825698693855, "xscale47": 0.4189113563091666, "yscale47": 0.4189113563091666, "zscale47": 0.4189113563091666, "Cab48": 68.89907502954182, "Cw48": 0.049734938137889914, "xscale48": 0.595006757754835, "yscale48": 0.595006757754835, "zscale48": 0.595006757754835, "Cab49": 39.15261007817444, "Cw49": 0.037410337698629816, "xscale49": 0.5959290393255531, "yscale49": 0.5959290393255531, "zscale49": 0.5959290393255531, "Cab50": 74.54753998903197, "Cw50": 0.02652348136639241, "xscale50": 0.6129118626999094, "yscale50": 0.6129118626999094, "zscale50": 0.6129118626999094, "Cab51": 84.46897581154347, "Cw51": 0.015762544861414145, "xscale51": 0.6792221963503059, "yscale51": 0.6792221963503059, "zscale51": 0.6792221963503059, "Cab52": 73.59637670210569, "Cw52": 0.021338574395697103,