{"Cab0": 71.5293000885892, "Cw0": 0.029913788532114516, "xscale0": 0.597322677033507, "yscale0": 0.597322677033507, "zscale0": 0.597322677033507, "Cab1": 75.80111837675096, "Cw1": 0.043688073760985255, "xscale1": 0.5248691909263185, "yscale1": 0.5248691909263185, "zscale1": 0.5248691909263185, "Cab2": 71.91733442209801, "Cw2": 0.039291763165170634, "xscale2": 0.6268933752687872, "yscale2": 0.6268933752687872, "zscale2": 0.6268933752687872, "Cab3": 59.55665843206107, "Cw3": 0.03757458825339403, "xscale3": 0.525497976158876, "yscale3": 0.525497976158876, "zscale3": 0.525497976158876, "Cab4": 33.54214227045299, "Cw4": 0.046218204679658766, "xscale4": 0.5175688284206515, "yscale4": 0.5175688284206515, "zscale4": 0.5175688284206515, "Cab5": 50.190617838397, "Cw5": 0.033319587475065686, "xscale5": 0.6786151853532851, "yscale5": 0.6786151853532851, "zscale5": 0.6786151853532851, "Cab6": 21.80518512277128, "Cw6": 0.01750357743759485, "xscale6": 0.5789167113049982, "yscale6": 0.5789167113049982, "zscale6": 0.5789167113049982, "Cab7": 55.2880805537988, "Cw7": 0.020595682213175148, "xscale7": 0.5145302824058298, "yscale7": 0.5145302824058298, "zscale7": 0.5145302824058298, "Cab8": 51.349978708129996, "Cw8": 0.03825870184847293, "xscale8": 0.5653446576276182, "yscale8": 0.5653446576276182, "zscale8": 0.5653446576276182, "Cab9": 69.07722126060125, "Cw9": 0.018646480059180334, "xscale9": 0.7327063789795343, "yscale9": 0.7327063789795343, "zscale9": 0.7327063789795343, "Cab10": 29.302303366843766, "Cw10": 0.04524215323307105, "xscale10": 0.4033780790967241, "yscale10": 0.4033780790967241, "zscale10": 0.4033780790967241, "Cab11": 85.11622611595185, "Cw11": 0.04739310846750206, "xscale11": 0.5259861750693, "yscale11": 0.5259861750693, "zscale11": 0.5259861750693, "Cab12": 51.340098351083725, "Cw12": 0.020238251761066164, "xscale12": 0.504068336598735, "yscale12": 0.504068336598735, "zscale12": 0.504068336598735, "Cab13": 24.153826626939757, "Cw13": 0.02097639018075156, "xscale13": 0.71673221366505, "yscale13": 0.71673221366505, "zscale13": 0.71673221366505, "Cab14": 37.10082139218416, "Cw14": 0.03341523810202616, "xscale14": 0.5350947032467721, "yscale14": 0.5350947032467721, "zscale14": 0.5350947032467721, "Cab15": 86.88749489271252, "Cw15": 0.032449995272963036, "xscale15": 0.5673698144264996, "yscale15": 0.5673698144264996, "zscale15": 0.5673698144264996, "Cab16": 81.0062111330542, "Cw16": 0.016309867596131348, "xscale16": 0.5266474368729053, "yscale16": 0.5266474368729053, "zscale16": 0.5266474368729053, "Cab17": 23.13454128676822, "Cw17": 0.010660003043802458, "xscale17": 0.48740034826646195, "yscale17": 0.48740034826646195, "zscale17": 0.48740034826646195, "Cab18": 71.96543551677786, "Cw18": 0.027698419486972083, "xscale18": 0.5740322910186061, "yscale18": 0.5740322910186061, "zscale18": 0.5740322910186061, "Cab19": 78.69237716162294, "Cw19": 0.014538027044866784, "xscale19": 0.5760689236814087, "yscale19": 0.5760689236814087, "zscale19": 0.5760689236814087, "Cab20": 57.24613177968852, "Cw20": 0.04346415342782521, "xscale20": 0.6056709256081434, "yscale20": 0.6056709256081434, "zscale20": 0.6056709256081434, "Cab21": 37.05252782675859, "Cw21": 0.03416464402169354, "xscale21": 0.4636252871077539, "yscale21": 0.4636252871077539, "zscale21": 0.4636252871077539, "Cab22": 80.37724498880804, "Cw22": 0.02996763570197971, "xscale22": 0.5607609692823564, "yscale22": 0.5607609692823564, "zscale22": 0.5607609692823564, "Cab23": 34.975089640574, "Cw23": 0.02280221725052848, "xscale23": 0.6403677186195388, "yscale23": 0.6403677186195388, "zscale23": 0.6403677186195388, "Cab24": 73.37997412286587, "Cw24": 0.04821922997356612, "xscale24": 0.5298689795360677, "yscale24": 0.5298689795360677, "zscale24": 0.5298689795360677, "Cab25": 44.578962579140516, "Cw25": 0.013238076181974404, "xscale25": 0.4927389535075615, "yscale25": 0.4927389535075615, "zscale25": 0.4927389535075615, "Cab26": 68.02244800144118, "Cw26": 0.016046570427135087, "xscale26": 0.6139298850399412, "yscale26": 0.6139298850399412, "zscale26": 0.6139298850399412, "Cab27": 68.6124964926604, "Cw27": 0.04714644907616028, "xscale27": 0.4757557234362974, "yscale27": 0.4757557234362974, "zscale27": 0.4757557234362974, "Cab28": 85.78555974089988, "Cw28": 0.031898109193859436, "xscale28": 0.480339496892139, "yscale28": 0.480339496892139, "zscale28": 0.480339496892139, "Cab29": 38.9632030791814, "Cw29": 0.011233050922817527, "xscale29": 0.4898141436500155, "yscale29": 0.4898141436500155, "zscale29": 0.4898141436500155, "Cab30": 86.777844030152, "Cw30": 0.017647436120698506, "xscale30": 0.37168061878731207, "yscale30": 0.37168061878731207, "zscale30": 0.37168061878731207, "Cab31": 64.27632440631331, "Cw31": 0.020439798913468983, "xscale31": 0.746019609168937, "yscale31": 0.746019609168937, "zscale31": 0.746019609168937, "Cab32": 57.24342696002024, "Cw32": 0.034510952711276265, "xscale32": 0.4515793851813748, "yscale32": 0.4515793851813748, "zscale32": 0.4515793851813748, "Cab33": 33.761178227488315, "Cw33": 0.01288404685265427, "xscale33": 0.49083398032661824, "yscale33": 0.49083398032661824, "zscale33": 0.49083398032661824, "Cab34": 89.68310841692019, "Cw34": 0.0405837497315057, "xscale34": 0.4835193234360129, "yscale34": 0.4835193234360129, "zscale34": 0.4835193234360129, "Cab35": 29.97572800811506, "Cw35": 0.01179436528396368, "xscale35": 0.3667160035100425, "yscale35": 0.3667160035100425, "zscale35": 0.3667160035100425, "Cab36": 76.09502949136441, "Cw36": 0.019537470294894235, "xscale36": 0.6602454327028856, "yscale36": 0.6602454327028856, "zscale36": 0.6602454327028856, "Cab37": 55.70920044696235, "Cw37": 0.0145067309677842, "xscale37": 0.39180263213165456, "yscale37": 0.39180263213165456, "zscale37": 0.39180263213165456, "Cab38": 61.92654050625192, "Cw38": 0.030682065724069764, "xscale38": 0.5619535712501549, "yscale38": 0.5619535712501549, "zscale38": 0.5619535712501549, "Cab39": 63.46856499754152, "Cw39": 0.034738093560794166, "xscale39": 0.6451543094339797, "yscale39": 0.6451543094339797, "zscale39": 0.6451543094339797, "Cab40": 20.23492000538369, "Cw40": 0.030352765324231062, "xscale40": 0.5414269682743295, "yscale40": 0.5414269682743295, "zscale40": 0.5414269682743295, "Cab41": 49.29390558984689, "Cw41": 0.040413662660514875, "xscale41": 0.5304063431357422, "yscale41": 0.5304063431357422, "zscale41": 0.5304063431357422, "Cab42": 59.27456760552678, "Cw42": 0.01854903749453007, "xscale42": 0.528531183406039, "yscale42": 0.528531183406039, "zscale42": 0.528531183406039, "Cab43": 85.91071086175666, "Cw43": 0.04831914279907311, "xscale43": 0.5541832529139835, "yscale43": 0.5541832529139835, "zscale43": 0.5541832529139835, "Cab44": 22.1574046710399, "Cw44": 0.04070369636942734, "xscale44": 0.47423945230926845, "yscale44": 0.47423945230926845, "zscale44": 0.47423945230926845, "Cab45": 26.546790302875287, "Cw45": 0.010952207019797768, "xscale45": 0.27272670296901935, "yscale45": 0.27272670296901935, "zscale45": 0.27272670296901935, "Cab46": 43.491931010596005, "Cw46": 0.04840782119117614, "xscale46": 0.38727594974381696, "yscale46": 0.38727594974381696, "zscale46": 0.38727594974381696, "Cab47": 89.41248149265746, "Cw47": 0.027645914492800468, "xscale47": 0.622389001341223, "yscale47": 0.622389001341223, "zscale47": 0.622389001341223, "Cab48": 66.84542943308485, "Cw48": 0.025565130455102, "xscale48": 0.5916261517483871, "yscale48": 0.5916261517483871, "zscale48": 0.5916261517483871, "Cab49": 86.66009607122002, "Cw49": 0.015113785283578523, "xscale49": 0.5047784094857397, "yscale49": 0.5047784094857397, "zscale49": 0.5047784094857397, "Cab50": 56.32534138920796, "Cw50": 0.023824856576758834, "xscale50": 0.6928461598984184, "yscale50": 0.6928461598984184, "zscale50": 0.6928461598984184, "Cab51": 38.01956086398391, "Cw51": 0.020614475210959066, "xscale51": 0.5769105955161131, "yscale51": 0.5769105955161131, "zscale51": 0.5769105955161131, "Cab52": 36.68749531356189, "Cw52": 0.010969441236269377,