{"Cab0": 22.328351506381424, "Cw0": 0.01790177435497265, "xscale0": 0.6934801467387467, "yscale0": 0.6934801467387467, "zscale0": 0.6934801467387467, "Cab1": 65.25623096729998, "Cw1": 0.021838088309250638, "xscale1": 0.6328816448366938, "yscale1": 0.6328816448366938, "zscale1": 0.6328816448366938, "Cab2": 36.981858658297384, "Cw2": 0.035228561416815705, "xscale2": 0.555759696710684, "yscale2": 0.555759696710684, "zscale2": 0.555759696710684, "Cab3": 89.51071899335867, "Cw3": 0.012336436404086753, "xscale3": 0.5330452867800578, "yscale3": 0.5330452867800578, "zscale3": 0.5330452867800578, "Cab4": 62.4485150403296, "Cw4": 0.020221048615448125, "xscale4": 0.6769037129437562, "yscale4": 0.6769037129437562, "zscale4": 0.6769037129437562, "Cab5": 66.54113250835678, "Cw5": 0.020172455709678717, "xscale5": 0.9104297614419282, "yscale5": 0.9104297614419282, "zscale5": 0.9104297614419282, "Cab6": 27.670766794035853, "Cw6": 0.03808339692161716, "xscale6": 0.5414962058400451, "yscale6": 0.5414962058400451, "zscale6": 0.5414962058400451, "Cab7": 69.26782568322038, "Cw7": 0.015379917351116098, "xscale7": 0.45557114236057883, "yscale7": 0.45557114236057883, "zscale7": 0.45557114236057883, "Cab8": 36.71767888895843, "Cw8": 0.025713774353372708, "xscale8": 0.4772879116611593, "yscale8": 0.4772879116611593, "zscale8": 0.4772879116611593, "Cab9": 76.89425815977948, "Cw9": 0.03093500680919653, "xscale9": 0.6022146540952985, "yscale9": 0.6022146540952985, "zscale9": 0.6022146540952985, "Cab10": 49.30575016865943, "Cw10": 0.02601607800977794, "xscale10": 0.57478395903033, "yscale10": 0.57478395903033, "zscale10": 0.57478395903033, "Cab11": 20.098489499318987, "Cw11": 0.026396453814120847, "xscale11": 0.6788312077936665, "yscale11": 0.6788312077936665, "zscale11": 0.6788312077936665, "Cab12": 34.87706040525035, "Cw12": 0.04199979590589718, "xscale12": 0.5144896060331356, "yscale12": 0.5144896060331356, "zscale12": 0.5144896060331356, "Cab13": 61.495882548456414, "Cw13": 0.04927338062278552, "xscale13": 0.5555562797186773, "yscale13": 0.5555562797186773, "zscale13": 0.5555562797186773, "Cab14": 46.016515052309344, "Cw14": 0.019467452855477716, "xscale14": 0.6031377735610352, "yscale14": 0.6031377735610352, "zscale14": 0.6031377735610352, "Cab15": 62.58301033672042, "Cw15": 0.028011786419902575, "xscale15": 0.5760639179663121, "yscale15": 0.5760639179663121, "zscale15": 0.5760639179663121, "Cab16": 72.46002635064832, "Cw16": 0.03193125517698214, "xscale16": 0.6773527313083815, "yscale16": 0.6773527313083815, "zscale16": 0.6773527313083815, "Cab17": 71.712952248634, "Cw17": 0.013427517017328885, "xscale17": 0.6743892689512576, "yscale17": 0.6743892689512576, "zscale17": 0.6743892689512576, "Cab18": 74.97078517183532, "Cw18": 0.01179468114275874, "xscale18": 0.7396177805810823, "yscale18": 0.7396177805810823, "zscale18": 0.7396177805810823, "Cab19": 83.04622435321039, "Cw19": 0.014068144827686414, "xscale19": 0.46872535782834324, "yscale19": 0.46872535782834324, "zscale19": 0.46872535782834324, "Cab20": 57.11420842600704, "Cw20": 0.012611461192183007, "xscale20": 0.7479192511180778, "yscale20": 0.7479192511180778, "zscale20": 0.7479192511180778, "Cab21": 44.81044869150702, "Cw21": 0.030031474318962047, "xscale21": 0.6398092116947156, "yscale21": 0.6398092116947156, "zscale21": 0.6398092116947156, "Cab22": 80.05091984495266, "Cw22": 0.010592012867108359, "xscale22": 0.5895840677965202, "yscale22": 0.5895840677965202, "zscale22": 0.5895840677965202, "Cab23": 54.96862862493645, "Cw23": 0.03837351022425571, "xscale23": 0.5290221952083115, "yscale23": 0.5290221952083115, "zscale23": 0.5290221952083115, "Cab24": 46.828265986943734, "Cw24": 0.039165383167979954, "xscale24": 0.48665568162785783, "yscale24": 0.48665568162785783, "zscale24": 0.48665568162785783, "Cab25": 40.27774430297572, "Cw25": 0.015097551758164972, "xscale25": 0.5879137821711586, "yscale25": 0.5879137821711586, "zscale25": 0.5879137821711586, "Cab26": 63.71798078558068, "Cw26": 0.01807392410678571, "xscale26": 0.4907017075384946, "yscale26": 0.4907017075384946, "zscale26": 0.4907017075384946, "Cab27": 56.68762609671599, "Cw27": 0.018188144356417253, "xscale27": 0.3980519583052414, "yscale27": 0.3980519583052414, "zscale27": 0.3980519583052414, "Cab28": 61.84946926644208, "Cw28": 0.026134769989580364, "xscale28": 0.4173028522785822, "yscale28": 0.4173028522785822, "zscale28": 0.4173028522785822, "Cab29": 61.37465013172766, "Cw29": 0.03996344555726009, "xscale29": 0.7145626523629504, "yscale29": 0.7145626523629504, "zscale29": 0.7145626523629504, "Cab30": 30.01956451575827, "Cw30": 0.010602672721767127, "xscale30": 0.33474449815660967, "yscale30": 0.33474449815660967, "zscale30": 0.33474449815660967, "Cab31": 74.80135149251174, "Cw31": 0.012059641658672043, "xscale31": 0.5469519799726112, "yscale31": 0.5469519799726112, "zscale31": 0.5469519799726112, "Cab32": 58.909712065062166, "Cw32": 0.035745663766856416, "xscale32": 0.5639932712818472, "yscale32": 0.5639932712818472, "zscale32": 0.5639932712818472, "Cab33": 77.98214776088086, "Cw33": 0.038476754418691424, "xscale33": 0.5693956014741903, "yscale33": 0.5693956014741903, "zscale33": 0.5693956014741903, "Cab34": 65.76279538461861, "Cw34": 0.0425613222499165, "xscale34": 0.5896940360068789, "yscale34": 0.5896940360068789, "zscale34": 0.5896940360068789, "Cab35": 64.08876322973337, "Cw35": 0.045261675335247255, "xscale35": 0.4505066881799264, "yscale35": 0.4505066881799264, "zscale35": 0.4505066881799264, "Cab36": 87.1486610415625, "Cw36": 0.028139660931266477, "xscale36": 0.7749383196253631, "yscale36": 0.7749383196253631, "zscale36": 0.7749383196253631, "Cab37": 58.951943462146886, "Cw37": 0.04239490968376934, "xscale37": 0.4014375800891432, "yscale37": 0.4014375800891432, "zscale37": 0.4014375800891432, "Cab38": 66.05836675027473, "Cw38": 0.010831164249368067, "xscale38": 0.49185909396865546, "yscale38": 0.49185909396865546, "zscale38": 0.49185909396865546, "Cab39": 79.00975540634735, "Cw39": 0.01477670551509867, "xscale39": 0.6342666851409366, "yscale39": 0.6342666851409366, "zscale39": 0.6342666851409366, "Cab40": 47.483395218820775, "Cw40": 0.022382299023307555, "xscale40": 0.44819070546689066, "yscale40": 0.44819070546689066, "zscale40": 0.44819070546689066, "Cab41": 54.31281577416779, "Cw41": 0.018774024645051214, "xscale41": 0.4753021432500925, "yscale41": 0.4753021432500925, "zscale41": 0.4753021432500925, "Cab42": 71.81701577624929, "Cw42": 0.045754914702655886, "xscale42": 0.6136121992542913, "yscale42": 0.6136121992542913, "zscale42": 0.6136121992542913, "Cab43": 85.49300635554353, "Cw43": 0.023416594222074844, "xscale43": 0.6021691890000392, "yscale43": 0.6021691890000392, "zscale43": 0.6021691890000392, "Cab44": 74.06705413324747, "Cw44": 0.0430626871365624, "xscale44": 0.4708301355739405, "yscale44": 0.4708301355739405, "zscale44": 0.4708301355739405, "Cab45": 24.204743649647572, "Cw45": 0.02859044964403378, "xscale45": 0.33778019228087347, "yscale45": 0.33778019228087347, "zscale45": 0.33778019228087347, "Cab46": 63.28448752494798, "Cw46": 0.03284399238652413, "xscale46": 0.40138061458012264, "yscale46": 0.40138061458012264, "zscale46": 0.40138061458012264, "Cab47": 73.28301168690804, "Cw47": 0.034108148093454665, "xscale47": 0.4221794878102636, "yscale47": 0.4221794878102636, "zscale47": 0.4221794878102636, "Cab48": 50.58150927974722, "Cw48": 0.04021563285042501, "xscale48": 0.6725972682339273, "yscale48": 0.6725972682339273, "zscale48": 0.6725972682339273, "Cab49": 89.16456924264374, "Cw49": 0.046368329825854745, "xscale49": 0.48926289775312604, "yscale49": 0.48926289775312604, "zscale49": 0.48926289775312604, "Cab50": 45.019146500532685, "Cw50": 0.036220693983441986, "xscale50": 0.7674762322328341, "yscale50": 0.7674762322328341, "zscale50": 0.7674762322328341, "Cab51": 71.89099907697593, "Cw51": 0.024738221996761185, "xscale51": 0.616663443955266, "yscale51": 0.616663443955266, "zscale51": 0.616663443955266, "Cab52": 71.10447776547416,