{"Cab0": 20.31205747859794, "Cw0": 0.026923770820387785, "xscale0": 0.7586845848089045, "yscale0": 0.7586845848089045, "zscale0": 0.7586845848089045, "Cab1": 66.2879374996499, "Cw1": 0.028182832632150233, "xscale1": 0.6138484038246765, "yscale1": 0.6138484038246765, "zscale1": 0.6138484038246765, "Cab2": 36.704605199063884, "Cw2": 0.024603221202809625, "xscale2": 0.6905200498910545, "yscale2": 0.6905200498910545, "zscale2": 0.6905200498910545, "Cab3": 50.351720318900476, "Cw3": 0.0427028038335703, "xscale3": 0.5609145136231217, "yscale3": 0.5609145136231217, "zscale3": 0.5609145136231217, "Cab4": 83.44231006314203, "Cw4": 0.036482491306875475, "xscale4": 0.6184695982632495, "yscale4": 0.6184695982632495, "zscale4": 0.6184695982632495, "Cab5": 29.07493687526118, "Cw5": 0.04966302416927988, "xscale5": 0.8028881149403884, "yscale5": 0.8028881149403884, "zscale5": 0.8028881149403884, "Cab6": 30.385195743826564, "Cw6": 0.03685455657647655, "xscale6": 0.6490298386287283, "yscale6": 0.6490298386287283, "zscale6": 0.6490298386287283, "Cab7": 49.894491081371214, "Cw7": 0.03193064830905235, "xscale7": 0.4430763751975629, "yscale7": 0.4430763751975629, "zscale7": 0.4430763751975629, "Cab8": 46.092271301975394, "Cw8": 0.025992194675869794, "xscale8": 0.5165145986099956, "yscale8": 0.5165145986099956, "zscale8": 0.5165145986099956, "Cab9": 53.775195108069916, "Cw9": 0.038783743704954896, "xscale9": 0.6576578308371752, "yscale9": 0.6576578308371752, "zscale9": 0.6576578308371752, "Cab10": 71.56006021398201, "Cw10": 0.03407806451896506, "xscale10": 0.42606057933463337, "yscale10": 0.42606057933463337, "zscale10": 0.42606057933463337, "Cab11": 61.6159766229249, "Cw11": 0.018036384890125497, "xscale11": 0.6347287073572913, "yscale11": 0.6347287073572913, "zscale11": 0.6347287073572913, "Cab12": 57.05433951724862, "Cw12": 0.03367871121695825, "xscale12": 0.5560959977394124, "yscale12": 0.5560959977394124, "zscale12": 0.5560959977394124, "Cab13": 46.497729567773796, "Cw13": 0.014945682762218714, "xscale13": 0.670686911436025, "yscale13": 0.670686911436025, "zscale13": 0.670686911436025, "Cab14": 77.1456058463448, "Cw14": 0.03082645599271365, "xscale14": 0.57736232325967, "yscale14": 0.57736232325967, "zscale14": 0.57736232325967, "Cab15": 59.29458994392085, "Cw15": 0.036595843313521656, "xscale15": 0.5899598305791547, "yscale15": 0.5899598305791547, "zscale15": 0.5899598305791547, "Cab16": 29.503735893654078, "Cw16": 0.018098768497706155, "xscale16": 0.6138114986852667, "yscale16": 0.6138114986852667, "zscale16": 0.6138114986852667, "Cab17": 52.92211948286411, "Cw17": 0.02386906046831067, "xscale17": 0.6196777606999551, "yscale17": 0.6196777606999551, "zscale17": 0.6196777606999551, "Cab18": 72.53070235203346, "Cw18": 0.0229202491541632, "xscale18": 0.6200280984218475, "yscale18": 0.6200280984218475, "zscale18": 0.6200280984218475, "Cab19": 67.76914513253072, "Cw19": 0.03014304374686253, "xscale19": 0.48467667069092585, "yscale19": 0.48467667069092585, "zscale19": 0.48467667069092585, "Cab20": 37.33989631598668, "Cw20": 0.03579911428547567, "xscale20": 0.7304099758772457, "yscale20": 0.7304099758772457, "zscale20": 0.7304099758772457, "Cab21": 76.17354612322964, "Cw21": 0.047874251608534535, "xscale21": 0.5010491869126336, "yscale21": 0.5010491869126336, "zscale21": 0.5010491869126336, "Cab22": 79.49790218484992, "Cw22": 0.04906526549564357, "xscale22": 0.5538366377059283, "yscale22": 0.5538366377059283, "zscale22": 0.5538366377059283, "Cab23": 60.50883601742754, "Cw23": 0.021451353517154916, "xscale23": 0.5828603485761968, "yscale23": 0.5828603485761968, "zscale23": 0.5828603485761968, "Cab24": 85.7368709672565, "Cw24": 0.03443625711003918, "xscale24": 0.5196638500451586, "yscale24": 0.5196638500451586, "zscale24": 0.5196638500451586, "Cab25": 73.72149999167449, "Cw25": 0.012782494701787429, "xscale25": 0.5967371506084349, "yscale25": 0.5967371506084349, "zscale25": 0.5967371506084349, "Cab26": 64.94664835633282, "Cw26": 0.022543528383706813, "xscale26": 0.7285808241854982, "yscale26": 0.7285808241854982, "zscale26": 0.7285808241854982, "Cab27": 87.90476292065287, "Cw27": 0.011266725030953176, "xscale27": 0.39367692182739494, "yscale27": 0.39367692182739494, "zscale27": 0.39367692182739494, "Cab28": 80.20837674217057, "Cw28": 0.014715936765260978, "xscale28": 0.4156302266863267, "yscale28": 0.4156302266863267, "zscale28": 0.4156302266863267, "Cab29": 23.431665585586604, "Cw29": 0.045429275377149074, "xscale29": 0.7183940049405432, "yscale29": 0.7183940049405432, "zscale29": 0.7183940049405432, "Cab30": 82.25225709132957, "Cw30": 0.03845780232746588, "xscale30": 0.33330568580059544, "yscale30": 0.33330568580059544, "zscale30": 0.33330568580059544, "Cab31": 59.3412733569048, "Cw31": 0.028336407391069802, "xscale31": 0.704791063745093, "yscale31": 0.704791063745093, "zscale31": 0.704791063745093, "Cab32": 46.62788774274977, "Cw32": 0.021208742805126825, "xscale32": 0.39925148956385326, "yscale32": 0.39925148956385326, "zscale32": 0.39925148956385326, "Cab33": 65.43464517250513, "Cw33": 0.04530877692757573, "xscale33": 0.4743051140104109, "yscale33": 0.4743051140104109, "zscale33": 0.4743051140104109, "Cab34": 42.53989026383211, "Cw34": 0.04285610759299607, "xscale34": 0.46032273681221375, "yscale34": 0.46032273681221375, "zscale34": 0.46032273681221375, "Cab35": 76.43818348329224, "Cw35": 0.02984282771833731, "xscale35": 0.4811624995843483, "yscale35": 0.4811624995843483, "zscale35": 0.4811624995843483, "Cab36": 34.67052529424343, "Cw36": 0.023704057820099232, "xscale36": 0.6442948776088527, "yscale36": 0.6442948776088527, "zscale36": 0.6442948776088527, "Cab37": 42.85214606968088, "Cw37": 0.04969973704555298, "xscale37": 0.4835892577850068, "yscale37": 0.4835892577850068, "zscale37": 0.4835892577850068, "Cab38": 46.77592615706317, "Cw38": 0.015695582941303243, "xscale38": 0.4914977492795389, "yscale38": 0.4914977492795389, "zscale38": 0.4914977492795389, "Cab39": 55.66329564676536, "Cw39": 0.04306261987556467, "xscale39": 0.567942361351006, "yscale39": 0.567942361351006, "zscale39": 0.567942361351006, "Cab40": 23.055938919812487, "Cw40": 0.02098221557917211, "xscale40": 0.5240023922259046, "yscale40": 0.5240023922259046, "zscale40": 0.5240023922259046, "Cab41": 69.99164932158966, "Cw41": 0.014232513801041763, "xscale41": 0.46274005526918205, "yscale41": 0.46274005526918205, "zscale41": 0.46274005526918205, "Cab42": 70.42970854952532, "Cw42": 0.03664168813797831, "xscale42": 0.49485956923632524, "yscale42": 0.49485956923632524, "zscale42": 0.49485956923632524, "Cab43": 77.96174987872178, "Cw43": 0.027054186986511214, "xscale43": 0.5796792805934278, "yscale43": 0.5796792805934278, "zscale43": 0.5796792805934278, "Cab44": 31.935202899207834, "Cw44": 0.023611518268969796, "xscale44": 0.3551584948302923, "yscale44": 0.3551584948302923, "zscale44": 0.3551584948302923, "Cab45": 61.11656478684117, "Cw45": 0.027296088068770985, "xscale45": 0.31723504947107706, "yscale45": 0.31723504947107706, "zscale45": 0.31723504947107706, "Cab46": 83.25143306179206, "Cw46": 0.03389579502866915, "xscale46": 0.409211339118653, "yscale46": 0.409211339118653, "zscale46": 0.409211339118653, "Cab47": 39.25254967879661, "Cw47": 0.017140902494324376, "xscale47": 0.5150908280384388, "yscale47": 0.5150908280384388, "zscale47": 0.5150908280384388, "Cab48": 20.555548984935914, "Cw48": 0.027351656205064565, "xscale48": 0.6668268750168049, "yscale48": 0.6668268750168049, "zscale48": 0.6668268750168049, "Cab49": 53.997675989516395, "Cw49": 0.04410996013119944, "xscale49": 0.4863275468778918, "yscale49": 0.4863275468778918, "zscale49": 0.4863275468778918, "Cab50": 75.45573232740944, "Cw50": 0.03960689830883627, "xscale50": 0.7243978109821555, "yscale50": 0.7243978109821555, "zscale50": 0.7243978109821555, "Cab51": 54.20819689348811, "Cw51": 0.040711399967101936, "xscale51": 0.6022955659544682, "yscale51": 0.6022955659544682, "zscale51": 0.6022955659544682, "Cab52": 31.561786817651907,