{"Cab0": 26.55365217006073, "Cw0": 0.0190820197500461, "xscale0": 0.824653738170576, "yscale0": 0.824653738170576, "zscale0": 0.824653738170576, "Cab1": 40.35259926388532, "Cw1": 0.0161934508498861, "xscale1": 0.4827899017963257, "yscale1": 0.4827899017963257, "zscale1": 0.4827899017963257, "Cab2": 33.1604273407768, "Cw2": 0.03352116000360236, "xscale2": 0.6512162709275882, "yscale2": 0.6512162709275882, "zscale2": 0.6512162709275882, "Cab3": 53.195179026477085, "Cw3": 0.04340009622693489, "xscale3": 0.4163210165778564, "yscale3": 0.4163210165778564, "zscale3": 0.4163210165778564, "Cab4": 55.593864157294576, "Cw4": 0.034941153118945384, "xscale4": 0.5160560935347247, "yscale4": 0.5160560935347247, "zscale4": 0.5160560935347247, "Cab5": 26.468012602098675, "Cw5": 0.011539059500277556, "xscale5": 0.8259996820389555, "yscale5": 0.8259996820389555, "zscale5": 0.8259996820389555, "Cab6": 41.683864356443465, "Cw6": 0.02052050965481453, "xscale6": 0.5004310227681641, "yscale6": 0.5004310227681641, "zscale6": 0.5004310227681641, "Cab7": 48.71952303445762, "Cw7": 0.011134681399688597, "xscale7": 0.460781501235145, "yscale7": 0.460781501235145, "zscale7": 0.460781501235145, "Cab8": 39.991130527831714, "Cw8": 0.03689300281129479, "xscale8": 0.6277896150445758, "yscale8": 0.6277896150445758, "zscale8": 0.6277896150445758, "Cab9": 42.95699307209853, "Cw9": 0.026844517751725507, "xscale9": 0.7665540207923087, "yscale9": 0.7665540207923087, "zscale9": 0.7665540207923087, "Cab10": 70.23274202282536, "Cw10": 0.040264874945799285, "xscale10": 0.5396897580483865, "yscale10": 0.5396897580483865, "zscale10": 0.5396897580483865, "Cab11": 25.567950133226184, "Cw11": 0.0486276760684614, "xscale11": 0.7028096964517212, "yscale11": 0.7028096964517212, "zscale11": 0.7028096964517212, "Cab12": 66.26762902424937, "Cw12": 0.038021872746551694, "xscale12": 0.5547430363045384, "yscale12": 0.5547430363045384, "zscale12": 0.5547430363045384, "Cab13": 82.54410429499741, "Cw13": 0.012567632809276277, "xscale13": 0.5478676077232304, "yscale13": 0.5478676077232304, "zscale13": 0.5478676077232304, "Cab14": 32.33595657639857, "Cw14": 0.03179412653623596, "xscale14": 0.6029324218136023, "yscale14": 0.6029324218136023, "zscale14": 0.6029324218136023, "Cab15": 79.27570890288094, "Cw15": 0.04182877467184741, "xscale15": 0.680271218054843, "yscale15": 0.680271218054843, "zscale15": 0.680271218054843, "Cab16": 55.4044555844177, "Cw16": 0.03880613457654746, "xscale16": 0.48385518092291163, "yscale16": 0.48385518092291163, "zscale16": 0.48385518092291163, "Cab17": 26.179216616721774, "Cw17": 0.04740345487557319, "xscale17": 0.5613658777615887, "yscale17": 0.5613658777615887, "zscale17": 0.5613658777615887, "Cab18": 36.424983010545205, "Cw18": 0.04371661164719268, "xscale18": 0.5685464451563155, "yscale18": 0.5685464451563155, "zscale18": 0.5685464451563155, "Cab19": 48.6558686121109, "Cw19": 0.010157329285264503, "xscale19": 0.4963274406467274, "yscale19": 0.4963274406467274, "zscale19": 0.4963274406467274, "Cab20": 81.27019394592598, "Cw20": 0.018704533369251434, "xscale20": 0.611802917540376, "yscale20": 0.611802917540376, "zscale20": 0.611802917540376, "Cab21": 49.21835075129419, "Cw21": 0.025825240074296714, "xscale21": 0.43486329894685855, "yscale21": 0.43486329894685855, "zscale21": 0.43486329894685855, "Cab22": 74.87226042543918, "Cw22": 0.036594534107652836, "xscale22": 0.4798696059654431, "yscale22": 0.4798696059654431, "zscale22": 0.4798696059654431, "Cab23": 88.18351597912822, "Cw23": 0.02731784524057214, "xscale23": 0.5779654329534781, "yscale23": 0.5779654329534781, "zscale23": 0.5779654329534781, "Cab24": 31.33987452701615, "Cw24": 0.012195193512059381, "xscale24": 0.492220053043455, "yscale24": 0.492220053043455, "zscale24": 0.492220053043455, "Cab25": 75.5193074365387, "Cw25": 0.028763176136106287, "xscale25": 0.6812619759177129, "yscale25": 0.6812619759177129, "zscale25": 0.6812619759177129, "Cab26": 60.618199967110264, "Cw26": 0.010039610630812849, "xscale26": 0.6624840822794281, "yscale26": 0.6624840822794281, "zscale26": 0.6624840822794281, "Cab27": 85.96151399608857, "Cw27": 0.028229190431193943, "xscale27": 0.4196073846886409, "yscale27": 0.4196073846886409, "zscale27": 0.4196073846886409, "Cab28": 72.57921938968046, "Cw28": 0.03471503374098456, "xscale28": 0.3722777467607693, "yscale28": 0.3722777467607693, "zscale28": 0.3722777467607693, "Cab29": 25.660653324950676, "Cw29": 0.03171322664384691, "xscale29": 0.6277718989244219, "yscale29": 0.6277718989244219, "zscale29": 0.6277718989244219, "Cab30": 76.51187700510282, "Cw30": 0.03381067723622776, "xscale30": 0.39773137115845936, "yscale30": 0.39773137115845936, "zscale30": 0.39773137115845936, "Cab31": 32.00916687048627, "Cw31": 0.03277558495837874, "xscale31": 0.6129167041462672, "yscale31": 0.6129167041462672, "zscale31": 0.6129167041462672, "Cab32": 89.09310989661374, "Cw32": 0.02480650646399207, "xscale32": 0.5416858184516595, "yscale32": 0.5416858184516595, "zscale32": 0.5416858184516595, "Cab33": 83.97104965672517, "Cw33": 0.02488133841532897, "xscale33": 0.39107166978749486, "yscale33": 0.39107166978749486, "zscale33": 0.39107166978749486, "Cab34": 63.92861957951754, "Cw34": 0.04336957263193074, "xscale34": 0.5158520449313395, "yscale34": 0.5158520449313395, "zscale34": 0.5158520449313395, "Cab35": 77.85722142244781, "Cw35": 0.01324921759170287, "xscale35": 0.35702004577832075, "yscale35": 0.35702004577832075, "zscale35": 0.35702004577832075, "Cab36": 20.281908241443432, "Cw36": 0.04599677709709934, "xscale36": 0.7446454926915224, "yscale36": 0.7446454926915224, "zscale36": 0.7446454926915224, "Cab37": 57.64333935227425, "Cw37": 0.04922601699358441, "xscale37": 0.45417317306534205, "yscale37": 0.45417317306534205, "zscale37": 0.45417317306534205, "Cab38": 58.25791531830825, "Cw38": 0.012506887261322111, "xscale38": 0.504035694409507, "yscale38": 0.504035694409507, "zscale38": 0.504035694409507, "Cab39": 74.17661874829517, "Cw39": 0.04881233837476933, "xscale39": 0.5416465442507711, "yscale39": 0.5416465442507711, "zscale39": 0.5416465442507711, "Cab40": 87.88175377986605, "Cw40": 0.03176356952627456, "xscale40": 0.5493712776947032, "yscale40": 0.5493712776947032, "zscale40": 0.5493712776947032, "Cab41": 25.57039952500878, "Cw41": 0.030467943544033357, "xscale41": 0.6592340895242067, "yscale41": 0.6592340895242067, "zscale41": 0.6592340895242067, "Cab42": 50.10409647907293, "Cw42": 0.015604682464201113, "xscale42": 0.4746826528862597, "yscale42": 0.4746826528862597, "zscale42": 0.4746826528862597, "Cab43": 86.76211033022132, "Cw43": 0.04429236960140701, "xscale43": 0.6564662993130604, "yscale43": 0.6564662993130604, "zscale43": 0.6564662993130604, "Cab44": 82.64338016720538, "Cw44": 0.03069831301266051, "xscale44": 0.46649006202612314, "yscale44": 0.46649006202612314, "zscale44": 0.46649006202612314, "Cab45": 83.36858381937871, "Cw45": 0.026903028833265265, "xscale45": 0.32772667620655116, "yscale45": 0.32772667620655116, "zscale45": 0.32772667620655116, "Cab46": 60.988187984124295, "Cw46": 0.04773324067547238, "xscale46": 0.4389411608561328, "yscale46": 0.4389411608561328, "zscale46": 0.4389411608561328, "Cab47": 30.406119584791874, "Cw47": 0.025630726087604402, "xscale47": 0.5679335893531297, "yscale47": 0.5679335893531297, "zscale47": 0.5679335893531297, "Cab48": 65.0384284161918, "Cw48": 0.017397982457139322, "xscale48": 0.6267859415947484, "yscale48": 0.6267859415947484, "zscale48": 0.6267859415947484, "Cab49": 23.50214889188719, "Cw49": 0.021893959629862795, "xscale49": 0.4218249980805992, "yscale49": 0.4218249980805992, "zscale49": 0.4218249980805992, "Cab50": 62.568509518443385, "Cw50": 0.0419840522896358, "xscale50": 0.6646822766424854, "yscale50": 0.6646822766424854, "zscale50": 0.6646822766424854, "Cab51": 47.6209586854099, "Cw51": 0.024867718083181577, "xscale51": 0.7880070208055006, "yscale51": 0.7880070208055006, "zscale51": 0.7880070208055006, "Cab52": 79.77180546095526, "Cw52": 0.03004974320599884,