{"Cab0": 31.63347170103366, "Cw0": 0.012112632439167808, "xscale0": 0.8440400062319214, "yscale0": 0.8440400062319214, "zscale0": 0.8440400062319214, "Cab1": 66.17806048564432, "Cw1": 0.045832395982084405, "xscale1": 0.5085394168316725, "yscale1": 0.5085394168316725, "zscale1": 0.5085394168316725, "Cab2": 67.19437002987561, "Cw2": 0.03841749842701069, "xscale2": 0.7055123589750407, "yscale2": 0.7055123589750407, "zscale2": 0.7055123589750407, "Cab3": 43.12466486690877, "Cw3": 0.012022133327428887, "xscale3": 0.5825485712716456, "yscale3": 0.5825485712716456, "zscale3": 0.5825485712716456, "Cab4": 32.529247589208126, "Cw4": 0.027370838532252077, "xscale4": 0.6390812872454822, "yscale4": 0.6390812872454822, "zscale4": 0.6390812872454822, "Cab5": 29.77648227446476, "Cw5": 0.04714394233196216, "xscale5": 0.6292613745214544, "yscale5": 0.6292613745214544, "zscale5": 0.6292613745214544, "Cab6": 48.839856168417356, "Cw6": 0.013872074335128236, "xscale6": 0.4972621552798393, "yscale6": 0.4972621552798393, "zscale6": 0.4972621552798393, "Cab7": 64.76182119822958, "Cw7": 0.03386965439829258, "xscale7": 0.46977601383704853, "yscale7": 0.46977601383704853, "zscale7": 0.46977601383704853, "Cab8": 44.43787550726822, "Cw8": 0.012521727846292269, "xscale8": 0.6254871897381873, "yscale8": 0.6254871897381873, "zscale8": 0.6254871897381873, "Cab9": 85.8081822489644, "Cw9": 0.015047726500157853, "xscale9": 0.7121096550538353, "yscale9": 0.7121096550538353, "zscale9": 0.7121096550538353, "Cab10": 86.87055588308975, "Cw10": 0.02807785431599498, "xscale10": 0.5486888704975629, "yscale10": 0.5486888704975629, "zscale10": 0.5486888704975629, "Cab11": 38.95828088113447, "Cw11": 0.034810483550552135, "xscale11": 0.7565840949068972, "yscale11": 0.7565840949068972, "zscale11": 0.7565840949068972, "Cab12": 53.92862052991789, "Cw12": 0.04946145668218769, "xscale12": 0.5513841827624302, "yscale12": 0.5513841827624302, "zscale12": 0.5513841827624302, "Cab13": 73.49888422447339, "Cw13": 0.01308456768906036, "xscale13": 0.7264061999566903, "yscale13": 0.7264061999566903, "zscale13": 0.7264061999566903, "Cab14": 59.81002068103897, "Cw14": 0.014551202996476192, "xscale14": 0.5455865394698612, "yscale14": 0.5455865394698612, "zscale14": 0.5455865394698612, "Cab15": 64.10614073765589, "Cw15": 0.04473548303932118, "xscale15": 0.6524734908791187, "yscale15": 0.6524734908791187, "zscale15": 0.6524734908791187, "Cab16": 62.08672722976817, "Cw16": 0.01656680184223608, "xscale16": 0.48955723682667857, "yscale16": 0.48955723682667857, "zscale16": 0.48955723682667857, "Cab17": 89.60631538024697, "Cw17": 0.024784277611579194, "xscale17": 0.5318150348788916, "yscale17": 0.5318150348788916, "zscale17": 0.5318150348788916, "Cab18": 68.47260844588271, "Cw18": 0.04881702439620814, "xscale18": 0.7156593051184663, "yscale18": 0.7156593051184663, "zscale18": 0.7156593051184663, "Cab19": 70.78755867635078, "Cw19": 0.029180802671899785, "xscale19": 0.5870328582340972, "yscale19": 0.5870328582340972, "zscale19": 0.5870328582340972, "Cab20": 57.432202532251516, "Cw20": 0.027502589065187003, "xscale20": 0.6489666930576167, "yscale20": 0.6489666930576167, "zscale20": 0.6489666930576167, "Cab21": 64.34259697510115, "Cw21": 0.021260347541861187, "xscale21": 0.599557314112072, "yscale21": 0.599557314112072, "zscale21": 0.599557314112072, "Cab22": 83.84556380519035, "Cw22": 0.033203229159143775, "xscale22": 0.49305329635880435, "yscale22": 0.49305329635880435, "zscale22": 0.49305329635880435, "Cab23": 69.88895091107176, "Cw23": 0.04486774921844686, "xscale23": 0.7313588838509885, "yscale23": 0.7313588838509885, "zscale23": 0.7313588838509885, "Cab24": 20.777054722306517, "Cw24": 0.0417318694643321, "xscale24": 0.6353362350236809, "yscale24": 0.6353362350236809, "zscale24": 0.6353362350236809, "Cab25": 48.25015184504758, "Cw25": 0.010393154776969187, "xscale25": 0.6693387751344738, "yscale25": 0.6693387751344738, "zscale25": 0.6693387751344738, "Cab26": 20.673392554263945, "Cw26": 0.01292741389350875, "xscale26": 0.6053637364063995, "yscale26": 0.6053637364063995, "zscale26": 0.6053637364063995, "Cab27": 52.797583080280944, "Cw27": 0.03958493205814843, "xscale27": 0.4985280166193738, "yscale27": 0.4985280166193738, "zscale27": 0.4985280166193738, "Cab28": 24.37916882064379, "Cw28": 0.04177912441282121, "xscale28": 0.3723155809114512, "yscale28": 0.3723155809114512, "zscale28": 0.3723155809114512, "Cab29": 42.16077473374584, "Cw29": 0.04296292802227521, "xscale29": 0.6508526296731607, "yscale29": 0.6508526296731607, "zscale29": 0.6508526296731607, "Cab30": 75.1899085662372, "Cw30": 0.04203967344935869, "xscale30": 0.3060282899767567, "yscale30": 0.3060282899767567, "zscale30": 0.3060282899767567, "Cab31": 26.241217689793963, "Cw31": 0.03625042906765527, "xscale31": 0.7423833941493037, "yscale31": 0.7423833941493037, "zscale31": 0.7423833941493037, "Cab32": 77.9186122553503, "Cw32": 0.04961483587181724, "xscale32": 0.48861648921081335, "yscale32": 0.48861648921081335, "zscale32": 0.48861648921081335, "Cab33": 81.9444781696049, "Cw33": 0.014334937986691668, "xscale33": 0.498489843893651, "yscale33": 0.498489843893651, "zscale33": 0.498489843893651, "Cab34": 54.33730223777287, "Cw34": 0.013591289910990274, "xscale34": 0.550867928113057, "yscale34": 0.550867928113057, "zscale34": 0.550867928113057, "Cab35": 66.90608996645219, "Cw35": 0.044983186099400434, "xscale35": 0.43606001054281884, "yscale35": 0.43606001054281884, "zscale35": 0.43606001054281884, "Cab36": 51.91436605671616, "Cw36": 0.037928982449661704, "xscale36": 0.5735535723848556, "yscale36": 0.5735535723848556, "zscale36": 0.5735535723848556, "Cab37": 23.023785553450956, "Cw37": 0.01854028353417955, "xscale37": 0.39725609928942973, "yscale37": 0.39725609928942973, "zscale37": 0.39725609928942973, "Cab38": 25.079637142501888, "Cw38": 0.049981084697849926, "xscale38": 0.43883977993847295, "yscale38": 0.43883977993847295, "zscale38": 0.43883977993847295, "Cab39": 35.491578170988106, "Cw39": 0.04180418192839184, "xscale39": 0.700785261791071, "yscale39": 0.700785261791071, "zscale39": 0.700785261791071, "Cab40": 82.03005578308891, "Cw40": 0.0332866168169258, "xscale40": 0.6238050819032409, "yscale40": 0.6238050819032409, "zscale40": 0.6238050819032409, "Cab41": 32.148799085794565, "Cw41": 0.018238735092153416, "xscale41": 0.6493896890241891, "yscale41": 0.6493896890241891, "zscale41": 0.6493896890241891, "Cab42": 76.08170262682948, "Cw42": 0.032777454647580875, "xscale42": 0.5360912001603206, "yscale42": 0.5360912001603206, "zscale42": 0.5360912001603206, "Cab43": 69.52435364222862, "Cw43": 0.048861244613411, "xscale43": 0.5788180934728453, "yscale43": 0.5788180934728453, "zscale43": 0.5788180934728453, "Cab44": 51.69590190892807, "Cw44": 0.04887300251751863, "xscale44": 0.3731624584395297, "yscale44": 0.3731624584395297, "zscale44": 0.3731624584395297, "Cab45": 76.16392453550964, "Cw45": 0.048301951578955275, "xscale45": 0.3974852283044773, "yscale45": 0.3974852283044773, "zscale45": 0.3974852283044773, "Cab46": 60.62377838934478, "Cw46": 0.04975366969945773, "xscale46": 0.5555100645134403, "yscale46": 0.5555100645134403, "zscale46": 0.5555100645134403, "Cab47": 83.12855165871483, "Cw47": 0.04158889907653397, "xscale47": 0.5065750261690619, "yscale47": 0.5065750261690619, "zscale47": 0.5065750261690619, "Cab48": 84.03128326295533, "Cw48": 0.04964857013218886, "xscale48": 0.5782104496449482, "yscale48": 0.5782104496449482, "zscale48": 0.5782104496449482, "Cab49": 56.45035327670006, "Cw49": 0.04495986364404917, "xscale49": 0.4717323467955985, "yscale49": 0.4717323467955985, "zscale49": 0.4717323467955985, "Cab50": 71.11674585662485, "Cw50": 0.04345901274604078, "xscale50": 0.6206197763855908, "yscale50": 0.6206197763855908, "zscale50": 0.6206197763855908, "Cab51": 68.32772786197904, "Cw51": 0.03776627978077593, "xscale51": 0.6062147291476725, "yscale51": 0.6062147291476725, "zscale51": 0.6062147291476725, "Cab52": 44.95636069838038, "Cw52": 0.035888899434303866,