{"Cab0": 66.31666314708161, "Cw0": 0.025069068156611533, "xscale0": 0.8632916076157051, "yscale0": 0.8632916076157051, "zscale0": 0.8632916076157051, "Cab1": 52.5384226099463, "Cw1": 0.021472030158985467, "xscale1": 0.572298985569728, "yscale1": 0.572298985569728, "zscale1": 0.572298985569728, "Cab2": 70.38971699080007, "Cw2": 0.023217989855725096, "xscale2": 0.5311813191835907, "yscale2": 0.5311813191835907, "zscale2": 0.5311813191835907, "Cab3": 29.032747181968453, "Cw3": 0.019195095027653687, "xscale3": 0.5869101747475207, "yscale3": 0.5869101747475207, "zscale3": 0.5869101747475207, "Cab4": 58.98826248646749, "Cw4": 0.024026669738240962, "xscale4": 0.7141524606666236, "yscale4": 0.7141524606666236, "zscale4": 0.7141524606666236, "Cab5": 75.59666941946631, "Cw5": 0.015215083678233862, "xscale5": 0.783090679174443, "yscale5": 0.783090679174443, "zscale5": 0.783090679174443, "Cab6": 64.79827553521724, "Cw6": 0.03679996209819846, "xscale6": 0.5252170827936715, "yscale6": 0.5252170827936715, "zscale6": 0.5252170827936715, "Cab7": 31.218215783859094, "Cw7": 0.049862111070102966, "xscale7": 0.46034159152350174, "yscale7": 0.46034159152350174, "zscale7": 0.46034159152350174, "Cab8": 70.11307269875381, "Cw8": 0.029051191853469494, "xscale8": 0.45915710424159384, "yscale8": 0.45915710424159384, "zscale8": 0.45915710424159384, "Cab9": 52.10442061442887, "Cw9": 0.027771951047833268, "xscale9": 0.806824820443677, "yscale9": 0.806824820443677, "zscale9": 0.806824820443677, "Cab10": 68.53707146160937, "Cw10": 0.018088084454725928, "xscale10": 0.41721243399960173, "yscale10": 0.41721243399960173, "zscale10": 0.41721243399960173, "Cab11": 75.38775643084094, "Cw11": 0.04612642984976229, "xscale11": 0.614860533095754, "yscale11": 0.614860533095754, "zscale11": 0.614860533095754, "Cab12": 35.17766688862334, "Cw12": 0.0455633342914833, "xscale12": 0.4503918886240025, "yscale12": 0.4503918886240025, "zscale12": 0.4503918886240025, "Cab13": 22.316504068600036, "Cw13": 0.04130436479264986, "xscale13": 0.582096942233952, "yscale13": 0.582096942233952, "zscale13": 0.582096942233952, "Cab14": 27.971845373318615, "Cw14": 0.049215404435482425, "xscale14": 0.5825437484373834, "yscale14": 0.5825437484373834, "zscale14": 0.5825437484373834, "Cab15": 83.70726721669581, "Cw15": 0.014609056620323763, "xscale15": 0.4928466330382552, "yscale15": 0.4928466330382552, "zscale15": 0.4928466330382552, "Cab16": 89.79065765408274, "Cw16": 0.029217264831392815, "xscale16": 0.7024077169015597, "yscale16": 0.7024077169015597, "zscale16": 0.7024077169015597, "Cab17": 69.98560653584599, "Cw17": 0.03406729455528868, "xscale17": 0.5581380736944719, "yscale17": 0.5581380736944719, "zscale17": 0.5581380736944719, "Cab18": 62.77349797147723, "Cw18": 0.01598532925169795, "xscale18": 0.6818926285233736, "yscale18": 0.6818926285233736, "zscale18": 0.6818926285233736, "Cab19": 53.171827183003685, "Cw19": 0.042683170172122635, "xscale19": 0.6328226332012964, "yscale19": 0.6328226332012964, "zscale19": 0.6328226332012964, "Cab20": 88.98703280749217, "Cw20": 0.02618199049776436, "xscale20": 0.6366928690299066, "yscale20": 0.6366928690299066, "zscale20": 0.6366928690299066, "Cab21": 70.36758075600548, "Cw21": 0.03209751338805492, "xscale21": 0.4878321701274085, "yscale21": 0.4878321701274085, "zscale21": 0.4878321701274085, "Cab22": 26.268370823812546, "Cw22": 0.04983144485466111, "xscale22": 0.5832299991763398, "yscale22": 0.5832299991763398, "zscale22": 0.5832299991763398, "Cab23": 41.9594092332865, "Cw23": 0.04935847048737342, "xscale23": 0.5257780499335444, "yscale23": 0.5257780499335444, "zscale23": 0.5257780499335444, "Cab24": 56.51926274206872, "Cw24": 0.04560578481758119, "xscale24": 0.48591439504418615, "yscale24": 0.48591439504418615, "zscale24": 0.48591439504418615, "Cab25": 51.34184009235192, "Cw25": 0.016094703479148684, "xscale25": 0.6372562810229669, "yscale25": 0.6372562810229669, "zscale25": 0.6372562810229669, "Cab26": 83.15600700698921, "Cw26": 0.020896524150408283, "xscale26": 0.5805935889518966, "yscale26": 0.5805935889518966, "zscale26": 0.5805935889518966, "Cab27": 36.66355131311715, "Cw27": 0.02110983148085297, "xscale27": 0.45776639408533054, "yscale27": 0.45776639408533054, "zscale27": 0.45776639408533054, "Cab28": 77.34807765811777, "Cw28": 0.0314606511038463, "xscale28": 0.3464345692765146, "yscale28": 0.3464345692765146, "zscale28": 0.3464345692765146, "Cab29": 46.84474499450677, "Cw29": 0.04205162234662527, "xscale29": 0.6094227927673946, "yscale29": 0.6094227927673946, "zscale29": 0.6094227927673946, "Cab30": 84.194991659643, "Cw30": 0.039115511482390994, "xscale30": 0.3093006322242574, "yscale30": 0.3093006322242574, "zscale30": 0.3093006322242574, "Cab31": 29.90262336619832, "Cw31": 0.036393374398013954, "xscale31": 0.5297255556896171, "yscale31": 0.5297255556896171, "zscale31": 0.5297255556896171, "Cab32": 63.902524045098914, "Cw32": 0.013586812580251397, "xscale32": 0.4633724875901828, "yscale32": 0.4633724875901828, "zscale32": 0.4633724875901828, "Cab33": 66.78646626497401, "Cw33": 0.012201068815612, "xscale33": 0.5082294990965873, "yscale33": 0.5082294990965873, "zscale33": 0.5082294990965873, "Cab34": 54.83155304217901, "Cw34": 0.04255192226650038, "xscale34": 0.5328986509225285, "yscale34": 0.5328986509225285, "zscale34": 0.5328986509225285, "Cab35": 40.04473347049427, "Cw35": 0.013576042312089314, "xscale35": 0.4788027955005904, "yscale35": 0.4788027955005904, "zscale35": 0.4788027955005904, "Cab36": 48.2642179769789, "Cw36": 0.031963776252103886, "xscale36": 0.7652502645121441, "yscale36": 0.7652502645121441, "zscale36": 0.7652502645121441, "Cab37": 84.4839693663699, "Cw37": 0.016814368875162952, "xscale37": 0.39823229933590343, "yscale37": 0.39823229933590343, "zscale37": 0.39823229933590343, "Cab38": 44.571587467220844, "Cw38": 0.04613326626176105, "xscale38": 0.48156941119734065, "yscale38": 0.48156941119734065, "zscale38": 0.48156941119734065, "Cab39": 43.81196918471185, "Cw39": 0.028576265893946594, "xscale39": 0.4962772595108052, "yscale39": 0.4962772595108052, "zscale39": 0.4962772595108052, "Cab40": 50.53409624529171, "Cw40": 0.01155406589149453, "xscale40": 0.4876204565017476, "yscale40": 0.4876204565017476, "zscale40": 0.4876204565017476, "Cab41": 21.385732735941723, "Cw41": 0.04725257800490779, "xscale41": 0.5364964464206672, "yscale41": 0.5364964464206672, "zscale41": 0.5364964464206672, "Cab42": 62.946029714266, "Cw42": 0.02589062481953993, "xscale42": 0.474225607298305, "yscale42": 0.474225607298305, "zscale42": 0.474225607298305, "Cab43": 63.25616476736478, "Cw43": 0.015099185598717403, "xscale43": 0.6935152972631653, "yscale43": 0.6935152972631653, "zscale43": 0.6935152972631653, "Cab44": 45.179278163576846, "Cw44": 0.033010238394243344, "xscale44": 0.4709438365324641, "yscale44": 0.4709438365324641, "zscale44": 0.4709438365324641, "Cab45": 63.55843502200847, "Cw45": 0.025215084879911982, "xscale45": 0.3346199243658844, "yscale45": 0.3346199243658844, "zscale45": 0.3346199243658844, "Cab46": 33.22981738030139, "Cw46": 0.03564334906423529, "xscale46": 0.4186681413415508, "yscale46": 0.4186681413415508, "zscale46": 0.4186681413415508, "Cab47": 85.41426862743843, "Cw47": 0.010874672725120896, "xscale47": 0.43348829628020075, "yscale47": 0.43348829628020075, "zscale47": 0.43348829628020075, "Cab48": 45.60484110332537, "Cw48": 0.03923953098822557, "xscale48": 0.6877609337650875, "yscale48": 0.6877609337650875, "zscale48": 0.6877609337650875, "Cab49": 25.238977472393024, "Cw49": 0.046066206091244476, "xscale49": 0.46003048993799134, "yscale49": 0.46003048993799134, "zscale49": 0.46003048993799134, "Cab50": 47.36606921711224, "Cw50": 0.011772275450941101, "xscale50": 0.6763178384745545, "yscale50": 0.6763178384745545, "zscale50": 0.6763178384745545, "Cab51": 75.67319855716275, "Cw51": 0.04808082041253126, "xscale51": 0.7156681676180529, "yscale51": 0.7156681676180529, "zscale51": 0.7156681676180529, "Cab52": 23.425692482725673,