{"Cab0": 63.82617540847594, "Cw0": 0.029430294892348295, "xscale0": 0.6255267789618311, "yscale0": 0.6255267789618311, "zscale0": 0.6255267789618311, "Cab1": 28.13076764625734, "Cw1": 0.04930302113508579, "xscale1": 0.5367181907568968, "yscale1": 0.5367181907568968, "zscale1": 0.5367181907568968, "Cab2": 41.868507249550454, "Cw2": 0.02398287636343028, "xscale2": 0.6047380953434937, "yscale2": 0.6047380953434937, "zscale2": 0.6047380953434937, "Cab3": 55.58040212856322, "Cw3": 0.03185935159805349, "xscale3": 0.4329121095868199, "yscale3": 0.4329121095868199, "zscale3": 0.4329121095868199, "Cab4": 74.24609480115302, "Cw4": 0.037250797378794206, "xscale4": 0.6929913590172002, "yscale4": 0.6929913590172002, "zscale4": 0.6929913590172002, "Cab5": 80.80048150917759, "Cw5": 0.04350343728901129, "xscale5": 0.8459427034076382, "yscale5": 0.8459427034076382, "zscale5": 0.8459427034076382, "Cab6": 58.41342984656207, "Cw6": 0.012695875585657187, "xscale6": 0.5694443654984697, "yscale6": 0.5694443654984697, "zscale6": 0.5694443654984697, "Cab7": 34.44173650791565, "Cw7": 0.04046235486741113, "xscale7": 0.6574163233852444, "yscale7": 0.6574163233852444, "zscale7": 0.6574163233852444, "Cab8": 88.98448100160796, "Cw8": 0.045648189965169575, "xscale8": 0.5777106177632549, "yscale8": 0.5777106177632549, "zscale8": 0.5777106177632549, "Cab9": 56.48700371205608, "Cw9": 0.030612558062553002, "xscale9": 0.6613148716258282, "yscale9": 0.6613148716258282, "zscale9": 0.6613148716258282, "Cab10": 54.177910886413834, "Cw10": 0.017323915471197365, "xscale10": 0.41543093537761877, "yscale10": 0.41543093537761877, "zscale10": 0.41543093537761877, "Cab11": 30.47199212760518, "Cw11": 0.04458925793067944, "xscale11": 0.7117370074108936, "yscale11": 0.7117370074108936, "zscale11": 0.7117370074108936, "Cab12": 40.447889701081294, "Cw12": 0.033089947913199386, "xscale12": 0.4492052851582556, "yscale12": 0.4492052851582556, "zscale12": 0.4492052851582556, "Cab13": 29.318671985913802, "Cw13": 0.039443841659913645, "xscale13": 0.6185423737945869, "yscale13": 0.6185423737945869, "zscale13": 0.6185423737945869, "Cab14": 73.90595255752802, "Cw14": 0.030288909691773336, "xscale14": 0.6108171699522709, "yscale14": 0.6108171699522709, "zscale14": 0.6108171699522709, "Cab15": 29.883607205441177, "Cw15": 0.02099145104981945, "xscale15": 0.5165884024106483, "yscale15": 0.5165884024106483, "zscale15": 0.5165884024106483, "Cab16": 44.47466782021198, "Cw16": 0.035913344318894834, "xscale16": 0.5289189857971428, "yscale16": 0.5289189857971428, "zscale16": 0.5289189857971428, "Cab17": 63.990857794820045, "Cw17": 0.028203539948107995, "xscale17": 0.6126133158865089, "yscale17": 0.6126133158865089, "zscale17": 0.6126133158865089, "Cab18": 80.87494769197569, "Cw18": 0.03160726036394056, "xscale18": 0.6208318974237702, "yscale18": 0.6208318974237702, "zscale18": 0.6208318974237702, "Cab19": 80.1607893665026, "Cw19": 0.04712983008982119, "xscale19": 0.5568393288953424, "yscale19": 0.5568393288953424, "zscale19": 0.5568393288953424, "Cab20": 57.23644312364837, "Cw20": 0.014822009649530558, "xscale20": 0.6977727142576559, "yscale20": 0.6977727142576559, "zscale20": 0.6977727142576559, "Cab21": 44.38509486811234, "Cw21": 0.02865749560084483, "xscale21": 0.533181095287134, "yscale21": 0.533181095287134, "zscale21": 0.533181095287134, "Cab22": 89.2111054006874, "Cw22": 0.0393726435089603, "xscale22": 0.5800310626699295, "yscale22": 0.5800310626699295, "zscale22": 0.5800310626699295, "Cab23": 81.0173358319022, "Cw23": 0.03459735364366656, "xscale23": 0.6972723005480699, "yscale23": 0.6972723005480699, "zscale23": 0.6972723005480699, "Cab24": 48.48350211566072, "Cw24": 0.019241298009442822, "xscale24": 0.48551311368780836, "yscale24": 0.48551311368780836, "zscale24": 0.48551311368780836, "Cab25": 22.585821197507812, "Cw25": 0.017184412598618908, "xscale25": 0.5998093686059777, "yscale25": 0.5998093686059777, "zscale25": 0.5998093686059777, "Cab26": 42.75617981570993, "Cw26": 0.03706993088552696, "xscale26": 0.6139207316893354, "yscale26": 0.6139207316893354, "zscale26": 0.6139207316893354, "Cab27": 68.8436776838943, "Cw27": 0.017197842256164445, "xscale27": 0.3822041746507564, "yscale27": 0.3822041746507564, "zscale27": 0.3822041746507564, "Cab28": 72.98983147303109, "Cw28": 0.03186598528453531, "xscale28": 0.3760130594258363, "yscale28": 0.3760130594258363, "zscale28": 0.3760130594258363, "Cab29": 79.08171596503324, "Cw29": 0.03299984110687195, "xscale29": 0.6898168873645086, "yscale29": 0.6898168873645086, "zscale29": 0.6898168873645086, "Cab30": 61.393102274905424, "Cw30": 0.016298809240891454, "xscale30": 0.4330922132446408, "yscale30": 0.4330922132446408, "zscale30": 0.4330922132446408, "Cab31": 73.88433971691336, "Cw31": 0.021966228957474635, "xscale31": 0.5701964429463553, "yscale31": 0.5701964429463553, "zscale31": 0.5701964429463553, "Cab32": 24.783894651840264, "Cw32": 0.02613240519374843, "xscale32": 0.5680422319398056, "yscale32": 0.5680422319398056, "zscale32": 0.5680422319398056, "Cab33": 32.560646598748264, "Cw33": 0.030808060215977963, "xscale33": 0.4474799633608246, "yscale33": 0.4474799633608246, "zscale33": 0.4474799633608246, "Cab34": 50.76216768070928, "Cw34": 0.04985043515012561, "xscale34": 0.5870903643219805, "yscale34": 0.5870903643219805, "zscale34": 0.5870903643219805, "Cab35": 40.602821492707285, "Cw35": 0.04801890883084631, "xscale35": 0.3591915970487487, "yscale35": 0.3591915970487487, "zscale35": 0.3591915970487487, "Cab36": 68.63852315627817, "Cw36": 0.04197659305954712, "xscale36": 0.5953648212336948, "yscale36": 0.5953648212336948, "zscale36": 0.5953648212336948, "Cab37": 27.61329135574914, "Cw37": 0.033798541561266736, "xscale37": 0.4306259421025796, "yscale37": 0.4306259421025796, "zscale37": 0.4306259421025796, "Cab38": 44.24893892478938, "Cw38": 0.025623612751397237, "xscale38": 0.534864752318193, "yscale38": 0.534864752318193, "zscale38": 0.534864752318193, "Cab39": 49.25771233152644, "Cw39": 0.036767506515429454, "xscale39": 0.641586077285304, "yscale39": 0.641586077285304, "zscale39": 0.641586077285304, "Cab40": 35.166867813113036, "Cw40": 0.03895195256961921, "xscale40": 0.5933556780038083, "yscale40": 0.5933556780038083, "zscale40": 0.5933556780038083, "Cab41": 51.5759702950878, "Cw41": 0.03704003258548504, "xscale41": 0.5688022508753745, "yscale41": 0.5688022508753745, "zscale41": 0.5688022508753745, "Cab42": 54.48253016259884, "Cw42": 0.01345077733855049, "xscale42": 0.5014119694647605, "yscale42": 0.5014119694647605, "zscale42": 0.5014119694647605, "Cab43": 55.96338703631507, "Cw43": 0.04908134981876302, "xscale43": 0.49289570106101455, "yscale43": 0.49289570106101455, "zscale43": 0.49289570106101455, "Cab44": 32.16927602434713, "Cw44": 0.04650744147554574, "xscale44": 0.4048648355245407, "yscale44": 0.4048648355245407, "zscale44": 0.4048648355245407, "Cab45": 20.520803682452136, "Cw45": 0.03427900012791779, "xscale45": 0.28122245756717235, "yscale45": 0.28122245756717235, "zscale45": 0.28122245756717235, "Cab46": 28.39902841360915, "Cw46": 0.041137077329508005, "xscale46": 0.3833743826942103, "yscale46": 0.3833743826942103, "zscale46": 0.3833743826942103, "Cab47": 42.125022734905436, "Cw47": 0.04065779329962457, "xscale47": 0.44803201326930814, "yscale47": 0.44803201326930814, "zscale47": 0.44803201326930814, "Cab48": 39.64626368805912, "Cw48": 0.03935011743424323, "xscale48": 0.5560411534858243, "yscale48": 0.5560411534858243, "zscale48": 0.5560411534858243, "Cab49": 47.217640356747076, "Cw49": 0.046654401331864145, "xscale49": 0.6045252397323714, "yscale49": 0.6045252397323714, "zscale49": 0.6045252397323714, "Cab50": 58.34253118436497, "Cw50": 0.041151495143031215, "xscale50": 0.5706638645163427, "yscale50": 0.5706638645163427, "zscale50": 0.5706638645163427, "Cab51": 73.81663471065158, "Cw51": 0.03747816430780624, "xscale51": 0.757365299847748, "yscale51": 0.757365299847748, "zscale51": 0.757365299847748, "Cab52": 29.466866514523105,