{"Cab0": 87.83300772631443, "Cw0": 0.012176741378148469, "xscale0": 0.7687886592054053, "yscale0": 0.7687886592054053, "zscale0": 0.7687886592054053, "Cab1": 49.318870824395944, "Cw1": 0.03937556579700607, "xscale1": 0.6405654528729402, "yscale1": 0.6405654528729402, "zscale1": 0.6405654528729402, "Cab2": 39.23796506546228, "Cw2": 0.013194200890021893, "xscale2": 0.5936354906926762, "yscale2": 0.5936354906926762, "zscale2": 0.5936354906926762, "Cab3": 27.251779248891722, "Cw3": 0.027123846974376663, "xscale3": 0.4665525591721987, "yscale3": 0.4665525591721987, "zscale3": 0.4665525591721987, "Cab4": 53.253793334845476, "Cw4": 0.04378206170847492, "xscale4": 0.5483156014087193, "yscale4": 0.5483156014087193, "zscale4": 0.5483156014087193, "Cab5": 89.13409898803125, "Cw5": 0.04548746952258336, "xscale5": 0.8792429907010927, "yscale5": 0.8792429907010927, "zscale5": 0.8792429907010927, "Cab6": 41.852005395987916, "Cw6": 0.03987948363923775, "xscale6": 0.517891439950474, "yscale6": 0.517891439950474, "zscale6": 0.517891439950474, "Cab7": 61.30448619567105, "Cw7": 0.047018190404879694, "xscale7": 0.6535724041962939, "yscale7": 0.6535724041962939, "zscale7": 0.6535724041962939, "Cab8": 34.415158568377656, "Cw8": 0.04077412278740096, "xscale8": 0.45605097855716203, "yscale8": 0.45605097855716203, "zscale8": 0.45605097855716203, "Cab9": 21.83860343385735, "Cw9": 0.04974551168994727, "xscale9": 0.7343622164398987, "yscale9": 0.7343622164398987, "zscale9": 0.7343622164398987, "Cab10": 50.10805293348545, "Cw10": 0.04003836086809375, "xscale10": 0.4511268712246642, "yscale10": 0.4511268712246642, "zscale10": 0.4511268712246642, "Cab11": 75.77468452919938, "Cw11": 0.04713242706020134, "xscale11": 0.6512324213388112, "yscale11": 0.6512324213388112, "zscale11": 0.6512324213388112, "Cab12": 62.761505106443195, "Cw12": 0.017062612315479397, "xscale12": 0.6284749716452515, "yscale12": 0.6284749716452515, "zscale12": 0.6284749716452515, "Cab13": 45.863564353443394, "Cw13": 0.011186981488533658, "xscale13": 0.5674630086470365, "yscale13": 0.5674630086470365, "zscale13": 0.5674630086470365, "Cab14": 27.096378001002254, "Cw14": 0.03759446341346555, "xscale14": 0.6452634062403944, "yscale14": 0.6452634062403944, "zscale14": 0.6452634062403944, "Cab15": 80.81616118591144, "Cw15": 0.03965675015227999, "xscale15": 0.6694398361818971, "yscale15": 0.6694398361818971, "zscale15": 0.6694398361818971, "Cab16": 57.224640519306845, "Cw16": 0.04917508155426144, "xscale16": 0.5659582231673951, "yscale16": 0.5659582231673951, "zscale16": 0.5659582231673951, "Cab17": 79.50961375117029, "Cw17": 0.013308814559109022, "xscale17": 0.6751742273913961, "yscale17": 0.6751742273913961, "zscale17": 0.6751742273913961, "Cab18": 45.214519932233415, "Cw18": 0.02204564605422442, "xscale18": 0.7622392079153288, "yscale18": 0.7622392079153288, "zscale18": 0.7622392079153288, "Cab19": 68.62827463257214, "Cw19": 0.0313542742541729, "xscale19": 0.5534264896684739, "yscale19": 0.5534264896684739, "zscale19": 0.5534264896684739, "Cab20": 71.6733765650169, "Cw20": 0.044128857687994946, "xscale20": 0.5705261704053485, "yscale20": 0.5705261704053485, "zscale20": 0.5705261704053485, "Cab21": 20.803055883448323, "Cw21": 0.03611332877405659, "xscale21": 0.452663174616589, "yscale21": 0.452663174616589, "zscale21": 0.452663174616589, "Cab22": 41.68695746683444, "Cw22": 0.016144116176426807, "xscale22": 0.5046224814919269, "yscale22": 0.5046224814919269, "zscale22": 0.5046224814919269, "Cab23": 20.423075341544227, "Cw23": 0.010953145082909637, "xscale23": 0.7084982610517185, "yscale23": 0.7084982610517185, "zscale23": 0.7084982610517185, "Cab24": 34.8559366196997, "Cw24": 0.03131732475736053, "xscale24": 0.5023141932211862, "yscale24": 0.5023141932211862, "zscale24": 0.5023141932211862, "Cab25": 72.10528112786483, "Cw25": 0.015163179535724387, "xscale25": 0.5748077879214522, "yscale25": 0.5748077879214522, "zscale25": 0.5748077879214522, "Cab26": 54.73015858620951, "Cw26": 0.04077924347100006, "xscale26": 0.5909526742722396, "yscale26": 0.5909526742722396, "zscale26": 0.5909526742722396, "Cab27": 73.42247858908046, "Cw27": 0.02600196035236161, "xscale27": 0.4581898896090066, "yscale27": 0.4581898896090066, "zscale27": 0.4581898896090066, "Cab28": 59.33341970339729, "Cw28": 0.03924464993158256, "xscale28": 0.4827985633356916, "yscale28": 0.4827985633356916, "zscale28": 0.4827985633356916, "Cab29": 73.79980997274997, "Cw29": 0.015990608933150824, "xscale29": 0.543033653105244, "yscale29": 0.543033653105244, "zscale29": 0.543033653105244, "Cab30": 85.88714436598214, "Cw30": 0.023187032206919096, "xscale30": 0.31364125856434016, "yscale30": 0.31364125856434016, "zscale30": 0.31364125856434016, "Cab31": 57.776496012520184, "Cw31": 0.012748735500936208, "xscale31": 0.7416262006748608, "yscale31": 0.7416262006748608, "zscale31": 0.7416262006748608, "Cab32": 25.527237069693072, "Cw32": 0.047758156211709986, "xscale32": 0.5469701233517772, "yscale32": 0.5469701233517772, "zscale32": 0.5469701233517772, "Cab33": 29.241807465883227, "Cw33": 0.02827611356006001, "xscale33": 0.39750345325294884, "yscale33": 0.39750345325294884, "zscale33": 0.39750345325294884, "Cab34": 58.2489737809195, "Cw34": 0.04920722046599924, "xscale34": 0.5849540594945567, "yscale34": 0.5849540594945567, "zscale34": 0.5849540594945567, "Cab35": 64.06602995401158, "Cw35": 0.02009398144417303, "xscale35": 0.4864205640447808, "yscale35": 0.4864205640447808, "zscale35": 0.4864205640447808, "Cab36": 42.95807314466671, "Cw36": 0.04740069789123064, "xscale36": 0.5570249389020812, "yscale36": 0.5570249389020812, "zscale36": 0.5570249389020812, "Cab37": 43.393393347255596, "Cw37": 0.023982591503693404, "xscale37": 0.4812191467696664, "yscale37": 0.4812191467696664, "zscale37": 0.4812191467696664, "Cab38": 50.159000249538636, "Cw38": 0.0238573909746898, "xscale38": 0.5113244364945028, "yscale38": 0.5113244364945028, "zscale38": 0.5113244364945028, "Cab39": 56.85239923491459, "Cw39": 0.04553961338627241, "xscale39": 0.56698554593301, "yscale39": 0.56698554593301, "zscale39": 0.56698554593301, "Cab40": 62.95813593254504, "Cw40": 0.01144671962405043, "xscale40": 0.4719565912417478, "yscale40": 0.4719565912417478, "zscale40": 0.4719565912417478, "Cab41": 70.37338188193915, "Cw41": 0.016635535425795087, "xscale41": 0.5291994205236094, "yscale41": 0.5291994205236094, "zscale41": 0.5291994205236094, "Cab42": 41.83211869430871, "Cw42": 0.03495188395374483, "xscale42": 0.48626839504618785, "yscale42": 0.48626839504618785, "zscale42": 0.48626839504618785, "Cab43": 84.12698031249928, "Cw43": 0.03933643993158808, "xscale43": 0.6505673261250957, "yscale43": 0.6505673261250957, "zscale43": 0.6505673261250957, "Cab44": 58.47820251004365, "Cw44": 0.01186276332172255, "xscale44": 0.49749587924920624, "yscale44": 0.49749587924920624, "zscale44": 0.49749587924920624, "Cab45": 55.828768607021054, "Cw45": 0.02871247557813464, "xscale45": 0.38346742007603146, "yscale45": 0.38346742007603146, "zscale45": 0.38346742007603146, "Cab46": 89.54876815991173, "Cw46": 0.02926619906084397, "xscale46": 0.5547339364135331, "yscale46": 0.5547339364135331, "zscale46": 0.5547339364135331, "Cab47": 40.40735260804785, "Cw47": 0.0317623813025281, "xscale47": 0.5688869818635603, "yscale47": 0.5688869818635603, "zscale47": 0.5688869818635603, "Cab48": 60.33581439432865, "Cw48": 0.03735405546826429, "xscale48": 0.7628185744268319, "yscale48": 0.7628185744268319, "zscale48": 0.7628185744268319, "Cab49": 20.903396963681065, "Cw49": 0.025507370525254407, "xscale49": 0.5904951883841906, "yscale49": 0.5904951883841906, "zscale49": 0.5904951883841906, "Cab50": 28.524575755814514, "Cw50": 0.046476748471440614, "xscale50": 0.547140612804923, "yscale50": 0.547140612804923, "zscale50": 0.547140612804923, "Cab51": 66.27896107896, "Cw51": 0.010460612083127159, "xscale51": 0.730091780375343, "yscale51": 0.730091780375343, "zscale51": 0.730091780375343, "Cab52": 35.105267551417555, "Cw52": 0.02467376655161442,