{"Cab0": 55.3843592587711, "Cw0": 0.034710592675738734, "xscale0": 0.8525634118018335, "yscale0": 0.8525634118018335, "zscale0": 0.8525634118018335, "Cab1": 37.91635879912815, "Cw1": 0.0360832570192992, "xscale1": 0.6382990355115088, "yscale1": 0.6382990355115088, "zscale1": 0.6382990355115088, "Cab2": 36.24959805316654, "Cw2": 0.02239618061360573, "xscale2": 0.5959922972010856, "yscale2": 0.5959922972010856, "zscale2": 0.5959922972010856, "Cab3": 66.44836822974108, "Cw3": 0.019905072981636157, "xscale3": 0.5708322123709338, "yscale3": 0.5708322123709338, "zscale3": 0.5708322123709338, "Cab4": 23.063282609520485, "Cw4": 0.029284528122233894, "xscale4": 0.7050821133552859, "yscale4": 0.7050821133552859, "zscale4": 0.7050821133552859, "Cab5": 55.140616808382894, "Cw5": 0.023929900624769355, "xscale5": 0.8443377152712237, "yscale5": 0.8443377152712237, "zscale5": 0.8443377152712237, "Cab6": 72.01169269391711, "Cw6": 0.01900715323403667, "xscale6": 0.5158183244866309, "yscale6": 0.5158183244866309, "zscale6": 0.5158183244866309, "Cab7": 79.51949347709845, "Cw7": 0.017606056080835538, "xscale7": 0.583720883405794, "yscale7": 0.583720883405794, "zscale7": 0.583720883405794, "Cab8": 61.307608520707326, "Cw8": 0.018981627552688996, "xscale8": 0.6393443282338744, "yscale8": 0.6393443282338744, "zscale8": 0.6393443282338744, "Cab9": 86.51524117939682, "Cw9": 0.04721982871812025, "xscale9": 0.7535964927355746, "yscale9": 0.7535964927355746, "zscale9": 0.7535964927355746, "Cab10": 57.39602247183278, "Cw10": 0.01701928485028018, "xscale10": 0.4937254498843543, "yscale10": 0.4937254498843543, "zscale10": 0.4937254498843543, "Cab11": 31.609010629545104, "Cw11": 0.04580437143693218, "xscale11": 0.7632791319041768, "yscale11": 0.7632791319041768, "zscale11": 0.7632791319041768, "Cab12": 78.24391781707706, "Cw12": 0.014767168950155032, "xscale12": 0.4649144185869041, "yscale12": 0.4649144185869041, "zscale12": 0.4649144185869041, "Cab13": 35.3293917712696, "Cw13": 0.03449203256897531, "xscale13": 0.6872360336049782, "yscale13": 0.6872360336049782, "zscale13": 0.6872360336049782, "Cab14": 72.59334938919417, "Cw14": 0.041149954101630505, "xscale14": 0.5691937563837721, "yscale14": 0.5691937563837721, "zscale14": 0.5691937563837721, "Cab15": 77.68569970562488, "Cw15": 0.034277698427878235, "xscale15": 0.465338639842964, "yscale15": 0.465338639842964, "zscale15": 0.465338639842964, "Cab16": 20.445215733544615, "Cw16": 0.012610837395513186, "xscale16": 0.6959211279878389, "yscale16": 0.6959211279878389, "zscale16": 0.6959211279878389, "Cab17": 78.91029687449242, "Cw17": 0.03430231503368429, "xscale17": 0.6525861219378916, "yscale17": 0.6525861219378916, "zscale17": 0.6525861219378916, "Cab18": 69.82423469024081, "Cw18": 0.04451986104596778, "xscale18": 0.6603839287675319, "yscale18": 0.6603839287675319, "zscale18": 0.6603839287675319, "Cab19": 23.9941683617613, "Cw19": 0.03730020925714714, "xscale19": 0.4583975410274286, "yscale19": 0.4583975410274286, "zscale19": 0.4583975410274286, "Cab20": 55.928266291790024, "Cw20": 0.014141096236041636, "xscale20": 0.6943108857375071, "yscale20": 0.6943108857375071, "zscale20": 0.6943108857375071, "Cab21": 31.587240217546803, "Cw21": 0.02019260248557439, "xscale21": 0.5820208834479442, "yscale21": 0.5820208834479442, "zscale21": 0.5820208834479442, "Cab22": 78.9191748387343, "Cw22": 0.016991407080266075, "xscale22": 0.5757265997318917, "yscale22": 0.5757265997318917, "zscale22": 0.5757265997318917, "Cab23": 51.857313808132176, "Cw23": 0.03422294399387919, "xscale23": 0.70373235316718, "yscale23": 0.70373235316718, "zscale23": 0.70373235316718, "Cab24": 44.79066248441866, "Cw24": 0.04266374699818789, "xscale24": 0.5874495624793616, "yscale24": 0.5874495624793616, "zscale24": 0.5874495624793616, "Cab25": 22.48750000152532, "Cw25": 0.04783694928208223, "xscale25": 0.6287320763521682, "yscale25": 0.6287320763521682, "zscale25": 0.6287320763521682, "Cab26": 25.120755712423488, "Cw26": 0.03636846720000127, "xscale26": 0.6193283586945678, "yscale26": 0.6193283586945678, "zscale26": 0.6193283586945678, "Cab27": 51.67432854914926, "Cw27": 0.048993292336316545, "xscale27": 0.5077661661708686, "yscale27": 0.5077661661708686, "zscale27": 0.5077661661708686, "Cab28": 83.4654350650907, "Cw28": 0.019805799664742656, "xscale28": 0.3564354842796588, "yscale28": 0.3564354842796588, "zscale28": 0.3564354842796588, "Cab29": 65.24408214634803, "Cw29": 0.047121517635892514, "xscale29": 0.4825087514922085, "yscale29": 0.4825087514922085, "zscale29": 0.4825087514922085, "Cab30": 48.2478643990346, "Cw30": 0.033208453013864755, "xscale30": 0.3394263599319301, "yscale30": 0.3394263599319301, "zscale30": 0.3394263599319301, "Cab31": 41.046149007194074, "Cw31": 0.01183955534332176, "xscale31": 0.6043934249591151, "yscale31": 0.6043934249591151, "zscale31": 0.6043934249591151, "Cab32": 63.302595367256025, "Cw32": 0.041227724021010534, "xscale32": 0.4391496984519957, "yscale32": 0.4391496984519957, "zscale32": 0.4391496984519957, "Cab33": 71.28455772155083, "Cw33": 0.04091955518050511, "xscale33": 0.5479584064130232, "yscale33": 0.5479584064130232, "zscale33": 0.5479584064130232, "Cab34": 63.17505007116822, "Cw34": 0.03404708717680876, "xscale34": 0.4530260147650869, "yscale34": 0.4530260147650869, "zscale34": 0.4530260147650869, "Cab35": 56.73986471400719, "Cw35": 0.0487380990086827, "xscale35": 0.3565115003324935, "yscale35": 0.3565115003324935, "zscale35": 0.3565115003324935, "Cab36": 55.80808983847352, "Cw36": 0.04052296489561915, "xscale36": 0.6882686587178022, "yscale36": 0.6882686587178022, "zscale36": 0.6882686587178022, "Cab37": 53.235446570053696, "Cw37": 0.015250130030128376, "xscale37": 0.3730349189170859, "yscale37": 0.3730349189170859, "zscale37": 0.3730349189170859, "Cab38": 44.02986385012137, "Cw38": 0.021742148091925012, "xscale38": 0.4028009374757893, "yscale38": 0.4028009374757893, "zscale38": 0.4028009374757893, "Cab39": 81.06017449024702, "Cw39": 0.028054289469084524, "xscale39": 0.6182799973454497, "yscale39": 0.6182799973454497, "zscale39": 0.6182799973454497, "Cab40": 33.47805605493745, "Cw40": 0.030130414236154646, "xscale40": 0.4625896816526666, "yscale40": 0.4625896816526666, "zscale40": 0.4625896816526666, "Cab41": 64.67637848999493, "Cw41": 0.04227946271992363, "xscale41": 0.6503989773042188, "yscale41": 0.6503989773042188, "zscale41": 0.6503989773042188, "Cab42": 23.98458510899686, "Cw42": 0.04956945551847965, "xscale42": 0.6297972400120132, "yscale42": 0.6297972400120132, "zscale42": 0.6297972400120132, "Cab43": 87.82867831789058, "Cw43": 0.04902292809990578, "xscale43": 0.6144022237419587, "yscale43": 0.6144022237419587, "zscale43": 0.6144022237419587, "Cab44": 88.45343309313424, "Cw44": 0.04910094288439188, "xscale44": 0.5099202865660367, "yscale44": 0.5099202865660367, "zscale44": 0.5099202865660367, "Cab45": 21.66461454412307, "Cw45": 0.035440628811470254, "xscale45": 0.40593338990196814, "yscale45": 0.40593338990196814, "zscale45": 0.40593338990196814, "Cab46": 28.084323044277703, "Cw46": 0.025703125703591304, "xscale46": 0.529183771440195, "yscale46": 0.529183771440195, "zscale46": 0.529183771440195, "Cab47": 46.91396120127981, "Cw47": 0.014587851350262016, "xscale47": 0.6129918883010818, "yscale47": 0.6129918883010818, "zscale47": 0.6129918883010818, "Cab48": 61.40410869360988, "Cw48": 0.03853158512613813, "xscale48": 0.6626970626606604, "yscale48": 0.6626970626606604, "zscale48": 0.6626970626606604, "Cab49": 40.90087592846812, "Cw49": 0.012250315638507866, "xscale49": 0.5824783153675201, "yscale49": 0.5824783153675201, "zscale49": 0.5824783153675201, "Cab50": 24.529240260122883, "Cw50": 0.039369834352987874, "xscale50": 0.6207647340190627, "yscale50": 0.6207647340190627, "zscale50": 0.6207647340190627, "Cab51": 29.801085702681377, "Cw51": 0.04939717680933179, "xscale51": 0.7472598446482263, "yscale51": 0.7472598446482263, "zscale51": 0.7472598446482263, "Cab52": 29.58882195345595, "Cw52": 0.040973107851687784,