{"Cab0": 42.725754388111994, "Cw0": 0.042975670625575134, "xscale0": 0.7161961959547548, "yscale0": 0.7161961959547548, "zscale0": 0.7161961959547548, "Cab1": 40.11425753086537, "Cw1": 0.017876948663190482, "xscale1": 0.6961446081412069, "yscale1": 0.6961446081412069, "zscale1": 0.6961446081412069, "Cab2": 78.65560397423211, "Cw2": 0.027547140154827482, "xscale2": 0.5303355132592096, "yscale2": 0.5303355132592096, "zscale2": 0.5303355132592096, "Cab3": 89.26122391406824, "Cw3": 0.046132231130447204, "xscale3": 0.5172094755723486, "yscale3": 0.5172094755723486, "zscale3": 0.5172094755723486, "Cab4": 67.41487091365153, "Cw4": 0.041618930783965565, "xscale4": 0.5680296224313723, "yscale4": 0.5680296224313723, "zscale4": 0.5680296224313723, "Cab5": 87.60701912147425, "Cw5": 0.03958690574726818, "xscale5": 0.7370382157175169, "yscale5": 0.7370382157175169, "zscale5": 0.7370382157175169, "Cab6": 51.647615990704224, "Cw6": 0.0335190207077835, "xscale6": 0.5772489442702741, "yscale6": 0.5772489442702741, "zscale6": 0.5772489442702741, "Cab7": 84.51482284239616, "Cw7": 0.01167072837643119, "xscale7": 0.4428628341854257, "yscale7": 0.4428628341854257, "zscale7": 0.4428628341854257, "Cab8": 42.1688590927966, "Cw8": 0.04158031665493068, "xscale8": 0.622681654704229, "yscale8": 0.622681654704229, "zscale8": 0.622681654704229, "Cab9": 41.72631632437606, "Cw9": 0.029334869759561358, "xscale9": 0.6307353442295304, "yscale9": 0.6307353442295304, "zscale9": 0.6307353442295304, "Cab10": 72.9324516438952, "Cw10": 0.04866183046695095, "xscale10": 0.46312062438857693, "yscale10": 0.46312062438857693, "zscale10": 0.46312062438857693, "Cab11": 89.73824106204499, "Cw11": 0.03498958031554811, "xscale11": 0.5871618245758152, "yscale11": 0.5871618245758152, "zscale11": 0.5871618245758152, "Cab12": 65.2204804394328, "Cw12": 0.031148871628783048, "xscale12": 0.5568292671282753, "yscale12": 0.5568292671282753, "zscale12": 0.5568292671282753, "Cab13": 43.75198908490986, "Cw13": 0.024734645177408185, "xscale13": 0.7287384072269061, "yscale13": 0.7287384072269061, "zscale13": 0.7287384072269061, "Cab14": 52.700251370059846, "Cw14": 0.022766299305026584, "xscale14": 0.6393404233143044, "yscale14": 0.6393404233143044, "zscale14": 0.6393404233143044, "Cab15": 80.1920977899171, "Cw15": 0.04385769984809305, "xscale15": 0.6064603569526565, "yscale15": 0.6064603569526565, "zscale15": 0.6064603569526565, "Cab16": 49.164029162365935, "Cw16": 0.03707594035214519, "xscale16": 0.6819536030522996, "yscale16": 0.6819536030522996, "zscale16": 0.6819536030522996, "Cab17": 64.10610760198401, "Cw17": 0.03510462865089664, "xscale17": 0.5163054682266789, "yscale17": 0.5163054682266789, "zscale17": 0.5163054682266789, "Cab18": 75.73599104948065, "Cw18": 0.04828068124541803, "xscale18": 0.5880528800073097, "yscale18": 0.5880528800073097, "zscale18": 0.5880528800073097, "Cab19": 70.41458816381157, "Cw19": 0.04431789084989488, "xscale19": 0.6000033547704182, "yscale19": 0.6000033547704182, "zscale19": 0.6000033547704182, "Cab20": 45.131974216766935, "Cw20": 0.01988062432450073, "xscale20": 0.6252179259358916, "yscale20": 0.6252179259358916, "zscale20": 0.6252179259358916, "Cab21": 30.66863484613053, "Cw21": 0.04542926383860767, "xscale21": 0.6220039872486762, "yscale21": 0.6220039872486762, "zscale21": 0.6220039872486762, "Cab22": 27.073215126835144, "Cw22": 0.04823675379434415, "xscale22": 0.5069783890603817, "yscale22": 0.5069783890603817, "zscale22": 0.5069783890603817, "Cab23": 88.44159190652728, "Cw23": 0.02431512350430172, "xscale23": 0.7449707197109698, "yscale23": 0.7449707197109698, "zscale23": 0.7449707197109698, "Cab24": 31.14985660473363, "Cw24": 0.02746190708933053, "xscale24": 0.4950519255529439, "yscale24": 0.4950519255529439, "zscale24": 0.4950519255529439, "Cab25": 41.4976666065744, "Cw25": 0.02809092187906232, "xscale25": 0.7291186646361636, "yscale25": 0.7291186646361636, "zscale25": 0.7291186646361636, "Cab26": 25.943963877940867, "Cw26": 0.022722183132330896, "xscale26": 0.5010747652704443, "yscale26": 0.5010747652704443, "zscale26": 0.5010747652704443, "Cab27": 41.303043085600386, "Cw27": 0.028144632818085463, "xscale27": 0.42575608641983803, "yscale27": 0.42575608641983803, "zscale27": 0.42575608641983803, "Cab28": 75.65384278993245, "Cw28": 0.03630713894033732, "xscale28": 0.46627695106335143, "yscale28": 0.46627695106335143, "zscale28": 0.46627695106335143, "Cab29": 54.94175066881121, "Cw29": 0.012898600330241719, "xscale29": 0.7016091511589, "yscale29": 0.7016091511589, "zscale29": 0.7016091511589, "Cab30": 46.122258195099604, "Cw30": 0.0431698477992215, "xscale30": 0.3689355956216747, "yscale30": 0.3689355956216747, "zscale30": 0.3689355956216747, "Cab31": 52.64321545706332, "Cw31": 0.016320036826554786, "xscale31": 0.5483853168112759, "yscale31": 0.5483853168112759, "zscale31": 0.5483853168112759, "Cab32": 82.21333552958694, "Cw32": 0.048603523391090954, "xscale32": 0.4490984874710452, "yscale32": 0.4490984874710452, "zscale32": 0.4490984874710452, "Cab33": 28.486070334801347, "Cw33": 0.019056580311415598, "xscale33": 0.49327935179236204, "yscale33": 0.49327935179236204, "zscale33": 0.49327935179236204, "Cab34": 67.61480033858835, "Cw34": 0.03946782578711839, "xscale34": 0.4736565823180604, "yscale34": 0.4736565823180604, "zscale34": 0.4736565823180604, "Cab35": 59.83092135868051, "Cw35": 0.03498392972065674, "xscale35": 0.34707092798600114, "yscale35": 0.34707092798600114, "zscale35": 0.34707092798600114, "Cab36": 53.86619058305248, "Cw36": 0.01580715624849552, "xscale36": 0.6797432230825876, "yscale36": 0.6797432230825876, "zscale36": 0.6797432230825876, "Cab37": 48.08699683096859, "Cw37": 0.018579203076901418, "xscale37": 0.36242172300370135, "yscale37": 0.36242172300370135, "zscale37": 0.36242172300370135, "Cab38": 35.538044600726316, "Cw38": 0.04758620792996709, "xscale38": 0.4830800718690598, "yscale38": 0.4830800718690598, "zscale38": 0.4830800718690598, "Cab39": 82.52945813307906, "Cw39": 0.021037872755093126, "xscale39": 0.5698011705683527, "yscale39": 0.5698011705683527, "zscale39": 0.5698011705683527, "Cab40": 68.50681993328018, "Cw40": 0.016796109456125304, "xscale40": 0.5637080949129245, "yscale40": 0.5637080949129245, "zscale40": 0.5637080949129245, "Cab41": 32.70288268227813, "Cw41": 0.025420385351019613, "xscale41": 0.5853200431534298, "yscale41": 0.5853200431534298, "zscale41": 0.5853200431534298, "Cab42": 29.89661625536492, "Cw42": 0.010712663494800042, "xscale42": 0.4464720865444859, "yscale42": 0.4464720865444859, "zscale42": 0.4464720865444859, "Cab43": 60.78188526953071, "Cw43": 0.03120792156883813, "xscale43": 0.6188263131153512, "yscale43": 0.6188263131153512, "zscale43": 0.6188263131153512, "Cab44": 35.52183769965616, "Cw44": 0.023918075327780532, "xscale44": 0.39911428976796604, "yscale44": 0.39911428976796604, "zscale44": 0.39911428976796604, "Cab45": 39.202290549402626, "Cw45": 0.04836793147766261, "xscale45": 0.308647900211752, "yscale45": 0.308647900211752, "zscale45": 0.308647900211752, "Cab46": 40.19145503966157, "Cw46": 0.04701921890315314, "xscale46": 0.5510004802304868, "yscale46": 0.5510004802304868, "zscale46": 0.5510004802304868, "Cab47": 27.502180455333157, "Cw47": 0.017320046107203523, "xscale47": 0.6203507000537399, "yscale47": 0.6203507000537399, "zscale47": 0.6203507000537399, "Cab48": 45.66578380530618, "Cw48": 0.018421558613469585, "xscale48": 0.6404272973758952, "yscale48": 0.6404272973758952, "zscale48": 0.6404272973758952, "Cab49": 46.071431988377924, "Cw49": 0.033225588107101196, "xscale49": 0.5936650604447111, "yscale49": 0.5936650604447111, "zscale49": 0.5936650604447111, "Cab50": 62.82281537949542, "Cw50": 0.022493299653206487, "xscale50": 0.5455583246530998, "yscale50": 0.5455583246530998, "zscale50": 0.5455583246530998, "Cab51": 67.33002625024127, "Cw51": 0.04913713141865371, "xscale51": 0.7239819148824218, "yscale51": 0.7239819148824218, "zscale51": 0.7239819148824218, "Cab52": 54.18504809902006,