{"Cab0": 88.38996782757977, "Cw0": 0.04409099894366602, "xscale0": 0.7248954886492031, "yscale0": 0.7248954886492031, "zscale0": 0.7248954886492031, "Cab1": 80.61551059654448, "Cw1": 0.042870847487591415, "xscale1": 0.5664261410176822, "yscale1": 0.5664261410176822, "zscale1": 0.5664261410176822, "Cab2": 41.80252799124653, "Cw2": 0.046373010181914656, "xscale2": 0.69515627239285, "yscale2": 0.69515627239285, "zscale2": 0.69515627239285, "Cab3": 69.48905727327707, "Cw3": 0.03111189747370001, "xscale3": 0.46924604890514315, "yscale3": 0.46924604890514315, "zscale3": 0.46924604890514315, "Cab4": 27.866325883302967, "Cw4": 0.020661021351139848, "xscale4": 0.6222556578305523, "yscale4": 0.6222556578305523, "zscale4": 0.6222556578305523, "Cab5": 56.29941612410728, "Cw5": 0.031232669336875636, "xscale5": 0.7918959584981046, "yscale5": 0.7918959584981046, "zscale5": 0.7918959584981046, "Cab6": 33.72506113750396, "Cw6": 0.040248051124866284, "xscale6": 0.4427136571284547, "yscale6": 0.4427136571284547, "zscale6": 0.4427136571284547, "Cab7": 36.41811166300368, "Cw7": 0.024811908984067835, "xscale7": 0.5382799327760934, "yscale7": 0.5382799327760934, "zscale7": 0.5382799327760934, "Cab8": 37.062925642477424, "Cw8": 0.010525591212184406, "xscale8": 0.6573755879650431, "yscale8": 0.6573755879650431, "zscale8": 0.6573755879650431, "Cab9": 42.94510585320185, "Cw9": 0.04519674550842387, "xscale9": 0.7457670223702241, "yscale9": 0.7457670223702241, "zscale9": 0.7457670223702241, "Cab10": 71.59369235852546, "Cw10": 0.0411108468333335, "xscale10": 0.48405319456649326, "yscale10": 0.48405319456649326, "zscale10": 0.48405319456649326, "Cab11": 51.80257569605506, "Cw11": 0.03814359312230079, "xscale11": 0.7726804130992585, "yscale11": 0.7726804130992585, "zscale11": 0.7726804130992585, "Cab12": 80.22752622508092, "Cw12": 0.038432459345735505, "xscale12": 0.5251429227349631, "yscale12": 0.5251429227349631, "zscale12": 0.5251429227349631, "Cab13": 59.361892114251724, "Cw13": 0.034353714743879216, "xscale13": 0.7451477925124294, "yscale13": 0.7451477925124294, "zscale13": 0.7451477925124294, "Cab14": 67.07482168788337, "Cw14": 0.04893337174813691, "xscale14": 0.6173317210216944, "yscale14": 0.6173317210216944, "zscale14": 0.6173317210216944, "Cab15": 20.379145394185468, "Cw15": 0.044882800600138176, "xscale15": 0.6541012794583967, "yscale15": 0.6541012794583967, "zscale15": 0.6541012794583967, "Cab16": 87.58177671668717, "Cw16": 0.02254100482005214, "xscale16": 0.5111006941748804, "yscale16": 0.5111006941748804, "zscale16": 0.5111006941748804, "Cab17": 65.04520467545618, "Cw17": 0.03461526891015277, "xscale17": 0.5786759016675946, "yscale17": 0.5786759016675946, "zscale17": 0.5786759016675946, "Cab18": 89.03760236200243, "Cw18": 0.029539602017620202, "xscale18": 0.6005482449977334, "yscale18": 0.6005482449977334, "zscale18": 0.6005482449977334, "Cab19": 55.29690616404838, "Cw19": 0.048860093745591825, "xscale19": 0.46585925530523153, "yscale19": 0.46585925530523153, "zscale19": 0.46585925530523153, "Cab20": 65.93024512701419, "Cw20": 0.021065193522196993, "xscale20": 0.586957384174734, "yscale20": 0.586957384174734, "zscale20": 0.586957384174734, "Cab21": 62.006683084143994, "Cw21": 0.042638578797255085, "xscale21": 0.5600030816933538, "yscale21": 0.5600030816933538, "zscale21": 0.5600030816933538, "Cab22": 56.48514222647854, "Cw22": 0.0134246931372605, "xscale22": 0.4151612929867284, "yscale22": 0.4151612929867284, "zscale22": 0.4151612929867284, "Cab23": 59.6184222596602, "Cw23": 0.032244525536161014, "xscale23": 0.7316225381848505, "yscale23": 0.7316225381848505, "zscale23": 0.7316225381848505, "Cab24": 71.52929118340043, "Cw24": 0.03121972700900677, "xscale24": 0.5793908646878111, "yscale24": 0.5793908646878111, "zscale24": 0.5793908646878111, "Cab25": 20.66982275685317, "Cw25": 0.02957649832827658, "xscale25": 0.5929326038214936, "yscale25": 0.5929326038214936, "zscale25": 0.5929326038214936, "Cab26": 73.44489927654718, "Cw26": 0.042566034036839624, "xscale26": 0.5339307301573101, "yscale26": 0.5339307301573101, "zscale26": 0.5339307301573101, "Cab27": 82.94373083318027, "Cw27": 0.02267034167890163, "xscale27": 0.40883618252180287, "yscale27": 0.40883618252180287, "zscale27": 0.40883618252180287, "Cab28": 58.33427809284725, "Cw28": 0.04736100954237371, "xscale28": 0.4710421722092161, "yscale28": 0.4710421722092161, "zscale28": 0.4710421722092161, "Cab29": 52.15151517208439, "Cw29": 0.033318802792162275, "xscale29": 0.6024008555347874, "yscale29": 0.6024008555347874, "zscale29": 0.6024008555347874, "Cab30": 86.01848955506043, "Cw30": 0.04244605325333401, "xscale30": 0.33750090413313305, "yscale30": 0.33750090413313305, "zscale30": 0.33750090413313305, "Cab31": 78.30162282262957, "Cw31": 0.016519282400952358, "xscale31": 0.636368586489784, "yscale31": 0.636368586489784, "zscale31": 0.636368586489784, "Cab32": 77.30347953266048, "Cw32": 0.04672017538545699, "xscale32": 0.5019817242676233, "yscale32": 0.5019817242676233, "zscale32": 0.5019817242676233, "Cab33": 45.61603445592354, "Cw33": 0.03276090085612928, "xscale33": 0.5670904480371876, "yscale33": 0.5670904480371876, "zscale33": 0.5670904480371876, "Cab34": 53.38192522500904, "Cw34": 0.035779959562325464, "xscale34": 0.460514694648862, "yscale34": 0.460514694648862, "zscale34": 0.460514694648862, "Cab35": 50.22374476226551, "Cw35": 0.04341225787306721, "xscale35": 0.48742210359127286, "yscale35": 0.48742210359127286, "zscale35": 0.48742210359127286, "Cab36": 56.267684134347164, "Cw36": 0.03500476901077104, "xscale36": 0.6454915942788734, "yscale36": 0.6454915942788734, "zscale36": 0.6454915942788734, "Cab37": 42.98546288291307, "Cw37": 0.047865885945886255, "xscale37": 0.5018948459387897, "yscale37": 0.5018948459387897, "zscale37": 0.5018948459387897, "Cab38": 84.75339701990801, "Cw38": 0.040336511075587556, "xscale38": 0.567193981289164, "yscale38": 0.567193981289164, "zscale38": 0.567193981289164, "Cab39": 77.72208449456592, "Cw39": 0.01720738126320854, "xscale39": 0.5010196504737353, "yscale39": 0.5010196504737353, "zscale39": 0.5010196504737353, "Cab40": 20.79155458022985, "Cw40": 0.029831231859899908, "xscale40": 0.448236125710736, "yscale40": 0.448236125710736, "zscale40": 0.448236125710736, "Cab41": 42.703278192146534, "Cw41": 0.034824262423774156, "xscale41": 0.5291629976657, "yscale41": 0.5291629976657, "zscale41": 0.5291629976657, "Cab42": 77.59346491823001, "Cw42": 0.045375661058117585, "xscale42": 0.6175741706640163, "yscale42": 0.6175741706640163, "zscale42": 0.6175741706640163, "Cab43": 34.33401099501527, "Cw43": 0.04828651683122066, "xscale43": 0.681696762622505, "yscale43": 0.681696762622505, "zscale43": 0.681696762622505, "Cab44": 51.88909064111789, "Cw44": 0.011311033869180864, "xscale44": 0.3757782681062183, "yscale44": 0.3757782681062183, "zscale44": 0.3757782681062183, "Cab45": 25.6708064916862, "Cw45": 0.023744657206829396, "xscale45": 0.3271967604059793, "yscale45": 0.3271967604059793, "zscale45": 0.3271967604059793, "Cab46": 48.115085746165256, "Cw46": 0.03582619815924071, "xscale46": 0.40589761815432707, "yscale46": 0.40589761815432707, "zscale46": 0.40589761815432707, "Cab47": 71.05023545058806, "Cw47": 0.012152364049162197, "xscale47": 0.5844697535556466, "yscale47": 0.5844697535556466, "zscale47": 0.5844697535556466, "Cab48": 31.442489936401216, "Cw48": 0.02365010986705264, "xscale48": 0.7541385316001851, "yscale48": 0.7541385316001851, "zscale48": 0.7541385316001851, "Cab49": 23.880813296989196, "Cw49": 0.047255119532367246, "xscale49": 0.5111553802893789, "yscale49": 0.5111553802893789, "zscale49": 0.5111553802893789, "Cab50": 29.20031156858108, "Cw50": 0.025755205864151767, "xscale50": 0.6072781536695971, "yscale50": 0.6072781536695971, "zscale50": 0.6072781536695971, "Cab51": 87.88160564109464, "Cw51": 0.011697169685736131, "xscale51": 0.7614046556579289, "yscale51": 0.7614046556579289, "zscale51": 0.7614046556579289, "Cab52": 71.33411309261587, "Cw52": 0.01389782060814146,