{"Cab0": 45.55881246227006, "Cw0": 0.040733233904921985, "xscale0": 0.7083813266133259, "yscale0": 0.7083813266133259, "zscale0": 0.7083813266133259, "Cab1": 22.76522967315939, "Cw1": 0.02666505120501863, "xscale1": 0.5199234283666301, "yscale1": 0.5199234283666301, "zscale1": 0.5199234283666301, "Cab2": 58.69488484098068, "Cw2": 0.03712494067418961, "xscale2": 0.5768875963194422, "yscale2": 0.5768875963194422, "zscale2": 0.5768875963194422, "Cab3": 48.245248860283226, "Cw3": 0.048851226769941844, "xscale3": 0.42227504528113735, "yscale3": 0.42227504528113735, "zscale3": 0.42227504528113735, "Cab4": 80.89741612994027, "Cw4": 0.013878266001370796, "xscale4": 0.5170596612624253, "yscale4": 0.5170596612624253, "zscale4": 0.5170596612624253, "Cab5": 48.92586543189291, "Cw5": 0.03254181573925737, "xscale5": 0.8412328371031143, "yscale5": 0.8412328371031143, "zscale5": 0.8412328371031143, "Cab6": 53.00820635386868, "Cw6": 0.03747023105070504, "xscale6": 0.5607433914628037, "yscale6": 0.5607433914628037, "zscale6": 0.5607433914628037, "Cab7": 73.7105455666084, "Cw7": 0.03782584527238407, "xscale7": 0.4928826744739353, "yscale7": 0.4928826744739353, "zscale7": 0.4928826744739353, "Cab8": 36.1864857628169, "Cw8": 0.0399106679483022, "xscale8": 0.6392939188955405, "yscale8": 0.6392939188955405, "zscale8": 0.6392939188955405, "Cab9": 37.931171797457374, "Cw9": 0.017595856174814732, "xscale9": 0.5693731281050735, "yscale9": 0.5693731281050735, "zscale9": 0.5693731281050735, "Cab10": 31.979910461463582, "Cw10": 0.017650440320284976, "xscale10": 0.5775873238506477, "yscale10": 0.5775873238506477, "zscale10": 0.5775873238506477, "Cab11": 85.31538575238152, "Cw11": 0.015772386860831066, "xscale11": 0.7109983954927214, "yscale11": 0.7109983954927214, "zscale11": 0.7109983954927214, "Cab12": 63.630191582937684, "Cw12": 0.023280412790600655, "xscale12": 0.46033191938218915, "yscale12": 0.46033191938218915, "zscale12": 0.46033191938218915, "Cab13": 59.16894729034054, "Cw13": 0.0317263919148655, "xscale13": 0.5068945970529415, "yscale13": 0.5068945970529415, "zscale13": 0.5068945970529415, "Cab14": 44.840900826389685, "Cw14": 0.034674800095338555, "xscale14": 0.582105708483955, "yscale14": 0.582105708483955, "zscale14": 0.582105708483955, "Cab15": 69.63382172863575, "Cw15": 0.037824890755392686, "xscale15": 0.5854598516282099, "yscale15": 0.5854598516282099, "zscale15": 0.5854598516282099, "Cab16": 78.51012321451307, "Cw16": 0.04979559812945593, "xscale16": 0.5655970786709437, "yscale16": 0.5655970786709437, "zscale16": 0.5655970786709437, "Cab17": 83.32293235095052, "Cw17": 0.014185533182284287, "xscale17": 0.6319550986149965, "yscale17": 0.6319550986149965, "zscale17": 0.6319550986149965, "Cab18": 63.70106411884658, "Cw18": 0.03898331054677801, "xscale18": 0.7397863399747592, "yscale18": 0.7397863399747592, "zscale18": 0.7397863399747592, "Cab19": 72.86706869308078, "Cw19": 0.01104287118725967, "xscale19": 0.49197501350554923, "yscale19": 0.49197501350554923, "zscale19": 0.49197501350554923, "Cab20": 64.1736888999468, "Cw20": 0.04440700409986587, "xscale20": 0.6269234077001172, "yscale20": 0.6269234077001172, "zscale20": 0.6269234077001172, "Cab21": 73.85861036733158, "Cw21": 0.042150148363934666, "xscale21": 0.6158455976226023, "yscale21": 0.6158455976226023, "zscale21": 0.6158455976226023, "Cab22": 26.510814063465318, "Cw22": 0.01689912380948936, "xscale22": 0.43027923308861543, "yscale22": 0.43027923308861543, "zscale22": 0.43027923308861543, "Cab23": 43.81388166469961, "Cw23": 0.023832610586343197, "xscale23": 0.6208110013808076, "yscale23": 0.6208110013808076, "zscale23": 0.6208110013808076, "Cab24": 28.502887688648386, "Cw24": 0.018550802009211838, "xscale24": 0.44649006446541456, "yscale24": 0.44649006446541456, "zscale24": 0.44649006446541456, "Cab25": 81.68415578178679, "Cw25": 0.048355749235751144, "xscale25": 0.672950563695691, "yscale25": 0.672950563695691, "zscale25": 0.672950563695691, "Cab26": 85.18922065197951, "Cw26": 0.03462868239479743, "xscale26": 0.7326222477679811, "yscale26": 0.7326222477679811, "zscale26": 0.7326222477679811, "Cab27": 56.85595063452672, "Cw27": 0.03763294383968583, "xscale27": 0.36291273524538503, "yscale27": 0.36291273524538503, "zscale27": 0.36291273524538503, "Cab28": 56.57275540016979, "Cw28": 0.038825071414201696, "xscale28": 0.42563267539769745, "yscale28": 0.42563267539769745, "zscale28": 0.42563267539769745, "Cab29": 89.64529526647786, "Cw29": 0.027649749196938918, "xscale29": 0.4989607206509879, "yscale29": 0.4989607206509879, "zscale29": 0.4989607206509879, "Cab30": 23.30694009922106, "Cw30": 0.03888088614456755, "xscale30": 0.38430860320633564, "yscale30": 0.38430860320633564, "zscale30": 0.38430860320633564, "Cab31": 45.04268424389226, "Cw31": 0.04278282030911461, "xscale31": 0.7568414561783775, "yscale31": 0.7568414561783775, "zscale31": 0.7568414561783775, "Cab32": 77.28448072492597, "Cw32": 0.023079096934594492, "xscale32": 0.503005718920194, "yscale32": 0.503005718920194, "zscale32": 0.503005718920194, "Cab33": 81.50185512633124, "Cw33": 0.029066386432472543, "xscale33": 0.42543670724145727, "yscale33": 0.42543670724145727, "zscale33": 0.42543670724145727, "Cab34": 33.309312464308555, "Cw34": 0.039360125510986665, "xscale34": 0.41771894044993485, "yscale34": 0.41771894044993485, "zscale34": 0.41771894044993485, "Cab35": 82.04971604928895, "Cw35": 0.049772873337947554, "xscale35": 0.4739044009922571, "yscale35": 0.4739044009922571, "zscale35": 0.4739044009922571, "Cab36": 27.98821152026667, "Cw36": 0.03330587595893618, "xscale36": 0.7241412827511527, "yscale36": 0.7241412827511527, "zscale36": 0.7241412827511527, "Cab37": 74.01029444198075, "Cw37": 0.03066577044801893, "xscale37": 0.40596424021055866, "yscale37": 0.40596424021055866, "zscale37": 0.40596424021055866, "Cab38": 40.428385044427245, "Cw38": 0.036893126996222145, "xscale38": 0.42163640541932473, "yscale38": 0.42163640541932473, "zscale38": 0.42163640541932473, "Cab39": 53.72933875339044, "Cw39": 0.013757782542598384, "xscale39": 0.5704533390047103, "yscale39": 0.5704533390047103, "zscale39": 0.5704533390047103, "Cab40": 85.64151707256744, "Cw40": 0.03571197910574033, "xscale40": 0.4481812759253807, "yscale40": 0.4481812759253807, "zscale40": 0.4481812759253807, "Cab41": 25.010458909586077, "Cw41": 0.04169826335517946, "xscale41": 0.6374704081015575, "yscale41": 0.6374704081015575, "zscale41": 0.6374704081015575, "Cab42": 82.84152729464542, "Cw42": 0.013106505508222309, "xscale42": 0.47991662550607844, "yscale42": 0.47991662550607844, "zscale42": 0.47991662550607844, "Cab43": 43.57321973950679, "Cw43": 0.0367512379456299, "xscale43": 0.6761576777728849, "yscale43": 0.6761576777728849, "zscale43": 0.6761576777728849, "Cab44": 70.34687877801203, "Cw44": 0.030194377087408145, "xscale44": 0.41308557163001597, "yscale44": 0.41308557163001597, "zscale44": 0.41308557163001597, "Cab45": 23.756724167604222, "Cw45": 0.036939864492325405, "xscale45": 0.3567364463356383, "yscale45": 0.3567364463356383, "zscale45": 0.3567364463356383, "Cab46": 76.82024000417991, "Cw46": 0.0391918873883663, "xscale46": 0.384042248709568, "yscale46": 0.384042248709568, "zscale46": 0.384042248709568, "Cab47": 74.3008339965773, "Cw47": 0.02701046397147472, "xscale47": 0.5821253722870139, "yscale47": 0.5821253722870139, "zscale47": 0.5821253722870139, "Cab48": 85.23128403377505, "Cw48": 0.0389398768599651, "xscale48": 0.5906271630680507, "yscale48": 0.5906271630680507, "zscale48": 0.5906271630680507, "Cab49": 61.53746568451315, "Cw49": 0.04224006969289444, "xscale49": 0.5243647860689636, "yscale49": 0.5243647860689636, "zscale49": 0.5243647860689636, "Cab50": 47.04023765043098, "Cw50": 0.036092051516734516, "xscale50": 0.7835698359661887, "yscale50": 0.7835698359661887, "zscale50": 0.7835698359661887, "Cab51": 87.32593632477389, "Cw51": 0.04211433729418027, "xscale51": 0.6588682322958239, "yscale51": 0.6588682322958239, "zscale51": 0.6588682322958239, "Cab52": 68.71408839101585,