{"Cab0": 23.302051165379485, "Cw0": 0.043518453984346187, "xscale0": 0.6871459606643427, "yscale0": 0.6871459606643427, "zscale0": 0.6871459606643427, "Cab1": 20.249377617587758, "Cw1": 0.02013648774612215, "xscale1": 0.4842881069083567, "yscale1": 0.4842881069083567, "zscale1": 0.4842881069083567, "Cab2": 86.05798558975188, "Cw2": 0.03678732193696882, "xscale2": 0.6843851392064888, "yscale2": 0.6843851392064888, "zscale2": 0.6843851392064888, "Cab3": 74.79496245971194, "Cw3": 0.028284820302488252, "xscale3": 0.5731324426017858, "yscale3": 0.5731324426017858, "zscale3": 0.5731324426017858, "Cab4": 42.61151245302422, "Cw4": 0.042575362561030866, "xscale4": 0.4917963784611554, "yscale4": 0.4917963784611554, "zscale4": 0.4917963784611554, "Cab5": 65.5634331442418, "Cw5": 0.04284475895505973, "xscale5": 0.7487920165797447, "yscale5": 0.7487920165797447, "zscale5": 0.7487920165797447, "Cab6": 23.067840403250518, "Cw6": 0.04743896160378347, "xscale6": 0.5056096523053891, "yscale6": 0.5056096523053891, "zscale6": 0.5056096523053891, "Cab7": 42.97414322201289, "Cw7": 0.02855717419437654, "xscale7": 0.47656942076014364, "yscale7": 0.47656942076014364, "zscale7": 0.47656942076014364, "Cab8": 87.17792376086616, "Cw8": 0.010012070839470484, "xscale8": 0.5303092165023366, "yscale8": 0.5303092165023366, "zscale8": 0.5303092165023366, "Cab9": 37.84225234342459, "Cw9": 0.045577913996421957, "xscale9": 0.6570170687339318, "yscale9": 0.6570170687339318, "zscale9": 0.6570170687339318, "Cab10": 61.616312537262786, "Cw10": 0.019713081174964123, "xscale10": 0.40450448253006577, "yscale10": 0.40450448253006577, "zscale10": 0.40450448253006577, "Cab11": 32.726619953154284, "Cw11": 0.021072967236344425, "xscale11": 0.698459464847478, "yscale11": 0.698459464847478, "zscale11": 0.698459464847478, "Cab12": 88.17881262201007, "Cw12": 0.03002844299443, "xscale12": 0.46893300818285516, "yscale12": 0.46893300818285516, "zscale12": 0.46893300818285516, "Cab13": 57.241671533374245, "Cw13": 0.02192780707066324, "xscale13": 0.6752177265761635, "yscale13": 0.6752177265761635, "zscale13": 0.6752177265761635, "Cab14": 68.12958382876664, "Cw14": 0.011214456114226926, "xscale14": 0.4763687243202891, "yscale14": 0.4763687243202891, "zscale14": 0.4763687243202891, "Cab15": 34.37581314916968, "Cw15": 0.021394493509374054, "xscale15": 0.5219319263115932, "yscale15": 0.5219319263115932, "zscale15": 0.5219319263115932, "Cab16": 74.69055306926373, "Cw16": 0.026007871437437095, "xscale16": 0.5476224687891691, "yscale16": 0.5476224687891691, "zscale16": 0.5476224687891691, "Cab17": 31.66300957130042, "Cw17": 0.018029583851297968, "xscale17": 0.50223926055088, "yscale17": 0.50223926055088, "zscale17": 0.50223926055088, "Cab18": 41.10682440368471, "Cw18": 0.010700097704733293, "xscale18": 0.701201401235669, "yscale18": 0.701201401235669, "zscale18": 0.701201401235669, "Cab19": 30.470386366569027, "Cw19": 0.02366188528241931, "xscale19": 0.6168553356702229, "yscale19": 0.6168553356702229, "zscale19": 0.6168553356702229, "Cab20": 62.39835313591754, "Cw20": 0.049922823920098044, "xscale20": 0.5950174391843661, "yscale20": 0.5950174391843661, "zscale20": 0.5950174391843661, "Cab21": 58.86622411736978, "Cw21": 0.01998325140855369, "xscale21": 0.45167502034471824, "yscale21": 0.45167502034471824, "zscale21": 0.45167502034471824, "Cab22": 87.96985722495158, "Cw22": 0.026316096445637385, "xscale22": 0.5863251677599269, "yscale22": 0.5863251677599269, "zscale22": 0.5863251677599269, "Cab23": 87.44193911272234, "Cw23": 0.024831179680247964, "xscale23": 0.71466254914651, "yscale23": 0.71466254914651, "zscale23": 0.71466254914651, "Cab24": 57.69317910184297, "Cw24": 0.020028247541867796, "xscale24": 0.5506741786069236, "yscale24": 0.5506741786069236, "zscale24": 0.5506741786069236, "Cab25": 41.21247573208856, "Cw25": 0.04488890922623607, "xscale25": 0.6473344237710092, "yscale25": 0.6473344237710092, "zscale25": 0.6473344237710092, "Cab26": 21.78541030846491, "Cw26": 0.04929548982138618, "xscale26": 0.5097842102458169, "yscale26": 0.5097842102458169, "zscale26": 0.5097842102458169, "Cab27": 87.53268778565727, "Cw27": 0.039852225796430746, "xscale27": 0.4930940739898244, "yscale27": 0.4930940739898244, "zscale27": 0.4930940739898244, "Cab28": 60.20432337108114, "Cw28": 0.0291284582245718, "xscale28": 0.46712066143935216, "yscale28": 0.46712066143935216, "zscale28": 0.46712066143935216, "Cab29": 69.24185648007669, "Cw29": 0.014436198693928728, "xscale29": 0.48251397563563975, "yscale29": 0.48251397563563975, "zscale29": 0.48251397563563975, "Cab30": 25.27758594863899, "Cw30": 0.04049985143801342, "xscale30": 0.3435889679022995, "yscale30": 0.3435889679022995, "zscale30": 0.3435889679022995, "Cab31": 70.51106108233786, "Cw31": 0.042439124236471296, "xscale31": 0.552602169294918, "yscale31": 0.552602169294918, "zscale31": 0.552602169294918, "Cab32": 41.50096998123256, "Cw32": 0.0450895690266499, "xscale32": 0.387084891633268, "yscale32": 0.387084891633268, "zscale32": 0.387084891633268, "Cab33": 83.65716360608965, "Cw33": 0.039487233493932856, "xscale33": 0.48302222169686393, "yscale33": 0.48302222169686393, "zscale33": 0.48302222169686393, "Cab34": 69.87509396494083, "Cw34": 0.023334543754051196, "xscale34": 0.5632751710271827, "yscale34": 0.5632751710271827, "zscale34": 0.5632751710271827, "Cab35": 49.335441435639936, "Cw35": 0.04545304706892048, "xscale35": 0.34707441480216566, "yscale35": 0.34707441480216566, "zscale35": 0.34707441480216566, "Cab36": 55.382177422590445, "Cw36": 0.027158534665552708, "xscale36": 0.6012031151376468, "yscale36": 0.6012031151376468, "zscale36": 0.6012031151376468, "Cab37": 62.20661502069266, "Cw37": 0.015985437705054756, "xscale37": 0.41761291930625194, "yscale37": 0.41761291930625194, "zscale37": 0.41761291930625194, "Cab38": 54.32457740900621, "Cw38": 0.04604909967607943, "xscale38": 0.4527050985819236, "yscale38": 0.4527050985819236, "zscale38": 0.4527050985819236, "Cab39": 51.85932636968151, "Cw39": 0.04377444230051266, "xscale39": 0.6540142479363343, "yscale39": 0.6540142479363343, "zscale39": 0.6540142479363343, "Cab40": 50.35330139246106, "Cw40": 0.04949873366718143, "xscale40": 0.4377984842077939, "yscale40": 0.4377984842077939, "zscale40": 0.4377984842077939, "Cab41": 83.82844922026277, "Cw41": 0.034285621260625336, "xscale41": 0.6443697627870053, "yscale41": 0.6443697627870053, "zscale41": 0.6443697627870053, "Cab42": 50.26934606425495, "Cw42": 0.01502035610223251, "xscale42": 0.5083854821334766, "yscale42": 0.5083854821334766, "zscale42": 0.5083854821334766, "Cab43": 64.49451888708559, "Cw43": 0.04582485851029647, "xscale43": 0.5335064331512219, "yscale43": 0.5335064331512219, "zscale43": 0.5335064331512219, "Cab44": 88.24535889753206, "Cw44": 0.02386458206491618, "xscale44": 0.4482021676108064, "yscale44": 0.4482021676108064, "zscale44": 0.4482021676108064, "Cab45": 36.40471313323586, "Cw45": 0.03492301213025389, "xscale45": 0.34265397892184335, "yscale45": 0.34265397892184335, "zscale45": 0.34265397892184335, "Cab46": 83.98871132505857, "Cw46": 0.030482648345807682, "xscale46": 0.42465405747367824, "yscale46": 0.42465405747367824, "zscale46": 0.42465405747367824, "Cab47": 65.19448288225394, "Cw47": 0.0461658833022948, "xscale47": 0.4932815541597195, "yscale47": 0.4932815541597195, "zscale47": 0.4932815541597195, "Cab48": 41.54637366024741, "Cw48": 0.03147798845831796, "xscale48": 0.7052018288904326, "yscale48": 0.7052018288904326, "zscale48": 0.7052018288904326, "Cab49": 42.13813702174531, "Cw49": 0.03704946797354221, "xscale49": 0.5107912197557205, "yscale49": 0.5107912197557205, "zscale49": 0.5107912197557205, "Cab50": 64.27044151428173, "Cw50": 0.049139652550861876, "xscale50": 0.6497923704233882, "yscale50": 0.6497923704233882, "zscale50": 0.6497923704233882, "Cab51": 55.343855001952114, "Cw51": 0.046551996677412985, "xscale51": 0.760148281412155, "yscale51": 0.760148281412155, "zscale51": 0.760148281412155, "Cab52": 54.02735630187139, "Cw52": 0.04889746591698717,