{"Cab0": 81.60344519545012, "Cw0": 0.039415053774149146, "xscale0": 0.6005093897032845, "yscale0": 0.6005093897032845, "zscale0": 0.6005093897032845, "Cab1": 33.81159850902435, "Cw1": 0.035234233499846196, "xscale1": 0.5495717700512925, "yscale1": 0.5495717700512925, "zscale1": 0.5495717700512925, "Cab2": 24.56228891891402, "Cw2": 0.035046977735470705, "xscale2": 0.640655517939998, "yscale2": 0.640655517939998, "zscale2": 0.640655517939998, "Cab3": 83.52887592175671, "Cw3": 0.04036194021598436, "xscale3": 0.5472444766889424, "yscale3": 0.5472444766889424, "zscale3": 0.5472444766889424, "Cab4": 48.07196033322269, "Cw4": 0.04283258641465858, "xscale4": 0.5106255796241936, "yscale4": 0.5106255796241936, "zscale4": 0.5106255796241936, "Cab5": 70.96629129430396, "Cw5": 0.025141029030504965, "xscale5": 0.8178886436342154, "yscale5": 0.8178886436342154, "zscale5": 0.8178886436342154, "Cab6": 88.08304528387868, "Cw6": 0.015228881446712746, "xscale6": 0.4408875914650017, "yscale6": 0.4408875914650017, "zscale6": 0.4408875914650017, "Cab7": 40.32144940097584, "Cw7": 0.020050834314372476, "xscale7": 0.6418470235031328, "yscale7": 0.6418470235031328, "zscale7": 0.6418470235031328, "Cab8": 58.235163201680884, "Cw8": 0.02662278847655055, "xscale8": 0.5234911871883426, "yscale8": 0.5234911871883426, "zscale8": 0.5234911871883426, "Cab9": 43.31760187032344, "Cw9": 0.03104685948280321, "xscale9": 0.6749034487591172, "yscale9": 0.6749034487591172, "zscale9": 0.6749034487591172, "Cab10": 75.37755524258523, "Cw10": 0.0401387488589929, "xscale10": 0.44684749267422325, "yscale10": 0.44684749267422325, "zscale10": 0.44684749267422325, "Cab11": 55.23918572124279, "Cw11": 0.01743810019603286, "xscale11": 0.71504505422109, "yscale11": 0.71504505422109, "zscale11": 0.71504505422109, "Cab12": 51.77448155444106, "Cw12": 0.02876453312653795, "xscale12": 0.5912634168707962, "yscale12": 0.5912634168707962, "zscale12": 0.5912634168707962, "Cab13": 39.70737945629739, "Cw13": 0.04272235856794425, "xscale13": 0.503252597533701, "yscale13": 0.503252597533701, "zscale13": 0.503252597533701, "Cab14": 47.621898024093184, "Cw14": 0.02572418147677523, "xscale14": 0.6097946566978538, "yscale14": 0.6097946566978538, "zscale14": 0.6097946566978538, "Cab15": 72.16722433622337, "Cw15": 0.022717055098299133, "xscale15": 0.6554895609266885, "yscale15": 0.6554895609266885, "zscale15": 0.6554895609266885, "Cab16": 30.7400643579752, "Cw16": 0.0367813145040416, "xscale16": 0.6557577840770008, "yscale16": 0.6557577840770008, "zscale16": 0.6557577840770008, "Cab17": 48.27783686341597, "Cw17": 0.02642096927044431, "xscale17": 0.5465049565710952, "yscale17": 0.5465049565710952, "zscale17": 0.5465049565710952, "Cab18": 53.15402807481522, "Cw18": 0.03512136622256684, "xscale18": 0.5228527209651083, "yscale18": 0.5228527209651083, "zscale18": 0.5228527209651083, "Cab19": 88.35232629258995, "Cw19": 0.016863521583132025, "xscale19": 0.47311714896357415, "yscale19": 0.47311714896357415, "zscale19": 0.47311714896357415, "Cab20": 56.37786701241107, "Cw20": 0.030820199620249053, "xscale20": 0.5961079275081416, "yscale20": 0.5961079275081416, "zscale20": 0.5961079275081416, "Cab21": 55.70330735136062, "Cw21": 0.04692229329983347, "xscale21": 0.4980513692460664, "yscale21": 0.4980513692460664, "zscale21": 0.4980513692460664, "Cab22": 36.98187207805289, "Cw22": 0.035299404872586454, "xscale22": 0.4153019963985724, "yscale22": 0.4153019963985724, "zscale22": 0.4153019963985724, "Cab23": 25.471883263201356, "Cw23": 0.030723984286931495, "xscale23": 0.5327455759865701, "yscale23": 0.5327455759865701, "zscale23": 0.5327455759865701, "Cab24": 59.55914148715805, "Cw24": 0.026305194673324046, "xscale24": 0.443840146705247, "yscale24": 0.443840146705247, "zscale24": 0.443840146705247, "Cab25": 42.99883484433935, "Cw25": 0.03203732596476532, "xscale25": 0.4938652110503316, "yscale25": 0.4938652110503316, "zscale25": 0.4938652110503316, "Cab26": 41.64364064192224, "Cw26": 0.031230236656036997, "xscale26": 0.5547718135637548, "yscale26": 0.5547718135637548, "zscale26": 0.5547718135637548, "Cab27": 83.54875525516695, "Cw27": 0.017900569540225002, "xscale27": 0.35511464517222974, "yscale27": 0.35511464517222974, "zscale27": 0.35511464517222974, "Cab28": 56.79219168294681, "Cw28": 0.04742046044570067, "xscale28": 0.3706524473723241, "yscale28": 0.3706524473723241, "zscale28": 0.3706524473723241, "Cab29": 45.348701605778345, "Cw29": 0.01763643359977658, "xscale29": 0.5569652560124221, "yscale29": 0.5569652560124221, "zscale29": 0.5569652560124221, "Cab30": 65.56860422872263, "Cw30": 0.024771907137410763, "xscale30": 0.30732539080151117, "yscale30": 0.30732539080151117, "zscale30": 0.30732539080151117, "Cab31": 69.89068888027649, "Cw31": 0.03650045282746408, "xscale31": 0.6381811229970696, "yscale31": 0.6381811229970696, "zscale31": 0.6381811229970696, "Cab32": 53.711365837342996, "Cw32": 0.03959104828369492, "xscale32": 0.45377988198590047, "yscale32": 0.45377988198590047, "zscale32": 0.45377988198590047, "Cab33": 36.50665542032718, "Cw33": 0.018052192426255012, "xscale33": 0.41489145341564504, "yscale33": 0.41489145341564504, "zscale33": 0.41489145341564504, "Cab34": 72.93032109980447, "Cw34": 0.04043677216961274, "xscale34": 0.6044663340000749, "yscale34": 0.6044663340000749, "zscale34": 0.6044663340000749, "Cab35": 75.58495246836287, "Cw35": 0.016196370975048648, "xscale35": 0.4331673035515651, "yscale35": 0.4331673035515651, "zscale35": 0.4331673035515651, "Cab36": 48.321127988576194, "Cw36": 0.026844862230900143, "xscale36": 0.6998761320451724, "yscale36": 0.6998761320451724, "zscale36": 0.6998761320451724, "Cab37": 35.93035321369877, "Cw37": 0.035612874750551644, "xscale37": 0.3917166607855726, "yscale37": 0.3917166607855726, "zscale37": 0.3917166607855726, "Cab38": 80.92383404363324, "Cw38": 0.017711939859080615, "xscale38": 0.44218874440146333, "yscale38": 0.44218874440146333, "zscale38": 0.44218874440146333, "Cab39": 35.831555021739874, "Cw39": 0.027222358314019653, "xscale39": 0.49692321638825565, "yscale39": 0.49692321638825565, "zscale39": 0.49692321638825565, "Cab40": 56.9565815512246, "Cw40": 0.022074297526198872, "xscale40": 0.5938481520277584, "yscale40": 0.5938481520277584, "zscale40": 0.5938481520277584, "Cab41": 53.03714072313627, "Cw41": 0.03284315396660108, "xscale41": 0.5061501856790024, "yscale41": 0.5061501856790024, "zscale41": 0.5061501856790024, "Cab42": 49.46609079110944, "Cw42": 0.01724910473620972, "xscale42": 0.4997423573083761, "yscale42": 0.4997423573083761, "zscale42": 0.4997423573083761, "Cab43": 72.15662280522204, "Cw43": 0.020576685706849944, "xscale43": 0.5610256901219153, "yscale43": 0.5610256901219153, "zscale43": 0.5610256901219153, "Cab44": 58.55368591921554, "Cw44": 0.01117316281638873, "xscale44": 0.4981710072667846, "yscale44": 0.4981710072667846, "zscale44": 0.4981710072667846, "Cab45": 58.657694868637954, "Cw45": 0.04054091107748553, "xscale45": 0.31268399028755434, "yscale45": 0.31268399028755434, "zscale45": 0.31268399028755434, "Cab46": 68.24634789515821, "Cw46": 0.044099174356401566, "xscale46": 0.4615016616099429, "yscale46": 0.4615016616099429, "zscale46": 0.4615016616099429, "Cab47": 28.44552397730812, "Cw47": 0.03325290570733282, "xscale47": 0.556206206488315, "yscale47": 0.556206206488315, "zscale47": 0.556206206488315, "Cab48": 37.16777897551597, "Cw48": 0.019188477683366796, "xscale48": 0.6335041746873455, "yscale48": 0.6335041746873455, "zscale48": 0.6335041746873455, "Cab49": 39.512122821442134, "Cw49": 0.03501032819131723, "xscale49": 0.5805876608089879, "yscale49": 0.5805876608089879, "zscale49": 0.5805876608089879, "Cab50": 47.33840114084402, "Cw50": 0.031433832497788625, "xscale50": 0.6804353140580297, "yscale50": 0.6804353140580297, "zscale50": 0.6804353140580297, "Cab51": 67.81099346780084, "Cw51": 0.04436555369281092, "xscale51": 0.8054059156428891, "yscale51": 0.8054059156428891, "zscale51": 0.8054059156428891, "Cab52": 77.50932640997151,