{"Cab0": 20.471629741672594, "Cw0": 0.018519550094867547, "xscale0": 0.7475523413330297, "yscale0": 0.7475523413330297, "zscale0": 0.7475523413330297, "Cab1": 54.43708111433152, "Cw1": 0.04826791118933011, "xscale1": 0.6298089653459531, "yscale1": 0.6298089653459531, "zscale1": 0.6298089653459531, "Cab2": 54.40648271006525, "Cw2": 0.03062862978792146, "xscale2": 0.6118268668411216, "yscale2": 0.6118268668411216, "zscale2": 0.6118268668411216, "Cab3": 52.60277708758097, "Cw3": 0.03294314378857855, "xscale3": 0.4231508511929715, "yscale3": 0.4231508511929715, "zscale3": 0.4231508511929715, "Cab4": 71.28331339480042, "Cw4": 0.016497067045466527, "xscale4": 0.6178917658771726, "yscale4": 0.6178917658771726, "zscale4": 0.6178917658771726, "Cab5": 87.44057660510396, "Cw5": 0.04927211555194924, "xscale5": 0.6764711064548309, "yscale5": 0.6764711064548309, "zscale5": 0.6764711064548309, "Cab6": 34.83502358861351, "Cw6": 0.041310511311963234, "xscale6": 0.6210887631840274, "yscale6": 0.6210887631840274, "zscale6": 0.6210887631840274, "Cab7": 39.03979202190098, "Cw7": 0.04894149853107193, "xscale7": 0.4963046624357288, "yscale7": 0.4963046624357288, "zscale7": 0.4963046624357288, "Cab8": 81.86069387338368, "Cw8": 0.03669966101528422, "xscale8": 0.5466938291313682, "yscale8": 0.5466938291313682, "zscale8": 0.5466938291313682, "Cab9": 46.28953725662383, "Cw9": 0.020236873418122088, "xscale9": 0.773324257804126, "yscale9": 0.773324257804126, "zscale9": 0.773324257804126, "Cab10": 83.25262279723532, "Cw10": 0.01630161406021573, "xscale10": 0.4017741414908785, "yscale10": 0.4017741414908785, "zscale10": 0.4017741414908785, "Cab11": 45.30106400089567, "Cw11": 0.03305531104524881, "xscale11": 0.6467478812217857, "yscale11": 0.6467478812217857, "zscale11": 0.6467478812217857, "Cab12": 55.61745829723044, "Cw12": 0.03324187434369484, "xscale12": 0.5367560298415724, "yscale12": 0.5367560298415724, "zscale12": 0.5367560298415724, "Cab13": 21.863131735971326, "Cw13": 0.03650970889209239, "xscale13": 0.6306675760464604, "yscale13": 0.6306675760464604, "zscale13": 0.6306675760464604, "Cab14": 84.07894741725363, "Cw14": 0.041803713057743226, "xscale14": 0.6035913898248157, "yscale14": 0.6035913898248157, "zscale14": 0.6035913898248157, "Cab15": 28.407897815942682, "Cw15": 0.011174812350472428, "xscale15": 0.6271631622820191, "yscale15": 0.6271631622820191, "zscale15": 0.6271631622820191, "Cab16": 33.334044872666915, "Cw16": 0.03245327398582727, "xscale16": 0.515515758362378, "yscale16": 0.515515758362378, "zscale16": 0.515515758362378, "Cab17": 64.78454529085198, "Cw17": 0.015347884398234176, "xscale17": 0.5058128301366807, "yscale17": 0.5058128301366807, "zscale17": 0.5058128301366807, "Cab18": 88.31087239682364, "Cw18": 0.048285999499471745, "xscale18": 0.5844089866863185, "yscale18": 0.5844089866863185, "zscale18": 0.5844089866863185, "Cab19": 64.19329791353155, "Cw19": 0.04881549214317966, "xscale19": 0.44244563893202554, "yscale19": 0.44244563893202554, "zscale19": 0.44244563893202554, "Cab20": 80.48963566640292, "Cw20": 0.02969601011767243, "xscale20": 0.6591701934835603, "yscale20": 0.6591701934835603, "zscale20": 0.6591701934835603, "Cab21": 44.06791751536344, "Cw21": 0.03955356359423115, "xscale21": 0.5727044030813552, "yscale21": 0.5727044030813552, "zscale21": 0.5727044030813552, "Cab22": 47.832049744204795, "Cw22": 0.014311678173294689, "xscale22": 0.6006897380732298, "yscale22": 0.6006897380732298, "zscale22": 0.6006897380732298, "Cab23": 82.6178091972055, "Cw23": 0.04312545968244208, "xscale23": 0.600191231567486, "yscale23": 0.600191231567486, "zscale23": 0.600191231567486, "Cab24": 75.13333592055235, "Cw24": 0.01064034955493089, "xscale24": 0.565137805065707, "yscale24": 0.565137805065707, "zscale24": 0.565137805065707, "Cab25": 26.148638592504625, "Cw25": 0.025572906111833507, "xscale25": 0.5863297102968987, "yscale25": 0.5863297102968987, "zscale25": 0.5863297102968987, "Cab26": 64.20539528980805, "Cw26": 0.03183257557921767, "xscale26": 0.6195923199976329, "yscale26": 0.6195923199976329, "zscale26": 0.6195923199976329, "Cab27": 80.28247422026712, "Cw27": 0.014464641984602232, "xscale27": 0.3894439418472388, "yscale27": 0.3894439418472388, "zscale27": 0.3894439418472388, "Cab28": 74.96086369455847, "Cw28": 0.020109345536999897, "xscale28": 0.35686504841515876, "yscale28": 0.35686504841515876, "zscale28": 0.35686504841515876, "Cab29": 39.204441424414156, "Cw29": 0.022346082940336756, "xscale29": 0.6305870737898063, "yscale29": 0.6305870737898063, "zscale29": 0.6305870737898063, "Cab30": 74.55492987597466, "Cw30": 0.024524121613358027, "xscale30": 0.3229699124059911, "yscale30": 0.3229699124059911, "zscale30": 0.3229699124059911, "Cab31": 65.41484287543565, "Cw31": 0.029859921187496946, "xscale31": 0.6875703030497673, "yscale31": 0.6875703030497673, "zscale31": 0.6875703030497673, "Cab32": 27.63206875857551, "Cw32": 0.010204793748868894, "xscale32": 0.4596202691128625, "yscale32": 0.4596202691128625, "zscale32": 0.4596202691128625, "Cab33": 24.78420762640507, "Cw33": 0.012343844425452102, "xscale33": 0.465986392040036, "yscale33": 0.465986392040036, "zscale33": 0.465986392040036, "Cab34": 66.7861795150522, "Cw34": 0.03440861356365235, "xscale34": 0.5795502204087297, "yscale34": 0.5795502204087297, "zscale34": 0.5795502204087297, "Cab35": 55.27638202365709, "Cw35": 0.040050274202856624, "xscale35": 0.45702213827488003, "yscale35": 0.45702213827488003, "zscale35": 0.45702213827488003, "Cab36": 83.97301711448469, "Cw36": 0.04782332831328548, "xscale36": 0.5664880531767558, "yscale36": 0.5664880531767558, "zscale36": 0.5664880531767558, "Cab37": 23.543883887589, "Cw37": 0.04648809288989407, "xscale37": 0.4855771602892351, "yscale37": 0.4855771602892351, "zscale37": 0.4855771602892351, "Cab38": 49.067692726061836, "Cw38": 0.04225312038610458, "xscale38": 0.4169448887139984, "yscale38": 0.4169448887139984, "zscale38": 0.4169448887139984, "Cab39": 50.90460826334993, "Cw39": 0.040614977290722075, "xscale39": 0.705559414349973, "yscale39": 0.705559414349973, "zscale39": 0.705559414349973, "Cab40": 76.56030526537413, "Cw40": 0.021176741459344617, "xscale40": 0.4318664120387128, "yscale40": 0.4318664120387128, "zscale40": 0.4318664120387128, "Cab41": 55.11969351884454, "Cw41": 0.03608547210766389, "xscale41": 0.477757784515076, "yscale41": 0.477757784515076, "zscale41": 0.477757784515076, "Cab42": 62.80565702040827, "Cw42": 0.02104088044476784, "xscale42": 0.6251089458006499, "yscale42": 0.6251089458006499, "zscale42": 0.6251089458006499, "Cab43": 75.4195548527437, "Cw43": 0.013936968778773103, "xscale43": 0.4936930495874909, "yscale43": 0.4936930495874909, "zscale43": 0.4936930495874909, "Cab44": 36.94254380072913, "Cw44": 0.02590360447777324, "xscale44": 0.5131867707709685, "yscale44": 0.5131867707709685, "zscale44": 0.5131867707709685, "Cab45": 48.89618048922971, "Cw45": 0.04242156741704674, "xscale45": 0.3114973391854161, "yscale45": 0.3114973391854161, "zscale45": 0.3114973391854161, "Cab46": 74.5611105560443, "Cw46": 0.02529120063118996, "xscale46": 0.5110817196717444, "yscale46": 0.5110817196717444, "zscale46": 0.5110817196717444, "Cab47": 74.12773740733321, "Cw47": 0.035770070773095734, "xscale47": 0.444687536743429, "yscale47": 0.444687536743429, "zscale47": 0.444687536743429, "Cab48": 25.48118000281402, "Cw48": 0.045859855965688805, "xscale48": 0.6549115284557803, "yscale48": 0.6549115284557803, "zscale48": 0.6549115284557803, "Cab49": 72.68827704899327, "Cw49": 0.010365808572300619, "xscale49": 0.5141795725535419, "yscale49": 0.5141795725535419, "zscale49": 0.5141795725535419, "Cab50": 83.9474985405455, "Cw50": 0.022764583599375658, "xscale50": 0.5291075115809687, "yscale50": 0.5291075115809687, "zscale50": 0.5291075115809687, "Cab51": 72.71297224471763, "Cw51": 0.020751727180073832, "xscale51": 0.8296359072022426, "yscale51": 0.8296359072022426, "zscale51": 0.8296359072022426, "Cab52": 87.13312188339506, "Cw52": 0.04151504113643204,