{"Cab0": 76.39081038514864, "Cw0": 0.0449920508233852, "xscale0": 0.8466680863373126, "yscale0": 0.8466680863373126, "zscale0": 0.8466680863373126, "Cab1": 71.12287753116121, "Cw1": 0.013290257839193367, "xscale1": 0.47489581144923276, "yscale1": 0.47489581144923276, "zscale1": 0.47489581144923276, "Cab2": 78.87131732466028, "Cw2": 0.020698650191559774, "xscale2": 0.7294336784361182, "yscale2": 0.7294336784361182, "zscale2": 0.7294336784361182, "Cab3": 66.07406680240618, "Cw3": 0.047304074758972046, "xscale3": 0.4501898548521688, "yscale3": 0.4501898548521688, "zscale3": 0.4501898548521688, "Cab4": 25.493654281855306, "Cw4": 0.01945268307055459, "xscale4": 0.6139740710349298, "yscale4": 0.6139740710349298, "zscale4": 0.6139740710349298, "Cab5": 57.0986770154486, "Cw5": 0.046364260691556185, "xscale5": 0.6451346080316326, "yscale5": 0.6451346080316326, "zscale5": 0.6451346080316326, "Cab6": 39.949165973878294, "Cw6": 0.020060108478587253, "xscale6": 0.5001835053038031, "yscale6": 0.5001835053038031, "zscale6": 0.5001835053038031, "Cab7": 32.4734376322331, "Cw7": 0.03610322019565617, "xscale7": 0.5693179536768295, "yscale7": 0.5693179536768295, "zscale7": 0.5693179536768295, "Cab8": 50.595832500864645, "Cw8": 0.04754191057083821, "xscale8": 0.4589177555428517, "yscale8": 0.4589177555428517, "zscale8": 0.4589177555428517, "Cab9": 56.08164508095646, "Cw9": 0.017049238496962514, "xscale9": 0.7618196926414106, "yscale9": 0.7618196926414106, "zscale9": 0.7618196926414106, "Cab10": 27.76835927588946, "Cw10": 0.04571619448595372, "xscale10": 0.48288093767878465, "yscale10": 0.48288093767878465, "zscale10": 0.48288093767878465, "Cab11": 81.87334481626411, "Cw11": 0.018738245565676735, "xscale11": 0.770624849539955, "yscale11": 0.770624849539955, "zscale11": 0.770624849539955, "Cab12": 46.12830085799497, "Cw12": 0.030374267537056097, "xscale12": 0.6260336016982476, "yscale12": 0.6260336016982476, "zscale12": 0.6260336016982476, "Cab13": 47.813755575329346, "Cw13": 0.030006176596463444, "xscale13": 0.5279754922794474, "yscale13": 0.5279754922794474, "zscale13": 0.5279754922794474, "Cab14": 22.92301452113258, "Cw14": 0.04005666481875795, "xscale14": 0.6303890270549267, "yscale14": 0.6303890270549267, "zscale14": 0.6303890270549267, "Cab15": 41.85620658764098, "Cw15": 0.049280860151746216, "xscale15": 0.5408203792701156, "yscale15": 0.5408203792701156, "zscale15": 0.5408203792701156, "Cab16": 70.15397688123119, "Cw16": 0.0423058984292253, "xscale16": 0.6121349542922442, "yscale16": 0.6121349542922442, "zscale16": 0.6121349542922442, "Cab17": 53.87771991295589, "Cw17": 0.04447552224517727, "xscale17": 0.46677805687158996, "yscale17": 0.46677805687158996, "zscale17": 0.46677805687158996, "Cab18": 70.6736289910749, "Cw18": 0.04245864821890134, "xscale18": 0.7184709206774125, "yscale18": 0.7184709206774125, "zscale18": 0.7184709206774125, "Cab19": 64.10944131790797, "Cw19": 0.0413748432238381, "xscale19": 0.5745581240743205, "yscale19": 0.5745581240743205, "zscale19": 0.5745581240743205, "Cab20": 38.00829354987224, "Cw20": 0.03187054075196566, "xscale20": 0.5673094366049479, "yscale20": 0.5673094366049479, "zscale20": 0.5673094366049479, "Cab21": 23.252123365711924, "Cw21": 0.021389631226336137, "xscale21": 0.4753680296901876, "yscale21": 0.4753680296901876, "zscale21": 0.4753680296901876, "Cab22": 51.295517126286924, "Cw22": 0.025990284071492183, "xscale22": 0.4394731079429216, "yscale22": 0.4394731079429216, "zscale22": 0.4394731079429216, "Cab23": 30.34649883467693, "Cw23": 0.027496968001251648, "xscale23": 0.6247036908409265, "yscale23": 0.6247036908409265, "zscale23": 0.6247036908409265, "Cab24": 56.567114439987556, "Cw24": 0.040441259186424786, "xscale24": 0.464454225204277, "yscale24": 0.464454225204277, "zscale24": 0.464454225204277, "Cab25": 65.80501706226111, "Cw25": 0.02329009343487034, "xscale25": 0.6272701000316098, "yscale25": 0.6272701000316098, "zscale25": 0.6272701000316098, "Cab26": 89.3786677606896, "Cw26": 0.015149765693054821, "xscale26": 0.5163274478222234, "yscale26": 0.5163274478222234, "zscale26": 0.5163274478222234, "Cab27": 37.02670420419532, "Cw27": 0.030729142964649493, "xscale27": 0.505643259268469, "yscale27": 0.505643259268469, "zscale27": 0.505643259268469, "Cab28": 79.9289640294422, "Cw28": 0.03153559584823145, "xscale28": 0.4377558271453324, "yscale28": 0.4377558271453324, "zscale28": 0.4377558271453324, "Cab29": 46.87668212726349, "Cw29": 0.044348877109076625, "xscale29": 0.5809558373559912, "yscale29": 0.5809558373559912, "zscale29": 0.5809558373559912, "Cab30": 84.4796632121012, "Cw30": 0.027299572263939684, "xscale30": 0.39391188325836807, "yscale30": 0.39391188325836807, "zscale30": 0.39391188325836807, "Cab31": 34.154767434529944, "Cw31": 0.023912166881454144, "xscale31": 0.5713530988076507, "yscale31": 0.5713530988076507, "zscale31": 0.5713530988076507, "Cab32": 39.4566056541004, "Cw32": 0.047851490850239854, "xscale32": 0.4821558596555746, "yscale32": 0.4821558596555746, "zscale32": 0.4821558596555746, "Cab33": 58.19296240387538, "Cw33": 0.03871986649300751, "xscale33": 0.5611801293187197, "yscale33": 0.5611801293187197, "zscale33": 0.5611801293187197, "Cab34": 69.2293960511748, "Cw34": 0.042102435951521376, "xscale34": 0.5050222664081498, "yscale34": 0.5050222664081498, "zscale34": 0.5050222664081498, "Cab35": 58.464189008116165, "Cw35": 0.036099578833136595, "xscale35": 0.38019854593646607, "yscale35": 0.38019854593646607, "zscale35": 0.38019854593646607, "Cab36": 35.40573218462228, "Cw36": 0.029569617251702505, "xscale36": 0.6624818893510325, "yscale36": 0.6624818893510325, "zscale36": 0.6624818893510325, "Cab37": 77.6222318708011, "Cw37": 0.04805559997722539, "xscale37": 0.4261769435099988, "yscale37": 0.4261769435099988, "zscale37": 0.4261769435099988, "Cab38": 61.876179660193905, "Cw38": 0.029855556439456317, "xscale38": 0.5122665722039137, "yscale38": 0.5122665722039137, "zscale38": 0.5122665722039137, "Cab39": 38.88743154566397, "Cw39": 0.04974943978165695, "xscale39": 0.5337430481444763, "yscale39": 0.5337430481444763, "zscale39": 0.5337430481444763, "Cab40": 22.890734753611092, "Cw40": 0.015708876944453217, "xscale40": 0.5037016905319905, "yscale40": 0.5037016905319905, "zscale40": 0.5037016905319905, "Cab41": 82.39772517927113, "Cw41": 0.041196211260403584, "xscale41": 0.5574715886595644, "yscale41": 0.5574715886595644, "zscale41": 0.5574715886595644, "Cab42": 35.69436120299896, "Cw42": 0.045711757365560816, "xscale42": 0.5490282257093121, "yscale42": 0.5490282257093121, "zscale42": 0.5490282257093121, "Cab43": 22.35261998622876, "Cw43": 0.034591866281387725, "xscale43": 0.6300527339408732, "yscale43": 0.6300527339408732, "zscale43": 0.6300527339408732, "Cab44": 34.199227210985995, "Cw44": 0.016677425732277106, "xscale44": 0.4241422566676791, "yscale44": 0.4241422566676791, "zscale44": 0.4241422566676791, "Cab45": 69.44425069349192, "Cw45": 0.048690465989439755, "xscale45": 0.32314366301402375, "yscale45": 0.32314366301402375, "zscale45": 0.32314366301402375, "Cab46": 48.59778525938338, "Cw46": 0.016477995577772818, "xscale46": 0.38680027258134947, "yscale46": 0.38680027258134947, "zscale46": 0.38680027258134947, "Cab47": 89.29090985773531, "Cw47": 0.011279956752822189, "xscale47": 0.4624168745454321, "yscale47": 0.4624168745454321, "zscale47": 0.4624168745454321, "Cab48": 72.3241066931452, "Cw48": 0.012044158839561314, "xscale48": 0.7028683388224676, "yscale48": 0.7028683388224676, "zscale48": 0.7028683388224676, "Cab49": 57.21357528597536, "Cw49": 0.015854204500578922, "xscale49": 0.4357893481471209, "yscale49": 0.4357893481471209, "zscale49": 0.4357893481471209, "Cab50": 44.182797805889244, "Cw50": 0.03257206291475433, "xscale50": 0.6820004040569576, "yscale50": 0.6820004040569576, "zscale50": 0.6820004040569576, "Cab51": 49.132155605186284, "Cw51": 0.03844935030783671, "xscale51": 0.6757617208225051, "yscale51": 0.6757617208225051, "zscale51": 0.6757617208225051, "Cab52": 72.10124339921832,