{"Cab0": 42.41452826324159, "Cw0": 0.021576066405875997, "xscale0": 0.7441510273058709, "yscale0": 0.7441510273058709, "zscale0": 0.7441510273058709, "Cab1": 52.771214718823536, "Cw1": 0.0186848699387588, "xscale1": 0.5008756257466418, "yscale1": 0.5008756257466418, "zscale1": 0.5008756257466418, "Cab2": 82.75421249794908, "Cw2": 0.029552146848023916, "xscale2": 0.5770685265954396, "yscale2": 0.5770685265954396, "zscale2": 0.5770685265954396, "Cab3": 57.02169253607033, "Cw3": 0.04460332344350197, "xscale3": 0.4497210842435065, "yscale3": 0.4497210842435065, "zscale3": 0.4497210842435065, "Cab4": 69.6095539722391, "Cw4": 0.018810630250542634, "xscale4": 0.6089902713778699, "yscale4": 0.6089902713778699, "zscale4": 0.6089902713778699, "Cab5": 35.63993964476276, "Cw5": 0.04382244106272171, "xscale5": 0.67773197164132, "yscale5": 0.67773197164132, "zscale5": 0.67773197164132, "Cab6": 23.583760536498055, "Cw6": 0.02447409538743666, "xscale6": 0.45685707634069656, "yscale6": 0.45685707634069656, "zscale6": 0.45685707634069656, "Cab7": 23.91828420391218, "Cw7": 0.014833990924696287, "xscale7": 0.5853789142657967, "yscale7": 0.5853789142657967, "zscale7": 0.5853789142657967, "Cab8": 29.89322726455689, "Cw8": 0.04045907233897501, "xscale8": 0.659658808049182, "yscale8": 0.659658808049182, "zscale8": 0.659658808049182, "Cab9": 27.286659660361977, "Cw9": 0.02522143754411245, "xscale9": 0.5789359010766634, "yscale9": 0.5789359010766634, "zscale9": 0.5789359010766634, "Cab10": 60.127602050297625, "Cw10": 0.016727079599333523, "xscale10": 0.46383766721530967, "yscale10": 0.46383766721530967, "zscale10": 0.46383766721530967, "Cab11": 55.89753934046347, "Cw11": 0.033746482825522776, "xscale11": 0.5325301277704734, "yscale11": 0.5325301277704734, "zscale11": 0.5325301277704734, "Cab12": 85.13027740160341, "Cw12": 0.014859839306338234, "xscale12": 0.6376258723274543, "yscale12": 0.6376258723274543, "zscale12": 0.6376258723274543, "Cab13": 77.03391372949135, "Cw13": 0.03730314481088591, "xscale13": 0.6972686334041731, "yscale13": 0.6972686334041731, "zscale13": 0.6972686334041731, "Cab14": 67.58363765632407, "Cw14": 0.019764026731181883, "xscale14": 0.6466917642547217, "yscale14": 0.6466917642547217, "zscale14": 0.6466917642547217, "Cab15": 25.232392405133172, "Cw15": 0.04858360008213394, "xscale15": 0.6069905659453102, "yscale15": 0.6069905659453102, "zscale15": 0.6069905659453102, "Cab16": 43.83036081195784, "Cw16": 0.01948796477628906, "xscale16": 0.618359016337637, "yscale16": 0.618359016337637, "zscale16": 0.618359016337637, "Cab17": 66.00456466703932, "Cw17": 0.0149314200587538, "xscale17": 0.539219894366325, "yscale17": 0.539219894366325, "zscale17": 0.539219894366325, "Cab18": 71.45574367317074, "Cw18": 0.022908265753512295, "xscale18": 0.5520571432353214, "yscale18": 0.5520571432353214, "zscale18": 0.5520571432353214, "Cab19": 68.95569764464165, "Cw19": 0.014771491835374096, "xscale19": 0.47265171502291586, "yscale19": 0.47265171502291586, "zscale19": 0.47265171502291586, "Cab20": 70.28186092905673, "Cw20": 0.04649633341127874, "xscale20": 0.542989795184382, "yscale20": 0.542989795184382, "zscale20": 0.542989795184382, "Cab21": 89.93634196704797, "Cw21": 0.04523928124438465, "xscale21": 0.43060374402896157, "yscale21": 0.43060374402896157, "zscale21": 0.43060374402896157, "Cab22": 38.51928473842639, "Cw22": 0.020332236411155502, "xscale22": 0.5683128079715303, "yscale22": 0.5683128079715303, "zscale22": 0.5683128079715303, "Cab23": 58.15220799151485, "Cw23": 0.01076906726968963, "xscale23": 0.6143871565705489, "yscale23": 0.6143871565705489, "zscale23": 0.6143871565705489, "Cab24": 32.58418231394446, "Cw24": 0.03454840599927549, "xscale24": 0.5212766194638051, "yscale24": 0.5212766194638051, "zscale24": 0.5212766194638051, "Cab25": 38.59956846588349, "Cw25": 0.013200811084167707, "xscale25": 0.698813202394543, "yscale25": 0.698813202394543, "zscale25": 0.698813202394543, "Cab26": 59.683560147015086, "Cw26": 0.0361691528605713, "xscale26": 0.6093265250869041, "yscale26": 0.6093265250869041, "zscale26": 0.6093265250869041, "Cab27": 57.03073275332825, "Cw27": 0.011314821921024341, "xscale27": 0.36601053168244996, "yscale27": 0.36601053168244996, "zscale27": 0.36601053168244996, "Cab28": 38.900849525216245, "Cw28": 0.04269893611414736, "xscale28": 0.4885629955431695, "yscale28": 0.4885629955431695, "zscale28": 0.4885629955431695, "Cab29": 47.72597116432635, "Cw29": 0.027415706773351957, "xscale29": 0.5327540911110594, "yscale29": 0.5327540911110594, "zscale29": 0.5327540911110594, "Cab30": 81.11530754310337, "Cw30": 0.019398820357519112, "xscale30": 0.34616450933572623, "yscale30": 0.34616450933572623, "zscale30": 0.34616450933572623, "Cab31": 83.3710705417842, "Cw31": 0.010242389998863129, "xscale31": 0.6811005032123599, "yscale31": 0.6811005032123599, "zscale31": 0.6811005032123599, "Cab32": 59.745664601600694, "Cw32": 0.030459120712887887, "xscale32": 0.5534295274070602, "yscale32": 0.5534295274070602, "zscale32": 0.5534295274070602, "Cab33": 59.82885587212994, "Cw33": 0.03738799533943605, "xscale33": 0.4377585887035312, "yscale33": 0.4377585887035312, "zscale33": 0.4377585887035312, "Cab34": 22.630785235795944, "Cw34": 0.01607304758603765, "xscale34": 0.6099939135308087, "yscale34": 0.6099939135308087, "zscale34": 0.6099939135308087, "Cab35": 56.93567431904882, "Cw35": 0.03825493484693843, "xscale35": 0.3617883535232655, "yscale35": 0.3617883535232655, "zscale35": 0.3617883535232655, "Cab36": 77.0363338145142, "Cw36": 0.012358380597600896, "xscale36": 0.5541004889708061, "yscale36": 0.5541004889708061, "zscale36": 0.5541004889708061, "Cab37": 29.996907558395264, "Cw37": 0.014136375922691374, "xscale37": 0.41909681620385003, "yscale37": 0.41909681620385003, "zscale37": 0.41909681620385003, "Cab38": 26.223372842630198, "Cw38": 0.043910334135007424, "xscale38": 0.5557127099715725, "yscale38": 0.5557127099715725, "zscale38": 0.5557127099715725, "Cab39": 63.1428004191684, "Cw39": 0.01544629983520923, "xscale39": 0.5463002152035811, "yscale39": 0.5463002152035811, "zscale39": 0.5463002152035811, "Cab40": 20.046123829113156, "Cw40": 0.023727063551994134, "xscale40": 0.5944476501073177, "yscale40": 0.5944476501073177, "zscale40": 0.5944476501073177, "Cab41": 45.856039766748026, "Cw41": 0.033751443512076734, "xscale41": 0.5383785133030778, "yscale41": 0.5383785133030778, "zscale41": 0.5383785133030778, "Cab42": 47.94589872175827, "Cw42": 0.017814198640642015, "xscale42": 0.607213907209495, "yscale42": 0.607213907209495, "zscale42": 0.607213907209495, "Cab43": 72.29177406545918, "Cw43": 0.024339040262193783, "xscale43": 0.6154883180567209, "yscale43": 0.6154883180567209, "zscale43": 0.6154883180567209, "Cab44": 36.629452727429516, "Cw44": 0.027518578172301668, "xscale44": 0.38758350870931485, "yscale44": 0.38758350870931485, "zscale44": 0.38758350870931485, "Cab45": 58.177982874928404, "Cw45": 0.03628459059905915, "xscale45": 0.3669502715865654, "yscale45": 0.3669502715865654, "zscale45": 0.3669502715865654, "Cab46": 76.79156207194072, "Cw46": 0.02331080515497281, "xscale46": 0.5439881540373386, "yscale46": 0.5439881540373386, "zscale46": 0.5439881540373386, "Cab47": 77.62395333452474, "Cw47": 0.020586829835365097, "xscale47": 0.6262175314598074, "yscale47": 0.6262175314598074, "zscale47": 0.6262175314598074, "Cab48": 52.60161072632072, "Cw48": 0.02868871798002748, "xscale48": 0.7144028959507507, "yscale48": 0.7144028959507507, "zscale48": 0.7144028959507507, "Cab49": 32.575664766729915, "Cw49": 0.042595858733616244, "xscale49": 0.5134633595046799, "yscale49": 0.5134633595046799, "zscale49": 0.5134633595046799, "Cab50": 48.647416487076704, "Cw50": 0.034418108380630356, "xscale50": 0.6851881920544487, "yscale50": 0.6851881920544487, "zscale50": 0.6851881920544487, "Cab51": 27.232546082528252, "Cw51": 0.031245896448711244, "xscale51": 0.7436544928601806, "yscale51": 0.7436544928601806, "zscale51": 0.7436544928601806, "Cab52": 57.13497286280376,