{"Cab0": 54.570836606066706, "Cw0": 0.016027581495783733, "xscale0": 0.854037062840161, "yscale0": 0.854037062840161, "zscale0": 0.854037062840161, "Cab1": 36.59264287690087, "Cw1": 0.033681649442186094, "xscale1": 0.5877650063386596, "yscale1": 0.5877650063386596, "zscale1": 0.5877650063386596, "Cab2": 61.09546638761861, "Cw2": 0.03443717239743687, "xscale2": 0.7091487114023602, "yscale2": 0.7091487114023602, "zscale2": 0.7091487114023602, "Cab3": 31.40214775303023, "Cw3": 0.012655174707659117, "xscale3": 0.5005294230191993, "yscale3": 0.5005294230191993, "zscale3": 0.5005294230191993, "Cab4": 74.85272398638399, "Cw4": 0.023295919039671032, "xscale4": 0.5710339359113846, "yscale4": 0.5710339359113846, "zscale4": 0.5710339359113846, "Cab5": 79.65468978911795, "Cw5": 0.04733713200248768, "xscale5": 0.7731190638467176, "yscale5": 0.7731190638467176, "zscale5": 0.7731190638467176, "Cab6": 36.838024015960904, "Cw6": 0.03912183079558433, "xscale6": 0.6238459270195751, "yscale6": 0.6238459270195751, "zscale6": 0.6238459270195751, "Cab7": 53.10744845256317, "Cw7": 0.018218726187325923, "xscale7": 0.45066534990802787, "yscale7": 0.45066534990802787, "zscale7": 0.45066534990802787, "Cab8": 45.209945915170785, "Cw8": 0.029471050953581872, "xscale8": 0.6650433090459629, "yscale8": 0.6650433090459629, "zscale8": 0.6650433090459629, "Cab9": 78.89903859437206, "Cw9": 0.018488501050853513, "xscale9": 0.6998775246762986, "yscale9": 0.6998775246762986, "zscale9": 0.6998775246762986, "Cab10": 25.537695095236515, "Cw10": 0.016391190594731122, "xscale10": 0.49288236166467403, "yscale10": 0.49288236166467403, "zscale10": 0.49288236166467403, "Cab11": 37.914516993668414, "Cw11": 0.03453743196713609, "xscale11": 0.5243276003920825, "yscale11": 0.5243276003920825, "zscale11": 0.5243276003920825, "Cab12": 83.45870545270682, "Cw12": 0.03796020258045681, "xscale12": 0.5544226248893315, "yscale12": 0.5544226248893315, "zscale12": 0.5544226248893315, "Cab13": 29.09426364406695, "Cw13": 0.024014623023199358, "xscale13": 0.7337606661426289, "yscale13": 0.7337606661426289, "zscale13": 0.7337606661426289, "Cab14": 30.856213870626917, "Cw14": 0.02977134718200615, "xscale14": 0.5018356736991731, "yscale14": 0.5018356736991731, "zscale14": 0.5018356736991731, "Cab15": 77.86467389941001, "Cw15": 0.03833552146772745, "xscale15": 0.6176770787518994, "yscale15": 0.6176770787518994, "zscale15": 0.6176770787518994, "Cab16": 78.43478514017039, "Cw16": 0.011651876843101712, "xscale16": 0.5901598986771457, "yscale16": 0.5901598986771457, "zscale16": 0.5901598986771457, "Cab17": 66.58280788494613, "Cw17": 0.040075437183077656, "xscale17": 0.5294425404454647, "yscale17": 0.5294425404454647, "zscale17": 0.5294425404454647, "Cab18": 84.19485632227935, "Cw18": 0.014297632403927767, "xscale18": 0.702380442815113, "yscale18": 0.702380442815113, "zscale18": 0.702380442815113, "Cab19": 70.95134656858107, "Cw19": 0.010623767771248991, "xscale19": 0.6326783107858357, "yscale19": 0.6326783107858357, "zscale19": 0.6326783107858357, "Cab20": 29.665182572678987, "Cw20": 0.020251133831797982, "xscale20": 0.6112199670423837, "yscale20": 0.6112199670423837, "zscale20": 0.6112199670423837, "Cab21": 56.77075026797054, "Cw21": 0.025826504679166883, "xscale21": 0.5753971752303556, "yscale21": 0.5753971752303556, "zscale21": 0.5753971752303556, "Cab22": 46.0814580001508, "Cw22": 0.0444348198825396, "xscale22": 0.45053813376005253, "yscale22": 0.45053813376005253, "zscale22": 0.45053813376005253, "Cab23": 41.74397511620401, "Cw23": 0.047244518591877616, "xscale23": 0.5946879148930688, "yscale23": 0.5946879148930688, "zscale23": 0.5946879148930688, "Cab24": 85.44191286996114, "Cw24": 0.04203595040405977, "xscale24": 0.5760252578422038, "yscale24": 0.5760252578422038, "zscale24": 0.5760252578422038, "Cab25": 45.11322951053122, "Cw25": 0.020916522124009105, "xscale25": 0.7045770374790787, "yscale25": 0.7045770374790787, "zscale25": 0.7045770374790787, "Cab26": 68.1321021151197, "Cw26": 0.017534353017287643, "xscale26": 0.7067803152136547, "yscale26": 0.7067803152136547, "zscale26": 0.7067803152136547, "Cab27": 65.51724256224713, "Cw27": 0.036404110193167395, "xscale27": 0.39255796661755854, "yscale27": 0.39255796661755854, "zscale27": 0.39255796661755854, "Cab28": 31.960407763261003, "Cw28": 0.04424491605338565, "xscale28": 0.356918220410739, "yscale28": 0.356918220410739, "zscale28": 0.356918220410739, "Cab29": 89.71825302540087, "Cw29": 0.031766099037411094, "xscale29": 0.6651187268876743, "yscale29": 0.6651187268876743, "zscale29": 0.6651187268876743, "Cab30": 47.89185985897052, "Cw30": 0.01669780748343154, "xscale30": 0.45173916882887166, "yscale30": 0.45173916882887166, "zscale30": 0.45173916882887166, "Cab31": 48.13642023245836, "Cw31": 0.019240024409245077, "xscale31": 0.5654632877874974, "yscale31": 0.5654632877874974, "zscale31": 0.5654632877874974, "Cab32": 31.8016350096563, "Cw32": 0.014493497742655185, "xscale32": 0.5711613291028673, "yscale32": 0.5711613291028673, "zscale32": 0.5711613291028673, "Cab33": 74.51657339128236, "Cw33": 0.022044844768523884, "xscale33": 0.5477782988655909, "yscale33": 0.5477782988655909, "zscale33": 0.5477782988655909, "Cab34": 68.48838407288547, "Cw34": 0.03822168694775329, "xscale34": 0.5094677150606259, "yscale34": 0.5094677150606259, "zscale34": 0.5094677150606259, "Cab35": 32.86463441201223, "Cw35": 0.02185935892413897, "xscale35": 0.47311451405722715, "yscale35": 0.47311451405722715, "zscale35": 0.47311451405722715, "Cab36": 73.06182848621607, "Cw36": 0.01813653743378852, "xscale36": 0.6001712776127527, "yscale36": 0.6001712776127527, "zscale36": 0.6001712776127527, "Cab37": 25.025675111250354, "Cw37": 0.03695650561537341, "xscale37": 0.5240276407867087, "yscale37": 0.5240276407867087, "zscale37": 0.5240276407867087, "Cab38": 87.88087253579613, "Cw38": 0.03653358224828667, "xscale38": 0.5649948755360947, "yscale38": 0.5649948755360947, "zscale38": 0.5649948755360947, "Cab39": 49.84182076785957, "Cw39": 0.03962849406125067, "xscale39": 0.6400458361230494, "yscale39": 0.6400458361230494, "zscale39": 0.6400458361230494, "Cab40": 27.971611693619607, "Cw40": 0.027513619725360157, "xscale40": 0.4872611915351213, "yscale40": 0.4872611915351213, "zscale40": 0.4872611915351213, "Cab41": 60.13699441751503, "Cw41": 0.024522926625556114, "xscale41": 0.6050979123052823, "yscale41": 0.6050979123052823, "zscale41": 0.6050979123052823, "Cab42": 65.22430825594378, "Cw42": 0.02238677688708169, "xscale42": 0.5822140063390595, "yscale42": 0.5822140063390595, "zscale42": 0.5822140063390595, "Cab43": 27.24122139650535, "Cw43": 0.023833094739751953, "xscale43": 0.710208020285212, "yscale43": 0.710208020285212, "zscale43": 0.710208020285212, "Cab44": 46.86440607396348, "Cw44": 0.0488038128186054, "xscale44": 0.5153247434852657, "yscale44": 0.5153247434852657, "zscale44": 0.5153247434852657, "Cab45": 22.772951283419513, "Cw45": 0.011714900630338577, "xscale45": 0.3866085978744896, "yscale45": 0.3866085978744896, "zscale45": 0.3866085978744896, "Cab46": 27.35230722680942, "Cw46": 0.012651551060180802, "xscale46": 0.5071506904010821, "yscale46": 0.5071506904010821, "zscale46": 0.5071506904010821, "Cab47": 39.963812695665155, "Cw47": 0.021092470782458225, "xscale47": 0.4406241284505745, "yscale47": 0.4406241284505745, "zscale47": 0.4406241284505745, "Cab48": 44.70182051672039, "Cw48": 0.010800189578466535, "xscale48": 0.7207245558234285, "yscale48": 0.7207245558234285, "zscale48": 0.7207245558234285, "Cab49": 68.13154187718304, "Cw49": 0.028891755701256835, "xscale49": 0.5390734788627183, "yscale49": 0.5390734788627183, "zscale49": 0.5390734788627183, "Cab50": 32.655569096430064, "Cw50": 0.04613799260154537, "xscale50": 0.5497784084894236, "yscale50": 0.5497784084894236, "zscale50": 0.5497784084894236, "Cab51": 83.86177182218034, "Cw51": 0.035350016554406775, "xscale51": 0.6149834415672563, "yscale51": 0.6149834415672563, "zscale51": 0.6149834415672563, "Cab52": 20.297146882977835,