{"Cab0": 36.8385515730846, "Cw0": 0.017500472415427404, "xscale0": 0.851580124556703, "yscale0": 0.851580124556703, "zscale0": 0.851580124556703, "Cab1": 32.35645081741789, "Cw1": 0.012340454298463036, "xscale1": 0.5376291690466957, "yscale1": 0.5376291690466957, "zscale1": 0.5376291690466957, "Cab2": 52.429630665138305, "Cw2": 0.036477617204021276, "xscale2": 0.6523783006842018, "yscale2": 0.6523783006842018, "zscale2": 0.6523783006842018, "Cab3": 65.14611487634068, "Cw3": 0.03136036112990391, "xscale3": 0.40423648965638315, "yscale3": 0.40423648965638315, "zscale3": 0.40423648965638315, "Cab4": 48.238563126308726, "Cw4": 0.04709439077458493, "xscale4": 0.5885027596319785, "yscale4": 0.5885027596319785, "zscale4": 0.5885027596319785, "Cab5": 23.56215812973096, "Cw5": 0.03396430712859545, "xscale5": 0.6395023630731512, "yscale5": 0.6395023630731512, "zscale5": 0.6395023630731512, "Cab6": 77.75272712214944, "Cw6": 0.0304716179552513, "xscale6": 0.4642252766435249, "yscale6": 0.4642252766435249, "zscale6": 0.4642252766435249, "Cab7": 33.07927605089177, "Cw7": 0.017303872998363144, "xscale7": 0.6491198394234555, "yscale7": 0.6491198394234555, "zscale7": 0.6491198394234555, "Cab8": 68.58191164942525, "Cw8": 0.04814140923656394, "xscale8": 0.5562555477020845, "yscale8": 0.5562555477020845, "zscale8": 0.5562555477020845, "Cab9": 71.32074391524846, "Cw9": 0.032800013808624566, "xscale9": 0.7438067568957303, "yscale9": 0.7438067568957303, "zscale9": 0.7438067568957303, "Cab10": 70.64946816070733, "Cw10": 0.02249133703512826, "xscale10": 0.4662674753007069, "yscale10": 0.4662674753007069, "zscale10": 0.4662674753007069, "Cab11": 34.62572431452928, "Cw11": 0.04639280525686987, "xscale11": 0.5598455840598565, "yscale11": 0.5598455840598565, "zscale11": 0.5598455840598565, "Cab12": 68.45872900532842, "Cw12": 0.03569970243183474, "xscale12": 0.6542368946724458, "yscale12": 0.6542368946724458, "zscale12": 0.6542368946724458, "Cab13": 65.08983915686827, "Cw13": 0.036961042841150205, "xscale13": 0.6092889480028831, "yscale13": 0.6092889480028831, "zscale13": 0.6092889480028831, "Cab14": 84.28306935155022, "Cw14": 0.040970855633482205, "xscale14": 0.45891969561593876, "yscale14": 0.45891969561593876, "zscale14": 0.45891969561593876, "Cab15": 80.75472193919545, "Cw15": 0.024586404093332286, "xscale15": 0.5104600060174241, "yscale15": 0.5104600060174241, "zscale15": 0.5104600060174241, "Cab16": 37.60067797797389, "Cw16": 0.018785106585329905, "xscale16": 0.5113986781707538, "yscale16": 0.5113986781707538, "zscale16": 0.5113986781707538, "Cab17": 30.948548014126864, "Cw17": 0.016041768083061913, "xscale17": 0.47474699405613147, "yscale17": 0.47474699405613147, "zscale17": 0.47474699405613147, "Cab18": 89.98570895891258, "Cw18": 0.03134786801211929, "xscale18": 0.6310485422665305, "yscale18": 0.6310485422665305, "zscale18": 0.6310485422665305, "Cab19": 30.30649056266242, "Cw19": 0.010594896323918671, "xscale19": 0.6395272841712357, "yscale19": 0.6395272841712357, "zscale19": 0.6395272841712357, "Cab20": 62.55517923469775, "Cw20": 0.021990164996568015, "xscale20": 0.6618391685227497, "yscale20": 0.6618391685227497, "zscale20": 0.6618391685227497, "Cab21": 46.67914211009375, "Cw21": 0.04762293304506041, "xscale21": 0.4443592456163518, "yscale21": 0.4443592456163518, "zscale21": 0.4443592456163518, "Cab22": 71.07500803165297, "Cw22": 0.016962707607288685, "xscale22": 0.5545362366729831, "yscale22": 0.5545362366729831, "zscale22": 0.5545362366729831, "Cab23": 51.731008379524994, "Cw23": 0.015606035735701997, "xscale23": 0.7447520387410107, "yscale23": 0.7447520387410107, "zscale23": 0.7447520387410107, "Cab24": 75.03064568775363, "Cw24": 0.045519546724048864, "xscale24": 0.4924465720884718, "yscale24": 0.4924465720884718, "zscale24": 0.4924465720884718, "Cab25": 87.36279004780886, "Cw25": 0.02991786341006812, "xscale25": 0.6283075290685061, "yscale25": 0.6283075290685061, "zscale25": 0.6283075290685061, "Cab26": 67.55873557360036, "Cw26": 0.019031582755293118, "xscale26": 0.7324603576427451, "yscale26": 0.7324603576427451, "zscale26": 0.7324603576427451, "Cab27": 66.36398449858021, "Cw27": 0.046048740478799415, "xscale27": 0.4472505721634659, "yscale27": 0.4472505721634659, "zscale27": 0.4472505721634659, "Cab28": 27.86045183907776, "Cw28": 0.018993835916435005, "xscale28": 0.4401016102994773, "yscale28": 0.4401016102994773, "zscale28": 0.4401016102994773, "Cab29": 63.51444865315419, "Cw29": 0.013253296844857477, "xscale29": 0.6311216290982103, "yscale29": 0.6311216290982103, "zscale29": 0.6311216290982103, "Cab30": 38.34860720776627, "Cw30": 0.028580778849872736, "xscale30": 0.32716021627066055, "yscale30": 0.32716021627066055, "zscale30": 0.32716021627066055, "Cab31": 40.354779204304755, "Cw31": 0.0453639464312809, "xscale31": 0.6631867738925825, "yscale31": 0.6631867738925825, "zscale31": 0.6631867738925825, "Cab32": 72.17848771526312, "Cw32": 0.03858105199638456, "xscale32": 0.5239750200834389, "yscale32": 0.5239750200834389, "zscale32": 0.5239750200834389, "Cab33": 54.48478145355992, "Cw33": 0.04304502072362528, "xscale33": 0.5744402261994076, "yscale33": 0.5744402261994076, "zscale33": 0.5744402261994076, "Cab34": 81.05431176712743, "Cw34": 0.03748026849464451, "xscale34": 0.4683134653721567, "yscale34": 0.4683134653721567, "zscale34": 0.4683134653721567, "Cab35": 57.38321641395327, "Cw35": 0.03410532793687358, "xscale35": 0.38537427405206576, "yscale35": 0.38537427405206576, "zscale35": 0.38537427405206576, "Cab36": 62.14214014613204, "Cw36": 0.033122308509410045, "xscale36": 0.6222482028231178, "yscale36": 0.6222482028231178, "zscale36": 0.6222482028231178, "Cab37": 52.754763049255764, "Cw37": 0.020294955477022838, "xscale37": 0.4959886706691495, "yscale37": 0.4959886706691495, "zscale37": 0.4959886706691495, "Cab38": 49.302896436036164, "Cw38": 0.047799671029290544, "xscale38": 0.39377202260787453, "yscale38": 0.39377202260787453, "zscale38": 0.39377202260787453, "Cab39": 88.56008171678985, "Cw39": 0.010734569007444081, "xscale39": 0.6360527497239203, "yscale39": 0.6360527497239203, "zscale39": 0.6360527497239203, "Cab40": 44.37285440824263, "Cw40": 0.032695271905145644, "xscale40": 0.5385599561186365, "yscale40": 0.5385599561186365, "zscale40": 0.5385599561186365, "Cab41": 27.103500349131238, "Cw41": 0.04945476304775877, "xscale41": 0.5009260080732156, "yscale41": 0.5009260080732156, "zscale41": 0.5009260080732156, "Cab42": 31.6272917121904, "Cw42": 0.010645006413683893, "xscale42": 0.6171564523788632, "yscale42": 0.6171564523788632, "zscale42": 0.6171564523788632, "Cab43": 71.36555901104283, "Cw43": 0.04412916732011978, "xscale43": 0.72347124033927, "yscale43": 0.72347124033927, "zscale43": 0.72347124033927, "Cab44": 30.874644206514077, "Cw44": 0.013415874302536896, "xscale44": 0.4432554013144102, "yscale44": 0.4432554013144102, "zscale44": 0.4432554013144102, "Cab45": 87.32900503974857, "Cw45": 0.048085907140190086, "xscale45": 0.3890953038074965, "yscale45": 0.3890953038074965, "zscale45": 0.3890953038074965, "Cab46": 50.31476551630716, "Cw46": 0.03189013234380423, "xscale46": 0.502829273571792, "yscale46": 0.502829273571792, "zscale46": 0.502829273571792, "Cab47": 58.82659588682459, "Cw47": 0.04318001117502884, "xscale47": 0.4900913774029032, "yscale47": 0.4900913774029032, "zscale47": 0.4900913774029032, "Cab48": 83.01063102795041, "Cw48": 0.04628793973961478, "xscale48": 0.6216393664469062, "yscale48": 0.6216393664469062, "zscale48": 0.6216393664469062, "Cab49": 77.43365718976762, "Cw49": 0.013784670584714966, "xscale49": 0.40745100508646304, "yscale49": 0.40745100508646304, "zscale49": 0.40745100508646304, "Cab50": 78.60954803699775, "Cw50": 0.013854611498952795, "xscale50": 0.663894841925085, "yscale50": 0.663894841925085, "zscale50": 0.663894841925085, "Cab51": 30.634831766989176, "Cw51": 0.01562567872378449, "xscale51": 0.8169850953589052, "yscale51": 0.8169850953589052, "zscale51": 0.8169850953589052, "Cab52": 25.99112554092006,