{"Cab0": 77.5782011607323, "Cw0": 0.026271293970275937, "xscale0": 0.8332395417401096, "yscale0": 0.8332395417401096, "zscale0": 0.8332395417401096, "Cab1": 82.91813217242691, "Cw1": 0.028731628328261268, "xscale1": 0.6816331087212064, "yscale1": 0.6816331087212064, "zscale1": 0.6816331087212064, "Cab2": 21.935531959868275, "Cw2": 0.03825085352506743, "xscale2": 0.6433754185687807, "yscale2": 0.6433754185687807, "zscale2": 0.6433754185687807, "Cab3": 71.69699607176526, "Cw3": 0.010210200583091855, "xscale3": 0.5255840823791698, "yscale3": 0.5255840823791698, "zscale3": 0.5255840823791698, "Cab4": 51.26860930528231, "Cw4": 0.018730944992269457, "xscale4": 0.5741495347860484, "yscale4": 0.5741495347860484, "zscale4": 0.5741495347860484, "Cab5": 54.17931828246691, "Cw5": 0.02612549607112266, "xscale5": 0.6800926449802691, "yscale5": 0.6800926449802691, "zscale5": 0.6800926449802691, "Cab6": 69.91247320835555, "Cw6": 0.031131459802179358, "xscale6": 0.5055890161584953, "yscale6": 0.5055890161584953, "zscale6": 0.5055890161584953, "Cab7": 49.422664307489896, "Cw7": 0.018346631418956223, "xscale7": 0.5349115462458492, "yscale7": 0.5349115462458492, "zscale7": 0.5349115462458492, "Cab8": 22.230778065327385, "Cw8": 0.04238369832686333, "xscale8": 0.4652983352867475, "yscale8": 0.4652983352867475, "zscale8": 0.4652983352867475, "Cab9": 31.846018259878477, "Cw9": 0.02564727527867275, "xscale9": 0.6691936171505165, "yscale9": 0.6691936171505165, "zscale9": 0.6691936171505165, "Cab10": 23.885434008276633, "Cw10": 0.021753521890411544, "xscale10": 0.41180640451089234, "yscale10": 0.41180640451089234, "zscale10": 0.41180640451089234, "Cab11": 65.53535391371766, "Cw11": 0.042534067564156376, "xscale11": 0.5429910627767187, "yscale11": 0.5429910627767187, "zscale11": 0.5429910627767187, "Cab12": 22.058159798800755, "Cw12": 0.013104256912358326, "xscale12": 0.630830264494889, "yscale12": 0.630830264494889, "zscale12": 0.630830264494889, "Cab13": 77.98697491496932, "Cw13": 0.04412755394156153, "xscale13": 0.5782312902513492, "yscale13": 0.5782312902513492, "zscale13": 0.5782312902513492, "Cab14": 34.71885416221543, "Cw14": 0.03211866569109829, "xscale14": 0.5466823699723439, "yscale14": 0.5466823699723439, "zscale14": 0.5466823699723439, "Cab15": 50.08177488072798, "Cw15": 0.04969850141168119, "xscale15": 0.5760823696544376, "yscale15": 0.5760823696544376, "zscale15": 0.5760823696544376, "Cab16": 27.268068654459448, "Cw16": 0.047407963065089084, "xscale16": 0.490011958712406, "yscale16": 0.490011958712406, "zscale16": 0.490011958712406, "Cab17": 20.197910338503945, "Cw17": 0.015773884784244258, "xscale17": 0.6532847883521179, "yscale17": 0.6532847883521179, "zscale17": 0.6532847883521179, "Cab18": 34.471242377120525, "Cw18": 0.019925105997693274, "xscale18": 0.6639855391302429, "yscale18": 0.6639855391302429, "zscale18": 0.6639855391302429, "Cab19": 43.86382977280195, "Cw19": 0.03321643918990955, "xscale19": 0.5479396263107895, "yscale19": 0.5479396263107895, "zscale19": 0.5479396263107895, "Cab20": 34.53019081282679, "Cw20": 0.010890328069121456, "xscale20": 0.5285983496075692, "yscale20": 0.5285983496075692, "zscale20": 0.5285983496075692, "Cab21": 63.104512285664, "Cw21": 0.013140373314680064, "xscale21": 0.5622042402511626, "yscale21": 0.5622042402511626, "zscale21": 0.5622042402511626, "Cab22": 82.05014489606549, "Cw22": 0.04333739774528245, "xscale22": 0.5557818020089482, "yscale22": 0.5557818020089482, "zscale22": 0.5557818020089482, "Cab23": 88.40701059087928, "Cw23": 0.02882652856200852, "xscale23": 0.688328255719764, "yscale23": 0.688328255719764, "zscale23": 0.688328255719764, "Cab24": 28.956104043113186, "Cw24": 0.03150573335389841, "xscale24": 0.5785487251566783, "yscale24": 0.5785487251566783, "zscale24": 0.5785487251566783, "Cab25": 23.252289720220748, "Cw25": 0.022008333720537142, "xscale25": 0.6016978460251167, "yscale25": 0.6016978460251167, "zscale25": 0.6016978460251167, "Cab26": 38.82387740660231, "Cw26": 0.017647705395341457, "xscale26": 0.5015570599681061, "yscale26": 0.5015570599681061, "zscale26": 0.5015570599681061, "Cab27": 63.43775314641432, "Cw27": 0.019484216431356886, "xscale27": 0.4997244849290267, "yscale27": 0.4997244849290267, "zscale27": 0.4997244849290267, "Cab28": 23.32171615867677, "Cw28": 0.03926458360681188, "xscale28": 0.4771721030361306, "yscale28": 0.4771721030361306, "zscale28": 0.4771721030361306, "Cab29": 60.165140617623926, "Cw29": 0.03076790805173244, "xscale29": 0.6491202452069306, "yscale29": 0.6491202452069306, "zscale29": 0.6491202452069306, "Cab30": 20.69852542354542, "Cw30": 0.028154401158069553, "xscale30": 0.3717353485191104, "yscale30": 0.3717353485191104, "zscale30": 0.3717353485191104, "Cab31": 81.45276788410524, "Cw31": 0.04623550739368086, "xscale31": 0.5455693095018325, "yscale31": 0.5455693095018325, "zscale31": 0.5455693095018325, "Cab32": 68.39800761884572, "Cw32": 0.02620166800799084, "xscale32": 0.4377037974540629, "yscale32": 0.4377037974540629, "zscale32": 0.4377037974540629, "Cab33": 64.5610597737257, "Cw33": 0.02737475254383937, "xscale33": 0.4560126725262417, "yscale33": 0.4560126725262417, "zscale33": 0.4560126725262417, "Cab34": 59.35854181645473, "Cw34": 0.011513444503619298, "xscale34": 0.5876231399962503, "yscale34": 0.5876231399962503, "zscale34": 0.5876231399962503, "Cab35": 53.30124451764266, "Cw35": 0.029950508438968085, "xscale35": 0.45288394334643245, "yscale35": 0.45288394334643245, "zscale35": 0.45288394334643245, "Cab36": 69.09070186387947, "Cw36": 0.014347318553879456, "xscale36": 0.5212562941760762, "yscale36": 0.5212562941760762, "zscale36": 0.5212562941760762, "Cab37": 77.81738202594767, "Cw37": 0.027493344332549116, "xscale37": 0.4322886062878292, "yscale37": 0.4322886062878292, "zscale37": 0.4322886062878292, "Cab38": 70.6496769236197, "Cw38": 0.024683412111326575, "xscale38": 0.5513056667921028, "yscale38": 0.5513056667921028, "zscale38": 0.5513056667921028, "Cab39": 49.61344028404153, "Cw39": 0.03177239907407704, "xscale39": 0.5735557730763609, "yscale39": 0.5735557730763609, "zscale39": 0.5735557730763609, "Cab40": 55.159499662571584, "Cw40": 0.043566930317350885, "xscale40": 0.4926845344391635, "yscale40": 0.4926845344391635, "zscale40": 0.4926845344391635, "Cab41": 52.17885123558366, "Cw41": 0.028612174142824916, "xscale41": 0.46458062363895114, "yscale41": 0.46458062363895114, "zscale41": 0.46458062363895114, "Cab42": 39.36590604059435, "Cw42": 0.020704570288639444, "xscale42": 0.5329930850911887, "yscale42": 0.5329930850911887, "zscale42": 0.5329930850911887, "Cab43": 69.4162918879723, "Cw43": 0.012341824462741964, "xscale43": 0.6626061706535622, "yscale43": 0.6626061706535622, "zscale43": 0.6626061706535622, "Cab44": 72.28231312253345, "Cw44": 0.04169641554489494, "xscale44": 0.5113118788759394, "yscale44": 0.5113118788759394, "zscale44": 0.5113118788759394, "Cab45": 66.32782365880394, "Cw45": 0.029347770922640654, "xscale45": 0.38937517535573274, "yscale45": 0.38937517535573274, "zscale45": 0.38937517535573274, "Cab46": 83.0485436095345, "Cw46": 0.02809181843471717, "xscale46": 0.4984958170848395, "yscale46": 0.4984958170848395, "zscale46": 0.4984958170848395, "Cab47": 68.64722414171752, "Cw47": 0.04502885333592646, "xscale47": 0.5397556704242037, "yscale47": 0.5397556704242037, "zscale47": 0.5397556704242037, "Cab48": 45.705779768973315, "Cw48": 0.04000784166305497, "xscale48": 0.7641219714367438, "yscale48": 0.7641219714367438, "zscale48": 0.7641219714367438, "Cab49": 41.781034137103546, "Cw49": 0.020487473917793445, "xscale49": 0.4612561871890979, "yscale49": 0.4612561871890979, "zscale49": 0.4612561871890979, "Cab50": 49.47368697872915, "Cw50": 0.042708096583748856, "xscale50": 0.581027654734179, "yscale50": 0.581027654734179, "zscale50": 0.581027654734179, "Cab51": 44.15088169891264, "Cw51": 0.015859464976246435, "xscale51": 0.7816338675443177, "yscale51": 0.7816338675443177, "zscale51": 0.7816338675443177, "Cab52": 62.40724649156698,