{"Cab0": 35.20473177647886, "Cw0": 0.023507690969430388, "xscale0": 0.8633451107539871, "yscale0": 0.8633451107539871, "zscale0": 0.8633451107539871, "Cab1": 48.132713082058316, "Cw1": 0.039178247650003876, "xscale1": 0.5542583464657818, "yscale1": 0.5542583464657818, "zscale1": 0.5542583464657818, "Cab2": 31.520588830426746, "Cw2": 0.045709256851094116, "xscale2": 0.5324449559403035, "yscale2": 0.5324449559403035, "zscale2": 0.5324449559403035, "Cab3": 26.52931740966498, "Cw3": 0.014909148976076621, "xscale3": 0.45898107716746744, "yscale3": 0.45898107716746744, "zscale3": 0.45898107716746744, "Cab4": 68.85853392183108, "Cw4": 0.04675874415064175, "xscale4": 0.6802383702469089, "yscale4": 0.6802383702469089, "zscale4": 0.6802383702469089, "Cab5": 38.52445036256634, "Cw5": 0.030362793161557995, "xscale5": 0.7425444285732785, "yscale5": 0.7425444285732785, "zscale5": 0.7425444285732785, "Cab6": 21.022392484023538, "Cw6": 0.03598075514325588, "xscale6": 0.5962279508146057, "yscale6": 0.5962279508146057, "zscale6": 0.5962279508146057, "Cab7": 46.76403871359098, "Cw7": 0.0336585985084563, "xscale7": 0.657784544638148, "yscale7": 0.657784544638148, "zscale7": 0.657784544638148, "Cab8": 30.193320560155122, "Cw8": 0.030284348266673103, "xscale8": 0.5870852971455237, "yscale8": 0.5870852971455237, "zscale8": 0.5870852971455237, "Cab9": 72.06767962662994, "Cw9": 0.014170358902550896, "xscale9": 0.6091934002350903, "yscale9": 0.6091934002350903, "zscale9": 0.6091934002350903, "Cab10": 77.29382800582385, "Cw10": 0.01696756998391065, "xscale10": 0.49183602980213065, "yscale10": 0.49183602980213065, "zscale10": 0.49183602980213065, "Cab11": 46.767462719256685, "Cw11": 0.04576750688508727, "xscale11": 0.6286986262508981, "yscale11": 0.6286986262508981, "zscale11": 0.6286986262508981, "Cab12": 69.493031769851, "Cw12": 0.016356684342537734, "xscale12": 0.5159146092164374, "yscale12": 0.5159146092164374, "zscale12": 0.5159146092164374, "Cab13": 67.03002414095761, "Cw13": 0.02694356109184244, "xscale13": 0.5049444633982947, "yscale13": 0.5049444633982947, "zscale13": 0.5049444633982947, "Cab14": 69.98693604943679, "Cw14": 0.04576257812732291, "xscale14": 0.4769708891984882, "yscale14": 0.4769708891984882, "zscale14": 0.4769708891984882, "Cab15": 77.3127358964571, "Cw15": 0.012252806103889315, "xscale15": 0.592736821023999, "yscale15": 0.592736821023999, "zscale15": 0.592736821023999, "Cab16": 20.759233703453067, "Cw16": 0.03617579097664914, "xscale16": 0.6020391373314061, "yscale16": 0.6020391373314061, "zscale16": 0.6020391373314061, "Cab17": 62.19516071144128, "Cw17": 0.021486647801507438, "xscale17": 0.6422752856452764, "yscale17": 0.6422752856452764, "zscale17": 0.6422752856452764, "Cab18": 51.8335544416577, "Cw18": 0.02168025265654997, "xscale18": 0.6201336767237423, "yscale18": 0.6201336767237423, "zscale18": 0.6201336767237423, "Cab19": 82.88982237050881, "Cw19": 0.04481118079449102, "xscale19": 0.5365877305536852, "yscale19": 0.5365877305536852, "zscale19": 0.5365877305536852, "Cab20": 41.772881106400405, "Cw20": 0.014214970142946246, "xscale20": 0.6447530422504697, "yscale20": 0.6447530422504697, "zscale20": 0.6447530422504697, "Cab21": 41.21765226970696, "Cw21": 0.04915265077426904, "xscale21": 0.6351278971920244, "yscale21": 0.6351278971920244, "zscale21": 0.6351278971920244, "Cab22": 72.68278223033155, "Cw22": 0.02018397391657671, "xscale22": 0.6028974140825178, "yscale22": 0.6028974140825178, "zscale22": 0.6028974140825178, "Cab23": 64.0878052906964, "Cw23": 0.030327204854087915, "xscale23": 0.5643056476735058, "yscale23": 0.5643056476735058, "zscale23": 0.5643056476735058, "Cab24": 77.98062950277489, "Cw24": 0.027457507175550185, "xscale24": 0.5155469423922985, "yscale24": 0.5155469423922985, "zscale24": 0.5155469423922985, "Cab25": 33.79789354421196, "Cw25": 0.045896324137509575, "xscale25": 0.5704461308172096, "yscale25": 0.5704461308172096, "zscale25": 0.5704461308172096, "Cab26": 26.866534696981475, "Cw26": 0.029742786529073237, "xscale26": 0.587060473131668, "yscale26": 0.587060473131668, "zscale26": 0.587060473131668, "Cab27": 21.072860819949977, "Cw27": 0.020736630130392366, "xscale27": 0.37725765436874875, "yscale27": 0.37725765436874875, "zscale27": 0.37725765436874875, "Cab28": 29.538978397549375, "Cw28": 0.030385147926198994, "xscale28": 0.465903846482958, "yscale28": 0.465903846482958, "zscale28": 0.465903846482958, "Cab29": 56.14455236497928, "Cw29": 0.015294542055737744, "xscale29": 0.6206586474379393, "yscale29": 0.6206586474379393, "zscale29": 0.6206586474379393, "Cab30": 40.52020016301812, "Cw30": 0.04506021773294797, "xscale30": 0.32353934356726965, "yscale30": 0.32353934356726965, "zscale30": 0.32353934356726965, "Cab31": 68.2631115595922, "Cw31": 0.045759996159291605, "xscale31": 0.6243934310886138, "yscale31": 0.6243934310886138, "zscale31": 0.6243934310886138, "Cab32": 23.534090407142457, "Cw32": 0.035900855467280716, "xscale32": 0.48131897238669985, "yscale32": 0.48131897238669985, "zscale32": 0.48131897238669985, "Cab33": 89.7670477097894, "Cw33": 0.04654523500135912, "xscale33": 0.5254081563310262, "yscale33": 0.5254081563310262, "zscale33": 0.5254081563310262, "Cab34": 52.612466146746364, "Cw34": 0.03751428975113319, "xscale34": 0.4683801155015463, "yscale34": 0.4683801155015463, "zscale34": 0.4683801155015463, "Cab35": 45.572702350056005, "Cw35": 0.03355177444612489, "xscale35": 0.3724452747564518, "yscale35": 0.3724452747564518, "zscale35": 0.3724452747564518, "Cab36": 74.12268063854918, "Cw36": 0.03274244476652332, "xscale36": 0.6705736161581365, "yscale36": 0.6705736161581365, "zscale36": 0.6705736161581365, "Cab37": 33.802443225766005, "Cw37": 0.020242515140634458, "xscale37": 0.5116851231051276, "yscale37": 0.5116851231051276, "zscale37": 0.5116851231051276, "Cab38": 87.99422402536545, "Cw38": 0.018149139464185917, "xscale38": 0.3842189857033109, "yscale38": 0.3842189857033109, "zscale38": 0.3842189857033109, "Cab39": 23.3898658916943, "Cw39": 0.027517362979739834, "xscale39": 0.5501896000163486, "yscale39": 0.5501896000163486, "zscale39": 0.5501896000163486, "Cab40": 27.50142563290858, "Cw40": 0.03755366619473119, "xscale40": 0.59875088463874, "yscale40": 0.59875088463874, "zscale40": 0.59875088463874, "Cab41": 80.43121037096428, "Cw41": 0.013986604511988378, "xscale41": 0.5866367090151323, "yscale41": 0.5866367090151323, "zscale41": 0.5866367090151323, "Cab42": 88.88839093761314, "Cw42": 0.046547875805271366, "xscale42": 0.5874785181944273, "yscale42": 0.5874785181944273, "zscale42": 0.5874785181944273, "Cab43": 81.17620317907995, "Cw43": 0.011768622041540722, "xscale43": 0.628614294494683, "yscale43": 0.628614294494683, "zscale43": 0.628614294494683, "Cab44": 53.62398410847408, "Cw44": 0.041251676235141074, "xscale44": 0.35321006855511783, "yscale44": 0.35321006855511783, "zscale44": 0.35321006855511783, "Cab45": 29.02458952779659, "Cw45": 0.03999956232156466, "xscale45": 0.33394702982977986, "yscale45": 0.33394702982977986, "zscale45": 0.33394702982977986, "Cab46": 71.04737148354447, "Cw46": 0.01895667910108889, "xscale46": 0.39918805908841526, "yscale46": 0.39918805908841526, "zscale46": 0.39918805908841526, "Cab47": 63.62928256280694, "Cw47": 0.023788791362890294, "xscale47": 0.5709762059596408, "yscale47": 0.5709762059596408, "zscale47": 0.5709762059596408, "Cab48": 23.527084265611492, "Cw48": 0.0399971084648676, "xscale48": 0.6605982248326333, "yscale48": 0.6605982248326333, "zscale48": 0.6605982248326333, "Cab49": 60.685874853587286, "Cw49": 0.01899981752242676, "xscale49": 0.45691342222358755, "yscale49": 0.45691342222358755, "zscale49": 0.45691342222358755, "Cab50": 74.10582514113267, "Cw50": 0.02416084535803771, "xscale50": 0.7133224532409925, "yscale50": 0.7133224532409925, "zscale50": 0.7133224532409925, "Cab51": 85.33658704703049, "Cw51": 0.023398079371310762, "xscale51": 0.6612641520933042, "yscale51": 0.6612641520933042, "zscale51": 0.6612641520933042, "Cab52": 67.18089522799913,