{"Cab0": 45.9755133184718, "Cw0": 0.02317324706754357, "xscale0": 0.8290515061921628, "yscale0": 0.8290515061921628, "zscale0": 0.8290515061921628, "Cab1": 58.941774224477584, "Cw1": 0.02255929424004173, "xscale1": 0.6473018578854796, "yscale1": 0.6473018578854796, "zscale1": 0.6473018578854796, "Cab2": 55.236906014712396, "Cw2": 0.0446843433276753, "xscale2": 0.625903269851679, "yscale2": 0.625903269851679, "zscale2": 0.625903269851679, "Cab3": 87.4086925385025, "Cw3": 0.01676733369536299, "xscale3": 0.542519663212881, "yscale3": 0.542519663212881, "zscale3": 0.542519663212881, "Cab4": 60.81257760250603, "Cw4": 0.049045843407897007, "xscale4": 0.6310411925693079, "yscale4": 0.6310411925693079, "zscale4": 0.6310411925693079, "Cab5": 52.880112930901035, "Cw5": 0.049016846874464316, "xscale5": 0.7608940162179799, "yscale5": 0.7608940162179799, "zscale5": 0.7608940162179799, "Cab6": 89.99561090889078, "Cw6": 0.04044917184314354, "xscale6": 0.6058183427361457, "yscale6": 0.6058183427361457, "zscale6": 0.6058183427361457, "Cab7": 87.2322247019902, "Cw7": 0.032105746282121296, "xscale7": 0.5437897595812806, "yscale7": 0.5437897595812806, "zscale7": 0.5437897595812806, "Cab8": 59.94449400863563, "Cw8": 0.014607372342277753, "xscale8": 0.6269715693888637, "yscale8": 0.6269715693888637, "zscale8": 0.6269715693888637, "Cab9": 63.73853064424937, "Cw9": 0.016768601799753445, "xscale9": 0.5473079766372574, "yscale9": 0.5473079766372574, "zscale9": 0.5473079766372574, "Cab10": 67.13974237119545, "Cw10": 0.02515966774426646, "xscale10": 0.5829785959881102, "yscale10": 0.5829785959881102, "zscale10": 0.5829785959881102, "Cab11": 76.06118455735441, "Cw11": 0.02253335431930968, "xscale11": 0.6151124226628394, "yscale11": 0.6151124226628394, "zscale11": 0.6151124226628394, "Cab12": 74.01986943305424, "Cw12": 0.04083601410281105, "xscale12": 0.6077835249386385, "yscale12": 0.6077835249386385, "zscale12": 0.6077835249386385, "Cab13": 75.80560987519526, "Cw13": 0.02488009227597736, "xscale13": 0.5952096619990334, "yscale13": 0.5952096619990334, "zscale13": 0.5952096619990334, "Cab14": 44.04886627094169, "Cw14": 0.04034673034676609, "xscale14": 0.45302610929016424, "yscale14": 0.45302610929016424, "zscale14": 0.45302610929016424, "Cab15": 89.09454673359781, "Cw15": 0.01987258520936668, "xscale15": 0.5368829133282862, "yscale15": 0.5368829133282862, "zscale15": 0.5368829133282862, "Cab16": 62.99635758405957, "Cw16": 0.02008865872939538, "xscale16": 0.615164331185156, "yscale16": 0.615164331185156, "zscale16": 0.615164331185156, "Cab17": 28.112640148065356, "Cw17": 0.03837269977393472, "xscale17": 0.6384193606943805, "yscale17": 0.6384193606943805, "zscale17": 0.6384193606943805, "Cab18": 47.77623745906878, "Cw18": 0.02890081809763515, "xscale18": 0.529657200203343, "yscale18": 0.529657200203343, "zscale18": 0.529657200203343, "Cab19": 36.48317729058731, "Cw19": 0.03130917026711277, "xscale19": 0.5061895282923953, "yscale19": 0.5061895282923953, "zscale19": 0.5061895282923953, "Cab20": 84.90705877776074, "Cw20": 0.04126060126285434, "xscale20": 0.6292129154989656, "yscale20": 0.6292129154989656, "zscale20": 0.6292129154989656, "Cab21": 71.73713629938175, "Cw21": 0.022805172614881002, "xscale21": 0.5532498664486568, "yscale21": 0.5532498664486568, "zscale21": 0.5532498664486568, "Cab22": 22.163368240083223, "Cw22": 0.04520105792325253, "xscale22": 0.5847112467187078, "yscale22": 0.5847112467187078, "zscale22": 0.5847112467187078, "Cab23": 79.4394501766014, "Cw23": 0.01282837697019819, "xscale23": 0.5705591730726542, "yscale23": 0.5705591730726542, "zscale23": 0.5705591730726542, "Cab24": 67.32845279230311, "Cw24": 0.010999653292628078, "xscale24": 0.48958835768832, "yscale24": 0.48958835768832, "zscale24": 0.48958835768832, "Cab25": 85.92305202558778, "Cw25": 0.026055203012066062, "xscale25": 0.5834622930246625, "yscale25": 0.5834622930246625, "zscale25": 0.5834622930246625, "Cab26": 59.422633369112035, "Cw26": 0.014288075784578136, "xscale26": 0.734176322438465, "yscale26": 0.734176322438465, "zscale26": 0.734176322438465, "Cab27": 72.76676711966749, "Cw27": 0.04681165203419073, "xscale27": 0.37361853210027796, "yscale27": 0.37361853210027796, "zscale27": 0.37361853210027796, "Cab28": 82.8449205071567, "Cw28": 0.029057247033848675, "xscale28": 0.3750234722620479, "yscale28": 0.3750234722620479, "zscale28": 0.3750234722620479, "Cab29": 29.599351876357048, "Cw29": 0.04150506555618347, "xscale29": 0.49251627088246186, "yscale29": 0.49251627088246186, "zscale29": 0.49251627088246186, "Cab30": 66.63270147898834, "Cw30": 0.047062437703494386, "xscale30": 0.4206913089424452, "yscale30": 0.4206913089424452, "zscale30": 0.4206913089424452, "Cab31": 50.086691322994156, "Cw31": 0.015879332869553897, "xscale31": 0.5591565384677729, "yscale31": 0.5591565384677729, "zscale31": 0.5591565384677729, "Cab32": 25.422381837240447, "Cw32": 0.020264874913324696, "xscale32": 0.387880711469581, "yscale32": 0.387880711469581, "zscale32": 0.387880711469581, "Cab33": 65.30576026950979, "Cw33": 0.03136438093776335, "xscale33": 0.5597488303566884, "yscale33": 0.5597488303566884, "zscale33": 0.5597488303566884, "Cab34": 30.991773911276603, "Cw34": 0.03214283052648241, "xscale34": 0.6035011581985156, "yscale34": 0.6035011581985156, "zscale34": 0.6035011581985156, "Cab35": 61.34649298321774, "Cw35": 0.036608470415209704, "xscale35": 0.4952505002421419, "yscale35": 0.4952505002421419, "zscale35": 0.4952505002421419, "Cab36": 61.39902936920663, "Cw36": 0.025732699809171845, "xscale36": 0.5607547964296018, "yscale36": 0.5607547964296018, "zscale36": 0.5607547964296018, "Cab37": 35.12360368156413, "Cw37": 0.024953092487269693, "xscale37": 0.5225636268575987, "yscale37": 0.5225636268575987, "zscale37": 0.5225636268575987, "Cab38": 40.531794969169795, "Cw38": 0.013800423836695015, "xscale38": 0.4791018074681573, "yscale38": 0.4791018074681573, "zscale38": 0.4791018074681573, "Cab39": 24.367057642510765, "Cw39": 0.02056822436415303, "xscale39": 0.5897989306257132, "yscale39": 0.5897989306257132, "zscale39": 0.5897989306257132, "Cab40": 69.50202901639344, "Cw40": 0.030753019990274633, "xscale40": 0.6347613546758654, "yscale40": 0.6347613546758654, "zscale40": 0.6347613546758654, "Cab41": 69.47227075430416, "Cw41": 0.019616575632009706, "xscale41": 0.560367119888737, "yscale41": 0.560367119888737, "zscale41": 0.560367119888737, "Cab42": 81.94679321913044, "Cw42": 0.02367499972412855, "xscale42": 0.4721750596501793, "yscale42": 0.4721750596501793, "zscale42": 0.4721750596501793, "Cab43": 38.19708242938857, "Cw43": 0.035134773489980745, "xscale43": 0.5145238872181308, "yscale43": 0.5145238872181308, "zscale43": 0.5145238872181308, "Cab44": 25.92216845894057, "Cw44": 0.02649484007292084, "xscale44": 0.49319714202737414, "yscale44": 0.49319714202737414, "zscale44": 0.49319714202737414, "Cab45": 35.43807739265641, "Cw45": 0.01830215877227075, "xscale45": 0.40231832808342755, "yscale45": 0.40231832808342755, "zscale45": 0.40231832808342755, "Cab46": 77.76379682840866, "Cw46": 0.02716294224366144, "xscale46": 0.45706950622935577, "yscale46": 0.45706950622935577, "zscale46": 0.45706950622935577, "Cab47": 74.39701719483665, "Cw47": 0.022858105585145234, "xscale47": 0.4707586653826818, "yscale47": 0.4707586653826818, "zscale47": 0.4707586653826818, "Cab48": 59.09122132997282, "Cw48": 0.040344760892214455, "xscale48": 0.554090944780081, "yscale48": 0.554090944780081, "zscale48": 0.554090944780081, "Cab49": 83.52448443354959, "Cw49": 0.030969505792485315, "xscale49": 0.6070400372990893, "yscale49": 0.6070400372990893, "zscale49": 0.6070400372990893, "Cab50": 58.89727611236502, "Cw50": 0.034293872813119027, "xscale50": 0.6405816128446286, "yscale50": 0.6405816128446286, "zscale50": 0.6405816128446286, "Cab51": 46.210422710575564, "Cw51": 0.04445973904406053, "xscale51": 0.6253082357796715, "yscale51": 0.6253082357796715, "zscale51": 0.6253082357796715, "Cab52": 32.691434719654595, "Cw52": 0.01972248117200984,