{"Cab0": 31.711876361247963, "Cw0": 0.03429192750137586, "xscale0": 0.8049869004555406, "yscale0": 0.8049869004555406, "zscale0": 0.8049869004555406, "Cab1": 43.28851950908113, "Cw1": 0.027316066197876493, "xscale1": 0.6908379796522125, "yscale1": 0.6908379796522125, "zscale1": 0.6908379796522125, "Cab2": 89.37043730211344, "Cw2": 0.01129416433601314, "xscale2": 0.5707469965853924, "yscale2": 0.5707469965853924, "zscale2": 0.5707469965853924, "Cab3": 20.244549385018793, "Cw3": 0.03553272502536195, "xscale3": 0.5618349960638742, "yscale3": 0.5618349960638742, "zscale3": 0.5618349960638742, "Cab4": 26.525279075935543, "Cw4": 0.022199194025653644, "xscale4": 0.657930175944779, "yscale4": 0.657930175944779, "zscale4": 0.657930175944779, "Cab5": 62.89395844692923, "Cw5": 0.04394564582531786, "xscale5": 0.659802219198821, "yscale5": 0.659802219198821, "zscale5": 0.659802219198821, "Cab6": 75.29563390560443, "Cw6": 0.03205641237242903, "xscale6": 0.5482436050775916, "yscale6": 0.5482436050775916, "zscale6": 0.5482436050775916, "Cab7": 51.51803620801383, "Cw7": 0.049622163764913886, "xscale7": 0.580153692119764, "yscale7": 0.580153692119764, "zscale7": 0.580153692119764, "Cab8": 39.13242894084509, "Cw8": 0.03358742157792883, "xscale8": 0.5425051372232893, "yscale8": 0.5425051372232893, "zscale8": 0.5425051372232893, "Cab9": 69.27231158289612, "Cw9": 0.03413425665743252, "xscale9": 0.5946151516270881, "yscale9": 0.5946151516270881, "zscale9": 0.5946151516270881, "Cab10": 70.0921188602531, "Cw10": 0.025979466050013847, "xscale10": 0.4163832995946026, "yscale10": 0.4163832995946026, "zscale10": 0.4163832995946026, "Cab11": 38.51543366111409, "Cw11": 0.04612520647972631, "xscale11": 0.6640430678387367, "yscale11": 0.6640430678387367, "zscale11": 0.6640430678387367, "Cab12": 61.032882167742386, "Cw12": 0.016122272725681105, "xscale12": 0.5255203340107943, "yscale12": 0.5255203340107943, "zscale12": 0.5255203340107943, "Cab13": 69.98535275499864, "Cw13": 0.03352388837775857, "xscale13": 0.5648926866772782, "yscale13": 0.5648926866772782, "zscale13": 0.5648926866772782, "Cab14": 81.1105344960472, "Cw14": 0.041402013235864246, "xscale14": 0.5806617409006306, "yscale14": 0.5806617409006306, "zscale14": 0.5806617409006306, "Cab15": 21.5929848904203, "Cw15": 0.011389577989606358, "xscale15": 0.6396361231712108, "yscale15": 0.6396361231712108, "zscale15": 0.6396361231712108, "Cab16": 65.77672015786763, "Cw16": 0.012006341316044375, "xscale16": 0.4876125835864779, "yscale16": 0.4876125835864779, "zscale16": 0.4876125835864779, "Cab17": 52.428738970108114, "Cw17": 0.014023756398813312, "xscale17": 0.6748033415328113, "yscale17": 0.6748033415328113, "zscale17": 0.6748033415328113, "Cab18": 59.356846750187735, "Cw18": 0.037275356035204064, "xscale18": 0.5360637305879653, "yscale18": 0.5360637305879653, "zscale18": 0.5360637305879653, "Cab19": 44.39357372588704, "Cw19": 0.04066374870030297, "xscale19": 0.5313770641483009, "yscale19": 0.5313770641483009, "zscale19": 0.5313770641483009, "Cab20": 52.97328752118074, "Cw20": 0.022705566616745956, "xscale20": 0.724441764095998, "yscale20": 0.724441764095998, "zscale20": 0.724441764095998, "Cab21": 70.37807270004149, "Cw21": 0.026247009705396084, "xscale21": 0.5206484352118643, "yscale21": 0.5206484352118643, "zscale21": 0.5206484352118643, "Cab22": 74.96877615034758, "Cw22": 0.025724642122324448, "xscale22": 0.5388207262111122, "yscale22": 0.5388207262111122, "zscale22": 0.5388207262111122, "Cab23": 41.56077728649897, "Cw23": 0.03357764984468203, "xscale23": 0.5579364708897696, "yscale23": 0.5579364708897696, "zscale23": 0.5579364708897696, "Cab24": 33.67589411210939, "Cw24": 0.0317468157289328, "xscale24": 0.5218234672779536, "yscale24": 0.5218234672779536, "zscale24": 0.5218234672779536, "Cab25": 30.64187928961713, "Cw25": 0.02146274735553018, "xscale25": 0.6300886833915827, "yscale25": 0.6300886833915827, "zscale25": 0.6300886833915827, "Cab26": 22.698998727228002, "Cw26": 0.03851454920290027, "xscale26": 0.6451194683891375, "yscale26": 0.6451194683891375, "zscale26": 0.6451194683891375, "Cab27": 53.60871109390933, "Cw27": 0.010746370371518665, "xscale27": 0.3677581756015063, "yscale27": 0.3677581756015063, "zscale27": 0.3677581756015063, "Cab28": 62.44674013856965, "Cw28": 0.022880937811150644, "xscale28": 0.34348072697734733, "yscale28": 0.34348072697734733, "zscale28": 0.34348072697734733, "Cab29": 84.68418259513159, "Cw29": 0.03617965440763807, "xscale29": 0.596810627737389, "yscale29": 0.596810627737389, "zscale29": 0.596810627737389, "Cab30": 41.477677600556675, "Cw30": 0.034147017095032414, "xscale30": 0.31557418718470265, "yscale30": 0.31557418718470265, "zscale30": 0.31557418718470265, "Cab31": 63.838966676109706, "Cw31": 0.024901812854131317, "xscale31": 0.6253767664730273, "yscale31": 0.6253767664730273, "zscale31": 0.6253767664730273, "Cab32": 37.405359103578135, "Cw32": 0.047401302761134544, "xscale32": 0.47747477565193625, "yscale32": 0.47747477565193625, "zscale32": 0.47747477565193625, "Cab33": 61.69949352997982, "Cw33": 0.03874154723370257, "xscale33": 0.46765200073420027, "yscale33": 0.46765200073420027, "zscale33": 0.46765200073420027, "Cab34": 82.22350009627701, "Cw34": 0.04434379574356874, "xscale34": 0.5854016194757189, "yscale34": 0.5854016194757189, "zscale34": 0.5854016194757189, "Cab35": 35.58814975074232, "Cw35": 0.030353078473476083, "xscale35": 0.4678512522247386, "yscale35": 0.4678512522247386, "zscale35": 0.4678512522247386, "Cab36": 85.6551186403379, "Cw36": 0.014620024161734455, "xscale36": 0.7609258782393644, "yscale36": 0.7609258782393644, "zscale36": 0.7609258782393644, "Cab37": 39.85641426410335, "Cw37": 0.02900738003825129, "xscale37": 0.39868059627556746, "yscale37": 0.39868059627556746, "zscale37": 0.39868059627556746, "Cab38": 71.44002006349581, "Cw38": 0.011604085370654205, "xscale38": 0.568954510927124, "yscale38": 0.568954510927124, "zscale38": 0.568954510927124, "Cab39": 24.997170011727988, "Cw39": 0.013356112784971912, "xscale39": 0.4974733547702462, "yscale39": 0.4974733547702462, "zscale39": 0.4974733547702462, "Cab40": 48.499494244779356, "Cw40": 0.047785791066626, "xscale40": 0.5258122500718597, "yscale40": 0.5258122500718597, "zscale40": 0.5258122500718597, "Cab41": 42.289798165298635, "Cw41": 0.010988991289573168, "xscale41": 0.5077881247894426, "yscale41": 0.5077881247894426, "zscale41": 0.5077881247894426, "Cab42": 34.913947868673404, "Cw42": 0.04331411126427983, "xscale42": 0.6579352106594065, "yscale42": 0.6579352106594065, "zscale42": 0.6579352106594065, "Cab43": 23.95918648431107, "Cw43": 0.046905683574234906, "xscale43": 0.5449573783172897, "yscale43": 0.5449573783172897, "zscale43": 0.5449573783172897, "Cab44": 39.33967989943133, "Cw44": 0.04360345223602454, "xscale44": 0.4098644032229527, "yscale44": 0.4098644032229527, "zscale44": 0.4098644032229527, "Cab45": 43.60960944189422, "Cw45": 0.03221573116334056, "xscale45": 0.2951779688738035, "yscale45": 0.2951779688738035, "zscale45": 0.2951779688738035, "Cab46": 41.7466287088609, "Cw46": 0.029416914150800985, "xscale46": 0.4295779283993482, "yscale46": 0.4295779283993482, "zscale46": 0.4295779283993482, "Cab47": 21.95809681691894, "Cw47": 0.02859813439300682, "xscale47": 0.4670513045194612, "yscale47": 0.4670513045194612, "zscale47": 0.4670513045194612, "Cab48": 75.93380462639, "Cw48": 0.01106266616444088, "xscale48": 0.6769240609427354, "yscale48": 0.6769240609427354, "zscale48": 0.6769240609427354, "Cab49": 78.92178533165382, "Cw49": 0.037180043367954836, "xscale49": 0.44661678531843385, "yscale49": 0.44661678531843385, "zscale49": 0.44661678531843385, "Cab50": 48.379731378400066, "Cw50": 0.034272068399402854, "xscale50": 0.5727520486847284, "yscale50": 0.5727520486847284, "zscale50": 0.5727520486847284, "Cab51": 67.71467095365621, "Cw51": 0.022860355098044845, "xscale51": 0.7994216138599998, "yscale51": 0.7994216138599998, "zscale51": 0.7994216138599998, "Cab52": 84.22305359349855, "Cw52": 0.04217055373640698,