{"Cab0": 89.80045684515866, "Cw0": 0.037256183104931076, "xscale0": 0.5956857126768051, "yscale0": 0.5956857126768051, "zscale0": 0.5956857126768051, "Cab1": 46.332935784171525, "Cw1": 0.046669276443085286, "xscale1": 0.6543888859310213, "yscale1": 0.6543888859310213, "zscale1": 0.6543888859310213, "Cab2": 29.692036308552026, "Cw2": 0.020250058888440576, "xscale2": 0.5856339696409846, "yscale2": 0.5856339696409846, "zscale2": 0.5856339696409846, "Cab3": 39.46940975552626, "Cw3": 0.03697268802229334, "xscale3": 0.41882474273621045, "yscale3": 0.41882474273621045, "zscale3": 0.41882474273621045, "Cab4": 87.21972568524826, "Cw4": 0.03902562635231027, "xscale4": 0.7010417287469414, "yscale4": 0.7010417287469414, "zscale4": 0.7010417287469414, "Cab5": 78.99548455194271, "Cw5": 0.02128725407468364, "xscale5": 0.7997726948857452, "yscale5": 0.7997726948857452, "zscale5": 0.7997726948857452, "Cab6": 57.23112595580759, "Cw6": 0.03994555031655576, "xscale6": 0.5290061336114451, "yscale6": 0.5290061336114451, "zscale6": 0.5290061336114451, "Cab7": 50.214748964775126, "Cw7": 0.0204805195634213, "xscale7": 0.505900293433115, "yscale7": 0.505900293433115, "zscale7": 0.505900293433115, "Cab8": 24.33918215606169, "Cw8": 0.018079399596321353, "xscale8": 0.4553303349934032, "yscale8": 0.4553303349934032, "zscale8": 0.4553303349934032, "Cab9": 40.76561886459544, "Cw9": 0.013939878939756515, "xscale9": 0.6637731376132544, "yscale9": 0.6637731376132544, "zscale9": 0.6637731376132544, "Cab10": 80.45629750979134, "Cw10": 0.015998749268590864, "xscale10": 0.4368521545520102, "yscale10": 0.4368521545520102, "zscale10": 0.4368521545520102, "Cab11": 35.76249097574763, "Cw11": 0.042993177584484954, "xscale11": 0.6912720659262895, "yscale11": 0.6912720659262895, "zscale11": 0.6912720659262895, "Cab12": 57.54919069574438, "Cw12": 0.022974811643024284, "xscale12": 0.4714713231712221, "yscale12": 0.4714713231712221, "zscale12": 0.4714713231712221, "Cab13": 46.10419606916561, "Cw13": 0.04663697012153214, "xscale13": 0.7253352225511442, "yscale13": 0.7253352225511442, "zscale13": 0.7253352225511442, "Cab14": 79.85162072302532, "Cw14": 0.049467396107375446, "xscale14": 0.5396647490926955, "yscale14": 0.5396647490926955, "zscale14": 0.5396647490926955, "Cab15": 64.56318648254472, "Cw15": 0.011992411178579219, "xscale15": 0.46638935042306406, "yscale15": 0.46638935042306406, "zscale15": 0.46638935042306406, "Cab16": 89.81743634423312, "Cw16": 0.016629243544129712, "xscale16": 0.5703787789432602, "yscale16": 0.5703787789432602, "zscale16": 0.5703787789432602, "Cab17": 43.016330989042004, "Cw17": 0.01500152404678929, "xscale17": 0.5856004346427791, "yscale17": 0.5856004346427791, "zscale17": 0.5856004346427791, "Cab18": 39.99355690269158, "Cw18": 0.022578520027302436, "xscale18": 0.7499345319176703, "yscale18": 0.7499345319176703, "zscale18": 0.7499345319176703, "Cab19": 20.3708294377624, "Cw19": 0.043985534284895295, "xscale19": 0.46479551797279084, "yscale19": 0.46479551797279084, "zscale19": 0.46479551797279084, "Cab20": 67.56738750086637, "Cw20": 0.01345849588121126, "xscale20": 0.5396844759350774, "yscale20": 0.5396844759350774, "zscale20": 0.5396844759350774, "Cab21": 41.75378496055602, "Cw21": 0.018231399927894288, "xscale21": 0.5427407365908001, "yscale21": 0.5427407365908001, "zscale21": 0.5427407365908001, "Cab22": 64.5010154049262, "Cw22": 0.010699872094391912, "xscale22": 0.5699078725914861, "yscale22": 0.5699078725914861, "zscale22": 0.5699078725914861, "Cab23": 81.37841084359307, "Cw23": 0.014978323152715588, "xscale23": 0.7300597614010115, "yscale23": 0.7300597614010115, "zscale23": 0.7300597614010115, "Cab24": 20.62507116682475, "Cw24": 0.017966466038066443, "xscale24": 0.5496769482372054, "yscale24": 0.5496769482372054, "zscale24": 0.5496769482372054, "Cab25": 67.38865696267021, "Cw25": 0.03388424909392184, "xscale25": 0.5465363877898535, "yscale25": 0.5465363877898535, "zscale25": 0.5465363877898535, "Cab26": 21.540739006134896, "Cw26": 0.016390057159015838, "xscale26": 0.6490464122235631, "yscale26": 0.6490464122235631, "zscale26": 0.6490464122235631, "Cab27": 41.619566849199494, "Cw27": 0.04635338358152108, "xscale27": 0.4327553209394937, "yscale27": 0.4327553209394937, "zscale27": 0.4327553209394937, "Cab28": 71.9194151105799, "Cw28": 0.04950465108629869, "xscale28": 0.45320447729009833, "yscale28": 0.45320447729009833, "zscale28": 0.45320447729009833, "Cab29": 25.54630773576609, "Cw29": 0.04560838762010754, "xscale29": 0.6346451645561618, "yscale29": 0.6346451645561618, "zscale29": 0.6346451645561618, "Cab30": 33.06248118661522, "Cw30": 0.04619879743829527, "xscale30": 0.35262809630151554, "yscale30": 0.35262809630151554, "zscale30": 0.35262809630151554, "Cab31": 75.83690271896874, "Cw31": 0.020339155558339136, "xscale31": 0.5749885061428487, "yscale31": 0.5749885061428487, "zscale31": 0.5749885061428487, "Cab32": 62.33597532635169, "Cw32": 0.019572474203224322, "xscale32": 0.5023896959880849, "yscale32": 0.5023896959880849, "zscale32": 0.5023896959880849, "Cab33": 20.396349098226082, "Cw33": 0.017522859194705958, "xscale33": 0.5263093117814995, "yscale33": 0.5263093117814995, "zscale33": 0.5263093117814995, "Cab34": 62.534689265835524, "Cw34": 0.02539740786257006, "xscale34": 0.499675610950061, "yscale34": 0.499675610950061, "zscale34": 0.499675610950061, "Cab35": 66.01814381966969, "Cw35": 0.015112037657037019, "xscale35": 0.3524241441513031, "yscale35": 0.3524241441513031, "zscale35": 0.3524241441513031, "Cab36": 77.40853006600113, "Cw36": 0.010733037625194295, "xscale36": 0.5762259201872477, "yscale36": 0.5762259201872477, "zscale36": 0.5762259201872477, "Cab37": 41.65286645593308, "Cw37": 0.040517231433247425, "xscale37": 0.4444177271385846, "yscale37": 0.4444177271385846, "zscale37": 0.4444177271385846, "Cab38": 41.668396609337414, "Cw38": 0.03751347734242122, "xscale38": 0.5195196385712078, "yscale38": 0.5195196385712078, "zscale38": 0.5195196385712078, "Cab39": 62.43521898443885, "Cw39": 0.01577031436281326, "xscale39": 0.6352230113599052, "yscale39": 0.6352230113599052, "zscale39": 0.6352230113599052, "Cab40": 35.73236319866135, "Cw40": 0.02180943691682107, "xscale40": 0.5332480610540615, "yscale40": 0.5332480610540615, "zscale40": 0.5332480610540615, "Cab41": 45.965148364765966, "Cw41": 0.04789488262132992, "xscale41": 0.4568382002572837, "yscale41": 0.4568382002572837, "zscale41": 0.4568382002572837, "Cab42": 48.730235765986926, "Cw42": 0.025411183953998263, "xscale42": 0.5869574588954526, "yscale42": 0.5869574588954526, "zscale42": 0.5869574588954526, "Cab43": 80.48688304744104, "Cw43": 0.04673823130458119, "xscale43": 0.5756007183116529, "yscale43": 0.5756007183116529, "zscale43": 0.5756007183116529, "Cab44": 84.33821018819893, "Cw44": 0.02976192683517919, "xscale44": 0.4555916311832902, "yscale44": 0.4555916311832902, "zscale44": 0.4555916311832902, "Cab45": 20.85052217689129, "Cw45": 0.028114570690861755, "xscale45": 0.32210008191674216, "yscale45": 0.32210008191674216, "zscale45": 0.32210008191674216, "Cab46": 51.4147110567069, "Cw46": 0.012668043540178413, "xscale46": 0.48787497747025815, "yscale46": 0.48787497747025815, "zscale46": 0.48787497747025815, "Cab47": 64.22163268544071, "Cw47": 0.04812404698834445, "xscale47": 0.4948454226513774, "yscale47": 0.4948454226513774, "zscale47": 0.4948454226513774, "Cab48": 85.20235960629707, "Cw48": 0.03104681121772316, "xscale48": 0.6038715177833182, "yscale48": 0.6038715177833182, "zscale48": 0.6038715177833182, "Cab49": 52.74433284332044, "Cw49": 0.014860971841392047, "xscale49": 0.5159732625518849, "yscale49": 0.5159732625518849, "zscale49": 0.5159732625518849, "Cab50": 61.45773460360264, "Cw50": 0.01733584164150282, "xscale50": 0.702820959674, "yscale50": 0.702820959674, "zscale50": 0.702820959674, "Cab51": 87.86923491962564, "Cw51": 0.047970835576091074, "xscale51": 0.791264733480028, "yscale51": 0.791264733480028, "zscale51": 0.791264733480028, "Cab52": 72.36370987612119, "Cw52": 0.020935303139720432,