{"Cab0": 89.5700116424567, "Cw0": 0.04909513396784452, "xscale0": 0.6230275658297381, "yscale0": 0.6230275658297381, "zscale0": 0.6230275658297381, "Cab1": 75.78565730629114, "Cw1": 0.04173795413702687, "xscale1": 0.5690812861790702, "yscale1": 0.5690812861790702, "zscale1": 0.5690812861790702, "Cab2": 24.665781593830616, "Cw2": 0.027943445500737837, "xscale2": 0.5857419170005413, "yscale2": 0.5857419170005413, "zscale2": 0.5857419170005413, "Cab3": 35.45653758411471, "Cw3": 0.04475811934816803, "xscale3": 0.43607145663816643, "yscale3": 0.43607145663816643, "zscale3": 0.43607145663816643, "Cab4": 39.283600968717785, "Cw4": 0.025649401835983278, "xscale4": 0.5256708327202154, "yscale4": 0.5256708327202154, "zscale4": 0.5256708327202154, "Cab5": 26.008445870491745, "Cw5": 0.028371989275862035, "xscale5": 0.6852516993458273, "yscale5": 0.6852516993458273, "zscale5": 0.6852516993458273, "Cab6": 25.14813307075837, "Cw6": 0.026719662688577228, "xscale6": 0.5973512541538338, "yscale6": 0.5973512541538338, "zscale6": 0.5973512541538338, "Cab7": 50.7634565795631, "Cw7": 0.024282507380274262, "xscale7": 0.500834530055779, "yscale7": 0.500834530055779, "zscale7": 0.500834530055779, "Cab8": 70.63593818466315, "Cw8": 0.01008860391102238, "xscale8": 0.5391591428665632, "yscale8": 0.5391591428665632, "zscale8": 0.5391591428665632, "Cab9": 23.23193151401168, "Cw9": 0.029312646527332377, "xscale9": 0.6076874420648, "yscale9": 0.6076874420648, "zscale9": 0.6076874420648, "Cab10": 75.2301142398122, "Cw10": 0.04869701201800092, "xscale10": 0.5933675399170134, "yscale10": 0.5933675399170134, "zscale10": 0.5933675399170134, "Cab11": 83.17546895909774, "Cw11": 0.016079455905075972, "xscale11": 0.5749153595112493, "yscale11": 0.5749153595112493, "zscale11": 0.5749153595112493, "Cab12": 42.8598131312379, "Cw12": 0.019072845620280963, "xscale12": 0.5405798829068921, "yscale12": 0.5405798829068921, "zscale12": 0.5405798829068921, "Cab13": 66.31197256178837, "Cw13": 0.04981716112494442, "xscale13": 0.7345390139458831, "yscale13": 0.7345390139458831, "zscale13": 0.7345390139458831, "Cab14": 87.763560877618, "Cw14": 0.016767324409828366, "xscale14": 0.5582358225038343, "yscale14": 0.5582358225038343, "zscale14": 0.5582358225038343, "Cab15": 83.16460674639583, "Cw15": 0.0181843030858857, "xscale15": 0.6504177787466681, "yscale15": 0.6504177787466681, "zscale15": 0.6504177787466681, "Cab16": 75.33377468564916, "Cw16": 0.04910336856935625, "xscale16": 0.47664867425370167, "yscale16": 0.47664867425370167, "zscale16": 0.47664867425370167, "Cab17": 77.51661785785747, "Cw17": 0.04890622083210634, "xscale17": 0.513460630861284, "yscale17": 0.513460630861284, "zscale17": 0.513460630861284, "Cab18": 44.61492674186526, "Cw18": 0.037702639990307006, "xscale18": 0.7522235743432865, "yscale18": 0.7522235743432865, "zscale18": 0.7522235743432865, "Cab19": 37.77481737832302, "Cw19": 0.012466939236743527, "xscale19": 0.48332197809573396, "yscale19": 0.48332197809573396, "zscale19": 0.48332197809573396, "Cab20": 77.298163067958, "Cw20": 0.024637006969121425, "xscale20": 0.632479423104087, "yscale20": 0.632479423104087, "zscale20": 0.632479423104087, "Cab21": 51.64270036774229, "Cw21": 0.03884881338329676, "xscale21": 0.4425438961862612, "yscale21": 0.4425438961862612, "zscale21": 0.4425438961862612, "Cab22": 24.259559241081952, "Cw22": 0.04133416384474248, "xscale22": 0.41584647451242024, "yscale22": 0.41584647451242024, "zscale22": 0.41584647451242024, "Cab23": 27.69749888070329, "Cw23": 0.03860502270278359, "xscale23": 0.5701073242196499, "yscale23": 0.5701073242196499, "zscale23": 0.5701073242196499, "Cab24": 27.507248429528076, "Cw24": 0.01645121999930059, "xscale24": 0.4800921074587975, "yscale24": 0.4800921074587975, "zscale24": 0.4800921074587975, "Cab25": 37.89548394703776, "Cw25": 0.03140799479916562, "xscale25": 0.5523091638246069, "yscale25": 0.5523091638246069, "zscale25": 0.5523091638246069, "Cab26": 73.54363418176594, "Cw26": 0.020106220909880658, "xscale26": 0.6163705622605857, "yscale26": 0.6163705622605857, "zscale26": 0.6163705622605857, "Cab27": 75.16828943072682, "Cw27": 0.014103082613131113, "xscale27": 0.41033290915905585, "yscale27": 0.41033290915905585, "zscale27": 0.41033290915905585, "Cab28": 34.75148254455375, "Cw28": 0.03500391920460884, "xscale28": 0.44100285205707224, "yscale28": 0.44100285205707224, "zscale28": 0.44100285205707224, "Cab29": 70.95236666667677, "Cw29": 0.024283852092833232, "xscale29": 0.6964880985217544, "yscale29": 0.6964880985217544, "zscale29": 0.6964880985217544, "Cab30": 28.532456784457025, "Cw30": 0.033338587145279, "xscale30": 0.32122059851379153, "yscale30": 0.32122059851379153, "zscale30": 0.32122059851379153, "Cab31": 38.162629936049946, "Cw31": 0.01141320972085329, "xscale31": 0.7251161164830022, "yscale31": 0.7251161164830022, "zscale31": 0.7251161164830022, "Cab32": 46.795481257795444, "Cw32": 0.037706626089209834, "xscale32": 0.550655880637383, "yscale32": 0.550655880637383, "zscale32": 0.550655880637383, "Cab33": 26.05645733219727, "Cw33": 0.04238616363722628, "xscale33": 0.5642648015652345, "yscale33": 0.5642648015652345, "zscale33": 0.5642648015652345, "Cab34": 61.49999259177452, "Cw34": 0.029833475633557885, "xscale34": 0.5311029743385893, "yscale34": 0.5311029743385893, "zscale34": 0.5311029743385893, "Cab35": 52.32920743666187, "Cw35": 0.013017799818052112, "xscale35": 0.3654761058899035, "yscale35": 0.3654761058899035, "zscale35": 0.3654761058899035, "Cab36": 49.327869057356835, "Cw36": 0.036351350494582164, "xscale36": 0.6643915660752463, "yscale36": 0.6643915660752463, "zscale36": 0.6643915660752463, "Cab37": 53.441298883849065, "Cw37": 0.019197340664252747, "xscale37": 0.5145981150545033, "yscale37": 0.5145981150545033, "zscale37": 0.5145981150545033, "Cab38": 49.65015796346468, "Cw38": 0.017459618015391018, "xscale38": 0.570556504642733, "yscale38": 0.570556504642733, "zscale38": 0.570556504642733, "Cab39": 35.376206589522354, "Cw39": 0.0459304110412011, "xscale39": 0.6783399334747429, "yscale39": 0.6783399334747429, "zscale39": 0.6783399334747429, "Cab40": 31.572648097151955, "Cw40": 0.038996446165869565, "xscale40": 0.4537100371155069, "yscale40": 0.4537100371155069, "zscale40": 0.4537100371155069, "Cab41": 52.43724726227832, "Cw41": 0.04343598969714219, "xscale41": 0.5634301570751807, "yscale41": 0.5634301570751807, "zscale41": 0.5634301570751807, "Cab42": 29.309309944098544, "Cw42": 0.0156262233821563, "xscale42": 0.5061084110795695, "yscale42": 0.5061084110795695, "zscale42": 0.5061084110795695, "Cab43": 67.81579676083315, "Cw43": 0.035328758488787165, "xscale43": 0.6533234290170821, "yscale43": 0.6533234290170821, "zscale43": 0.6533234290170821, "Cab44": 36.24572778020398, "Cw44": 0.012914006847228708, "xscale44": 0.5024557831009032, "yscale44": 0.5024557831009032, "zscale44": 0.5024557831009032, "Cab45": 31.412940742920952, "Cw45": 0.034823181095161165, "xscale45": 0.2934894647346823, "yscale45": 0.2934894647346823, "zscale45": 0.2934894647346823, "Cab46": 35.0787081751498, "Cw46": 0.043238398622384044, "xscale46": 0.4049226846842649, "yscale46": 0.4049226846842649, "zscale46": 0.4049226846842649, "Cab47": 65.54042116110612, "Cw47": 0.037777594945172466, "xscale47": 0.5600603725570515, "yscale47": 0.5600603725570515, "zscale47": 0.5600603725570515, "Cab48": 26.96588300287898, "Cw48": 0.03829511007875789, "xscale48": 0.5933487667321369, "yscale48": 0.5933487667321369, "zscale48": 0.5933487667321369, "Cab49": 52.86062252355355, "Cw49": 0.04171726239855647, "xscale49": 0.5965664508343073, "yscale49": 0.5965664508343073, "zscale49": 0.5965664508343073, "Cab50": 44.29776003837567, "Cw50": 0.0202725005125308, "xscale50": 0.6552809031537508, "yscale50": 0.6552809031537508, "zscale50": 0.6552809031537508, "Cab51": 23.67230041304733, "Cw51": 0.03221688764020961, "xscale51": 0.60055404372639, "yscale51": 0.60055404372639, "zscale51": 0.60055404372639, "Cab52": 73.4139303052743, "Cw52": 0.010729587475630686,