{"Cab0": 75.00863176731669, "Cw0": 0.011689580845791659, "xscale0": 0.6963617925455342, "yscale0": 0.6963617925455342, "zscale0": 0.6963617925455342, "Cab1": 31.600832913987645, "Cw1": 0.012458166085255132, "xscale1": 0.6908630237655613, "yscale1": 0.6908630237655613, "zscale1": 0.6908630237655613, "Cab2": 64.01243248727896, "Cw2": 0.030478613627093594, "xscale2": 0.6724589990997644, "yscale2": 0.6724589990997644, "zscale2": 0.6724589990997644, "Cab3": 88.04600854635142, "Cw3": 0.02499026727371189, "xscale3": 0.5321523257528774, "yscale3": 0.5321523257528774, "zscale3": 0.5321523257528774, "Cab4": 29.270880513741155, "Cw4": 0.019624584601763445, "xscale4": 0.6454126730005766, "yscale4": 0.6454126730005766, "zscale4": 0.6454126730005766, "Cab5": 38.13872538865131, "Cw5": 0.036163757836472306, "xscale5": 0.7800116020775077, "yscale5": 0.7800116020775077, "zscale5": 0.7800116020775077, "Cab6": 50.77037880580983, "Cw6": 0.01654863721282731, "xscale6": 0.5202723191831496, "yscale6": 0.5202723191831496, "zscale6": 0.5202723191831496, "Cab7": 49.37172946234196, "Cw7": 0.015959705573448196, "xscale7": 0.45343964527741437, "yscale7": 0.45343964527741437, "zscale7": 0.45343964527741437, "Cab8": 46.73383156050612, "Cw8": 0.040745795388565445, "xscale8": 0.4814596257325264, "yscale8": 0.4814596257325264, "zscale8": 0.4814596257325264, "Cab9": 57.39103879800763, "Cw9": 0.035933759134645825, "xscale9": 0.7745836077732207, "yscale9": 0.7745836077732207, "zscale9": 0.7745836077732207, "Cab10": 75.27138228952506, "Cw10": 0.049184567003036125, "xscale10": 0.45993354643526335, "yscale10": 0.45993354643526335, "zscale10": 0.45993354643526335, "Cab11": 52.1223254078386, "Cw11": 0.014258649441982327, "xscale11": 0.5791899406727292, "yscale11": 0.5791899406727292, "zscale11": 0.5791899406727292, "Cab12": 37.03404845766218, "Cw12": 0.03163977029261848, "xscale12": 0.4738578730346034, "yscale12": 0.4738578730346034, "zscale12": 0.4738578730346034, "Cab13": 62.70530814076942, "Cw13": 0.04646963467857313, "xscale13": 0.6213460672062631, "yscale13": 0.6213460672062631, "zscale13": 0.6213460672062631, "Cab14": 54.57004236050091, "Cw14": 0.019644624721060037, "xscale14": 0.4880460018705244, "yscale14": 0.4880460018705244, "zscale14": 0.4880460018705244, "Cab15": 84.45693470205305, "Cw15": 0.026522801528372365, "xscale15": 0.6222157933793794, "yscale15": 0.6222157933793794, "zscale15": 0.6222157933793794, "Cab16": 32.26595899220697, "Cw16": 0.03008505535616683, "xscale16": 0.5244029541090879, "yscale16": 0.5244029541090879, "zscale16": 0.5244029541090879, "Cab17": 43.60985368952173, "Cw17": 0.016589559298574544, "xscale17": 0.6471217627894377, "yscale17": 0.6471217627894377, "zscale17": 0.6471217627894377, "Cab18": 39.86754274960792, "Cw18": 0.016381292830780533, "xscale18": 0.5780556543284089, "yscale18": 0.5780556543284089, "zscale18": 0.5780556543284089, "Cab19": 64.5267605588342, "Cw19": 0.03175399962043496, "xscale19": 0.49590770298047787, "yscale19": 0.49590770298047787, "zscale19": 0.49590770298047787, "Cab20": 75.60435257231637, "Cw20": 0.036280713950029, "xscale20": 0.5981564606079378, "yscale20": 0.5981564606079378, "zscale20": 0.5981564606079378, "Cab21": 27.596850337901785, "Cw21": 0.030814003337484047, "xscale21": 0.5820842957691683, "yscale21": 0.5820842957691683, "zscale21": 0.5820842957691683, "Cab22": 63.96665626288858, "Cw22": 0.020251597602114205, "xscale22": 0.4265832394891596, "yscale22": 0.4265832394891596, "zscale22": 0.4265832394891596, "Cab23": 46.5236691703206, "Cw23": 0.021891141530057605, "xscale23": 0.6990113838655123, "yscale23": 0.6990113838655123, "zscale23": 0.6990113838655123, "Cab24": 22.344159302388682, "Cw24": 0.015155133062470556, "xscale24": 0.5281332543610264, "yscale24": 0.5281332543610264, "zscale24": 0.5281332543610264, "Cab25": 37.292551723098015, "Cw25": 0.025050329218186566, "xscale25": 0.560756291654405, "yscale25": 0.560756291654405, "zscale25": 0.560756291654405, "Cab26": 42.90551839738012, "Cw26": 0.028770081625819774, "xscale26": 0.5163375453952963, "yscale26": 0.5163375453952963, "zscale26": 0.5163375453952963, "Cab27": 88.71653357675783, "Cw27": 0.035800003855693714, "xscale27": 0.37433504361080305, "yscale27": 0.37433504361080305, "zscale27": 0.37433504361080305, "Cab28": 71.28272705478622, "Cw28": 0.025363819005943533, "xscale28": 0.3786950632945686, "yscale28": 0.3786950632945686, "zscale28": 0.3786950632945686, "Cab29": 65.21930582339866, "Cw29": 0.02825976256128359, "xscale29": 0.5161550180607114, "yscale29": 0.5161550180607114, "zscale29": 0.5161550180607114, "Cab30": 20.713864042294794, "Cw30": 0.02900642651074744, "xscale30": 0.3997451375172557, "yscale30": 0.3997451375172557, "zscale30": 0.3997451375172557, "Cab31": 40.56078949958295, "Cw31": 0.024547715642608128, "xscale31": 0.5239244419397844, "yscale31": 0.5239244419397844, "zscale31": 0.5239244419397844, "Cab32": 22.806530945466356, "Cw32": 0.024391325222532942, "xscale32": 0.436672576626531, "yscale32": 0.436672576626531, "zscale32": 0.436672576626531, "Cab33": 69.96807170136844, "Cw33": 0.029388582696884588, "xscale33": 0.4065382483930041, "yscale33": 0.4065382483930041, "zscale33": 0.4065382483930041, "Cab34": 55.52575987943419, "Cw34": 0.028265743862654832, "xscale34": 0.4558124709445366, "yscale34": 0.4558124709445366, "zscale34": 0.4558124709445366, "Cab35": 33.98265727039302, "Cw35": 0.024799801953996232, "xscale35": 0.3944186882228334, "yscale35": 0.3944186882228334, "zscale35": 0.3944186882228334, "Cab36": 47.825607722978454, "Cw36": 0.016599707962100904, "xscale36": 0.7592235518916253, "yscale36": 0.7592235518916253, "zscale36": 0.7592235518916253, "Cab37": 81.5203611485278, "Cw37": 0.04239413811213518, "xscale37": 0.3731506803256908, "yscale37": 0.3731506803256908, "zscale37": 0.3731506803256908, "Cab38": 68.1437836523122, "Cw38": 0.03877236506202552, "xscale38": 0.5676727862901048, "yscale38": 0.5676727862901048, "zscale38": 0.5676727862901048, "Cab39": 71.04518571631056, "Cw39": 0.038910458728521176, "xscale39": 0.5233713781074872, "yscale39": 0.5233713781074872, "zscale39": 0.5233713781074872, "Cab40": 71.1852724520046, "Cw40": 0.01599660891484829, "xscale40": 0.44920808674348406, "yscale40": 0.44920808674348406, "zscale40": 0.44920808674348406, "Cab41": 39.82460679340427, "Cw41": 0.040492633406742765, "xscale41": 0.4653133035293981, "yscale41": 0.4653133035293981, "zscale41": 0.4653133035293981, "Cab42": 32.58180860334747, "Cw42": 0.03649763455533136, "xscale42": 0.6002495688883297, "yscale42": 0.6002495688883297, "zscale42": 0.6002495688883297, "Cab43": 27.880365313978213, "Cw43": 0.022622581171510676, "xscale43": 0.6825522892622531, "yscale43": 0.6825522892622531, "zscale43": 0.6825522892622531, "Cab44": 83.31296996538865, "Cw44": 0.024718204498253078, "xscale44": 0.4301935687398998, "yscale44": 0.4301935687398998, "zscale44": 0.4301935687398998, "Cab45": 68.52688020902409, "Cw45": 0.04766842878471877, "xscale45": 0.30175652041333134, "yscale45": 0.30175652041333134, "zscale45": 0.30175652041333134, "Cab46": 68.93306064450678, "Cw46": 0.03733967416473721, "xscale46": 0.5552110854717306, "yscale46": 0.5552110854717306, "zscale46": 0.5552110854717306, "Cab47": 45.85671435146979, "Cw47": 0.015885506758451302, "xscale47": 0.4880668922638357, "yscale47": 0.4880668922638357, "zscale47": 0.4880668922638357, "Cab48": 75.62849207334995, "Cw48": 0.01281361203673082, "xscale48": 0.7478722565110831, "yscale48": 0.7478722565110831, "zscale48": 0.7478722565110831, "Cab49": 62.38657704462579, "Cw49": 0.034669374030615194, "xscale49": 0.5557347347331222, "yscale49": 0.5557347347331222, "zscale49": 0.5557347347331222, "Cab50": 56.59297003775011, "Cw50": 0.03701745934229284, "xscale50": 0.6215744385722147, "yscale50": 0.6215744385722147, "zscale50": 0.6215744385722147, "Cab51": 26.339408618514426, "Cw51": 0.049716353038675484, "xscale51": 0.6860919704610735, "yscale51": 0.6860919704610735, "zscale51": 0.6860919704610735, "Cab52": 78.24844862698998,