{"Cab0": 85.12481681846604, "Cw0": 0.02933332981020425, "xscale0": 0.6311330267109921, "yscale0": 0.6311330267109921, "zscale0": 0.6311330267109921, "Cab1": 79.09475706663767, "Cw1": 0.036977656212535695, "xscale1": 0.48095162352895265, "yscale1": 0.48095162352895265, "zscale1": 0.48095162352895265, "Cab2": 62.79295909870718, "Cw2": 0.04862349221672039, "xscale2": 0.5605921626950442, "yscale2": 0.5605921626950442, "zscale2": 0.5605921626950442, "Cab3": 52.02938919526699, "Cw3": 0.027505014812696738, "xscale3": 0.44297013378545186, "yscale3": 0.44297013378545186, "zscale3": 0.44297013378545186, "Cab4": 69.68601963827626, "Cw4": 0.03887613921401248, "xscale4": 0.6623603878084198, "yscale4": 0.6623603878084198, "zscale4": 0.6623603878084198, "Cab5": 44.0942294871619, "Cw5": 0.04977484465676461, "xscale5": 0.7613471398014138, "yscale5": 0.7613471398014138, "zscale5": 0.7613471398014138, "Cab6": 87.5660808228198, "Cw6": 0.04472716396026563, "xscale6": 0.6521716486959667, "yscale6": 0.6521716486959667, "zscale6": 0.6521716486959667, "Cab7": 24.99397165819648, "Cw7": 0.01206091611150108, "xscale7": 0.4448044705830647, "yscale7": 0.4448044705830647, "zscale7": 0.4448044705830647, "Cab8": 45.736342958025084, "Cw8": 0.028162100423185378, "xscale8": 0.4513459905231765, "yscale8": 0.4513459905231765, "zscale8": 0.4513459905231765, "Cab9": 81.93301998324667, "Cw9": 0.033935915403129686, "xscale9": 0.5920490738475375, "yscale9": 0.5920490738475375, "zscale9": 0.5920490738475375, "Cab10": 86.40987370004318, "Cw10": 0.03957234130324029, "xscale10": 0.44878923350314764, "yscale10": 0.44878923350314764, "zscale10": 0.44878923350314764, "Cab11": 22.747930208988542, "Cw11": 0.03202140768265076, "xscale11": 0.6075444095283725, "yscale11": 0.6075444095283725, "zscale11": 0.6075444095283725, "Cab12": 78.01149220830632, "Cw12": 0.023995104655972543, "xscale12": 0.5880548389115725, "yscale12": 0.5880548389115725, "zscale12": 0.5880548389115725, "Cab13": 34.116756082363054, "Cw13": 0.038185368382544445, "xscale13": 0.5159668400853238, "yscale13": 0.5159668400853238, "zscale13": 0.5159668400853238, "Cab14": 47.79264040862313, "Cw14": 0.046954752124008174, "xscale14": 0.47393108685819374, "yscale14": 0.47393108685819374, "zscale14": 0.47393108685819374, "Cab15": 60.0505271082254, "Cw15": 0.0239810780888833, "xscale15": 0.6195916067473293, "yscale15": 0.6195916067473293, "zscale15": 0.6195916067473293, "Cab16": 20.286741592214593, "Cw16": 0.0341735423653122, "xscale16": 0.631734319167205, "yscale16": 0.631734319167205, "zscale16": 0.631734319167205, "Cab17": 89.74015553854018, "Cw17": 0.01809034339295873, "xscale17": 0.6006423235981238, "yscale17": 0.6006423235981238, "zscale17": 0.6006423235981238, "Cab18": 56.82690252667874, "Cw18": 0.03072610836170621, "xscale18": 0.7620413733129457, "yscale18": 0.7620413733129457, "zscale18": 0.7620413733129457, "Cab19": 69.32419658999767, "Cw19": 0.04335360773060595, "xscale19": 0.6208748789028257, "yscale19": 0.6208748789028257, "zscale19": 0.6208748789028257, "Cab20": 56.01894348297077, "Cw20": 0.033967168326318006, "xscale20": 0.5679526043899051, "yscale20": 0.5679526043899051, "zscale20": 0.5679526043899051, "Cab21": 69.47083319939239, "Cw21": 0.04703869102560481, "xscale21": 0.6050550360602223, "yscale21": 0.6050550360602223, "zscale21": 0.6050550360602223, "Cab22": 65.66667713981602, "Cw22": 0.03978836858745554, "xscale22": 0.49305273002890704, "yscale22": 0.49305273002890704, "zscale22": 0.49305273002890704, "Cab23": 62.63191359409499, "Cw23": 0.036446679342481345, "xscale23": 0.6269117049997353, "yscale23": 0.6269117049997353, "zscale23": 0.6269117049997353, "Cab24": 38.32388120562774, "Cw24": 0.02988224223830884, "xscale24": 0.6248781537794424, "yscale24": 0.6248781537794424, "zscale24": 0.6248781537794424, "Cab25": 55.241889910341044, "Cw25": 0.025669953131610468, "xscale25": 0.574455622317879, "yscale25": 0.574455622317879, "zscale25": 0.574455622317879, "Cab26": 43.656256820907004, "Cw26": 0.027943727600975785, "xscale26": 0.6334223686011876, "yscale26": 0.6334223686011876, "zscale26": 0.6334223686011876, "Cab27": 27.806679369608492, "Cw27": 0.024366801780363934, "xscale27": 0.45992122243682404, "yscale27": 0.45992122243682404, "zscale27": 0.45992122243682404, "Cab28": 53.767429042845485, "Cw28": 0.02788989357140307, "xscale28": 0.46295298105101945, "yscale28": 0.46295298105101945, "zscale28": 0.46295298105101945, "Cab29": 28.369486507207245, "Cw29": 0.024562319656872545, "xscale29": 0.5494584490880063, "yscale29": 0.5494584490880063, "zscale29": 0.5494584490880063, "Cab30": 21.835915320204403, "Cw30": 0.014684749111163034, "xscale30": 0.34757743044057543, "yscale30": 0.34757743044057543, "zscale30": 0.34757743044057543, "Cab31": 59.14108533547396, "Cw31": 0.04605257832802154, "xscale31": 0.6134348987345785, "yscale31": 0.6134348987345785, "zscale31": 0.6134348987345785, "Cab32": 68.5961430206224, "Cw32": 0.01344594387309384, "xscale32": 0.4949143536780194, "yscale32": 0.4949143536780194, "zscale32": 0.4949143536780194, "Cab33": 36.293318511536626, "Cw33": 0.025118225457950463, "xscale33": 0.4158488085470381, "yscale33": 0.4158488085470381, "zscale33": 0.4158488085470381, "Cab34": 78.88176697861165, "Cw34": 0.014997844561622974, "xscale34": 0.46826342271539273, "yscale34": 0.46826342271539273, "zscale34": 0.46826342271539273, "Cab35": 83.7837425095682, "Cw35": 0.033364498777312866, "xscale35": 0.3980299548693541, "yscale35": 0.3980299548693541, "zscale35": 0.3980299548693541, "Cab36": 55.16485444427557, "Cw36": 0.012029190325129894, "xscale36": 0.6266633825474784, "yscale36": 0.6266633825474784, "zscale36": 0.6266633825474784, "Cab37": 42.54125752344286, "Cw37": 0.023328437227309803, "xscale37": 0.5093460286987602, "yscale37": 0.5093460286987602, "zscale37": 0.5093460286987602, "Cab38": 66.70071706345792, "Cw38": 0.036465711594795405, "xscale38": 0.5095436583221411, "yscale38": 0.5095436583221411, "zscale38": 0.5095436583221411, "Cab39": 81.02736226235, "Cw39": 0.01626630976166137, "xscale39": 0.6880398597634262, "yscale39": 0.6880398597634262, "zscale39": 0.6880398597634262, "Cab40": 65.69975914829342, "Cw40": 0.029490207754251825, "xscale40": 0.48990089389548147, "yscale40": 0.48990089389548147, "zscale40": 0.48990089389548147, "Cab41": 61.82523803516775, "Cw41": 0.03918428192792846, "xscale41": 0.6036369282141348, "yscale41": 0.6036369282141348, "zscale41": 0.6036369282141348, "Cab42": 35.92693968020256, "Cw42": 0.03787896461359325, "xscale42": 0.6453612747734842, "yscale42": 0.6453612747734842, "zscale42": 0.6453612747734842, "Cab43": 37.76035783332664, "Cw43": 0.015403355721011525, "xscale43": 0.7030368618952114, "yscale43": 0.7030368618952114, "zscale43": 0.7030368618952114, "Cab44": 32.10689967303186, "Cw44": 0.049501284164958956, "xscale44": 0.45368388547700206, "yscale44": 0.45368388547700206, "zscale44": 0.45368388547700206, "Cab45": 89.19676778960269, "Cw45": 0.02759614728346848, "xscale45": 0.29635982972225394, "yscale45": 0.29635982972225394, "zscale45": 0.29635982972225394, "Cab46": 46.84369819499027, "Cw46": 0.022947279659688888, "xscale46": 0.4034401446332018, "yscale46": 0.4034401446332018, "zscale46": 0.4034401446332018, "Cab47": 85.25049984874052, "Cw47": 0.04878658509004391, "xscale47": 0.4337083411699338, "yscale47": 0.4337083411699338, "zscale47": 0.4337083411699338, "Cab48": 61.354308361910896, "Cw48": 0.047381379145188515, "xscale48": 0.7775668711103827, "yscale48": 0.7775668711103827, "zscale48": 0.7775668711103827, "Cab49": 35.82825106470093, "Cw49": 0.03272965549721511, "xscale49": 0.5536028421309028, "yscale49": 0.5536028421309028, "zscale49": 0.5536028421309028, "Cab50": 64.1549684383711, "Cw50": 0.0359847783692732, "xscale50": 0.6983790993629562, "yscale50": 0.6983790993629562, "zscale50": 0.6983790993629562, "Cab51": 43.829174844820955, "Cw51": 0.03652596871237183, "xscale51": 0.5653540874503175, "yscale51": 0.5653540874503175, "zscale51": 0.5653540874503175, "Cab52": 33.69588525856925,