{"Cab0": 39.19841140122561, "Cw0": 0.03651740078904952, "xscale0": 0.6476232587026033, "yscale0": 0.6476232587026033, "zscale0": 0.6476232587026033, "Cab1": 22.672953287520524, "Cw1": 0.04026946479945438, "xscale1": 0.5175949523389192, "yscale1": 0.5175949523389192, "zscale1": 0.5175949523389192, "Cab2": 44.50160509420003, "Cw2": 0.03291298561484964, "xscale2": 0.5725588906295943, "yscale2": 0.5725588906295943, "zscale2": 0.5725588906295943, "Cab3": 63.97605560055198, "Cw3": 0.027965863853473827, "xscale3": 0.43493869265684043, "yscale3": 0.43493869265684043, "zscale3": 0.43493869265684043, "Cab4": 39.48314736026966, "Cw4": 0.014982803653316275, "xscale4": 0.7106269746458849, "yscale4": 0.7106269746458849, "zscale4": 0.7106269746458849, "Cab5": 39.60529486325221, "Cw5": 0.016059199327067213, "xscale5": 0.7578728747140083, "yscale5": 0.7578728747140083, "zscale5": 0.7578728747140083, "Cab6": 69.42435177476273, "Cw6": 0.03457437052402557, "xscale6": 0.44901437928177435, "yscale6": 0.44901437928177435, "zscale6": 0.44901437928177435, "Cab7": 84.6547869197986, "Cw7": 0.021226248848284023, "xscale7": 0.49307350295462987, "yscale7": 0.49307350295462987, "zscale7": 0.49307350295462987, "Cab8": 49.654529846114116, "Cw8": 0.013102202286135168, "xscale8": 0.5149571974500625, "yscale8": 0.5149571974500625, "zscale8": 0.5149571974500625, "Cab9": 73.61002925005269, "Cw9": 0.04630655962890333, "xscale9": 0.7820568303311909, "yscale9": 0.7820568303311909, "zscale9": 0.7820568303311909, "Cab10": 20.970949500457166, "Cw10": 0.014470907369716571, "xscale10": 0.4959362896457738, "yscale10": 0.4959362896457738, "zscale10": 0.4959362896457738, "Cab11": 83.05600949258053, "Cw11": 0.016603923529502112, "xscale11": 0.7307863576467566, "yscale11": 0.7307863576467566, "zscale11": 0.7307863576467566, "Cab12": 63.09041800904463, "Cw12": 0.03599356886403799, "xscale12": 0.6491771325285635, "yscale12": 0.6491771325285635, "zscale12": 0.6491771325285635, "Cab13": 20.684065955014848, "Cw13": 0.029998110426930374, "xscale13": 0.5614229528486917, "yscale13": 0.5614229528486917, "zscale13": 0.5614229528486917, "Cab14": 38.9546362165541, "Cw14": 0.02254123114769114, "xscale14": 0.46284015916912413, "yscale14": 0.46284015916912413, "zscale14": 0.46284015916912413, "Cab15": 40.45483129184582, "Cw15": 0.027318635173546206, "xscale15": 0.6231317211361891, "yscale15": 0.6231317211361891, "zscale15": 0.6231317211361891, "Cab16": 82.6691358740409, "Cw16": 0.022515176837688156, "xscale16": 0.5640864112890859, "yscale16": 0.5640864112890859, "zscale16": 0.5640864112890859, "Cab17": 78.67430221884865, "Cw17": 0.020604345998060363, "xscale17": 0.6131426861719355, "yscale17": 0.6131426861719355, "zscale17": 0.6131426861719355, "Cab18": 21.78276952188865, "Cw18": 0.04761104566153811, "xscale18": 0.5576609662482991, "yscale18": 0.5576609662482991, "zscale18": 0.5576609662482991, "Cab19": 82.29711128484468, "Cw19": 0.037645490108348355, "xscale19": 0.5922480774391482, "yscale19": 0.5922480774391482, "zscale19": 0.5922480774391482, "Cab20": 33.77452472562756, "Cw20": 0.010179539615056644, "xscale20": 0.6001340680010425, "yscale20": 0.6001340680010425, "zscale20": 0.6001340680010425, "Cab21": 84.6364604949706, "Cw21": 0.044230395064240514, "xscale21": 0.4669769703328715, "yscale21": 0.4669769703328715, "zscale21": 0.4669769703328715, "Cab22": 50.39776857639709, "Cw22": 0.049166149806316985, "xscale22": 0.5352008739673232, "yscale22": 0.5352008739673232, "zscale22": 0.5352008739673232, "Cab23": 24.60185906975923, "Cw23": 0.038206658792392566, "xscale23": 0.6184121718450589, "yscale23": 0.6184121718450589, "zscale23": 0.6184121718450589, "Cab24": 32.667810313717865, "Cw24": 0.0354548050382646, "xscale24": 0.6407540500419502, "yscale24": 0.6407540500419502, "zscale24": 0.6407540500419502, "Cab25": 64.2385340379897, "Cw25": 0.015583017004215396, "xscale25": 0.5950979907709398, "yscale25": 0.5950979907709398, "zscale25": 0.5950979907709398, "Cab26": 45.42591674498401, "Cw26": 0.021935422863693724, "xscale26": 0.722231902471924, "yscale26": 0.722231902471924, "zscale26": 0.722231902471924, "Cab27": 53.32056100177446, "Cw27": 0.03337011913112707, "xscale27": 0.38856061877733367, "yscale27": 0.38856061877733367, "zscale27": 0.38856061877733367, "Cab28": 76.93255226450458, "Cw28": 0.042851849514077285, "xscale28": 0.45013121398095185, "yscale28": 0.45013121398095185, "zscale28": 0.45013121398095185, "Cab29": 42.36223557296695, "Cw29": 0.01899452166400672, "xscale29": 0.6391763691095214, "yscale29": 0.6391763691095214, "zscale29": 0.6391763691095214, "Cab30": 38.32775938852916, "Cw30": 0.03181615358471561, "xscale30": 0.33544330357517704, "yscale30": 0.33544330357517704, "zscale30": 0.33544330357517704, "Cab31": 74.16134421472455, "Cw31": 0.03912722719819065, "xscale31": 0.5529013373692351, "yscale31": 0.5529013373692351, "zscale31": 0.5529013373692351, "Cab32": 43.343727071213245, "Cw32": 0.04724729424772859, "xscale32": 0.5378554128880836, "yscale32": 0.5378554128880836, "zscale32": 0.5378554128880836, "Cab33": 78.70391079176437, "Cw33": 0.015602555933402634, "xscale33": 0.4138190522592875, "yscale33": 0.4138190522592875, "zscale33": 0.4138190522592875, "Cab34": 38.421596272548136, "Cw34": 0.03859279163629009, "xscale34": 0.5482467223191719, "yscale34": 0.5482467223191719, "zscale34": 0.5482467223191719, "Cab35": 43.936250265252845, "Cw35": 0.02369714051592299, "xscale35": 0.43287246522350475, "yscale35": 0.43287246522350475, "zscale35": 0.43287246522350475, "Cab36": 33.85508755319577, "Cw36": 0.0472577056470116, "xscale36": 0.7719321264521295, "yscale36": 0.7719321264521295, "zscale36": 0.7719321264521295, "Cab37": 47.5972749878293, "Cw37": 0.04710509490910876, "xscale37": 0.40537101551511223, "yscale37": 0.40537101551511223, "zscale37": 0.40537101551511223, "Cab38": 68.95636213594454, "Cw38": 0.0395129687148373, "xscale38": 0.5750490744541183, "yscale38": 0.5750490744541183, "zscale38": 0.5750490744541183, "Cab39": 36.93366692635047, "Cw39": 0.02449809431353253, "xscale39": 0.5404810251620095, "yscale39": 0.5404810251620095, "zscale39": 0.5404810251620095, "Cab40": 56.8399097688637, "Cw40": 0.04447754301413589, "xscale40": 0.5121937788679543, "yscale40": 0.5121937788679543, "zscale40": 0.5121937788679543, "Cab41": 26.614887690294573, "Cw41": 0.011405596897773465, "xscale41": 0.5355713729500269, "yscale41": 0.5355713729500269, "zscale41": 0.5355713729500269, "Cab42": 62.079144483016165, "Cw42": 0.023925331953821315, "xscale42": 0.6300859607854198, "yscale42": 0.6300859607854198, "zscale42": 0.6300859607854198, "Cab43": 78.71497302642847, "Cw43": 0.03919353136020634, "xscale43": 0.6415786324664772, "yscale43": 0.6415786324664772, "zscale43": 0.6415786324664772, "Cab44": 31.677625844770397, "Cw44": 0.022720537737023053, "xscale44": 0.4082806746757393, "yscale44": 0.4082806746757393, "zscale44": 0.4082806746757393, "Cab45": 40.54993784588502, "Cw45": 0.012275425913915559, "xscale45": 0.3277256724477888, "yscale45": 0.3277256724477888, "zscale45": 0.3277256724477888, "Cab46": 21.266083608089545, "Cw46": 0.041045375469571786, "xscale46": 0.5114300215842668, "yscale46": 0.5114300215842668, "zscale46": 0.5114300215842668, "Cab47": 63.443870186215676, "Cw47": 0.03419066212400106, "xscale47": 0.5521371364387958, "yscale47": 0.5521371364387958, "zscale47": 0.5521371364387958, "Cab48": 29.20235469142347, "Cw48": 0.03879500928749412, "xscale48": 0.5828986967383593, "yscale48": 0.5828986967383593, "zscale48": 0.5828986967383593, "Cab49": 43.881723758704396, "Cw49": 0.021201589862792098, "xscale49": 0.5538186594836512, "yscale49": 0.5538186594836512, "zscale49": 0.5538186594836512, "Cab50": 80.0233885443643, "Cw50": 0.04333513395173054, "xscale50": 0.7463940711238314, "yscale50": 0.7463940711238314, "zscale50": 0.7463940711238314, "Cab51": 28.291825906581103, "Cw51": 0.04314306786482195, "xscale51": 0.7554129358407189, "yscale51": 0.7554129358407189, "zscale51": 0.7554129358407189, "Cab52": 85.25435100669308,