{"Cab0": 85.33322196745641, "Cw0": 0.024656484153215932, "xscale0": 0.652158699284863, "yscale0": 0.652158699284863, "zscale0": 0.652158699284863, "Cab1": 84.65416487147633, "Cw1": 0.03906538066148579, "xscale1": 0.7044310507877343, "yscale1": 0.7044310507877343, "zscale1": 0.7044310507877343, "Cab2": 79.11919814591789, "Cw2": 0.04772412685831072, "xscale2": 0.7212859874629942, "yscale2": 0.7212859874629942, "zscale2": 0.7212859874629942, "Cab3": 89.06480171731071, "Cw3": 0.02589936713739128, "xscale3": 0.5248029650538003, "yscale3": 0.5248029650538003, "zscale3": 0.5248029650538003, "Cab4": 33.37246863511121, "Cw4": 0.044379958034380426, "xscale4": 0.5334086817000387, "yscale4": 0.5334086817000387, "zscale4": 0.5334086817000387, "Cab5": 66.72546405661264, "Cw5": 0.018202219242855346, "xscale5": 0.6899801951271621, "yscale5": 0.6899801951271621, "zscale5": 0.6899801951271621, "Cab6": 48.58599974877288, "Cw6": 0.047454862907081695, "xscale6": 0.6484079451292118, "yscale6": 0.6484079451292118, "zscale6": 0.6484079451292118, "Cab7": 84.40805948972121, "Cw7": 0.014715400850508608, "xscale7": 0.6554616169561103, "yscale7": 0.6554616169561103, "zscale7": 0.6554616169561103, "Cab8": 31.183533792342033, "Cw8": 0.046215811503428614, "xscale8": 0.6074907011330174, "yscale8": 0.6074907011330174, "zscale8": 0.6074907011330174, "Cab9": 73.05209731848421, "Cw9": 0.03523428887266676, "xscale9": 0.7735043756795892, "yscale9": 0.7735043756795892, "zscale9": 0.7735043756795892, "Cab10": 37.71226972630635, "Cw10": 0.04433825255095309, "xscale10": 0.5046520801446902, "yscale10": 0.5046520801446902, "zscale10": 0.5046520801446902, "Cab11": 65.53883879511761, "Cw11": 0.04654656622279278, "xscale11": 0.6491437604448341, "yscale11": 0.6491437604448341, "zscale11": 0.6491437604448341, "Cab12": 65.77757277295285, "Cw12": 0.03658693114988266, "xscale12": 0.49203588011156757, "yscale12": 0.49203588011156757, "zscale12": 0.49203588011156757, "Cab13": 22.095391706390593, "Cw13": 0.012996756043383502, "xscale13": 0.6850959593187222, "yscale13": 0.6850959593187222, "zscale13": 0.6850959593187222, "Cab14": 59.28432413636261, "Cw14": 0.041988917821228676, "xscale14": 0.4858994256683263, "yscale14": 0.4858994256683263, "zscale14": 0.4858994256683263, "Cab15": 32.7449169493773, "Cw15": 0.025654218269486655, "xscale15": 0.668049313093793, "yscale15": 0.668049313093793, "zscale15": 0.668049313093793, "Cab16": 42.31122625707102, "Cw16": 0.030663117760441526, "xscale16": 0.680108553518778, "yscale16": 0.680108553518778, "zscale16": 0.680108553518778, "Cab17": 37.566613849657614, "Cw17": 0.019900767355715852, "xscale17": 0.49293378372763813, "yscale17": 0.49293378372763813, "zscale17": 0.49293378372763813, "Cab18": 70.59884840004608, "Cw18": 0.01697078511480804, "xscale18": 0.7546021847341045, "yscale18": 0.7546021847341045, "zscale18": 0.7546021847341045, "Cab19": 34.032881487549574, "Cw19": 0.04232378275273585, "xscale19": 0.617401097267904, "yscale19": 0.617401097267904, "zscale19": 0.617401097267904, "Cab20": 20.77924553378824, "Cw20": 0.04452909047546437, "xscale20": 0.694569445928526, "yscale20": 0.694569445928526, "zscale20": 0.694569445928526, "Cab21": 45.96163490855161, "Cw21": 0.047512337709010415, "xscale21": 0.5602964015256088, "yscale21": 0.5602964015256088, "zscale21": 0.5602964015256088, "Cab22": 24.52425673985975, "Cw22": 0.033729818086289824, "xscale22": 0.5433345545549009, "yscale22": 0.5433345545549009, "zscale22": 0.5433345545549009, "Cab23": 76.53563786614635, "Cw23": 0.024370091362011757, "xscale23": 0.6058699137140727, "yscale23": 0.6058699137140727, "zscale23": 0.6058699137140727, "Cab24": 40.50659903459239, "Cw24": 0.03242035072668826, "xscale24": 0.6029379777167325, "yscale24": 0.6029379777167325, "zscale24": 0.6029379777167325, "Cab25": 39.21785085405298, "Cw25": 0.032750692455737924, "xscale25": 0.5076841755140805, "yscale25": 0.5076841755140805, "zscale25": 0.5076841755140805, "Cab26": 30.217928773674377, "Cw26": 0.032298479543710054, "xscale26": 0.5855377526992589, "yscale26": 0.5855377526992589, "zscale26": 0.5855377526992589, "Cab27": 29.922284070119563, "Cw27": 0.034963262440504676, "xscale27": 0.3476553749916721, "yscale27": 0.3476553749916721, "zscale27": 0.3476553749916721, "Cab28": 56.5213686824655, "Cw28": 0.028842540876410465, "xscale28": 0.34839080273842427, "yscale28": 0.34839080273842427, "zscale28": 0.34839080273842427, "Cab29": 58.296806822133874, "Cw29": 0.04347350186432501, "xscale29": 0.5255062751141203, "yscale29": 0.5255062751141203, "zscale29": 0.5255062751141203, "Cab30": 25.85029442177019, "Cw30": 0.03070342966713504, "xscale30": 0.3787380792151068, "yscale30": 0.3787380792151068, "zscale30": 0.3787380792151068, "Cab31": 75.47013735300209, "Cw31": 0.018478731959837694, "xscale31": 0.6553420165877192, "yscale31": 0.6553420165877192, "zscale31": 0.6553420165877192, "Cab32": 43.32279553699452, "Cw32": 0.02779356627171818, "xscale32": 0.42827993466272524, "yscale32": 0.42827993466272524, "zscale32": 0.42827993466272524, "Cab33": 32.8330718746196, "Cw33": 0.02856723709245252, "xscale33": 0.5288779793515875, "yscale33": 0.5288779793515875, "zscale33": 0.5288779793515875, "Cab34": 55.42998392715255, "Cw34": 0.013102573256191944, "xscale34": 0.41807080524860546, "yscale34": 0.41807080524860546, "zscale34": 0.41807080524860546, "Cab35": 88.05748836837128, "Cw35": 0.026434619953064904, "xscale35": 0.47603701879834853, "yscale35": 0.47603701879834853, "zscale35": 0.47603701879834853, "Cab36": 88.78441704532096, "Cw36": 0.03975483058594612, "xscale36": 0.6354017442245011, "yscale36": 0.6354017442245011, "zscale36": 0.6354017442245011, "Cab37": 57.49889726204017, "Cw37": 0.049664970815529896, "xscale37": 0.40504078137728305, "yscale37": 0.40504078137728305, "zscale37": 0.40504078137728305, "Cab38": 72.55544998066522, "Cw38": 0.0356550040436422, "xscale38": 0.4551458699184827, "yscale38": 0.4551458699184827, "zscale38": 0.4551458699184827, "Cab39": 61.50000241967918, "Cw39": 0.028486362409969698, "xscale39": 0.5197753653042491, "yscale39": 0.5197753653042491, "zscale39": 0.5197753653042491, "Cab40": 65.0845052062255, "Cw40": 0.034298195664007804, "xscale40": 0.49087179403676545, "yscale40": 0.49087179403676545, "zscale40": 0.49087179403676545, "Cab41": 59.44912945519024, "Cw41": 0.03547060718137073, "xscale41": 0.6406154263334182, "yscale41": 0.6406154263334182, "zscale41": 0.6406154263334182, "Cab42": 50.83165682808496, "Cw42": 0.03446180398683484, "xscale42": 0.6283797437569565, "yscale42": 0.6283797437569565, "zscale42": 0.6283797437569565, "Cab43": 72.8227038306136, "Cw43": 0.03759430572036016, "xscale43": 0.5444901365378033, "yscale43": 0.5444901365378033, "zscale43": 0.5444901365378033, "Cab44": 57.676667505855555, "Cw44": 0.049643778015083774, "xscale44": 0.38329830873701254, "yscale44": 0.38329830873701254, "zscale44": 0.38329830873701254, "Cab45": 25.782807968178428, "Cw45": 0.033187662332280196, "xscale45": 0.39636630920905946, "yscale45": 0.39636630920905946, "zscale45": 0.39636630920905946, "Cab46": 76.16311979162055, "Cw46": 0.03975495710569173, "xscale46": 0.5001024493890661, "yscale46": 0.5001024493890661, "zscale46": 0.5001024493890661, "Cab47": 52.023866811233844, "Cw47": 0.010688596586800738, "xscale47": 0.5739731890987219, "yscale47": 0.5739731890987219, "zscale47": 0.5739731890987219, "Cab48": 39.39880559023939, "Cw48": 0.041486879371529777, "xscale48": 0.7233338639166319, "yscale48": 0.7233338639166319, "zscale48": 0.7233338639166319, "Cab49": 88.87471326951332, "Cw49": 0.04504063738060881, "xscale49": 0.5844196337200718, "yscale49": 0.5844196337200718, "zscale49": 0.5844196337200718, "Cab50": 50.02122687259323, "Cw50": 0.027580296025293112, "xscale50": 0.6189560690144372, "yscale50": 0.6189560690144372, "zscale50": 0.6189560690144372, "Cab51": 84.76368712929937, "Cw51": 0.047462265895453264, "xscale51": 0.66323034503284, "yscale51": 0.66323034503284, "zscale51": 0.66323034503284, "Cab52": 78.10491909648599,