{"Cab0": 87.11218130790671, "Cw0": 0.012765557934486003, "xscale0": 0.7788467419963052, "yscale0": 0.7788467419963052, "zscale0": 0.7788467419963052, "Cab1": 23.62158888730221, "Cw1": 0.026265255429366058, "xscale1": 0.607366693292214, "yscale1": 0.607366693292214, "zscale1": 0.607366693292214, "Cab2": 79.61573831246542, "Cw2": 0.04427447697423369, "xscale2": 0.5412910728375705, "yscale2": 0.5412910728375705, "zscale2": 0.5412910728375705, "Cab3": 86.26229504709804, "Cw3": 0.021401808100346136, "xscale3": 0.5207452513294584, "yscale3": 0.5207452513294584, "zscale3": 0.5207452513294584, "Cab4": 64.9305904070892, "Cw4": 0.0351977434521366, "xscale4": 0.5598217369614175, "yscale4": 0.5598217369614175, "zscale4": 0.5598217369614175, "Cab5": 64.41028411540013, "Cw5": 0.03388383288049813, "xscale5": 0.749131642118348, "yscale5": 0.749131642118348, "zscale5": 0.749131642118348, "Cab6": 64.0081174794328, "Cw6": 0.025616953096757267, "xscale6": 0.5540355399374691, "yscale6": 0.5540355399374691, "zscale6": 0.5540355399374691, "Cab7": 63.18158431041044, "Cw7": 0.034786108004349406, "xscale7": 0.649410203481335, "yscale7": 0.649410203481335, "zscale7": 0.649410203481335, "Cab8": 43.23438014255525, "Cw8": 0.04857121358314384, "xscale8": 0.6560876631483532, "yscale8": 0.6560876631483532, "zscale8": 0.6560876631483532, "Cab9": 35.83277934394803, "Cw9": 0.01493019467012651, "xscale9": 0.7978234823894872, "yscale9": 0.7978234823894872, "zscale9": 0.7978234823894872, "Cab10": 36.144952755725186, "Cw10": 0.03046283775386851, "xscale10": 0.4730395306081994, "yscale10": 0.4730395306081994, "zscale10": 0.4730395306081994, "Cab11": 52.61869885704636, "Cw11": 0.043149904942154524, "xscale11": 0.548390649864225, "yscale11": 0.548390649864225, "zscale11": 0.548390649864225, "Cab12": 51.76620387799455, "Cw12": 0.036021685515905975, "xscale12": 0.5342766804524092, "yscale12": 0.5342766804524092, "zscale12": 0.5342766804524092, "Cab13": 21.47682844877342, "Cw13": 0.012331613535268758, "xscale13": 0.6312703793531091, "yscale13": 0.6312703793531091, "zscale13": 0.6312703793531091, "Cab14": 73.47775399246495, "Cw14": 0.016088127042569633, "xscale14": 0.5094747910829172, "yscale14": 0.5094747910829172, "zscale14": 0.5094747910829172, "Cab15": 43.95040226638271, "Cw15": 0.036216371933407564, "xscale15": 0.6219174375719624, "yscale15": 0.6219174375719624, "zscale15": 0.6219174375719624, "Cab16": 40.386697775412614, "Cw16": 0.017447541557389326, "xscale16": 0.6088936029354175, "yscale16": 0.6088936029354175, "zscale16": 0.6088936029354175, "Cab17": 68.52819657041557, "Cw17": 0.03708370969493743, "xscale17": 0.6102777446313196, "yscale17": 0.6102777446313196, "zscale17": 0.6102777446313196, "Cab18": 87.8115099431523, "Cw18": 0.016628647255054117, "xscale18": 0.5618579413809832, "yscale18": 0.5618579413809832, "zscale18": 0.5618579413809832, "Cab19": 40.05165831444412, "Cw19": 0.04134892188526749, "xscale19": 0.628867192094325, "yscale19": 0.628867192094325, "zscale19": 0.628867192094325, "Cab20": 34.639893785518, "Cw20": 0.03746534913447033, "xscale20": 0.6974031131035041, "yscale20": 0.6974031131035041, "zscale20": 0.6974031131035041, "Cab21": 87.44462280337325, "Cw21": 0.035306343162286376, "xscale21": 0.5984426679892063, "yscale21": 0.5984426679892063, "zscale21": 0.5984426679892063, "Cab22": 25.769300948487306, "Cw22": 0.049193769677124966, "xscale22": 0.4144296219558982, "yscale22": 0.4144296219558982, "zscale22": 0.4144296219558982, "Cab23": 37.615851313910966, "Cw23": 0.028066312671975194, "xscale23": 0.7445743169075589, "yscale23": 0.7445743169075589, "zscale23": 0.7445743169075589, "Cab24": 53.451287090859765, "Cw24": 0.012693582644185467, "xscale24": 0.5198393459961551, "yscale24": 0.5198393459961551, "zscale24": 0.5198393459961551, "Cab25": 47.015328726193786, "Cw25": 0.028941520121723116, "xscale25": 0.527505979746188, "yscale25": 0.527505979746188, "zscale25": 0.527505979746188, "Cab26": 39.79034621824144, "Cw26": 0.03997066089333307, "xscale26": 0.5335332622672364, "yscale26": 0.5335332622672364, "zscale26": 0.5335332622672364, "Cab27": 75.4684321877605, "Cw27": 0.03552920121580502, "xscale27": 0.46900527079948995, "yscale27": 0.46900527079948995, "zscale27": 0.46900527079948995, "Cab28": 72.12697501901043, "Cw28": 0.021608547186433492, "xscale28": 0.39719617508722704, "yscale28": 0.39719617508722704, "zscale28": 0.39719617508722704, "Cab29": 67.54102762377045, "Cw29": 0.01695598541477019, "xscale29": 0.5590888075417288, "yscale29": 0.5590888075417288, "zscale29": 0.5590888075417288, "Cab30": 57.691384239425076, "Cw30": 0.026313975426116867, "xscale30": 0.3158970781167767, "yscale30": 0.3158970781167767, "zscale30": 0.3158970781167767, "Cab31": 63.98610159451614, "Cw31": 0.018434568916369395, "xscale31": 0.5565095659182783, "yscale31": 0.5565095659182783, "zscale31": 0.5565095659182783, "Cab32": 57.880179571968426, "Cw32": 0.02065479712903781, "xscale32": 0.4229873314664517, "yscale32": 0.4229873314664517, "zscale32": 0.4229873314664517, "Cab33": 76.79764040453621, "Cw33": 0.03042749860616214, "xscale33": 0.5111901198341291, "yscale33": 0.5111901198341291, "zscale33": 0.5111901198341291, "Cab34": 40.116214642087925, "Cw34": 0.028058372917294606, "xscale34": 0.4541520904775325, "yscale34": 0.4541520904775325, "zscale34": 0.4541520904775325, "Cab35": 54.74621611447349, "Cw35": 0.04743496672513524, "xscale35": 0.490496456311713, "yscale35": 0.490496456311713, "zscale35": 0.490496456311713, "Cab36": 63.04114893955106, "Cw36": 0.022533055571292274, "xscale36": 0.6843648507299617, "yscale36": 0.6843648507299617, "zscale36": 0.6843648507299617, "Cab37": 60.891411982996345, "Cw37": 0.028642433032962364, "xscale37": 0.4206545890452301, "yscale37": 0.4206545890452301, "zscale37": 0.4206545890452301, "Cab38": 67.34428905712141, "Cw38": 0.03912786397756949, "xscale38": 0.4046580764595126, "yscale38": 0.4046580764595126, "zscale38": 0.4046580764595126, "Cab39": 20.02799884580164, "Cw39": 0.03329290026103909, "xscale39": 0.6337252088017454, "yscale39": 0.6337252088017454, "zscale39": 0.6337252088017454, "Cab40": 62.88457867748512, "Cw40": 0.01575454163990864, "xscale40": 0.5606652244459421, "yscale40": 0.5606652244459421, "zscale40": 0.5606652244459421, "Cab41": 62.17584412971151, "Cw41": 0.03937349792650962, "xscale41": 0.6104809056513729, "yscale41": 0.6104809056513729, "zscale41": 0.6104809056513729, "Cab42": 31.162324608800997, "Cw42": 0.042077365063263046, "xscale42": 0.6066481586642455, "yscale42": 0.6066481586642455, "zscale42": 0.6066481586642455, "Cab43": 32.68886356961592, "Cw43": 0.039219170740944775, "xscale43": 0.6256123304270567, "yscale43": 0.6256123304270567, "zscale43": 0.6256123304270567, "Cab44": 83.54479124529409, "Cw44": 0.02390658036184195, "xscale44": 0.40799925058403125, "yscale44": 0.40799925058403125, "zscale44": 0.40799925058403125, "Cab45": 29.472818166674642, "Cw45": 0.03875553846550454, "xscale45": 0.3908259495201769, "yscale45": 0.3908259495201769, "zscale45": 0.3908259495201769, "Cab46": 76.04372810794015, "Cw46": 0.0315173760791067, "xscale46": 0.4369197676975741, "yscale46": 0.4369197676975741, "zscale46": 0.4369197676975741, "Cab47": 52.86122134641633, "Cw47": 0.020407691130401598, "xscale47": 0.48415953195476175, "yscale47": 0.48415953195476175, "zscale47": 0.48415953195476175, "Cab48": 26.79838476489376, "Cw48": 0.04322298697313914, "xscale48": 0.7271682973615329, "yscale48": 0.7271682973615329, "zscale48": 0.7271682973615329, "Cab49": 38.367098820558965, "Cw49": 0.03505067488695416, "xscale49": 0.45620937393145644, "yscale49": 0.45620937393145644, "zscale49": 0.45620937393145644, "Cab50": 57.20309465901286, "Cw50": 0.019229542199214814, "xscale50": 0.7314850736023926, "yscale50": 0.7314850736023926, "zscale50": 0.7314850736023926, "Cab51": 47.72965258303584, "Cw51": 0.04695459388222123, "xscale51": 0.7045289912130189, "yscale51": 0.7045289912130189, "zscale51": 0.7045289912130189, "Cab52": 50.979028731506276, "Cw52": 0.017692031202658064,