{"Cab0": 68.95751163178342, "Cw0": 0.032197020806235585, "xscale0": 0.7679183664104269, "yscale0": 0.7679183664104269, "zscale0": 0.7679183664104269, "Cab1": 76.61236690252794, "Cw1": 0.04279246748505401, "xscale1": 0.6254121489889731, "yscale1": 0.6254121489889731, "zscale1": 0.6254121489889731, "Cab2": 68.76464943501372, "Cw2": 0.027715181978938158, "xscale2": 0.6260637501780143, "yscale2": 0.6260637501780143, "zscale2": 0.6260637501780143, "Cab3": 61.10622993681294, "Cw3": 0.020166831688703844, "xscale3": 0.4165069578097836, "yscale3": 0.4165069578097836, "zscale3": 0.4165069578097836, "Cab4": 21.461944070771526, "Cw4": 0.041237168793829444, "xscale4": 0.6882623853242905, "yscale4": 0.6882623853242905, "zscale4": 0.6882623853242905, "Cab5": 26.961584907191725, "Cw5": 0.020596414660856925, "xscale5": 0.6919044273087244, "yscale5": 0.6919044273087244, "zscale5": 0.6919044273087244, "Cab6": 78.58249194907616, "Cw6": 0.0394648546565726, "xscale6": 0.45184848550158496, "yscale6": 0.45184848550158496, "zscale6": 0.45184848550158496, "Cab7": 36.58582498188109, "Cw7": 0.02526285021671293, "xscale7": 0.6524531584784874, "yscale7": 0.6524531584784874, "zscale7": 0.6524531584784874, "Cab8": 37.51684175183715, "Cw8": 0.03945726479089991, "xscale8": 0.6532249315603188, "yscale8": 0.6532249315603188, "zscale8": 0.6532249315603188, "Cab9": 61.170801269611374, "Cw9": 0.045728911346321184, "xscale9": 0.6161626081416842, "yscale9": 0.6161626081416842, "zscale9": 0.6161626081416842, "Cab10": 76.71137640684879, "Cw10": 0.016046741537314807, "xscale10": 0.4430830020781046, "yscale10": 0.4430830020781046, "zscale10": 0.4430830020781046, "Cab11": 60.236219760268845, "Cw11": 0.016657408468493635, "xscale11": 0.5655677853037298, "yscale11": 0.5655677853037298, "zscale11": 0.5655677853037298, "Cab12": 45.876269849650974, "Cw12": 0.04982480393609399, "xscale12": 0.452306962140641, "yscale12": 0.452306962140641, "zscale12": 0.452306962140641, "Cab13": 65.84262549521648, "Cw13": 0.036179740815373236, "xscale13": 0.5952032922033069, "yscale13": 0.5952032922033069, "zscale13": 0.5952032922033069, "Cab14": 77.6240257601271, "Cw14": 0.04572450255904123, "xscale14": 0.6017998671038622, "yscale14": 0.6017998671038622, "zscale14": 0.6017998671038622, "Cab15": 52.478034899661935, "Cw15": 0.04207670515486159, "xscale15": 0.6216759389589702, "yscale15": 0.6216759389589702, "zscale15": 0.6216759389589702, "Cab16": 38.542980246611336, "Cw16": 0.027085581723038286, "xscale16": 0.6665781747583808, "yscale16": 0.6665781747583808, "zscale16": 0.6665781747583808, "Cab17": 70.09838780426801, "Cw17": 0.037390030976848336, "xscale17": 0.6467122829787814, "yscale17": 0.6467122829787814, "zscale17": 0.6467122829787814, "Cab18": 29.167640845778024, "Cw18": 0.024973888638639107, "xscale18": 0.614483737964405, "yscale18": 0.614483737964405, "zscale18": 0.614483737964405, "Cab19": 35.171732962990035, "Cw19": 0.02100773137917529, "xscale19": 0.5783652720437589, "yscale19": 0.5783652720437589, "zscale19": 0.5783652720437589, "Cab20": 49.63886014696412, "Cw20": 0.027540448293113612, "xscale20": 0.7529568460560865, "yscale20": 0.7529568460560865, "zscale20": 0.7529568460560865, "Cab21": 30.850239904970888, "Cw21": 0.020524757658353075, "xscale21": 0.5197738464079731, "yscale21": 0.5197738464079731, "zscale21": 0.5197738464079731, "Cab22": 56.73348116361888, "Cw22": 0.049888054637543956, "xscale22": 0.4740858945879691, "yscale22": 0.4740858945879691, "zscale22": 0.4740858945879691, "Cab23": 35.42681339945272, "Cw23": 0.03983290185245962, "xscale23": 0.7245982926948888, "yscale23": 0.7245982926948888, "zscale23": 0.7245982926948888, "Cab24": 40.7785486599991, "Cw24": 0.04153618343180422, "xscale24": 0.45574974598637596, "yscale24": 0.45574974598637596, "zscale24": 0.45574974598637596, "Cab25": 80.92863882731004, "Cw25": 0.011697094552729688, "xscale25": 0.49086479881138834, "yscale25": 0.49086479881138834, "zscale25": 0.49086479881138834, "Cab26": 82.0915681999364, "Cw26": 0.030111931541842774, "xscale26": 0.5277413956926652, "yscale26": 0.5277413956926652, "zscale26": 0.5277413956926652, "Cab27": 61.17369095735415, "Cw27": 0.045722823027930654, "xscale27": 0.4502012333702008, "yscale27": 0.4502012333702008, "zscale27": 0.4502012333702008, "Cab28": 30.21624516802371, "Cw28": 0.04451253468010344, "xscale28": 0.46802259608141716, "yscale28": 0.46802259608141716, "zscale28": 0.46802259608141716, "Cab29": 89.19794574324236, "Cw29": 0.030051566084402237, "xscale29": 0.6399851809193151, "yscale29": 0.6399851809193151, "zscale29": 0.6399851809193151, "Cab30": 66.26816826357438, "Cw30": 0.047294191699494385, "xscale30": 0.44998684915146314, "yscale30": 0.44998684915146314, "zscale30": 0.44998684915146314, "Cab31": 66.95778897163333, "Cw31": 0.032402566492119485, "xscale31": 0.5765580890001311, "yscale31": 0.5765580890001311, "zscale31": 0.5765580890001311, "Cab32": 58.82093084633735, "Cw32": 0.045234803119987066, "xscale32": 0.48149211990224217, "yscale32": 0.48149211990224217, "zscale32": 0.48149211990224217, "Cab33": 56.99129745081795, "Cw33": 0.03627804206642988, "xscale33": 0.5509462490636244, "yscale33": 0.5509462490636244, "zscale33": 0.5509462490636244, "Cab34": 71.1623965458346, "Cw34": 0.02253042449170311, "xscale34": 0.43027033907734985, "yscale34": 0.43027033907734985, "zscale34": 0.43027033907734985, "Cab35": 41.25582715853217, "Cw35": 0.023211356520759285, "xscale35": 0.38806114649629936, "yscale35": 0.38806114649629936, "zscale35": 0.38806114649629936, "Cab36": 68.61914535178167, "Cw36": 0.025972707652393782, "xscale36": 0.548421737902172, "yscale36": 0.548421737902172, "zscale36": 0.548421737902172, "Cab37": 30.726812220263824, "Cw37": 0.042584923783535324, "xscale37": 0.5204554431457745, "yscale37": 0.5204554431457745, "zscale37": 0.5204554431457745, "Cab38": 28.392817472130147, "Cw38": 0.010815286880222685, "xscale38": 0.4426964011016442, "yscale38": 0.4426964011016442, "zscale38": 0.4426964011016442, "Cab39": 23.738704155394558, "Cw39": 0.037193635330856165, "xscale39": 0.7115763114380932, "yscale39": 0.7115763114380932, "zscale39": 0.7115763114380932, "Cab40": 60.76476843371398, "Cw40": 0.030541299253872563, "xscale40": 0.5228748733130713, "yscale40": 0.5228748733130713, "zscale40": 0.5228748733130713, "Cab41": 43.85779797932624, "Cw41": 0.047646593628009194, "xscale41": 0.553850627095064, "yscale41": 0.553850627095064, "zscale41": 0.553850627095064, "Cab42": 27.491554159510162, "Cw42": 0.013161171388314727, "xscale42": 0.6023413637178182, "yscale42": 0.6023413637178182, "zscale42": 0.6023413637178182, "Cab43": 32.0548370109056, "Cw43": 0.04494730444430793, "xscale43": 0.5891401541430884, "yscale43": 0.5891401541430884, "zscale43": 0.5891401541430884, "Cab44": 43.60214585643172, "Cw44": 0.03733151506758491, "xscale44": 0.3646695901585469, "yscale44": 0.3646695901585469, "zscale44": 0.3646695901585469, "Cab45": 33.00456952046483, "Cw45": 0.015436705195585442, "xscale45": 0.2770816020780479, "yscale45": 0.2770816020780479, "zscale45": 0.2770816020780479, "Cab46": 24.009783339294465, "Cw46": 0.016625877443972557, "xscale46": 0.5558444066064908, "yscale46": 0.5558444066064908, "zscale46": 0.5558444066064908, "Cab47": 84.62895045365696, "Cw47": 0.03771666653807998, "xscale47": 0.4658363836161422, "yscale47": 0.4658363836161422, "zscale47": 0.4658363836161422, "Cab48": 36.88893492978257, "Cw48": 0.044397847402019845, "xscale48": 0.6639203385947208, "yscale48": 0.6639203385947208, "zscale48": 0.6639203385947208, "Cab49": 88.22975185102928, "Cw49": 0.025757283006174456, "xscale49": 0.5476157351513752, "yscale49": 0.5476157351513752, "zscale49": 0.5476157351513752, "Cab50": 68.35621801258512, "Cw50": 0.014600746324679625, "xscale50": 0.7356310660322045, "yscale50": 0.7356310660322045, "zscale50": 0.7356310660322045, "Cab51": 56.58284607476893, "Cw51": 0.033086712759363986, "xscale51": 0.7714767693181834, "yscale51": 0.7714767693181834, "zscale51": 0.7714767693181834, "Cab52": 85.96512155391359,