{"Cab0": 40.303603741676255, "Cw0": 0.02744773119054924, "xscale0": 0.6310276833123081, "yscale0": 0.6310276833123081, "zscale0": 0.6310276833123081, "Cab1": 32.40333494415548, "Cw1": 0.03528569616739382, "xscale1": 0.48454968993981024, "yscale1": 0.48454968993981024, "zscale1": 0.48454968993981024, "Cab2": 62.22475181606487, "Cw2": 0.021180441414406864, "xscale2": 0.6883316428384154, "yscale2": 0.6883316428384154, "zscale2": 0.6883316428384154, "Cab3": 84.6145472140814, "Cw3": 0.0114307438772056, "xscale3": 0.5630757143559448, "yscale3": 0.5630757143559448, "zscale3": 0.5630757143559448, "Cab4": 53.52049827057954, "Cw4": 0.03843235099377948, "xscale4": 0.705746160839961, "yscale4": 0.705746160839961, "zscale4": 0.705746160839961, "Cab5": 81.14874195158825, "Cw5": 0.017820403743654453, "xscale5": 0.686187433967377, "yscale5": 0.686187433967377, "zscale5": 0.686187433967377, "Cab6": 88.45270307595348, "Cw6": 0.0443090651744259, "xscale6": 0.5662548422675707, "yscale6": 0.5662548422675707, "zscale6": 0.5662548422675707, "Cab7": 35.36693857518221, "Cw7": 0.014444227982524968, "xscale7": 0.5784320523891349, "yscale7": 0.5784320523891349, "zscale7": 0.5784320523891349, "Cab8": 37.34153173799699, "Cw8": 0.014675774041080902, "xscale8": 0.6119101530126564, "yscale8": 0.6119101530126564, "zscale8": 0.6119101530126564, "Cab9": 81.58331430413324, "Cw9": 0.029388060735619177, "xscale9": 0.6328110895768247, "yscale9": 0.6328110895768247, "zscale9": 0.6328110895768247, "Cab10": 38.762237154798015, "Cw10": 0.04030380690303862, "xscale10": 0.5466301885137531, "yscale10": 0.5466301885137531, "zscale10": 0.5466301885137531, "Cab11": 82.14997388024781, "Cw11": 0.03989535697596801, "xscale11": 0.7341680105502241, "yscale11": 0.7341680105502241, "zscale11": 0.7341680105502241, "Cab12": 59.24673644886463, "Cw12": 0.026299771762334764, "xscale12": 0.49983718756340256, "yscale12": 0.49983718756340256, "zscale12": 0.49983718756340256, "Cab13": 30.07569769098255, "Cw13": 0.04996257174267159, "xscale13": 0.5875210376096152, "yscale13": 0.5875210376096152, "zscale13": 0.5875210376096152, "Cab14": 75.79369892385841, "Cw14": 0.0396580388604642, "xscale14": 0.47288638432158664, "yscale14": 0.47288638432158664, "zscale14": 0.47288638432158664, "Cab15": 22.740071661647374, "Cw15": 0.04866924899851491, "xscale15": 0.4619869208672528, "yscale15": 0.4619869208672528, "zscale15": 0.4619869208672528, "Cab16": 49.47341719265725, "Cw16": 0.04399427878394709, "xscale16": 0.7020226866275597, "yscale16": 0.7020226866275597, "zscale16": 0.7020226866275597, "Cab17": 71.00822922996568, "Cw17": 0.014158764995764187, "xscale17": 0.6543931002492746, "yscale17": 0.6543931002492746, "zscale17": 0.6543931002492746, "Cab18": 70.18987196199416, "Cw18": 0.03830132535154502, "xscale18": 0.6646482910161906, "yscale18": 0.6646482910161906, "zscale18": 0.6646482910161906, "Cab19": 74.011749954468, "Cw19": 0.020299295707211236, "xscale19": 0.5764348525728377, "yscale19": 0.5764348525728377, "zscale19": 0.5764348525728377, "Cab20": 36.81901598213099, "Cw20": 0.015441543778919677, "xscale20": 0.6593897291797841, "yscale20": 0.6593897291797841, "zscale20": 0.6593897291797841, "Cab21": 28.30256075768717, "Cw21": 0.01882572034784015, "xscale21": 0.48274982274047384, "yscale21": 0.48274982274047384, "zscale21": 0.48274982274047384, "Cab22": 71.27206217959933, "Cw22": 0.03347990978566839, "xscale22": 0.535617202031095, "yscale22": 0.535617202031095, "zscale22": 0.535617202031095, "Cab23": 53.05340448267296, "Cw23": 0.037973151250889216, "xscale23": 0.5598720855186969, "yscale23": 0.5598720855186969, "zscale23": 0.5598720855186969, "Cab24": 46.932636586891945, "Cw24": 0.04590762497583309, "xscale24": 0.5939202974976621, "yscale24": 0.5939202974976621, "zscale24": 0.5939202974976621, "Cab25": 88.44216988682193, "Cw25": 0.04992312803216057, "xscale25": 0.5514203364422975, "yscale25": 0.5514203364422975, "zscale25": 0.5514203364422975, "Cab26": 25.070501970743763, "Cw26": 0.024700679441338066, "xscale26": 0.6391480039861408, "yscale26": 0.6391480039861408, "zscale26": 0.6391480039861408, "Cab27": 67.49794457874363, "Cw27": 0.04575037006417551, "xscale27": 0.3627398902699655, "yscale27": 0.3627398902699655, "zscale27": 0.3627398902699655, "Cab28": 65.28537373084038, "Cw28": 0.044383196198197986, "xscale28": 0.37651880107001634, "yscale28": 0.37651880107001634, "zscale28": 0.37651880107001634, "Cab29": 87.84453563008236, "Cw29": 0.03633946665000051, "xscale29": 0.6751622449427764, "yscale29": 0.6751622449427764, "zscale29": 0.6751622449427764, "Cab30": 83.03851361433117, "Cw30": 0.02531691549034311, "xscale30": 0.3340252599972744, "yscale30": 0.3340252599972744, "zscale30": 0.3340252599972744, "Cab31": 65.84277660030739, "Cw31": 0.036883840212431435, "xscale31": 0.554008631015339, "yscale31": 0.554008631015339, "zscale31": 0.554008631015339, "Cab32": 58.43730538396777, "Cw32": 0.04138254583829583, "xscale32": 0.43749655387228775, "yscale32": 0.43749655387228775, "zscale32": 0.43749655387228775, "Cab33": 24.838522452303504, "Cw33": 0.04572630090124994, "xscale33": 0.4056990792898506, "yscale33": 0.4056990792898506, "zscale33": 0.4056990792898506, "Cab34": 74.47153231733009, "Cw34": 0.038310320954861365, "xscale34": 0.5156710869338793, "yscale34": 0.5156710869338793, "zscale34": 0.5156710869338793, "Cab35": 65.3341353189891, "Cw35": 0.04128202974726165, "xscale35": 0.4969008784422754, "yscale35": 0.4969008784422754, "zscale35": 0.4969008784422754, "Cab36": 54.31431999854603, "Cw36": 0.016368652858347446, "xscale36": 0.6185460701034802, "yscale36": 0.6185460701034802, "zscale36": 0.6185460701034802, "Cab37": 81.19309398602618, "Cw37": 0.014026154061974778, "xscale37": 0.4820166188054917, "yscale37": 0.4820166188054917, "zscale37": 0.4820166188054917, "Cab38": 52.708719795418695, "Cw38": 0.034222257486505085, "xscale38": 0.40864166028569937, "yscale38": 0.40864166028569937, "zscale38": 0.40864166028569937, "Cab39": 78.56512574905614, "Cw39": 0.04461467862825343, "xscale39": 0.4806256334295902, "yscale39": 0.4806256334295902, "zscale39": 0.4806256334295902, "Cab40": 74.02083050194705, "Cw40": 0.024888461421979015, "xscale40": 0.6394388965437418, "yscale40": 0.6394388965437418, "zscale40": 0.6394388965437418, "Cab41": 82.73755859170146, "Cw41": 0.0455345951443961, "xscale41": 0.5234903937616919, "yscale41": 0.5234903937616919, "zscale41": 0.5234903937616919, "Cab42": 25.286221549826905, "Cw42": 0.030953935090645132, "xscale42": 0.6373502341064925, "yscale42": 0.6373502341064925, "zscale42": 0.6373502341064925, "Cab43": 52.13233199571476, "Cw43": 0.043888442177617205, "xscale43": 0.6679504731381006, "yscale43": 0.6679504731381006, "zscale43": 0.6679504731381006, "Cab44": 75.3340095684424, "Cw44": 0.01840125139713277, "xscale44": 0.5047944885830415, "yscale44": 0.5047944885830415, "zscale44": 0.5047944885830415, "Cab45": 41.08501690986675, "Cw45": 0.03019782825451458, "xscale45": 0.3545026453742484, "yscale45": 0.3545026453742484, "zscale45": 0.3545026453742484, "Cab46": 25.81160810230944, "Cw46": 0.03718576598412805, "xscale46": 0.5136671710485223, "yscale46": 0.5136671710485223, "zscale46": 0.5136671710485223, "Cab47": 40.461998588773156, "Cw47": 0.04853812293301796, "xscale47": 0.5492708600316801, "yscale47": 0.5492708600316801, "zscale47": 0.5492708600316801, "Cab48": 59.9190868091609, "Cw48": 0.030409836136846564, "xscale48": 0.6057118868330497, "yscale48": 0.6057118868330497, "zscale48": 0.6057118868330497, "Cab49": 26.46127075033067, "Cw49": 0.04605076769445038, "xscale49": 0.5789449016210062, "yscale49": 0.5789449016210062, "zscale49": 0.5789449016210062, "Cab50": 30.262190741040364, "Cw50": 0.011713464716379206, "xscale50": 0.5785900900197772, "yscale50": 0.5785900900197772, "zscale50": 0.5785900900197772, "Cab51": 44.515538213518326, "Cw51": 0.022550583220972212, "xscale51": 0.7340650770288906, "yscale51": 0.7340650770288906, "zscale51": 0.7340650770288906, "Cab52": 68.15626351668445, "Cw52": 0.040177963715995836,