{"Cab0": 58.58180943228518, "Cw0": 0.033237537588606855, "xscale0": 0.5980428755560694, "yscale0": 0.5980428755560694, "zscale0": 0.5980428755560694, "Cab1": 55.83696406311432, "Cw1": 0.02208015610361664, "xscale1": 0.5588811557512124, "yscale1": 0.5588811557512124, "zscale1": 0.5588811557512124, "Cab2": 29.695873877914302, "Cw2": 0.035969610800008045, "xscale2": 0.5320871741293838, "yscale2": 0.5320871741293838, "zscale2": 0.5320871741293838, "Cab3": 20.85411695883673, "Cw3": 0.03992089470998932, "xscale3": 0.47488073785409873, "yscale3": 0.47488073785409873, "zscale3": 0.47488073785409873, "Cab4": 61.511293082932156, "Cw4": 0.049959048591365386, "xscale4": 0.7194415852592173, "yscale4": 0.7194415852592173, "zscale4": 0.7194415852592173, "Cab5": 43.1081540411969, "Cw5": 0.0434685669888917, "xscale5": 0.7532496648359269, "yscale5": 0.7532496648359269, "zscale5": 0.7532496648359269, "Cab6": 32.9286874056994, "Cw6": 0.02529886556749982, "xscale6": 0.5988502163640941, "yscale6": 0.5988502163640941, "zscale6": 0.5988502163640941, "Cab7": 64.3296352818201, "Cw7": 0.043108144594909095, "xscale7": 0.5925012122842269, "yscale7": 0.5925012122842269, "zscale7": 0.5925012122842269, "Cab8": 42.026697125466626, "Cw8": 0.02855009136406903, "xscale8": 0.45595067602251704, "yscale8": 0.45595067602251704, "zscale8": 0.45595067602251704, "Cab9": 64.56349979761724, "Cw9": 0.04127561222905203, "xscale9": 0.7746122054023992, "yscale9": 0.7746122054023992, "zscale9": 0.7746122054023992, "Cab10": 60.07591825088242, "Cw10": 0.02743361499663563, "xscale10": 0.43518852627695503, "yscale10": 0.43518852627695503, "zscale10": 0.43518852627695503, "Cab11": 85.92170899743189, "Cw11": 0.031338683176107586, "xscale11": 0.7410043607014368, "yscale11": 0.7410043607014368, "zscale11": 0.7410043607014368, "Cab12": 89.85119313124243, "Cw12": 0.010345895083987325, "xscale12": 0.44619042105134393, "yscale12": 0.44619042105134393, "zscale12": 0.44619042105134393, "Cab13": 29.569893290392017, "Cw13": 0.029571944967074604, "xscale13": 0.550290709056452, "yscale13": 0.550290709056452, "zscale13": 0.550290709056452, "Cab14": 72.6276932594723, "Cw14": 0.02708883637096103, "xscale14": 0.463157095278379, "yscale14": 0.463157095278379, "zscale14": 0.463157095278379, "Cab15": 45.228602124088965, "Cw15": 0.047642013607959506, "xscale15": 0.48999757559711254, "yscale15": 0.48999757559711254, "zscale15": 0.48999757559711254, "Cab16": 84.72538394488946, "Cw16": 0.010679388825218595, "xscale16": 0.6356721077426537, "yscale16": 0.6356721077426537, "zscale16": 0.6356721077426537, "Cab17": 75.7266286012197, "Cw17": 0.01988713938899026, "xscale17": 0.5305764454260125, "yscale17": 0.5305764454260125, "zscale17": 0.5305764454260125, "Cab18": 68.61075060885997, "Cw18": 0.011667211410240089, "xscale18": 0.6615121706108741, "yscale18": 0.6615121706108741, "zscale18": 0.6615121706108741, "Cab19": 55.84991297162556, "Cw19": 0.04968970268045497, "xscale19": 0.5657428209148827, "yscale19": 0.5657428209148827, "zscale19": 0.5657428209148827, "Cab20": 64.94776929634509, "Cw20": 0.022045501307134827, "xscale20": 0.536697511171465, "yscale20": 0.536697511171465, "zscale20": 0.536697511171465, "Cab21": 69.41315727058821, "Cw21": 0.04503050641776489, "xscale21": 0.6069642458391206, "yscale21": 0.6069642458391206, "zscale21": 0.6069642458391206, "Cab22": 52.35546813040352, "Cw22": 0.010646463640349314, "xscale22": 0.4692861720053666, "yscale22": 0.4692861720053666, "zscale22": 0.4692861720053666, "Cab23": 35.22867919418464, "Cw23": 0.039112708250824475, "xscale23": 0.7404361851786586, "yscale23": 0.7404361851786586, "zscale23": 0.7404361851786586, "Cab24": 23.263316757565285, "Cw24": 0.04752198874702012, "xscale24": 0.49015027560765156, "yscale24": 0.49015027560765156, "zscale24": 0.49015027560765156, "Cab25": 86.14579651629367, "Cw25": 0.030618550344037467, "xscale25": 0.6882821431468703, "yscale25": 0.6882821431468703, "zscale25": 0.6882821431468703, "Cab26": 67.54747905709718, "Cw26": 0.04836907436075553, "xscale26": 0.7163478103354103, "yscale26": 0.7163478103354103, "zscale26": 0.7163478103354103, "Cab27": 47.76305584192541, "Cw27": 0.025789265069816616, "xscale27": 0.4244989533007028, "yscale27": 0.4244989533007028, "zscale27": 0.4244989533007028, "Cab28": 46.724186713547894, "Cw28": 0.028848360009061394, "xscale28": 0.39295155779434193, "yscale28": 0.39295155779434193, "zscale28": 0.39295155779434193, "Cab29": 23.722357479126178, "Cw29": 0.03074314058142133, "xscale29": 0.6762693942323166, "yscale29": 0.6762693942323166, "zscale29": 0.6762693942323166, "Cab30": 55.5484498035852, "Cw30": 0.0393341135424321, "xscale30": 0.4158950456902485, "yscale30": 0.4158950456902485, "zscale30": 0.4158950456902485, "Cab31": 66.61120204509034, "Cw31": 0.03899586219466576, "xscale31": 0.631459418735048, "yscale31": 0.631459418735048, "zscale31": 0.631459418735048, "Cab32": 73.07887676493831, "Cw32": 0.03643984548162838, "xscale32": 0.5280865125432966, "yscale32": 0.5280865125432966, "zscale32": 0.5280865125432966, "Cab33": 39.43641456699851, "Cw33": 0.028293809377431894, "xscale33": 0.42090663595219086, "yscale33": 0.42090663595219086, "zscale33": 0.42090663595219086, "Cab34": 80.26366692557085, "Cw34": 0.03171090099508385, "xscale34": 0.5662757065307472, "yscale34": 0.5662757065307472, "zscale34": 0.5662757065307472, "Cab35": 41.15885738603298, "Cw35": 0.015122791415919604, "xscale35": 0.33715686779824755, "yscale35": 0.33715686779824755, "zscale35": 0.33715686779824755, "Cab36": 26.253565789798596, "Cw36": 0.035930582361035746, "xscale36": 0.7234225769419593, "yscale36": 0.7234225769419593, "zscale36": 0.7234225769419593, "Cab37": 51.47584352087716, "Cw37": 0.02154483097494795, "xscale37": 0.3650946669570728, "yscale37": 0.3650946669570728, "zscale37": 0.3650946669570728, "Cab38": 27.46660833900684, "Cw38": 0.012767708424230268, "xscale38": 0.4901459867313607, "yscale38": 0.4901459867313607, "zscale38": 0.4901459867313607, "Cab39": 64.35498118309827, "Cw39": 0.03762527610887693, "xscale39": 0.6269487455963436, "yscale39": 0.6269487455963436, "zscale39": 0.6269487455963436, "Cab40": 55.98456515353311, "Cw40": 0.04181796088993575, "xscale40": 0.578605093850055, "yscale40": 0.578605093850055, "zscale40": 0.578605093850055, "Cab41": 67.95355495217785, "Cw41": 0.026705740895230416, "xscale41": 0.5725830326192459, "yscale41": 0.5725830326192459, "zscale41": 0.5725830326192459, "Cab42": 73.386921315926, "Cw42": 0.026869045719979993, "xscale42": 0.502860859263212, "yscale42": 0.502860859263212, "zscale42": 0.502860859263212, "Cab43": 64.75947463668273, "Cw43": 0.040014882374851075, "xscale43": 0.49099250111231874, "yscale43": 0.49099250111231874, "zscale43": 0.49099250111231874, "Cab44": 29.053509895158854, "Cw44": 0.04203449511895938, "xscale44": 0.4753285809132994, "yscale44": 0.4753285809132994, "zscale44": 0.4753285809132994, "Cab45": 89.35470581996691, "Cw45": 0.018950586081912475, "xscale45": 0.4015057140882453, "yscale45": 0.4015057140882453, "zscale45": 0.4015057140882453, "Cab46": 59.24248473679435, "Cw46": 0.04522845104917441, "xscale46": 0.3771175505086333, "yscale46": 0.3771175505086333, "zscale46": 0.3771175505086333, "Cab47": 30.5685400380938, "Cw47": 0.03802898913083907, "xscale47": 0.5828478158074597, "yscale47": 0.5828478158074597, "zscale47": 0.5828478158074597, "Cab48": 46.823622226422316, "Cw48": 0.021836649006112825, "xscale48": 0.553151829320915, "yscale48": 0.553151829320915, "zscale48": 0.553151829320915, "Cab49": 84.7347392101296, "Cw49": 0.030040777050155294, "xscale49": 0.5915194354232806, "yscale49": 0.5915194354232806, "zscale49": 0.5915194354232806, "Cab50": 38.7548679494911, "Cw50": 0.04503791525768002, "xscale50": 0.6390243114556278, "yscale50": 0.6390243114556278, "zscale50": 0.6390243114556278, "Cab51": 24.68795213204753, "Cw51": 0.04586358419344724, "xscale51": 0.712953597590734, "yscale51": 0.712953597590734, "zscale51": 0.712953597590734, "Cab52": 39.44463709187265, "Cw52": 0.041995500558018324,