{"Cab0": 48.45497306030731, "Cw0": 0.01213881055858471, "xscale0": 0.7451392339063405, "yscale0": 0.7451392339063405, "zscale0": 0.7451392339063405, "Cab1": 73.77448396641108, "Cw1": 0.018619977054474122, "xscale1": 0.5044842508104714, "yscale1": 0.5044842508104714, "zscale1": 0.5044842508104714, "Cab2": 82.50853164611763, "Cw2": 0.02525781429595493, "xscale2": 0.5856175597067577, "yscale2": 0.5856175597067577, "zscale2": 0.5856175597067577, "Cab3": 30.643856437009525, "Cw3": 0.024990273923130527, "xscale3": 0.5067281663737594, "yscale3": 0.5067281663737594, "zscale3": 0.5067281663737594, "Cab4": 51.52039778713137, "Cw4": 0.03547555645637309, "xscale4": 0.6873766634156747, "yscale4": 0.6873766634156747, "zscale4": 0.6873766634156747, "Cab5": 30.891120143504413, "Cw5": 0.028089689759447693, "xscale5": 0.6197754568349761, "yscale5": 0.6197754568349761, "zscale5": 0.6197754568349761, "Cab6": 56.51076843990799, "Cw6": 0.028037800329099784, "xscale6": 0.5661967932300618, "yscale6": 0.5661967932300618, "zscale6": 0.5661967932300618, "Cab7": 50.95546903171497, "Cw7": 0.026479961218085594, "xscale7": 0.6488652164229272, "yscale7": 0.6488652164229272, "zscale7": 0.6488652164229272, "Cab8": 54.08797317973814, "Cw8": 0.014928619497719198, "xscale8": 0.47529462729493666, "yscale8": 0.47529462729493666, "zscale8": 0.47529462729493666, "Cab9": 34.54950314495619, "Cw9": 0.023185688296434866, "xscale9": 0.6816408714100535, "yscale9": 0.6816408714100535, "zscale9": 0.6816408714100535, "Cab10": 25.775373865242962, "Cw10": 0.04132642657699985, "xscale10": 0.4692491168971043, "yscale10": 0.4692491168971043, "zscale10": 0.4692491168971043, "Cab11": 87.75196635082861, "Cw11": 0.03828681416222743, "xscale11": 0.6453290859719647, "yscale11": 0.6453290859719647, "zscale11": 0.6453290859719647, "Cab12": 81.07308791963894, "Cw12": 0.046664257121058615, "xscale12": 0.5232303238818528, "yscale12": 0.5232303238818528, "zscale12": 0.5232303238818528, "Cab13": 20.859636729319977, "Cw13": 0.011290616157912665, "xscale13": 0.5604604541011236, "yscale13": 0.5604604541011236, "zscale13": 0.5604604541011236, "Cab14": 62.538269184687486, "Cw14": 0.044128810988328965, "xscale14": 0.5801425022593777, "yscale14": 0.5801425022593777, "zscale14": 0.5801425022593777, "Cab15": 39.03860971984115, "Cw15": 0.03951134303705287, "xscale15": 0.48415653602236103, "yscale15": 0.48415653602236103, "zscale15": 0.48415653602236103, "Cab16": 68.27637611734238, "Cw16": 0.012351743220027772, "xscale16": 0.6615085903276252, "yscale16": 0.6615085903276252, "zscale16": 0.6615085903276252, "Cab17": 69.41668090377037, "Cw17": 0.048268418542912236, "xscale17": 0.4994425173985584, "yscale17": 0.4994425173985584, "zscale17": 0.4994425173985584, "Cab18": 76.48298416854537, "Cw18": 0.0379287483211525, "xscale18": 0.6152153041842452, "yscale18": 0.6152153041842452, "zscale18": 0.6152153041842452, "Cab19": 24.58196575495434, "Cw19": 0.045365561930134204, "xscale19": 0.4903219035808073, "yscale19": 0.4903219035808073, "zscale19": 0.4903219035808073, "Cab20": 53.94554162440457, "Cw20": 0.04247296644565089, "xscale20": 0.519038321278396, "yscale20": 0.519038321278396, "zscale20": 0.519038321278396, "Cab21": 66.4087333755434, "Cw21": 0.02348780411633443, "xscale21": 0.6051622308414899, "yscale21": 0.6051622308414899, "zscale21": 0.6051622308414899, "Cab22": 62.44247084517727, "Cw22": 0.016704641334749862, "xscale22": 0.5478464939801818, "yscale22": 0.5478464939801818, "zscale22": 0.5478464939801818, "Cab23": 66.40918714047504, "Cw23": 0.03576790512348007, "xscale23": 0.5936152494519791, "yscale23": 0.5936152494519791, "zscale23": 0.5936152494519791, "Cab24": 70.2599782556459, "Cw24": 0.03370261413393911, "xscale24": 0.6075047147652963, "yscale24": 0.6075047147652963, "zscale24": 0.6075047147652963, "Cab25": 62.06745060476604, "Cw25": 0.021484120162404176, "xscale25": 0.6767567889393165, "yscale25": 0.6767567889393165, "zscale25": 0.6767567889393165, "Cab26": 23.22256097912624, "Cw26": 0.019980437622820896, "xscale26": 0.6274685047560176, "yscale26": 0.6274685047560176, "zscale26": 0.6274685047560176, "Cab27": 44.32912952609436, "Cw27": 0.02050119209354174, "xscale27": 0.4973926740520695, "yscale27": 0.4973926740520695, "zscale27": 0.4973926740520695, "Cab28": 57.30688266615961, "Cw28": 0.0316162449082951, "xscale28": 0.43931612652271085, "yscale28": 0.43931612652271085, "zscale28": 0.43931612652271085, "Cab29": 41.20375577319481, "Cw29": 0.04898001076176731, "xscale29": 0.6248215871144673, "yscale29": 0.6248215871144673, "zscale29": 0.6248215871144673, "Cab30": 49.33061153836178, "Cw30": 0.041524760305634414, "xscale30": 0.4144064014372291, "yscale30": 0.4144064014372291, "zscale30": 0.4144064014372291, "Cab31": 30.61903654075367, "Cw31": 0.02855561967911177, "xscale31": 0.7296299743632408, "yscale31": 0.7296299743632408, "zscale31": 0.7296299743632408, "Cab32": 51.8581572534445, "Cw32": 0.021330752576770202, "xscale32": 0.5050383283727409, "yscale32": 0.5050383283727409, "zscale32": 0.5050383283727409, "Cab33": 80.03653379679294, "Cw33": 0.03414184171932123, "xscale33": 0.3959358966851598, "yscale33": 0.3959358966851598, "zscale33": 0.3959358966851598, "Cab34": 83.46274956054535, "Cw34": 0.031040355455852778, "xscale34": 0.4584588143711684, "yscale34": 0.4584588143711684, "zscale34": 0.4584588143711684, "Cab35": 63.03324544226254, "Cw35": 0.04349284951529153, "xscale35": 0.3914614617471575, "yscale35": 0.3914614617471575, "zscale35": 0.3914614617471575, "Cab36": 48.860199367177174, "Cw36": 0.013331637780085765, "xscale36": 0.7609726177141012, "yscale36": 0.7609726177141012, "zscale36": 0.7609726177141012, "Cab37": 79.99688137384123, "Cw37": 0.03175953213381976, "xscale37": 0.535645593841892, "yscale37": 0.535645593841892, "zscale37": 0.535645593841892, "Cab38": 21.30488813342877, "Cw38": 0.020231848246111267, "xscale38": 0.5335403688674805, "yscale38": 0.5335403688674805, "zscale38": 0.5335403688674805, "Cab39": 33.99014251913477, "Cw39": 0.02639796800887434, "xscale39": 0.5811687403693395, "yscale39": 0.5811687403693395, "zscale39": 0.5811687403693395, "Cab40": 41.33007931497946, "Cw40": 0.018229057321057254, "xscale40": 0.6069208148633056, "yscale40": 0.6069208148633056, "zscale40": 0.6069208148633056, "Cab41": 85.73385438069137, "Cw41": 0.022314311366832006, "xscale41": 0.5590508570539544, "yscale41": 0.5590508570539544, "zscale41": 0.5590508570539544, "Cab42": 78.02447973825691, "Cw42": 0.045611567263350646, "xscale42": 0.550576215174007, "yscale42": 0.550576215174007, "zscale42": 0.550576215174007, "Cab43": 89.62866441225283, "Cw43": 0.018066427126034092, "xscale43": 0.7037332713675741, "yscale43": 0.7037332713675741, "zscale43": 0.7037332713675741, "Cab44": 45.30676298624523, "Cw44": 0.046233164585270936, "xscale44": 0.4812715924045367, "yscale44": 0.4812715924045367, "zscale44": 0.4812715924045367, "Cab45": 30.416641355105945, "Cw45": 0.012865741779962447, "xscale45": 0.39839512652859477, "yscale45": 0.39839512652859477, "zscale45": 0.39839512652859477, "Cab46": 34.59018002266838, "Cw46": 0.013390910998567436, "xscale46": 0.46113381525127417, "yscale46": 0.46113381525127417, "zscale46": 0.46113381525127417, "Cab47": 30.018100505435093, "Cw47": 0.028339728289680115, "xscale47": 0.4305729836955798, "yscale47": 0.4305729836955798, "zscale47": 0.4305729836955798, "Cab48": 70.40999575739912, "Cw48": 0.03325573796573623, "xscale48": 0.6456116701713025, "yscale48": 0.6456116701713025, "zscale48": 0.6456116701713025, "Cab49": 23.520181381075865, "Cw49": 0.04570884987809646, "xscale49": 0.4226458259867937, "yscale49": 0.4226458259867937, "zscale49": 0.4226458259867937, "Cab50": 71.66961108171485, "Cw50": 0.01525698871299365, "xscale50": 0.7675568358098178, "yscale50": 0.7675568358098178, "zscale50": 0.7675568358098178, "Cab51": 23.526378502920533, "Cw51": 0.036112392416889426, "xscale51": 0.7342354251956352, "yscale51": 0.7342354251956352, "zscale51": 0.7342354251956352, "Cab52": 74.82720182626556,