{"Cab0": 27.75577627792078, "Cw0": 0.022742275463594808, "xscale0": 0.745520644069819, "yscale0": 0.745520644069819, "zscale0": 0.745520644069819, "Cab1": 70.72118170180867, "Cw1": 0.0319457129869896, "xscale1": 0.6558485189655832, "yscale1": 0.6558485189655832, "zscale1": 0.6558485189655832, "Cab2": 58.17737889946769, "Cw2": 0.03643173358869924, "xscale2": 0.6542002788415696, "yscale2": 0.6542002788415696, "zscale2": 0.6542002788415696, "Cab3": 64.07206474981218, "Cw3": 0.034233775283456336, "xscale3": 0.46449090723701164, "yscale3": 0.46449090723701164, "zscale3": 0.46449090723701164, "Cab4": 38.34937190666184, "Cw4": 0.04439602128895177, "xscale4": 0.6748347689203587, "yscale4": 0.6748347689203587, "zscale4": 0.6748347689203587, "Cab5": 42.671049959026526, "Cw5": 0.03897111402485757, "xscale5": 0.6837705701603023, "yscale5": 0.6837705701603023, "zscale5": 0.6837705701603023, "Cab6": 82.39098223400717, "Cw6": 0.01934520022728875, "xscale6": 0.5686091562015255, "yscale6": 0.5686091562015255, "zscale6": 0.5686091562015255, "Cab7": 76.2881769402859, "Cw7": 0.03462404234040028, "xscale7": 0.45779006545502177, "yscale7": 0.45779006545502177, "zscale7": 0.45779006545502177, "Cab8": 39.46941593056414, "Cw8": 0.04521853195168048, "xscale8": 0.6268411489027635, "yscale8": 0.6268411489027635, "zscale8": 0.6268411489027635, "Cab9": 26.20005811374404, "Cw9": 0.01293820823728979, "xscale9": 0.7269287538014602, "yscale9": 0.7269287538014602, "zscale9": 0.7269287538014602, "Cab10": 71.89446687997437, "Cw10": 0.026627356910781247, "xscale10": 0.5887270339780294, "yscale10": 0.5887270339780294, "zscale10": 0.5887270339780294, "Cab11": 73.98574644885002, "Cw11": 0.03743688796916783, "xscale11": 0.5580388215370541, "yscale11": 0.5580388215370541, "zscale11": 0.5580388215370541, "Cab12": 35.95315796912635, "Cw12": 0.031915180260596636, "xscale12": 0.6250871706817146, "yscale12": 0.6250871706817146, "zscale12": 0.6250871706817146, "Cab13": 70.3581654937783, "Cw13": 0.01166305069130912, "xscale13": 0.7461036084807192, "yscale13": 0.7461036084807192, "zscale13": 0.7461036084807192, "Cab14": 25.71652425723412, "Cw14": 0.018779981149904704, "xscale14": 0.4909604337694981, "yscale14": 0.4909604337694981, "zscale14": 0.4909604337694981, "Cab15": 50.07818914361833, "Cw15": 0.01640225868972188, "xscale15": 0.5012076042492408, "yscale15": 0.5012076042492408, "zscale15": 0.5012076042492408, "Cab16": 30.555232918991955, "Cw16": 0.019754613507332066, "xscale16": 0.4851153959135913, "yscale16": 0.4851153959135913, "zscale16": 0.4851153959135913, "Cab17": 86.62983832629891, "Cw17": 0.014033385073865264, "xscale17": 0.5861652598605321, "yscale17": 0.5861652598605321, "zscale17": 0.5861652598605321, "Cab18": 39.71019513112751, "Cw18": 0.048010535225938906, "xscale18": 0.5675747709050533, "yscale18": 0.5675747709050533, "zscale18": 0.5675747709050533, "Cab19": 51.04885074635356, "Cw19": 0.017940640226971123, "xscale19": 0.4552734393421455, "yscale19": 0.4552734393421455, "zscale19": 0.4552734393421455, "Cab20": 53.51053264516729, "Cw20": 0.0162242411294495, "xscale20": 0.7078750069324797, "yscale20": 0.7078750069324797, "zscale20": 0.7078750069324797, "Cab21": 23.46734686081659, "Cw21": 0.019582615982211827, "xscale21": 0.4596073986910824, "yscale21": 0.4596073986910824, "zscale21": 0.4596073986910824, "Cab22": 48.77684938887803, "Cw22": 0.015748898952686705, "xscale22": 0.5298886839513682, "yscale22": 0.5298886839513682, "zscale22": 0.5298886839513682, "Cab23": 55.8089965112854, "Cw23": 0.022188067170177836, "xscale23": 0.7190565823710998, "yscale23": 0.7190565823710998, "zscale23": 0.7190565823710998, "Cab24": 89.29188589932316, "Cw24": 0.013624571151092302, "xscale24": 0.5153327700326351, "yscale24": 0.5153327700326351, "zscale24": 0.5153327700326351, "Cab25": 47.272875776142826, "Cw25": 0.019435049529617558, "xscale25": 0.572682632370354, "yscale25": 0.572682632370354, "zscale25": 0.572682632370354, "Cab26": 80.51770839432865, "Cw26": 0.0399771294707539, "xscale26": 0.6170130058711284, "yscale26": 0.6170130058711284, "zscale26": 0.6170130058711284, "Cab27": 55.342784704973994, "Cw27": 0.03501249638078557, "xscale27": 0.5117010470805886, "yscale27": 0.5117010470805886, "zscale27": 0.5117010470805886, "Cab28": 76.91017857331812, "Cw28": 0.04865084676582752, "xscale28": 0.403858651553461, "yscale28": 0.403858651553461, "zscale28": 0.403858651553461, "Cab29": 43.134212498234334, "Cw29": 0.030228856071135644, "xscale29": 0.645679483044978, "yscale29": 0.645679483044978, "zscale29": 0.645679483044978, "Cab30": 26.91941555547073, "Cw30": 0.01875992778897613, "xscale30": 0.3176386841072216, "yscale30": 0.3176386841072216, "zscale30": 0.3176386841072216, "Cab31": 49.52477938144588, "Cw31": 0.03855725287355899, "xscale31": 0.5660954044467503, "yscale31": 0.5660954044467503, "zscale31": 0.5660954044467503, "Cab32": 74.5755918738435, "Cw32": 0.015491468102073375, "xscale32": 0.46040100305110543, "yscale32": 0.46040100305110543, "zscale32": 0.46040100305110543, "Cab33": 55.25021717863744, "Cw33": 0.030969839982432405, "xscale33": 0.4409121108977214, "yscale33": 0.4409121108977214, "zscale33": 0.4409121108977214, "Cab34": 37.39545681754135, "Cw34": 0.032321397787857115, "xscale34": 0.41720283444692463, "yscale34": 0.41720283444692463, "zscale34": 0.41720283444692463, "Cab35": 29.338551637156918, "Cw35": 0.04979707525233328, "xscale35": 0.3458827193820514, "yscale35": 0.3458827193820514, "zscale35": 0.3458827193820514, "Cab36": 60.346602094094166, "Cw36": 0.028816860313864615, "xscale36": 0.6356672131895192, "yscale36": 0.6356672131895192, "zscale36": 0.6356672131895192, "Cab37": 65.96281341174482, "Cw37": 0.024325759247026582, "xscale37": 0.5130503946555334, "yscale37": 0.5130503946555334, "zscale37": 0.5130503946555334, "Cab38": 73.83859762715998, "Cw38": 0.0344895271779854, "xscale38": 0.5755269669052839, "yscale38": 0.5755269669052839, "zscale38": 0.5755269669052839, "Cab39": 35.78283825579135, "Cw39": 0.014047595468069978, "xscale39": 0.5040362374843018, "yscale39": 0.5040362374843018, "zscale39": 0.5040362374843018, "Cab40": 27.29263084273877, "Cw40": 0.04555276652932871, "xscale40": 0.5727895734884046, "yscale40": 0.5727895734884046, "zscale40": 0.5727895734884046, "Cab41": 43.75576961593842, "Cw41": 0.01715416459135708, "xscale41": 0.5044277093267125, "yscale41": 0.5044277093267125, "zscale41": 0.5044277093267125, "Cab42": 41.35455903085153, "Cw42": 0.040851064517824325, "xscale42": 0.6092524407758371, "yscale42": 0.6092524407758371, "zscale42": 0.6092524407758371, "Cab43": 70.21489512854065, "Cw43": 0.023059235970143206, "xscale43": 0.5539187867467663, "yscale43": 0.5539187867467663, "zscale43": 0.5539187867467663, "Cab44": 89.42742117200933, "Cw44": 0.013750392562453797, "xscale44": 0.43274187329649016, "yscale44": 0.43274187329649016, "zscale44": 0.43274187329649016, "Cab45": 81.73743650954407, "Cw45": 0.016004037256494796, "xscale45": 0.3598578092699069, "yscale45": 0.3598578092699069, "zscale45": 0.3598578092699069, "Cab46": 89.51246250617521, "Cw46": 0.03611308883546276, "xscale46": 0.5293761145757886, "yscale46": 0.5293761145757886, "zscale46": 0.5293761145757886, "Cab47": 69.32713725874586, "Cw47": 0.02807826890354182, "xscale47": 0.5138182706141007, "yscale47": 0.5138182706141007, "zscale47": 0.5138182706141007, "Cab48": 60.05662714584939, "Cw48": 0.02927326845441368, "xscale48": 0.7297050858021183, "yscale48": 0.7297050858021183, "zscale48": 0.7297050858021183, "Cab49": 88.69594869063482, "Cw49": 0.048533066339904625, "xscale49": 0.5735996447042127, "yscale49": 0.5735996447042127, "zscale49": 0.5735996447042127, "Cab50": 63.97765617330187, "Cw50": 0.016703543349165826, "xscale50": 0.6760954443488997, "yscale50": 0.6760954443488997, "zscale50": 0.6760954443488997, "Cab51": 84.42032956704547, "Cw51": 0.011522877271608643, "xscale51": 0.6231692834648079, "yscale51": 0.6231692834648079, "zscale51": 0.6231692834648079, "Cab52": 59.030810804322506, "Cw52": 0.03703921786523475,