{"Cab0": 86.77767432101415, "Cw0": 0.030336327446348343, "xscale0": 0.5940466318153603, "yscale0": 0.5940466318153603, "zscale0": 0.5940466318153603, "Cab1": 29.07110650534539, "Cw1": 0.014167109667522996, "xscale1": 0.542200542316086, "yscale1": 0.542200542316086, "zscale1": 0.542200542316086, "Cab2": 43.03971503283939, "Cw2": 0.03833643801870573, "xscale2": 0.6958155184436416, "yscale2": 0.6958155184436416, "zscale2": 0.6958155184436416, "Cab3": 46.074391072697196, "Cw3": 0.04832821571050457, "xscale3": 0.42661643293593293, "yscale3": 0.42661643293593293, "zscale3": 0.42661643293593293, "Cab4": 29.934794621304885, "Cw4": 0.03870993802060438, "xscale4": 0.6388405261625563, "yscale4": 0.6388405261625563, "zscale4": 0.6388405261625563, "Cab5": 24.827421281667398, "Cw5": 0.01792589781753005, "xscale5": 0.615074763531319, "yscale5": 0.615074763531319, "zscale5": 0.615074763531319, "Cab6": 67.74528939815087, "Cw6": 0.02854883329608062, "xscale6": 0.5056578163956794, "yscale6": 0.5056578163956794, "zscale6": 0.5056578163956794, "Cab7": 21.45038036069303, "Cw7": 0.03757709194702332, "xscale7": 0.48828469635186705, "yscale7": 0.48828469635186705, "zscale7": 0.48828469635186705, "Cab8": 61.31654069996659, "Cw8": 0.02835814950377806, "xscale8": 0.5619242558639909, "yscale8": 0.5619242558639909, "zscale8": 0.5619242558639909, "Cab9": 63.328928606455996, "Cw9": 0.04695562985239205, "xscale9": 0.6633317178242146, "yscale9": 0.6633317178242146, "zscale9": 0.6633317178242146, "Cab10": 33.73877857095023, "Cw10": 0.04195811646015708, "xscale10": 0.427265693016749, "yscale10": 0.427265693016749, "zscale10": 0.427265693016749, "Cab11": 28.129406455100863, "Cw11": 0.01505181373448388, "xscale11": 0.5844563395544811, "yscale11": 0.5844563395544811, "zscale11": 0.5844563395544811, "Cab12": 48.72940980802089, "Cw12": 0.02432674229337667, "xscale12": 0.47922996485792924, "yscale12": 0.47922996485792924, "zscale12": 0.47922996485792924, "Cab13": 63.96974141358291, "Cw13": 0.04802743632432528, "xscale13": 0.6306351127005757, "yscale13": 0.6306351127005757, "zscale13": 0.6306351127005757, "Cab14": 38.77109747958102, "Cw14": 0.023097014940826215, "xscale14": 0.6011922536111823, "yscale14": 0.6011922536111823, "zscale14": 0.6011922536111823, "Cab15": 44.06998309113963, "Cw15": 0.014869697102906719, "xscale15": 0.5155010801159216, "yscale15": 0.5155010801159216, "zscale15": 0.5155010801159216, "Cab16": 32.2532262974244, "Cw16": 0.045267985246169755, "xscale16": 0.7046176586108929, "yscale16": 0.7046176586108929, "zscale16": 0.7046176586108929, "Cab17": 32.06987606980971, "Cw17": 0.028491105874911347, "xscale17": 0.5751315692420415, "yscale17": 0.5751315692420415, "zscale17": 0.5751315692420415, "Cab18": 48.96675221629755, "Cw18": 0.03706589384889999, "xscale18": 0.6869309140101731, "yscale18": 0.6869309140101731, "zscale18": 0.6869309140101731, "Cab19": 23.024078958054677, "Cw19": 0.029969047612399734, "xscale19": 0.49298754216085994, "yscale19": 0.49298754216085994, "zscale19": 0.49298754216085994, "Cab20": 67.10601218524059, "Cw20": 0.024584462295602225, "xscale20": 0.6735497186714997, "yscale20": 0.6735497186714997, "zscale20": 0.6735497186714997, "Cab21": 84.47576035247401, "Cw21": 0.034320646270047765, "xscale21": 0.583050988992404, "yscale21": 0.583050988992404, "zscale21": 0.583050988992404, "Cab22": 23.94904007880941, "Cw22": 0.045109867662534234, "xscale22": 0.47777680688855256, "yscale22": 0.47777680688855256, "zscale22": 0.47777680688855256, "Cab23": 38.71125906394559, "Cw23": 0.02501132042969577, "xscale23": 0.5856580784763415, "yscale23": 0.5856580784763415, "zscale23": 0.5856580784763415, "Cab24": 67.88508420995325, "Cw24": 0.024849967875122732, "xscale24": 0.5437775593739481, "yscale24": 0.5437775593739481, "zscale24": 0.5437775593739481, "Cab25": 85.97207972697328, "Cw25": 0.016984997431866034, "xscale25": 0.6117995157781567, "yscale25": 0.6117995157781567, "zscale25": 0.6117995157781567, "Cab26": 43.52806991699272, "Cw26": 0.04290833288878061, "xscale26": 0.6994392983185398, "yscale26": 0.6994392983185398, "zscale26": 0.6994392983185398, "Cab27": 57.13483374122432, "Cw27": 0.0400225095340011, "xscale27": 0.4971520867296088, "yscale27": 0.4971520867296088, "zscale27": 0.4971520867296088, "Cab28": 61.19173445533886, "Cw28": 0.029504800659020322, "xscale28": 0.39529767369276037, "yscale28": 0.39529767369276037, "zscale28": 0.39529767369276037, "Cab29": 39.136063741570894, "Cw29": 0.01470391136054816, "xscale29": 0.6931680724761969, "yscale29": 0.6931680724761969, "zscale29": 0.6931680724761969, "Cab30": 62.46693707193241, "Cw30": 0.0206545967175169, "xscale30": 0.30552167587527923, "yscale30": 0.30552167587527923, "zscale30": 0.30552167587527923, "Cab31": 33.9633561810833, "Cw31": 0.044203196263972636, "xscale31": 0.5106759903710589, "yscale31": 0.5106759903710589, "zscale31": 0.5106759903710589, "Cab32": 37.08806489375447, "Cw32": 0.012286087167748004, "xscale32": 0.44090497277187646, "yscale32": 0.44090497277187646, "zscale32": 0.44090497277187646, "Cab33": 68.77180340072161, "Cw33": 0.045045860615150035, "xscale33": 0.42719897217045405, "yscale33": 0.42719897217045405, "zscale33": 0.42719897217045405, "Cab34": 23.0311703061762, "Cw34": 0.029687219543809033, "xscale34": 0.5099976897146673, "yscale34": 0.5099976897146673, "zscale34": 0.5099976897146673, "Cab35": 43.1072656302575, "Cw35": 0.02444555441230723, "xscale35": 0.4367990779069633, "yscale35": 0.4367990779069633, "zscale35": 0.4367990779069633, "Cab36": 26.560813053400583, "Cw36": 0.04757293889693939, "xscale36": 0.640767145744309, "yscale36": 0.640767145744309, "zscale36": 0.640767145744309, "Cab37": 68.65313068529915, "Cw37": 0.04645161315213657, "xscale37": 0.4907676286233368, "yscale37": 0.4907676286233368, "zscale37": 0.4907676286233368, "Cab38": 50.65864446637846, "Cw38": 0.027054194584828835, "xscale38": 0.44994512118526414, "yscale38": 0.44994512118526414, "zscale38": 0.44994512118526414, "Cab39": 43.91117836609484, "Cw39": 0.033362523866288074, "xscale39": 0.6177841187471468, "yscale39": 0.6177841187471468, "zscale39": 0.6177841187471468, "Cab40": 40.923101082150154, "Cw40": 0.012413730900854963, "xscale40": 0.5691663981752663, "yscale40": 0.5691663981752663, "zscale40": 0.5691663981752663, "Cab41": 83.66151674934302, "Cw41": 0.02163319094803791, "xscale41": 0.5419814814391538, "yscale41": 0.5419814814391538, "zscale41": 0.5419814814391538, "Cab42": 66.47185258337402, "Cw42": 0.02479004363210082, "xscale42": 0.6039054131033804, "yscale42": 0.6039054131033804, "zscale42": 0.6039054131033804, "Cab43": 82.22258545491022, "Cw43": 0.03664618724055654, "xscale43": 0.5600122812361057, "yscale43": 0.5600122812361057, "zscale43": 0.5600122812361057, "Cab44": 35.287562737191365, "Cw44": 0.03200874484026938, "xscale44": 0.46799872864228204, "yscale44": 0.46799872864228204, "zscale44": 0.46799872864228204, "Cab45": 27.54145811471152, "Cw45": 0.013376730647486838, "xscale45": 0.3761003489632271, "yscale45": 0.3761003489632271, "zscale45": 0.3761003489632271, "Cab46": 85.45649714520182, "Cw46": 0.036223178957126574, "xscale46": 0.3894364393880542, "yscale46": 0.3894364393880542, "zscale46": 0.3894364393880542, "Cab47": 86.36244783409974, "Cw47": 0.032004548546995894, "xscale47": 0.5773657666921397, "yscale47": 0.5773657666921397, "zscale47": 0.5773657666921397, "Cab48": 58.006987386772, "Cw48": 0.04060994573523814, "xscale48": 0.6856423070195606, "yscale48": 0.6856423070195606, "zscale48": 0.6856423070195606, "Cab49": 21.854325245376042, "Cw49": 0.03976645584257845, "xscale49": 0.4147766646207334, "yscale49": 0.4147766646207334, "zscale49": 0.4147766646207334, "Cab50": 24.458538085232647, "Cw50": 0.04536570889933404, "xscale50": 0.7447222654448645, "yscale50": 0.7447222654448645, "zscale50": 0.7447222654448645, "Cab51": 20.006289754346323, "Cw51": 0.03246262323319944, "xscale51": 0.6124156463109096, "yscale51": 0.6124156463109096, "zscale51": 0.6124156463109096, "Cab52": 67.84335330879891,