{"Cab0": 42.148691963893185, "Cw0": 0.034242083542738375, "xscale0": 0.6928681430833531, "yscale0": 0.6928681430833531, "zscale0": 0.6928681430833531, "Cab1": 41.751797068957195, "Cw1": 0.011559382014016104, "xscale1": 0.5306038537595632, "yscale1": 0.5306038537595632, "zscale1": 0.5306038537595632, "Cab2": 29.436313952080198, "Cw2": 0.04171301275189192, "xscale2": 0.5379232572449862, "yscale2": 0.5379232572449862, "zscale2": 0.5379232572449862, "Cab3": 89.05717291971015, "Cw3": 0.043774218128510685, "xscale3": 0.46617786162593694, "yscale3": 0.46617786162593694, "zscale3": 0.46617786162593694, "Cab4": 86.20226198608935, "Cw4": 0.04775238807254612, "xscale4": 0.6259612245197091, "yscale4": 0.6259612245197091, "zscale4": 0.6259612245197091, "Cab5": 62.45626729644517, "Cw5": 0.04623406179331483, "xscale5": 0.8979613422446998, "yscale5": 0.8979613422446998, "zscale5": 0.8979613422446998, "Cab6": 58.66499291200569, "Cw6": 0.03820639314292787, "xscale6": 0.4621719718720137, "yscale6": 0.4621719718720137, "zscale6": 0.4621719718720137, "Cab7": 76.81897565433046, "Cw7": 0.04284868113765662, "xscale7": 0.5234987533294646, "yscale7": 0.5234987533294646, "zscale7": 0.5234987533294646, "Cab8": 20.330328930794124, "Cw8": 0.020204674697446946, "xscale8": 0.49252242403565116, "yscale8": 0.49252242403565116, "zscale8": 0.49252242403565116, "Cab9": 41.50905646243702, "Cw9": 0.04760985990646115, "xscale9": 0.7507242384753785, "yscale9": 0.7507242384753785, "zscale9": 0.7507242384753785, "Cab10": 20.186979516850887, "Cw10": 0.04072521644759187, "xscale10": 0.5470250322315368, "yscale10": 0.5470250322315368, "zscale10": 0.5470250322315368, "Cab11": 56.99540630709194, "Cw11": 0.01741001175833746, "xscale11": 0.7601371775431041, "yscale11": 0.7601371775431041, "zscale11": 0.7601371775431041, "Cab12": 36.329006579434264, "Cw12": 0.0318678975640587, "xscale12": 0.5510762661387126, "yscale12": 0.5510762661387126, "zscale12": 0.5510762661387126, "Cab13": 83.76729752887525, "Cw13": 0.01196818301284765, "xscale13": 0.5666050205377796, "yscale13": 0.5666050205377796, "zscale13": 0.5666050205377796, "Cab14": 69.41852303779356, "Cw14": 0.029501428970101377, "xscale14": 0.5603816010706645, "yscale14": 0.5603816010706645, "zscale14": 0.5603816010706645, "Cab15": 87.8469035720063, "Cw15": 0.01246542290419265, "xscale15": 0.5229054394445246, "yscale15": 0.5229054394445246, "zscale15": 0.5229054394445246, "Cab16": 62.0498125474676, "Cw16": 0.024000182625814832, "xscale16": 0.555206903673773, "yscale16": 0.555206903673773, "zscale16": 0.555206903673773, "Cab17": 82.15511073690462, "Cw17": 0.012619756787893906, "xscale17": 0.5815856527481784, "yscale17": 0.5815856527481784, "zscale17": 0.5815856527481784, "Cab18": 58.31110250708675, "Cw18": 0.011209014369396093, "xscale18": 0.5303792153421665, "yscale18": 0.5303792153421665, "zscale18": 0.5303792153421665, "Cab19": 48.26894487692317, "Cw19": 0.029375371495224754, "xscale19": 0.4692629007910629, "yscale19": 0.4692629007910629, "zscale19": 0.4692629007910629, "Cab20": 78.49901537486238, "Cw20": 0.016350423371666416, "xscale20": 0.5699820615674766, "yscale20": 0.5699820615674766, "zscale20": 0.5699820615674766, "Cab21": 66.11625559570132, "Cw21": 0.030766083469476846, "xscale21": 0.585285708426646, "yscale21": 0.585285708426646, "zscale21": 0.585285708426646, "Cab22": 43.395421454942735, "Cw22": 0.04359167552654738, "xscale22": 0.5970665272888545, "yscale22": 0.5970665272888545, "zscale22": 0.5970665272888545, "Cab23": 43.205033317849356, "Cw23": 0.022356425314862073, "xscale23": 0.7478920700815999, "yscale23": 0.7478920700815999, "zscale23": 0.7478920700815999, "Cab24": 71.48204012439857, "Cw24": 0.02347386040875849, "xscale24": 0.4981775119447917, "yscale24": 0.4981775119447917, "zscale24": 0.4981775119447917, "Cab25": 88.04349949800337, "Cw25": 0.0379834645589045, "xscale25": 0.5133300865030445, "yscale25": 0.5133300865030445, "zscale25": 0.5133300865030445, "Cab26": 35.17205475996137, "Cw26": 0.04334629735117114, "xscale26": 0.5926674711088824, "yscale26": 0.5926674711088824, "zscale26": 0.5926674711088824, "Cab27": 50.53586834623637, "Cw27": 0.01835821956895638, "xscale27": 0.4607832479087833, "yscale27": 0.4607832479087833, "zscale27": 0.4607832479087833, "Cab28": 43.87806773161267, "Cw28": 0.041913885677322175, "xscale28": 0.34050431452095975, "yscale28": 0.34050431452095975, "zscale28": 0.34050431452095975, "Cab29": 32.720950253415474, "Cw29": 0.03859263204619511, "xscale29": 0.7038196058150366, "yscale29": 0.7038196058150366, "zscale29": 0.7038196058150366, "Cab30": 79.07453762314552, "Cw30": 0.03377988436805163, "xscale30": 0.44221752238826284, "yscale30": 0.44221752238826284, "zscale30": 0.44221752238826284, "Cab31": 64.7631830068421, "Cw31": 0.041127203116883296, "xscale31": 0.6442459751257033, "yscale31": 0.6442459751257033, "zscale31": 0.6442459751257033, "Cab32": 38.15819784111423, "Cw32": 0.04234706100846482, "xscale32": 0.5434407179480512, "yscale32": 0.5434407179480512, "zscale32": 0.5434407179480512, "Cab33": 36.6960651047752, "Cw33": 0.026503731519414743, "xscale33": 0.4148458923974104, "yscale33": 0.4148458923974104, "zscale33": 0.4148458923974104, "Cab34": 28.80741106118799, "Cw34": 0.047542905294771974, "xscale34": 0.46555615257260563, "yscale34": 0.46555615257260563, "zscale34": 0.46555615257260563, "Cab35": 74.54046093099001, "Cw35": 0.03485673888937504, "xscale35": 0.44774069318721976, "yscale35": 0.44774069318721976, "zscale35": 0.44774069318721976, "Cab36": 70.76761575725625, "Cw36": 0.03224924894740168, "xscale36": 0.7043728771398723, "yscale36": 0.7043728771398723, "zscale36": 0.7043728771398723, "Cab37": 66.993065879481, "Cw37": 0.03585111482125792, "xscale37": 0.4227834569738323, "yscale37": 0.4227834569738323, "zscale37": 0.4227834569738323, "Cab38": 54.252409408914865, "Cw38": 0.024326938549611536, "xscale38": 0.47942001020376634, "yscale38": 0.47942001020376634, "zscale38": 0.47942001020376634, "Cab39": 24.799864768676464, "Cw39": 0.0389328883006763, "xscale39": 0.7142270828804934, "yscale39": 0.7142270828804934, "zscale39": 0.7142270828804934, "Cab40": 38.90405477268658, "Cw40": 0.02036464706498644, "xscale40": 0.596477911453365, "yscale40": 0.596477911453365, "zscale40": 0.596477911453365, "Cab41": 39.16917797647963, "Cw41": 0.025650144580724434, "xscale41": 0.5057190856047167, "yscale41": 0.5057190856047167, "zscale41": 0.5057190856047167, "Cab42": 30.172707894842084, "Cw42": 0.037210711025533846, "xscale42": 0.6564365981882262, "yscale42": 0.6564365981882262, "zscale42": 0.6564365981882262, "Cab43": 88.73601310491742, "Cw43": 0.03715237621402328, "xscale43": 0.555006947621655, "yscale43": 0.555006947621655, "zscale43": 0.555006947621655, "Cab44": 43.94174349071523, "Cw44": 0.03135810955961773, "xscale44": 0.41681754863844295, "yscale44": 0.41681754863844295, "zscale44": 0.41681754863844295, "Cab45": 85.45299737266825, "Cw45": 0.042050070463797204, "xscale45": 0.3984578970764101, "yscale45": 0.3984578970764101, "zscale45": 0.3984578970764101, "Cab46": 62.513022639570494, "Cw46": 0.022816420327731304, "xscale46": 0.5484144215932348, "yscale46": 0.5484144215932348, "zscale46": 0.5484144215932348, "Cab47": 73.65466569939281, "Cw47": 0.010179844958671311, "xscale47": 0.42497884323506846, "yscale47": 0.42497884323506846, "zscale47": 0.42497884323506846, "Cab48": 81.6259792003577, "Cw48": 0.034350784285569036, "xscale48": 0.6676780409140197, "yscale48": 0.6676780409140197, "zscale48": 0.6676780409140197, "Cab49": 55.5408334598379, "Cw49": 0.02849240557863094, "xscale49": 0.4710625866574143, "yscale49": 0.4710625866574143, "zscale49": 0.4710625866574143, "Cab50": 68.45260478669232, "Cw50": 0.049010429675987774, "xscale50": 0.6618485745165467, "yscale50": 0.6618485745165467, "zscale50": 0.6618485745165467, "Cab51": 70.85504696403302, "Cw51": 0.03204724372877398, "xscale51": 0.7991109826943487, "yscale51": 0.7991109826943487, "zscale51": 0.7991109826943487, "Cab52": 88.02666839285486,