{"Cab0": 42.24108926260134, "Cw0": 0.04526540508044734, "xscale0": 0.8012825102073502, "yscale0": 0.8012825102073502, "zscale0": 0.8012825102073502, "Cab1": 23.72673181060116, "Cw1": 0.03990631531889748, "xscale1": 0.5685221578587587, "yscale1": 0.5685221578587587, "zscale1": 0.5685221578587587, "Cab2": 62.39699989146788, "Cw2": 0.027620494769254343, "xscale2": 0.587314454564758, "yscale2": 0.587314454564758, "zscale2": 0.587314454564758, "Cab3": 73.22567716791757, "Cw3": 0.033211468158365516, "xscale3": 0.58148111940171, "yscale3": 0.58148111940171, "zscale3": 0.58148111940171, "Cab4": 68.69750273217124, "Cw4": 0.04230142311761789, "xscale4": 0.49322372145169646, "yscale4": 0.49322372145169646, "zscale4": 0.49322372145169646, "Cab5": 50.09843128375153, "Cw5": 0.021618230442388697, "xscale5": 0.8499821174046327, "yscale5": 0.8499821174046327, "zscale5": 0.8499821174046327, "Cab6": 43.96776660845151, "Cw6": 0.04736449514485786, "xscale6": 0.6519592712764618, "yscale6": 0.6519592712764618, "zscale6": 0.6519592712764618, "Cab7": 56.13082821284549, "Cw7": 0.010991699723954768, "xscale7": 0.5278824969616092, "yscale7": 0.5278824969616092, "zscale7": 0.5278824969616092, "Cab8": 88.58409462234701, "Cw8": 0.0347306660171846, "xscale8": 0.5787633407858632, "yscale8": 0.5787633407858632, "zscale8": 0.5787633407858632, "Cab9": 56.637477608555194, "Cw9": 0.011878656701650088, "xscale9": 0.6452379088496408, "yscale9": 0.6452379088496408, "zscale9": 0.6452379088496408, "Cab10": 36.12730737796434, "Cw10": 0.0396493053252925, "xscale10": 0.5011898763927044, "yscale10": 0.5011898763927044, "zscale10": 0.5011898763927044, "Cab11": 27.340772036382422, "Cw11": 0.015203006089280425, "xscale11": 0.6118197446914364, "yscale11": 0.6118197446914364, "zscale11": 0.6118197446914364, "Cab12": 67.75625713502734, "Cw12": 0.01442329276221356, "xscale12": 0.6534012637338867, "yscale12": 0.6534012637338867, "zscale12": 0.6534012637338867, "Cab13": 80.15878941453127, "Cw13": 0.016875051244726196, "xscale13": 0.6013422069904514, "yscale13": 0.6013422069904514, "zscale13": 0.6013422069904514, "Cab14": 82.0160602026671, "Cw14": 0.016457173022408504, "xscale14": 0.44584091630176254, "yscale14": 0.44584091630176254, "zscale14": 0.44584091630176254, "Cab15": 80.51639136758554, "Cw15": 0.03274471826964995, "xscale15": 0.6192162103723345, "yscale15": 0.6192162103723345, "zscale15": 0.6192162103723345, "Cab16": 55.92329835949727, "Cw16": 0.010968618917900358, "xscale16": 0.5990903299359802, "yscale16": 0.5990903299359802, "zscale16": 0.5990903299359802, "Cab17": 60.6360954601166, "Cw17": 0.011699199441691302, "xscale17": 0.47307957207805584, "yscale17": 0.47307957207805584, "zscale17": 0.47307957207805584, "Cab18": 75.86814934126055, "Cw18": 0.04345654013967319, "xscale18": 0.682456348811954, "yscale18": 0.682456348811954, "zscale18": 0.682456348811954, "Cab19": 21.93871919092341, "Cw19": 0.03610596094774175, "xscale19": 0.5265280502123212, "yscale19": 0.5265280502123212, "zscale19": 0.5265280502123212, "Cab20": 28.06361957534831, "Cw20": 0.020532624701656864, "xscale20": 0.5526681699681635, "yscale20": 0.5526681699681635, "zscale20": 0.5526681699681635, "Cab21": 39.05472778110793, "Cw21": 0.022632244824202175, "xscale21": 0.4944359153887455, "yscale21": 0.4944359153887455, "zscale21": 0.4944359153887455, "Cab22": 80.13881847132856, "Cw22": 0.0378564808159754, "xscale22": 0.5675500802206297, "yscale22": 0.5675500802206297, "zscale22": 0.5675500802206297, "Cab23": 49.752610021597064, "Cw23": 0.02949536523861923, "xscale23": 0.5858225674671326, "yscale23": 0.5858225674671326, "zscale23": 0.5858225674671326, "Cab24": 82.51078198798041, "Cw24": 0.04602609978344055, "xscale24": 0.4423228615128507, "yscale24": 0.4423228615128507, "zscale24": 0.4423228615128507, "Cab25": 47.57260993392653, "Cw25": 0.02061143339880384, "xscale25": 0.6617391042017708, "yscale25": 0.6617391042017708, "zscale25": 0.6617391042017708, "Cab26": 37.23170186779398, "Cw26": 0.024612942865830365, "xscale26": 0.5127759679273035, "yscale26": 0.5127759679273035, "zscale26": 0.5127759679273035, "Cab27": 75.22630229311483, "Cw27": 0.03800529426524207, "xscale27": 0.3736466269888036, "yscale27": 0.3736466269888036, "zscale27": 0.3736466269888036, "Cab28": 29.238663085634254, "Cw28": 0.01163381182567104, "xscale28": 0.3606909574200477, "yscale28": 0.3606909574200477, "zscale28": 0.3606909574200477, "Cab29": 57.350940639525426, "Cw29": 0.01037192701029042, "xscale29": 0.5557081146727163, "yscale29": 0.5557081146727163, "zscale29": 0.5557081146727163, "Cab30": 47.65852341928846, "Cw30": 0.028262059867181208, "xscale30": 0.4196625257921453, "yscale30": 0.4196625257921453, "zscale30": 0.4196625257921453, "Cab31": 80.28218975028345, "Cw31": 0.040820208691520574, "xscale31": 0.5423645020939489, "yscale31": 0.5423645020939489, "zscale31": 0.5423645020939489, "Cab32": 88.51348147898138, "Cw32": 0.04545685901057095, "xscale32": 0.5456028943034533, "yscale32": 0.5456028943034533, "zscale32": 0.5456028943034533, "Cab33": 74.61785169252292, "Cw33": 0.04541999940953335, "xscale33": 0.4093964297960317, "yscale33": 0.4093964297960317, "zscale33": 0.4093964297960317, "Cab34": 47.433248918567244, "Cw34": 0.01283699905125522, "xscale34": 0.4599812641367277, "yscale34": 0.4599812641367277, "zscale34": 0.4599812641367277, "Cab35": 62.78100133427529, "Cw35": 0.035116305820761154, "xscale35": 0.3576967051294109, "yscale35": 0.3576967051294109, "zscale35": 0.3576967051294109, "Cab36": 23.27462942977001, "Cw36": 0.04736065734663412, "xscale36": 0.7008513751469774, "yscale36": 0.7008513751469774, "zscale36": 0.7008513751469774, "Cab37": 69.81837852367948, "Cw37": 0.04260875043431604, "xscale37": 0.44209255645542694, "yscale37": 0.44209255645542694, "zscale37": 0.44209255645542694, "Cab38": 63.717438630313886, "Cw38": 0.01856495613228848, "xscale38": 0.47818155824305325, "yscale38": 0.47818155824305325, "zscale38": 0.47818155824305325, "Cab39": 37.896392722402155, "Cw39": 0.01724893035533483, "xscale39": 0.5599912554697887, "yscale39": 0.5599912554697887, "zscale39": 0.5599912554697887, "Cab40": 23.91853094295653, "Cw40": 0.04595763912205203, "xscale40": 0.4534825936263211, "yscale40": 0.4534825936263211, "zscale40": 0.4534825936263211, "Cab41": 36.04101234661276, "Cw41": 0.03341804330549787, "xscale41": 0.533359401522814, "yscale41": 0.533359401522814, "zscale41": 0.533359401522814, "Cab42": 49.70282454655569, "Cw42": 0.027814273133890843, "xscale42": 0.4811896215888322, "yscale42": 0.4811896215888322, "zscale42": 0.4811896215888322, "Cab43": 75.54316950980957, "Cw43": 0.025371133478052685, "xscale43": 0.6060867912630392, "yscale43": 0.6060867912630392, "zscale43": 0.6060867912630392, "Cab44": 45.01364715519037, "Cw44": 0.020212829086445408, "xscale44": 0.5057487412482928, "yscale44": 0.5057487412482928, "zscale44": 0.5057487412482928, "Cab45": 77.18295030564596, "Cw45": 0.02280998702043481, "xscale45": 0.3321227216475348, "yscale45": 0.3321227216475348, "zscale45": 0.3321227216475348, "Cab46": 33.05101210623149, "Cw46": 0.023539947927539485, "xscale46": 0.3832206951453236, "yscale46": 0.3832206951453236, "zscale46": 0.3832206951453236, "Cab47": 40.24652506819135, "Cw47": 0.01162880585101652, "xscale47": 0.43990996313860964, "yscale47": 0.43990996313860964, "zscale47": 0.43990996313860964, "Cab48": 86.28058498173516, "Cw48": 0.026649078716377714, "xscale48": 0.6626354829877585, "yscale48": 0.6626354829877585, "zscale48": 0.6626354829877585, "Cab49": 61.38729030054786, "Cw49": 0.02446251186906088, "xscale49": 0.430659842925539, "yscale49": 0.430659842925539, "zscale49": 0.430659842925539, "Cab50": 68.95880563666236, "Cw50": 0.03592079906836329, "xscale50": 0.5794955056623707, "yscale50": 0.5794955056623707, "zscale50": 0.5794955056623707, "Cab51": 37.716355876755834, "Cw51": 0.04713960549864905, "xscale51": 0.6383227356131468, "yscale51": 0.6383227356131468, "zscale51": 0.6383227356131468, "Cab52": 48.759959467798176, "Cw52": 0.01898469105649839,