{"Cab0": 53.576541982654945, "Cw0": 0.04707865182920791, "xscale0": 0.8149786048320754, "yscale0": 0.8149786048320754, "zscale0": 0.8149786048320754, "Cab1": 27.531892426797, "Cw1": 0.016291091214704213, "xscale1": 0.6145137897670312, "yscale1": 0.6145137897670312, "zscale1": 0.6145137897670312, "Cab2": 49.61627318828165, "Cw2": 0.03550654685227755, "xscale2": 0.6216504185749119, "yscale2": 0.6216504185749119, "zscale2": 0.6216504185749119, "Cab3": 73.15497883173495, "Cw3": 0.018856311023729134, "xscale3": 0.47936020363308895, "yscale3": 0.47936020363308895, "zscale3": 0.47936020363308895, "Cab4": 72.85125762414069, "Cw4": 0.036504225872505285, "xscale4": 0.6900518308415359, "yscale4": 0.6900518308415359, "zscale4": 0.6900518308415359, "Cab5": 41.35311975739417, "Cw5": 0.04769988093237228, "xscale5": 0.8219134356669102, "yscale5": 0.8219134356669102, "zscale5": 0.8219134356669102, "Cab6": 32.78164940905495, "Cw6": 0.010845473792887188, "xscale6": 0.5924918308785557, "yscale6": 0.5924918308785557, "zscale6": 0.5924918308785557, "Cab7": 40.56357388217988, "Cw7": 0.01055296545990355, "xscale7": 0.5602755139647738, "yscale7": 0.5602755139647738, "zscale7": 0.5602755139647738, "Cab8": 24.543285231406287, "Cw8": 0.028985214700752694, "xscale8": 0.6210948831142556, "yscale8": 0.6210948831142556, "zscale8": 0.6210948831142556, "Cab9": 78.89916107977524, "Cw9": 0.04096409883180908, "xscale9": 0.697318404229973, "yscale9": 0.697318404229973, "zscale9": 0.697318404229973, "Cab10": 64.89037269949938, "Cw10": 0.03638595220935029, "xscale10": 0.4737279024063346, "yscale10": 0.4737279024063346, "zscale10": 0.4737279024063346, "Cab11": 79.25754186243068, "Cw11": 0.0118733020524658, "xscale11": 0.5475941241930764, "yscale11": 0.5475941241930764, "zscale11": 0.5475941241930764, "Cab12": 21.95958148843253, "Cw12": 0.02937785356934062, "xscale12": 0.6004329921997843, "yscale12": 0.6004329921997843, "zscale12": 0.6004329921997843, "Cab13": 33.308329598639205, "Cw13": 0.03855474203388014, "xscale13": 0.6464212587728344, "yscale13": 0.6464212587728344, "zscale13": 0.6464212587728344, "Cab14": 83.07249800523738, "Cw14": 0.022874028286577197, "xscale14": 0.5325444079395049, "yscale14": 0.5325444079395049, "zscale14": 0.5325444079395049, "Cab15": 80.01035838377238, "Cw15": 0.016365705729567227, "xscale15": 0.6770699565623702, "yscale15": 0.6770699565623702, "zscale15": 0.6770699565623702, "Cab16": 60.92749895581106, "Cw16": 0.04953933843592937, "xscale16": 0.5790288750702979, "yscale16": 0.5790288750702979, "zscale16": 0.5790288750702979, "Cab17": 78.37542921630524, "Cw17": 0.010105514700988544, "xscale17": 0.574176759055554, "yscale17": 0.574176759055554, "zscale17": 0.574176759055554, "Cab18": 38.29985338788608, "Cw18": 0.04921291517182152, "xscale18": 0.7248100679423658, "yscale18": 0.7248100679423658, "zscale18": 0.7248100679423658, "Cab19": 57.06928587887253, "Cw19": 0.02573736920785085, "xscale19": 0.552131636968814, "yscale19": 0.552131636968814, "zscale19": 0.552131636968814, "Cab20": 23.71417632345869, "Cw20": 0.026692399325648798, "xscale20": 0.639607706321283, "yscale20": 0.639607706321283, "zscale20": 0.639607706321283, "Cab21": 30.454798890523453, "Cw21": 0.030315700511176213, "xscale21": 0.43952194282659063, "yscale21": 0.43952194282659063, "zscale21": 0.43952194282659063, "Cab22": 75.02329190366046, "Cw22": 0.04568249799857448, "xscale22": 0.5542668405093059, "yscale22": 0.5542668405093059, "zscale22": 0.5542668405093059, "Cab23": 61.926850715046626, "Cw23": 0.04922344826499545, "xscale23": 0.5155500033452373, "yscale23": 0.5155500033452373, "zscale23": 0.5155500033452373, "Cab24": 40.880487474782335, "Cw24": 0.022339965831850342, "xscale24": 0.6374243879995213, "yscale24": 0.6374243879995213, "zscale24": 0.6374243879995213, "Cab25": 89.96788575478915, "Cw25": 0.023806761598495096, "xscale25": 0.5750906046792142, "yscale25": 0.5750906046792142, "zscale25": 0.5750906046792142, "Cab26": 50.82383371009581, "Cw26": 0.035933219494371345, "xscale26": 0.6197886090320767, "yscale26": 0.6197886090320767, "zscale26": 0.6197886090320767, "Cab27": 38.5805650376755, "Cw27": 0.02436174361582088, "xscale27": 0.3650737239887354, "yscale27": 0.3650737239887354, "zscale27": 0.3650737239887354, "Cab28": 89.31141237773164, "Cw28": 0.011392782257291695, "xscale28": 0.4033210514570768, "yscale28": 0.4033210514570768, "zscale28": 0.4033210514570768, "Cab29": 86.83936489722917, "Cw29": 0.011305245120320905, "xscale29": 0.5708920836487682, "yscale29": 0.5708920836487682, "zscale29": 0.5708920836487682, "Cab30": 85.16180314102289, "Cw30": 0.018193398682021696, "xscale30": 0.3151675723300814, "yscale30": 0.3151675723300814, "zscale30": 0.3151675723300814, "Cab31": 25.46924637814342, "Cw31": 0.041840784770635416, "xscale31": 0.7116814845631604, "yscale31": 0.7116814845631604, "zscale31": 0.7116814845631604, "Cab32": 53.46224469491325, "Cw32": 0.015261038266707817, "xscale32": 0.47212181525945424, "yscale32": 0.47212181525945424, "zscale32": 0.47212181525945424, "Cab33": 60.11381512657855, "Cw33": 0.03074264754462399, "xscale33": 0.40851796900178544, "yscale33": 0.40851796900178544, "zscale33": 0.40851796900178544, "Cab34": 45.58543013295164, "Cw34": 0.04868745863744304, "xscale34": 0.47935665245242853, "yscale34": 0.47935665245242853, "zscale34": 0.47935665245242853, "Cab35": 24.78728630410435, "Cw35": 0.01415427647870314, "xscale35": 0.4644008793958311, "yscale35": 0.4644008793958311, "zscale35": 0.4644008793958311, "Cab36": 87.9958738971773, "Cw36": 0.017039132085155798, "xscale36": 0.5673759975615078, "yscale36": 0.5673759975615078, "zscale36": 0.5673759975615078, "Cab37": 65.32484369067495, "Cw37": 0.031042476319919486, "xscale37": 0.45354206212025083, "yscale37": 0.45354206212025083, "zscale37": 0.45354206212025083, "Cab38": 43.18550887949179, "Cw38": 0.04080250860549705, "xscale38": 0.40284350419198733, "yscale38": 0.40284350419198733, "zscale38": 0.40284350419198733, "Cab39": 23.72907605340127, "Cw39": 0.04944810427038831, "xscale39": 0.5665742968464705, "yscale39": 0.5665742968464705, "zscale39": 0.5665742968464705, "Cab40": 39.834461408502236, "Cw40": 0.028901648512503007, "xscale40": 0.6259123224862114, "yscale40": 0.6259123224862114, "zscale40": 0.6259123224862114, "Cab41": 63.55428778510279, "Cw41": 0.019860621171322708, "xscale41": 0.5449969312445477, "yscale41": 0.5449969312445477, "zscale41": 0.5449969312445477, "Cab42": 89.37694886575454, "Cw42": 0.01577324988584818, "xscale42": 0.6392319422204995, "yscale42": 0.6392319422204995, "zscale42": 0.6392319422204995, "Cab43": 80.18069876631834, "Cw43": 0.010175982436399087, "xscale43": 0.5862782705341315, "yscale43": 0.5862782705341315, "zscale43": 0.5862782705341315, "Cab44": 81.16539380860047, "Cw44": 0.04058959563501036, "xscale44": 0.4623431709286404, "yscale44": 0.4623431709286404, "zscale44": 0.4623431709286404, "Cab45": 66.94302769899383, "Cw45": 0.04285913090622332, "xscale45": 0.32449832284871494, "yscale45": 0.32449832284871494, "zscale45": 0.32449832284871494, "Cab46": 83.66259984449144, "Cw46": 0.04665932165107306, "xscale46": 0.42675030248623547, "yscale46": 0.42675030248623547, "zscale46": 0.42675030248623547, "Cab47": 86.92246337971973, "Cw47": 0.022628995193953012, "xscale47": 0.4984807385006818, "yscale47": 0.4984807385006818, "zscale47": 0.4984807385006818, "Cab48": 23.031099072039453, "Cw48": 0.028962933479566383, "xscale48": 0.5789037311031647, "yscale48": 0.5789037311031647, "zscale48": 0.5789037311031647, "Cab49": 28.703995599085154, "Cw49": 0.01653207974635933, "xscale49": 0.42365670194356714, "yscale49": 0.42365670194356714, "zscale49": 0.42365670194356714, "Cab50": 68.01657075791913, "Cw50": 0.043148246795763776, "xscale50": 0.721775515155695, "yscale50": 0.721775515155695, "zscale50": 0.721775515155695, "Cab51": 76.62107389932883, "Cw51": 0.03430354512457165, "xscale51": 0.5694526902641099, "yscale51": 0.5694526902641099, "zscale51": 0.5694526902641099, "Cab52": 71.48541184725259,