{"Cab0": 25.70509827105189, "Cw0": 0.01554377376333445, "xscale0": 0.6164512683296183, "yscale0": 0.6164512683296183, "zscale0": 0.6164512683296183, "Cab1": 36.236109254691065, "Cw1": 0.021495492685399964, "xscale1": 0.5903389213696021, "yscale1": 0.5903389213696021, "zscale1": 0.5903389213696021, "Cab2": 64.38907671979553, "Cw2": 0.027062584789836495, "xscale2": 0.5249529340237051, "yscale2": 0.5249529340237051, "zscale2": 0.5249529340237051, "Cab3": 27.79888408490148, "Cw3": 0.04057283211341103, "xscale3": 0.569085157999351, "yscale3": 0.569085157999351, "zscale3": 0.569085157999351, "Cab4": 36.02923956523359, "Cw4": 0.04071186992398371, "xscale4": 0.5128459140520204, "yscale4": 0.5128459140520204, "zscale4": 0.5128459140520204, "Cab5": 42.23953956014937, "Cw5": 0.016342850457116878, "xscale5": 0.8972412084491346, "yscale5": 0.8972412084491346, "zscale5": 0.8972412084491346, "Cab6": 44.506549510987526, "Cw6": 0.035545367093065376, "xscale6": 0.5185358378351388, "yscale6": 0.5185358378351388, "zscale6": 0.5185358378351388, "Cab7": 82.27082529868973, "Cw7": 0.027752479917497526, "xscale7": 0.4898237464449493, "yscale7": 0.4898237464449493, "zscale7": 0.4898237464449493, "Cab8": 77.54273123112208, "Cw8": 0.033130585529912084, "xscale8": 0.551003612347201, "yscale8": 0.551003612347201, "zscale8": 0.551003612347201, "Cab9": 35.272859000379626, "Cw9": 0.022834395478953044, "xscale9": 0.6185937278418123, "yscale9": 0.6185937278418123, "zscale9": 0.6185937278418123, "Cab10": 54.43432817959346, "Cw10": 0.02452674824374239, "xscale10": 0.49264175812053596, "yscale10": 0.49264175812053596, "zscale10": 0.49264175812053596, "Cab11": 20.59735667645818, "Cw11": 0.014026440551588536, "xscale11": 0.5452330988406818, "yscale11": 0.5452330988406818, "zscale11": 0.5452330988406818, "Cab12": 23.548803201321594, "Cw12": 0.025205466832933388, "xscale12": 0.4878500673128737, "yscale12": 0.4878500673128737, "zscale12": 0.4878500673128737, "Cab13": 62.470259421758605, "Cw13": 0.01798976600656898, "xscale13": 0.709581821991241, "yscale13": 0.709581821991241, "zscale13": 0.709581821991241, "Cab14": 67.8764880677461, "Cw14": 0.04067790533587903, "xscale14": 0.6488495712190456, "yscale14": 0.6488495712190456, "zscale14": 0.6488495712190456, "Cab15": 32.810137975983224, "Cw15": 0.012734730157578795, "xscale15": 0.5249152006451375, "yscale15": 0.5249152006451375, "zscale15": 0.5249152006451375, "Cab16": 53.249294940562784, "Cw16": 0.01936173899874646, "xscale16": 0.4854035443804733, "yscale16": 0.4854035443804733, "zscale16": 0.4854035443804733, "Cab17": 43.56994391370656, "Cw17": 0.014190923468785087, "xscale17": 0.5485750234324306, "yscale17": 0.5485750234324306, "zscale17": 0.5485750234324306, "Cab18": 46.24487076667617, "Cw18": 0.01700483100653282, "xscale18": 0.6853982263039406, "yscale18": 0.6853982263039406, "zscale18": 0.6853982263039406, "Cab19": 60.32848602190109, "Cw19": 0.011422392305036878, "xscale19": 0.5300428364948614, "yscale19": 0.5300428364948614, "zscale19": 0.5300428364948614, "Cab20": 25.57027817691215, "Cw20": 0.034169883997908684, "xscale20": 0.7153384401648194, "yscale20": 0.7153384401648194, "zscale20": 0.7153384401648194, "Cab21": 45.83855186742883, "Cw21": 0.047978082743085355, "xscale21": 0.47306063326257847, "yscale21": 0.47306063326257847, "zscale21": 0.47306063326257847, "Cab22": 80.86963207252097, "Cw22": 0.04148153282305427, "xscale22": 0.5477012097359855, "yscale22": 0.5477012097359855, "zscale22": 0.5477012097359855, "Cab23": 79.5008448144871, "Cw23": 0.03444255301401301, "xscale23": 0.6878049197854754, "yscale23": 0.6878049197854754, "zscale23": 0.6878049197854754, "Cab24": 65.26965007838646, "Cw24": 0.0305746422609154, "xscale24": 0.466318911649049, "yscale24": 0.466318911649049, "zscale24": 0.466318911649049, "Cab25": 75.72295507599793, "Cw25": 0.03932227887593774, "xscale25": 0.6508766090709304, "yscale25": 0.6508766090709304, "zscale25": 0.6508766090709304, "Cab26": 41.885763420170306, "Cw26": 0.02794022420570824, "xscale26": 0.572266740040132, "yscale26": 0.572266740040132, "zscale26": 0.572266740040132, "Cab27": 87.53103042642732, "Cw27": 0.03663074745592018, "xscale27": 0.4963574505304562, "yscale27": 0.4963574505304562, "zscale27": 0.4963574505304562, "Cab28": 61.37956252217447, "Cw28": 0.048584142272390926, "xscale28": 0.48957031421978686, "yscale28": 0.48957031421978686, "zscale28": 0.48957031421978686, "Cab29": 59.009931842322246, "Cw29": 0.03521792586436708, "xscale29": 0.4968631575943727, "yscale29": 0.4968631575943727, "zscale29": 0.4968631575943727, "Cab30": 49.64042721709249, "Cw30": 0.03557639456303932, "xscale30": 0.3616765406203102, "yscale30": 0.3616765406203102, "zscale30": 0.3616765406203102, "Cab31": 43.75163933257162, "Cw31": 0.01132599432487431, "xscale31": 0.5658231997043163, "yscale31": 0.5658231997043163, "zscale31": 0.5658231997043163, "Cab32": 80.92359858416708, "Cw32": 0.024416034618878042, "xscale32": 0.3913362449675569, "yscale32": 0.3913362449675569, "zscale32": 0.3913362449675569, "Cab33": 41.35209167869684, "Cw33": 0.039308773108860905, "xscale33": 0.5216400264506339, "yscale33": 0.5216400264506339, "zscale33": 0.5216400264506339, "Cab34": 24.92288576561927, "Cw34": 0.0432768198945804, "xscale34": 0.5265640906256425, "yscale34": 0.5265640906256425, "zscale34": 0.5265640906256425, "Cab35": 79.71476209570386, "Cw35": 0.028841551186921152, "xscale35": 0.39108283987681797, "yscale35": 0.39108283987681797, "zscale35": 0.39108283987681797, "Cab36": 52.608431963355486, "Cw36": 0.018328624551353992, "xscale36": 0.7717292074127151, "yscale36": 0.7717292074127151, "zscale36": 0.7717292074127151, "Cab37": 23.835769321416773, "Cw37": 0.018254718133989926, "xscale37": 0.48138838264676515, "yscale37": 0.48138838264676515, "zscale37": 0.48138838264676515, "Cab38": 65.75250254528336, "Cw38": 0.02621231492001984, "xscale38": 0.44062330503510927, "yscale38": 0.44062330503510927, "zscale38": 0.44062330503510927, "Cab39": 43.22274139481099, "Cw39": 0.018888516162699133, "xscale39": 0.5627317039332683, "yscale39": 0.5627317039332683, "zscale39": 0.5627317039332683, "Cab40": 42.89063211936276, "Cw40": 0.035033041400402413, "xscale40": 0.5914526757329928, "yscale40": 0.5914526757329928, "zscale40": 0.5914526757329928, "Cab41": 87.59534504998308, "Cw41": 0.03685567051305615, "xscale41": 0.5683055101201876, "yscale41": 0.5683055101201876, "zscale41": 0.5683055101201876, "Cab42": 72.44412204776395, "Cw42": 0.015051523299425962, "xscale42": 0.4793016745816311, "yscale42": 0.4793016745816311, "zscale42": 0.4793016745816311, "Cab43": 52.00909608450327, "Cw43": 0.03721695459525701, "xscale43": 0.6051151079677323, "yscale43": 0.6051151079677323, "zscale43": 0.6051151079677323, "Cab44": 28.256945046020153, "Cw44": 0.040270705809954274, "xscale44": 0.40396926241300296, "yscale44": 0.40396926241300296, "zscale44": 0.40396926241300296, "Cab45": 77.54418509928294, "Cw45": 0.020950637398152425, "xscale45": 0.35865665799542396, "yscale45": 0.35865665799542396, "zscale45": 0.35865665799542396, "Cab46": 23.584290546484095, "Cw46": 0.02530514173651973, "xscale46": 0.49389738016124773, "yscale46": 0.49389738016124773, "zscale46": 0.49389738016124773, "Cab47": 88.19798999830344, "Cw47": 0.033911486961809574, "xscale47": 0.5424491350099386, "yscale47": 0.5424491350099386, "zscale47": 0.5424491350099386, "Cab48": 70.0987367032595, "Cw48": 0.02691586778521015, "xscale48": 0.7564160828907356, "yscale48": 0.7564160828907356, "zscale48": 0.7564160828907356, "Cab49": 77.59264543858745, "Cw49": 0.04724754629124656, "xscale49": 0.5742441135841231, "yscale49": 0.5742441135841231, "zscale49": 0.5742441135841231, "Cab50": 83.17217574381833, "Cw50": 0.034464593130094395, "xscale50": 0.6820194802454437, "yscale50": 0.6820194802454437, "zscale50": 0.6820194802454437, "Cab51": 50.98727994551828, "Cw51": 0.022263879890754814, "xscale51": 0.7131806556249422, "yscale51": 0.7131806556249422, "zscale51": 0.7131806556249422, "Cab52": 76.18407853323993,