{"Cab0": 42.10829005405283, "Cw0": 0.01813690935705584, "xscale0": 0.7404765336450903, "yscale0": 0.7404765336450903, "zscale0": 0.7404765336450903, "Cab1": 72.56582812846253, "Cw1": 0.01960008604499104, "xscale1": 0.5153740117302693, "yscale1": 0.5153740117302693, "zscale1": 0.5153740117302693, "Cab2": 35.24143020050391, "Cw2": 0.03641106534851031, "xscale2": 0.5603229921873863, "yscale2": 0.5603229921873863, "zscale2": 0.5603229921873863, "Cab3": 62.50549943753239, "Cw3": 0.024034015651293726, "xscale3": 0.4735835045483137, "yscale3": 0.4735835045483137, "zscale3": 0.4735835045483137, "Cab4": 86.5119929945321, "Cw4": 0.012983599521756775, "xscale4": 0.4851849007368636, "yscale4": 0.4851849007368636, "zscale4": 0.4851849007368636, "Cab5": 36.55812393428095, "Cw5": 0.026795756205658904, "xscale5": 0.8591873623620049, "yscale5": 0.8591873623620049, "zscale5": 0.8591873623620049, "Cab6": 68.31485066309055, "Cw6": 0.02689945448189153, "xscale6": 0.4966176892788885, "yscale6": 0.4966176892788885, "zscale6": 0.4966176892788885, "Cab7": 83.54653056556468, "Cw7": 0.047672780756974495, "xscale7": 0.5419391846426451, "yscale7": 0.5419391846426451, "zscale7": 0.5419391846426451, "Cab8": 59.82426865109214, "Cw8": 0.03883214850650116, "xscale8": 0.665180410306572, "yscale8": 0.665180410306572, "zscale8": 0.665180410306572, "Cab9": 80.75050597677321, "Cw9": 0.04702019366890444, "xscale9": 0.5671387185129485, "yscale9": 0.5671387185129485, "zscale9": 0.5671387185129485, "Cab10": 50.96891268442683, "Cw10": 0.03908505257491407, "xscale10": 0.49166174525527634, "yscale10": 0.49166174525527634, "zscale10": 0.49166174525527634, "Cab11": 41.74883438733872, "Cw11": 0.020984098408618982, "xscale11": 0.6144609490572394, "yscale11": 0.6144609490572394, "zscale11": 0.6144609490572394, "Cab12": 40.16484805247593, "Cw12": 0.04413929154996408, "xscale12": 0.6193681912414281, "yscale12": 0.6193681912414281, "zscale12": 0.6193681912414281, "Cab13": 43.64895951433175, "Cw13": 0.04418973931964788, "xscale13": 0.5534220752140676, "yscale13": 0.5534220752140676, "zscale13": 0.5534220752140676, "Cab14": 50.10941602308231, "Cw14": 0.04334030027541511, "xscale14": 0.5296564518098744, "yscale14": 0.5296564518098744, "zscale14": 0.5296564518098744, "Cab15": 66.37215201202585, "Cw15": 0.028207063513638678, "xscale15": 0.5315846180016098, "yscale15": 0.5315846180016098, "zscale15": 0.5315846180016098, "Cab16": 51.84579762187458, "Cw16": 0.04685744093402152, "xscale16": 0.590891753454375, "yscale16": 0.590891753454375, "zscale16": 0.590891753454375, "Cab17": 45.331206714576226, "Cw17": 0.02100146953826831, "xscale17": 0.6369527236825758, "yscale17": 0.6369527236825758, "zscale17": 0.6369527236825758, "Cab18": 39.95712573870435, "Cw18": 0.017053074519250543, "xscale18": 0.7212022186572451, "yscale18": 0.7212022186572451, "zscale18": 0.7212022186572451, "Cab19": 35.209635590852606, "Cw19": 0.0339842669819071, "xscale19": 0.6303974928572075, "yscale19": 0.6303974928572075, "zscale19": 0.6303974928572075, "Cab20": 40.02909073792058, "Cw20": 0.012214780611138494, "xscale20": 0.7124382384896649, "yscale20": 0.7124382384896649, "zscale20": 0.7124382384896649, "Cab21": 44.427051737114425, "Cw21": 0.04170231969927743, "xscale21": 0.5008104553745344, "yscale21": 0.5008104553745344, "zscale21": 0.5008104553745344, "Cab22": 82.84439923013363, "Cw22": 0.042646106959699344, "xscale22": 0.5366422066822029, "yscale22": 0.5366422066822029, "zscale22": 0.5366422066822029, "Cab23": 63.51005991552513, "Cw23": 0.04362911685622369, "xscale23": 0.7458561663309305, "yscale23": 0.7458561663309305, "zscale23": 0.7458561663309305, "Cab24": 52.86246016928871, "Cw24": 0.03635326340657829, "xscale24": 0.5674222421079599, "yscale24": 0.5674222421079599, "zscale24": 0.5674222421079599, "Cab25": 69.15374244451881, "Cw25": 0.013098394353589945, "xscale25": 0.5530785871041245, "yscale25": 0.5530785871041245, "zscale25": 0.5530785871041245, "Cab26": 54.97146488241091, "Cw26": 0.04700087513858353, "xscale26": 0.5462082562895524, "yscale26": 0.5462082562895524, "zscale26": 0.5462082562895524, "Cab27": 30.444874299570287, "Cw27": 0.011389269904091014, "xscale27": 0.41551991866050103, "yscale27": 0.41551991866050103, "zscale27": 0.41551991866050103, "Cab28": 67.14635345351584, "Cw28": 0.021345498141043487, "xscale28": 0.4897625860760318, "yscale28": 0.4897625860760318, "zscale28": 0.4897625860760318, "Cab29": 24.87308794135261, "Cw29": 0.030396487942298073, "xscale29": 0.6614070592883158, "yscale29": 0.6614070592883158, "zscale29": 0.6614070592883158, "Cab30": 71.14828306523101, "Cw30": 0.04310277790352365, "xscale30": 0.3887566999866496, "yscale30": 0.3887566999866496, "zscale30": 0.3887566999866496, "Cab31": 66.19616739914667, "Cw31": 0.01612825554622892, "xscale31": 0.6868945736757893, "yscale31": 0.6868945736757893, "zscale31": 0.6868945736757893, "Cab32": 43.90750925562375, "Cw32": 0.027938260838230138, "xscale32": 0.48255397361989516, "yscale32": 0.48255397361989516, "zscale32": 0.48255397361989516, "Cab33": 78.82437685907576, "Cw33": 0.02058643830831977, "xscale33": 0.39355112974117806, "yscale33": 0.39355112974117806, "zscale33": 0.39355112974117806, "Cab34": 76.97872239505136, "Cw34": 0.04352345803809383, "xscale34": 0.42935666874002754, "yscale34": 0.42935666874002754, "zscale34": 0.42935666874002754, "Cab35": 79.15506596310297, "Cw35": 0.04696847607653922, "xscale35": 0.41342967579793893, "yscale35": 0.41342967579793893, "zscale35": 0.41342967579793893, "Cab36": 33.02096561474294, "Cw36": 0.03200075408735718, "xscale36": 0.5711773726370012, "yscale36": 0.5711773726370012, "zscale36": 0.5711773726370012, "Cab37": 67.77425420051793, "Cw37": 0.04817686704491526, "xscale37": 0.3708907291754512, "yscale37": 0.3708907291754512, "zscale37": 0.3708907291754512, "Cab38": 50.260929751359214, "Cw38": 0.01709417059768093, "xscale38": 0.5489378848275639, "yscale38": 0.5489378848275639, "zscale38": 0.5489378848275639, "Cab39": 87.35192432777988, "Cw39": 0.030990911444992844, "xscale39": 0.69456441781296, "yscale39": 0.69456441781296, "zscale39": 0.69456441781296, "Cab40": 45.89049872972707, "Cw40": 0.04594795839326353, "xscale40": 0.5512061254987859, "yscale40": 0.5512061254987859, "zscale40": 0.5512061254987859, "Cab41": 42.49352346647876, "Cw41": 0.019353834297884197, "xscale41": 0.5135246172594355, "yscale41": 0.5135246172594355, "zscale41": 0.5135246172594355, "Cab42": 72.57014053757656, "Cw42": 0.04706986520499052, "xscale42": 0.5764249911736817, "yscale42": 0.5764249911736817, "zscale42": 0.5764249911736817, "Cab43": 49.204268424141745, "Cw43": 0.03863178135437348, "xscale43": 0.6818828131493749, "yscale43": 0.6818828131493749, "zscale43": 0.6818828131493749, "Cab44": 56.82655826815548, "Cw44": 0.031676847080848114, "xscale44": 0.4443967658593344, "yscale44": 0.4443967658593344, "zscale44": 0.4443967658593344, "Cab45": 31.48424564049329, "Cw45": 0.01761502073115089, "xscale45": 0.3071129833839501, "yscale45": 0.3071129833839501, "zscale45": 0.3071129833839501, "Cab46": 23.285315978990887, "Cw46": 0.019660699647385205, "xscale46": 0.5371921057934392, "yscale46": 0.5371921057934392, "zscale46": 0.5371921057934392, "Cab47": 21.729420359516958, "Cw47": 0.032154720259896116, "xscale47": 0.5538118910462935, "yscale47": 0.5538118910462935, "zscale47": 0.5538118910462935, "Cab48": 33.742909560847934, "Cw48": 0.017509281927374727, "xscale48": 0.5302328836490907, "yscale48": 0.5302328836490907, "zscale48": 0.5302328836490907, "Cab49": 64.42303139433523, "Cw49": 0.041114241782634633, "xscale49": 0.4821073089333694, "yscale49": 0.4821073089333694, "zscale49": 0.4821073089333694, "Cab50": 23.804937766209324, "Cw50": 0.014193426489131342, "xscale50": 0.7801199814618986, "yscale50": 0.7801199814618986, "zscale50": 0.7801199814618986, "Cab51": 27.34752142093747, "Cw51": 0.021437512219393336, "xscale51": 0.5797970795139639, "yscale51": 0.5797970795139639, "zscale51": 0.5797970795139639, "Cab52": 24.208941566444466,