{"Cab0": 82.51741520596504, "Cw0": 0.0420606682086018, "xscale0": 0.7404435942424069, "yscale0": 0.7404435942424069, "zscale0": 0.7404435942424069, "Cab1": 55.59246477917876, "Cw1": 0.028810181662066364, "xscale1": 0.535601181679038, "yscale1": 0.535601181679038, "zscale1": 0.535601181679038, "Cab2": 34.07185628838397, "Cw2": 0.046932332791868925, "xscale2": 0.6451953693245395, "yscale2": 0.6451953693245395, "zscale2": 0.6451953693245395, "Cab3": 23.745699112765628, "Cw3": 0.020083209372892548, "xscale3": 0.5739825580212727, "yscale3": 0.5739825580212727, "zscale3": 0.5739825580212727, "Cab4": 25.637907093084333, "Cw4": 0.03193352074656377, "xscale4": 0.6362194971513572, "yscale4": 0.6362194971513572, "zscale4": 0.6362194971513572, "Cab5": 54.43721690566836, "Cw5": 0.025681946820668197, "xscale5": 0.8854096580120658, "yscale5": 0.8854096580120658, "zscale5": 0.8854096580120658, "Cab6": 48.62525649371794, "Cw6": 0.04934649558725414, "xscale6": 0.5819379431740948, "yscale6": 0.5819379431740948, "zscale6": 0.5819379431740948, "Cab7": 34.26246674795987, "Cw7": 0.010202253186037923, "xscale7": 0.4566726064424377, "yscale7": 0.4566726064424377, "zscale7": 0.4566726064424377, "Cab8": 84.68236405356969, "Cw8": 0.04613022144650788, "xscale8": 0.6754729956174211, "yscale8": 0.6754729956174211, "zscale8": 0.6754729956174211, "Cab9": 75.87114862009827, "Cw9": 0.0322916147780004, "xscale9": 0.6646662817506767, "yscale9": 0.6646662817506767, "zscale9": 0.6646662817506767, "Cab10": 85.34743129414124, "Cw10": 0.04798071806220384, "xscale10": 0.4433047715475049, "yscale10": 0.4433047715475049, "zscale10": 0.4433047715475049, "Cab11": 60.19300469478283, "Cw11": 0.042496102931679935, "xscale11": 0.7741894324545714, "yscale11": 0.7741894324545714, "zscale11": 0.7741894324545714, "Cab12": 39.47091991852886, "Cw12": 0.011352699115313624, "xscale12": 0.5951256174811683, "yscale12": 0.5951256174811683, "zscale12": 0.5951256174811683, "Cab13": 26.93354472393885, "Cw13": 0.04433167757169841, "xscale13": 0.5878596517389839, "yscale13": 0.5878596517389839, "zscale13": 0.5878596517389839, "Cab14": 21.15817562822815, "Cw14": 0.029473882757707084, "xscale14": 0.5624816149611764, "yscale14": 0.5624816149611764, "zscale14": 0.5624816149611764, "Cab15": 81.13055835841377, "Cw15": 0.018269057626583145, "xscale15": 0.5923563851987871, "yscale15": 0.5923563851987871, "zscale15": 0.5923563851987871, "Cab16": 81.82613520744621, "Cw16": 0.04806599880147599, "xscale16": 0.6802772786452578, "yscale16": 0.6802772786452578, "zscale16": 0.6802772786452578, "Cab17": 21.03001299052081, "Cw17": 0.03057617295825324, "xscale17": 0.5804798915615268, "yscale17": 0.5804798915615268, "zscale17": 0.5804798915615268, "Cab18": 76.76748948106496, "Cw18": 0.0385310326378811, "xscale18": 0.5875366755091108, "yscale18": 0.5875366755091108, "zscale18": 0.5875366755091108, "Cab19": 60.82803702143944, "Cw19": 0.04388389031088579, "xscale19": 0.48969048292105877, "yscale19": 0.48969048292105877, "zscale19": 0.48969048292105877, "Cab20": 64.84905997368844, "Cw20": 0.043871813393108305, "xscale20": 0.5323685902575274, "yscale20": 0.5323685902575274, "zscale20": 0.5323685902575274, "Cab21": 86.88041090139068, "Cw21": 0.01324863873253217, "xscale21": 0.5164850124547357, "yscale21": 0.5164850124547357, "zscale21": 0.5164850124547357, "Cab22": 36.10492047030735, "Cw22": 0.04936217630941044, "xscale22": 0.5508404217521123, "yscale22": 0.5508404217521123, "zscale22": 0.5508404217521123, "Cab23": 83.48805594510812, "Cw23": 0.015529021472209355, "xscale23": 0.7133102427223212, "yscale23": 0.7133102427223212, "zscale23": 0.7133102427223212, "Cab24": 78.95471957005068, "Cw24": 0.04796511409994272, "xscale24": 0.548880063708845, "yscale24": 0.548880063708845, "zscale24": 0.548880063708845, "Cab25": 89.52890855974256, "Cw25": 0.01529405215125133, "xscale25": 0.646492094975996, "yscale25": 0.646492094975996, "zscale25": 0.646492094975996, "Cab26": 33.950726310593026, "Cw26": 0.017711908516149108, "xscale26": 0.6071328028316082, "yscale26": 0.6071328028316082, "zscale26": 0.6071328028316082, "Cab27": 53.60362614989344, "Cw27": 0.024463842231476123, "xscale27": 0.3534694491919293, "yscale27": 0.3534694491919293, "zscale27": 0.3534694491919293, "Cab28": 64.77716304815837, "Cw28": 0.03774870987714428, "xscale28": 0.4088416823939839, "yscale28": 0.4088416823939839, "zscale28": 0.4088416823939839, "Cab29": 25.958202210084053, "Cw29": 0.026552362127179527, "xscale29": 0.49382371063074926, "yscale29": 0.49382371063074926, "zscale29": 0.49382371063074926, "Cab30": 71.42395919789732, "Cw30": 0.03926572024347748, "xscale30": 0.4090304993096698, "yscale30": 0.4090304993096698, "zscale30": 0.4090304993096698, "Cab31": 41.24448925600324, "Cw31": 0.012590723533987798, "xscale31": 0.5879774631469684, "yscale31": 0.5879774631469684, "zscale31": 0.5879774631469684, "Cab32": 48.50381657525044, "Cw32": 0.03503301970066675, "xscale32": 0.4118219081658718, "yscale32": 0.4118219081658718, "zscale32": 0.4118219081658718, "Cab33": 73.1600863755084, "Cw33": 0.027213581566517597, "xscale33": 0.5124687080249427, "yscale33": 0.5124687080249427, "zscale33": 0.5124687080249427, "Cab34": 23.46232830252552, "Cw34": 0.0295148267636302, "xscale34": 0.42522424930012953, "yscale34": 0.42522424930012953, "zscale34": 0.42522424930012953, "Cab35": 61.11280892313599, "Cw35": 0.042260279440239676, "xscale35": 0.4733021681880693, "yscale35": 0.4733021681880693, "zscale35": 0.4733021681880693, "Cab36": 69.74380868911643, "Cw36": 0.016390235737206896, "xscale36": 0.6872239041905664, "yscale36": 0.6872239041905664, "zscale36": 0.6872239041905664, "Cab37": 79.07173029645195, "Cw37": 0.014748260850980372, "xscale37": 0.5102358953393604, "yscale37": 0.5102358953393604, "zscale37": 0.5102358953393604, "Cab38": 65.69344717307172, "Cw38": 0.039555490920068694, "xscale38": 0.39207213959399845, "yscale38": 0.39207213959399845, "zscale38": 0.39207213959399845, "Cab39": 21.834524019948024, "Cw39": 0.021794899369905044, "xscale39": 0.5901934354900373, "yscale39": 0.5901934354900373, "zscale39": 0.5901934354900373, "Cab40": 23.280499575244622, "Cw40": 0.04141481175115919, "xscale40": 0.49899878395799196, "yscale40": 0.49899878395799196, "zscale40": 0.49899878395799196, "Cab41": 27.905292695268038, "Cw41": 0.048515776204526836, "xscale41": 0.5903073525135147, "yscale41": 0.5903073525135147, "zscale41": 0.5903073525135147, "Cab42": 39.82479696250879, "Cw42": 0.035296517025008786, "xscale42": 0.47921734391680426, "yscale42": 0.47921734391680426, "zscale42": 0.47921734391680426, "Cab43": 28.94798629704814, "Cw43": 0.03361869987541254, "xscale43": 0.5392947435693706, "yscale43": 0.5392947435693706, "zscale43": 0.5392947435693706, "Cab44": 74.15390491024132, "Cw44": 0.018295109938547913, "xscale44": 0.43904478717002, "yscale44": 0.43904478717002, "zscale44": 0.43904478717002, "Cab45": 56.40616187480659, "Cw45": 0.02572643823938353, "xscale45": 0.3290070054640224, "yscale45": 0.3290070054640224, "zscale45": 0.3290070054640224, "Cab46": 87.43485265981167, "Cw46": 0.015085767174513993, "xscale46": 0.45125417228158343, "yscale46": 0.45125417228158343, "zscale46": 0.45125417228158343, "Cab47": 33.202023511761865, "Cw47": 0.04739324642593239, "xscale47": 0.4225111283298347, "yscale47": 0.4225111283298347, "zscale47": 0.4225111283298347, "Cab48": 77.04804026666224, "Cw48": 0.031819996032377076, "xscale48": 0.6657234615804936, "yscale48": 0.6657234615804936, "zscale48": 0.6657234615804936, "Cab49": 21.401047388376195, "Cw49": 0.02178950975866373, "xscale49": 0.47956800070998234, "yscale49": 0.47956800070998234, "zscale49": 0.47956800070998234, "Cab50": 74.46291421698876, "Cw50": 0.01672702136079753, "xscale50": 0.6362941839808343, "yscale50": 0.6362941839808343, "zscale50": 0.6362941839808343, "Cab51": 83.11942490643622, "Cw51": 0.0332528222631421, "xscale51": 0.5864172712664459, "yscale51": 0.5864172712664459, "zscale51": 0.5864172712664459, "Cab52": 50.93899471750062,