{"Cab0": 84.22400622346032, "Cw0": 0.021656698575135604, "xscale0": 0.7344585180795903, "yscale0": 0.7344585180795903, "zscale0": 0.7344585180795903, "Cab1": 88.03542008313238, "Cw1": 0.01950240619673044, "xscale1": 0.5005561285631142, "yscale1": 0.5005561285631142, "zscale1": 0.5005561285631142, "Cab2": 70.12101360661077, "Cw2": 0.04041040889475667, "xscale2": 0.6470433753908336, "yscale2": 0.6470433753908336, "zscale2": 0.6470433753908336, "Cab3": 44.81568074864815, "Cw3": 0.03418561532709165, "xscale3": 0.47571940955219283, "yscale3": 0.47571940955219283, "zscale3": 0.47571940955219283, "Cab4": 47.492033859633054, "Cw4": 0.014406715352402656, "xscale4": 0.6076546390875223, "yscale4": 0.6076546390875223, "zscale4": 0.6076546390875223, "Cab5": 31.966024083389843, "Cw5": 0.040235026255846, "xscale5": 0.6215933171773863, "yscale5": 0.6215933171773863, "zscale5": 0.6215933171773863, "Cab6": 23.109519615890626, "Cw6": 0.03811311161584171, "xscale6": 0.4860139606626054, "yscale6": 0.4860139606626054, "zscale6": 0.4860139606626054, "Cab7": 81.47818469658904, "Cw7": 0.02491151668414223, "xscale7": 0.6041272265588619, "yscale7": 0.6041272265588619, "zscale7": 0.6041272265588619, "Cab8": 46.89043504644081, "Cw8": 0.044136126476709364, "xscale8": 0.455897787703151, "yscale8": 0.455897787703151, "zscale8": 0.455897787703151, "Cab9": 76.78997966654207, "Cw9": 0.03950295452108977, "xscale9": 0.5522553280444937, "yscale9": 0.5522553280444937, "zscale9": 0.5522553280444937, "Cab10": 48.284923456101566, "Cw10": 0.03002553157220842, "xscale10": 0.41861841247656506, "yscale10": 0.41861841247656506, "zscale10": 0.41861841247656506, "Cab11": 78.13948053145407, "Cw11": 0.018875341985799668, "xscale11": 0.5882339196927102, "yscale11": 0.5882339196927102, "zscale11": 0.5882339196927102, "Cab12": 20.075347191281793, "Cw12": 0.011838587772048803, "xscale12": 0.5153165100501705, "yscale12": 0.5153165100501705, "zscale12": 0.5153165100501705, "Cab13": 72.66905285113421, "Cw13": 0.04609331905669541, "xscale13": 0.6142658165483621, "yscale13": 0.6142658165483621, "zscale13": 0.6142658165483621, "Cab14": 26.087368091795348, "Cw14": 0.016597058390359326, "xscale14": 0.5679504107536881, "yscale14": 0.5679504107536881, "zscale14": 0.5679504107536881, "Cab15": 82.97078171084553, "Cw15": 0.01736309726738381, "xscale15": 0.564759874193888, "yscale15": 0.564759874193888, "zscale15": 0.564759874193888, "Cab16": 57.933107566870284, "Cw16": 0.017678121507744907, "xscale16": 0.624075318627914, "yscale16": 0.624075318627914, "zscale16": 0.624075318627914, "Cab17": 32.8828668702312, "Cw17": 0.027056539461532247, "xscale17": 0.5107845204615715, "yscale17": 0.5107845204615715, "zscale17": 0.5107845204615715, "Cab18": 61.62691975301765, "Cw18": 0.03337235688757517, "xscale18": 0.753491051121694, "yscale18": 0.753491051121694, "zscale18": 0.753491051121694, "Cab19": 36.142826675200865, "Cw19": 0.021290695685242333, "xscale19": 0.6063898323553187, "yscale19": 0.6063898323553187, "zscale19": 0.6063898323553187, "Cab20": 54.79820563114559, "Cw20": 0.03750607362802433, "xscale20": 0.5510148424222198, "yscale20": 0.5510148424222198, "zscale20": 0.5510148424222198, "Cab21": 55.099470387732566, "Cw21": 0.030737900263373225, "xscale21": 0.4591315302884171, "yscale21": 0.4591315302884171, "zscale21": 0.4591315302884171, "Cab22": 88.26465243978407, "Cw22": 0.04727083124331556, "xscale22": 0.5690695268081741, "yscale22": 0.5690695268081741, "zscale22": 0.5690695268081741, "Cab23": 30.85688349892187, "Cw23": 0.035653551930352925, "xscale23": 0.5799847314833556, "yscale23": 0.5799847314833556, "zscale23": 0.5799847314833556, "Cab24": 64.4969966047166, "Cw24": 0.010498923972867788, "xscale24": 0.43126921421536396, "yscale24": 0.43126921421536396, "zscale24": 0.43126921421536396, "Cab25": 66.88500180462295, "Cw25": 0.03459692533333363, "xscale25": 0.5312846205902769, "yscale25": 0.5312846205902769, "zscale25": 0.5312846205902769, "Cab26": 73.35053948274607, "Cw26": 0.04282430234278963, "xscale26": 0.7145333592187695, "yscale26": 0.7145333592187695, "zscale26": 0.7145333592187695, "Cab27": 63.58336666912643, "Cw27": 0.022872216518741932, "xscale27": 0.4857062459908732, "yscale27": 0.4857062459908732, "zscale27": 0.4857062459908732, "Cab28": 20.637560041143537, "Cw28": 0.02529641739100696, "xscale28": 0.3684417750916694, "yscale28": 0.3684417750916694, "zscale28": 0.3684417750916694, "Cab29": 51.34566046858018, "Cw29": 0.04612195266733316, "xscale29": 0.4945137094369434, "yscale29": 0.4945137094369434, "zscale29": 0.4945137094369434, "Cab30": 78.27234042410836, "Cw30": 0.04532919821032231, "xscale30": 0.37265012739448117, "yscale30": 0.37265012739448117, "zscale30": 0.37265012739448117, "Cab31": 70.66146324285103, "Cw31": 0.03298427882186043, "xscale31": 0.7523977892258791, "yscale31": 0.7523977892258791, "zscale31": 0.7523977892258791, "Cab32": 67.07139088986838, "Cw32": 0.01194918899894116, "xscale32": 0.3939671625370681, "yscale32": 0.3939671625370681, "zscale32": 0.3939671625370681, "Cab33": 79.3484863198585, "Cw33": 0.03679975467565764, "xscale33": 0.48538217006599954, "yscale33": 0.48538217006599954, "zscale33": 0.48538217006599954, "Cab34": 38.124669864233425, "Cw34": 0.01586114400507467, "xscale34": 0.4745255533800585, "yscale34": 0.4745255533800585, "zscale34": 0.4745255533800585, "Cab35": 88.66586622823624, "Cw35": 0.030004592117507264, "xscale35": 0.3516055064876887, "yscale35": 0.3516055064876887, "zscale35": 0.3516055064876887, "Cab36": 36.9337600041915, "Cw36": 0.03332716390335059, "xscale36": 0.6984879840229871, "yscale36": 0.6984879840229871, "zscale36": 0.6984879840229871, "Cab37": 50.02103446465283, "Cw37": 0.01632751370776684, "xscale37": 0.3961319437525109, "yscale37": 0.3961319437525109, "zscale37": 0.3961319437525109, "Cab38": 35.74925824839417, "Cw38": 0.04755804104918686, "xscale38": 0.42901774999712255, "yscale38": 0.42901774999712255, "zscale38": 0.42901774999712255, "Cab39": 22.79497183465518, "Cw39": 0.012186034616602384, "xscale39": 0.589323842472564, "yscale39": 0.589323842472564, "zscale39": 0.589323842472564, "Cab40": 65.61285421858656, "Cw40": 0.04794061197874743, "xscale40": 0.632127751244854, "yscale40": 0.632127751244854, "zscale40": 0.632127751244854, "Cab41": 40.59729876933976, "Cw41": 0.048637651928919765, "xscale41": 0.6001155596782077, "yscale41": 0.6001155596782077, "zscale41": 0.6001155596782077, "Cab42": 69.51060882856984, "Cw42": 0.04139536088371935, "xscale42": 0.5048380045576869, "yscale42": 0.5048380045576869, "zscale42": 0.5048380045576869, "Cab43": 64.13061406519147, "Cw43": 0.03269002539037191, "xscale43": 0.5596687010806801, "yscale43": 0.5596687010806801, "zscale43": 0.5596687010806801, "Cab44": 76.01870539806116, "Cw44": 0.030910978230189616, "xscale44": 0.38326614184679036, "yscale44": 0.38326614184679036, "zscale44": 0.38326614184679036, "Cab45": 24.87126565331296, "Cw45": 0.041547129282163225, "xscale45": 0.28674735846111005, "yscale45": 0.28674735846111005, "zscale45": 0.28674735846111005, "Cab46": 43.02910037537097, "Cw46": 0.042157416734794464, "xscale46": 0.47542223490582325, "yscale46": 0.47542223490582325, "zscale46": 0.47542223490582325, "Cab47": 30.066048501339843, "Cw47": 0.01779192354727572, "xscale47": 0.4488754545269208, "yscale47": 0.4488754545269208, "zscale47": 0.4488754545269208, "Cab48": 58.2182765191913, "Cw48": 0.011401629469449226, "xscale48": 0.7783992996611415, "yscale48": 0.7783992996611415, "zscale48": 0.7783992996611415, "Cab49": 52.75981898212908, "Cw49": 0.043931087328056215, "xscale49": 0.5847419278368954, "yscale49": 0.5847419278368954, "zscale49": 0.5847419278368954, "Cab50": 84.54457586400794, "Cw50": 0.04126845786335351, "xscale50": 0.5740260886943372, "yscale50": 0.5740260886943372, "zscale50": 0.5740260886943372, "Cab51": 32.837047110783644, "Cw51": 0.01898099135820986, "xscale51": 0.6098613816836141, "yscale51": 0.6098613816836141, "zscale51": 0.6098613816836141, "Cab52": 42.63366745863425, "Cw52": 0.01447358775994391,