{"Cab0": 38.05601322790248, "Cw0": 0.01519781319598263, "xscale0": 0.8181055063172268, "yscale0": 0.8181055063172268, "zscale0": 0.8181055063172268, "Cab1": 85.88578395762129, "Cw1": 0.04299080120511726, "xscale1": 0.6186533076055258, "yscale1": 0.6186533076055258, "zscale1": 0.6186533076055258, "Cab2": 83.84289257840594, "Cw2": 0.021408920143398687, "xscale2": 0.6740342333544929, "yscale2": 0.6740342333544929, "zscale2": 0.6740342333544929, "Cab3": 71.12460742930298, "Cw3": 0.01789945431319525, "xscale3": 0.586468425756864, "yscale3": 0.586468425756864, "zscale3": 0.586468425756864, "Cab4": 89.59669712220052, "Cw4": 0.036488174544586104, "xscale4": 0.6048259317805699, "yscale4": 0.6048259317805699, "zscale4": 0.6048259317805699, "Cab5": 39.7645482395142, "Cw5": 0.03801949409645819, "xscale5": 0.6493038529539849, "yscale5": 0.6493038529539849, "zscale5": 0.6493038529539849, "Cab6": 64.43839729669668, "Cw6": 0.041906142458651076, "xscale6": 0.5358512012047164, "yscale6": 0.5358512012047164, "zscale6": 0.5358512012047164, "Cab7": 39.9535134526555, "Cw7": 0.01387401474331206, "xscale7": 0.5822545185001863, "yscale7": 0.5822545185001863, "zscale7": 0.5822545185001863, "Cab8": 77.26466126660793, "Cw8": 0.016348331694285987, "xscale8": 0.6582547998575846, "yscale8": 0.6582547998575846, "zscale8": 0.6582547998575846, "Cab9": 41.625596790504574, "Cw9": 0.02949745756977333, "xscale9": 0.6096139413013146, "yscale9": 0.6096139413013146, "zscale9": 0.6096139413013146, "Cab10": 44.85136539749536, "Cw10": 0.018379984240334078, "xscale10": 0.528755983275819, "yscale10": 0.528755983275819, "zscale10": 0.528755983275819, "Cab11": 37.840321546465034, "Cw11": 0.018711246448890027, "xscale11": 0.608377081020842, "yscale11": 0.608377081020842, "zscale11": 0.608377081020842, "Cab12": 66.21188253662048, "Cw12": 0.024239280815513256, "xscale12": 0.5608584751224193, "yscale12": 0.5608584751224193, "zscale12": 0.5608584751224193, "Cab13": 33.360129956952946, "Cw13": 0.01379631746573061, "xscale13": 0.6354419994524164, "yscale13": 0.6354419994524164, "zscale13": 0.6354419994524164, "Cab14": 31.711215577002058, "Cw14": 0.011351332242676206, "xscale14": 0.6229905260129093, "yscale14": 0.6229905260129093, "zscale14": 0.6229905260129093, "Cab15": 73.45494326592222, "Cw15": 0.014300824364897543, "xscale15": 0.6786095396295442, "yscale15": 0.6786095396295442, "zscale15": 0.6786095396295442, "Cab16": 61.79045110991037, "Cw16": 0.03643257802048902, "xscale16": 0.605558698265705, "yscale16": 0.605558698265705, "zscale16": 0.605558698265705, "Cab17": 22.745931467608273, "Cw17": 0.02853949755858897, "xscale17": 0.5836989949479171, "yscale17": 0.5836989949479171, "zscale17": 0.5836989949479171, "Cab18": 50.88217855923426, "Cw18": 0.023132373680917334, "xscale18": 0.6135847508183162, "yscale18": 0.6135847508183162, "zscale18": 0.6135847508183162, "Cab19": 46.41388091297827, "Cw19": 0.03247673436648964, "xscale19": 0.6015660565646632, "yscale19": 0.6015660565646632, "zscale19": 0.6015660565646632, "Cab20": 87.92652043880584, "Cw20": 0.048459853764279096, "xscale20": 0.6445569004268401, "yscale20": 0.6445569004268401, "zscale20": 0.6445569004268401, "Cab21": 32.8563309198483, "Cw21": 0.04042981776820855, "xscale21": 0.44077086773039725, "yscale21": 0.44077086773039725, "zscale21": 0.44077086773039725, "Cab22": 29.900420755679825, "Cw22": 0.024087804434232876, "xscale22": 0.547848293379817, "yscale22": 0.547848293379817, "zscale22": 0.547848293379817, "Cab23": 63.94084210918981, "Cw23": 0.04378826274235925, "xscale23": 0.729801759378718, "yscale23": 0.729801759378718, "zscale23": 0.729801759378718, "Cab24": 56.92999857904199, "Cw24": 0.04571821054830735, "xscale24": 0.49312430485234693, "yscale24": 0.49312430485234693, "zscale24": 0.49312430485234693, "Cab25": 81.73606989706914, "Cw25": 0.045263779099058, "xscale25": 0.7103810125756882, "yscale25": 0.7103810125756882, "zscale25": 0.7103810125756882, "Cab26": 71.27559573039788, "Cw26": 0.021268518895471426, "xscale26": 0.6460297844016388, "yscale26": 0.6460297844016388, "zscale26": 0.6460297844016388, "Cab27": 74.20871679348022, "Cw27": 0.04288646013853774, "xscale27": 0.3783650237650323, "yscale27": 0.3783650237650323, "zscale27": 0.3783650237650323, "Cab28": 88.7831126395491, "Cw28": 0.02963700944415268, "xscale28": 0.44638116154848695, "yscale28": 0.44638116154848695, "zscale28": 0.44638116154848695, "Cab29": 30.825531575152887, "Cw29": 0.037620179984258345, "xscale29": 0.5599645463042224, "yscale29": 0.5599645463042224, "zscale29": 0.5599645463042224, "Cab30": 50.299303288784245, "Cw30": 0.022281488980543256, "xscale30": 0.4490526122509335, "yscale30": 0.4490526122509335, "zscale30": 0.4490526122509335, "Cab31": 80.83207750057238, "Cw31": 0.029679960212269214, "xscale31": 0.575501319399439, "yscale31": 0.575501319399439, "zscale31": 0.575501319399439, "Cab32": 37.269388531261455, "Cw32": 0.04100077227942236, "xscale32": 0.41069949187177296, "yscale32": 0.41069949187177296, "zscale32": 0.41069949187177296, "Cab33": 50.16333653625194, "Cw33": 0.04997938718343934, "xscale33": 0.5657309483336946, "yscale33": 0.5657309483336946, "zscale33": 0.5657309483336946, "Cab34": 65.16576274403447, "Cw34": 0.030463914435029535, "xscale34": 0.5018234373802483, "yscale34": 0.5018234373802483, "zscale34": 0.5018234373802483, "Cab35": 65.84634763998561, "Cw35": 0.024142235610656808, "xscale35": 0.4501345429509484, "yscale35": 0.4501345429509484, "zscale35": 0.4501345429509484, "Cab36": 55.004879673613935, "Cw36": 0.038323905474693755, "xscale36": 0.5963492042631572, "yscale36": 0.5963492042631572, "zscale36": 0.5963492042631572, "Cab37": 30.41323635527039, "Cw37": 0.02030726098768043, "xscale37": 0.3923426317198989, "yscale37": 0.3923426317198989, "zscale37": 0.3923426317198989, "Cab38": 28.713426632529284, "Cw38": 0.04097135903176111, "xscale38": 0.4948171381280082, "yscale38": 0.4948171381280082, "zscale38": 0.4948171381280082, "Cab39": 84.94215398285606, "Cw39": 0.0426582046147907, "xscale39": 0.6024480482098348, "yscale39": 0.6024480482098348, "zscale39": 0.6024480482098348, "Cab40": 54.19383322184137, "Cw40": 0.03719859660754779, "xscale40": 0.4324686146826171, "yscale40": 0.4324686146826171, "zscale40": 0.4324686146826171, "Cab41": 21.07404954341013, "Cw41": 0.048148832192357535, "xscale41": 0.44913040272309535, "yscale41": 0.44913040272309535, "zscale41": 0.44913040272309535, "Cab42": 28.556583907389367, "Cw42": 0.018521701006714523, "xscale42": 0.4693232958887558, "yscale42": 0.4693232958887558, "zscale42": 0.4693232958887558, "Cab43": 22.670009799398514, "Cw43": 0.023207042409911307, "xscale43": 0.5143670612505997, "yscale43": 0.5143670612505997, "zscale43": 0.5143670612505997, "Cab44": 25.107443670332756, "Cw44": 0.0371611045082977, "xscale44": 0.4950712930080165, "yscale44": 0.4950712930080165, "zscale44": 0.4950712930080165, "Cab45": 37.62843946378057, "Cw45": 0.025267023018472945, "xscale45": 0.29407163774175377, "yscale45": 0.29407163774175377, "zscale45": 0.29407163774175377, "Cab46": 33.77315792076284, "Cw46": 0.0448013042671424, "xscale46": 0.4592991578013035, "yscale46": 0.4592991578013035, "zscale46": 0.4592991578013035, "Cab47": 27.810283953080507, "Cw47": 0.045577066240399505, "xscale47": 0.5989996910323607, "yscale47": 0.5989996910323607, "zscale47": 0.5989996910323607, "Cab48": 22.271257886031005, "Cw48": 0.046885660564063, "xscale48": 0.777852788713085, "yscale48": 0.777852788713085, "zscale48": 0.777852788713085, "Cab49": 25.744278560543922, "Cw49": 0.0459001994183136, "xscale49": 0.5509835936350601, "yscale49": 0.5509835936350601, "zscale49": 0.5509835936350601, "Cab50": 42.22613042609663, "Cw50": 0.03014080542600804, "xscale50": 0.597177784991082, "yscale50": 0.597177784991082, "zscale50": 0.597177784991082, "Cab51": 27.393432158815678, "Cw51": 0.030874662743210365, "xscale51": 0.5889301690595384, "yscale51": 0.5889301690595384, "zscale51": 0.5889301690595384, "Cab52": 35.48771540652923, "Cw52": 0.04901582543460433,