{"Cab0": 61.24458112422846, "Cw0": 0.03343749787959528, "xscale0": 0.6673500653358172, "yscale0": 0.6673500653358172, "zscale0": 0.6673500653358172, "Cab1": 74.36298095018475, "Cw1": 0.012490807783345872, "xscale1": 0.6493920363283682, "yscale1": 0.6493920363283682, "zscale1": 0.6493920363283682, "Cab2": 62.67520408218515, "Cw2": 0.030112981283694572, "xscale2": 0.6774148864303373, "yscale2": 0.6774148864303373, "zscale2": 0.6774148864303373, "Cab3": 77.99856741093481, "Cw3": 0.03453249197209299, "xscale3": 0.5548468763620222, "yscale3": 0.5548468763620222, "zscale3": 0.5548468763620222, "Cab4": 55.78618181912366, "Cw4": 0.028104380632251166, "xscale4": 0.7036461216047685, "yscale4": 0.7036461216047685, "zscale4": 0.7036461216047685, "Cab5": 57.568954336605834, "Cw5": 0.0416610544889892, "xscale5": 0.8442059704692042, "yscale5": 0.8442059704692042, "zscale5": 0.8442059704692042, "Cab6": 89.31302351220604, "Cw6": 0.048304831558645726, "xscale6": 0.5771655770469056, "yscale6": 0.5771655770469056, "zscale6": 0.5771655770469056, "Cab7": 56.48290994724403, "Cw7": 0.017245525195865016, "xscale7": 0.6110248469448485, "yscale7": 0.6110248469448485, "zscale7": 0.6110248469448485, "Cab8": 76.81899727398331, "Cw8": 0.022463877744294956, "xscale8": 0.6155700357738237, "yscale8": 0.6155700357738237, "zscale8": 0.6155700357738237, "Cab9": 85.88691388546681, "Cw9": 0.03209289861093568, "xscale9": 0.757369387825319, "yscale9": 0.757369387825319, "zscale9": 0.757369387825319, "Cab10": 59.040235954547455, "Cw10": 0.027787290633570647, "xscale10": 0.42851171284982903, "yscale10": 0.42851171284982903, "zscale10": 0.42851171284982903, "Cab11": 68.43952614909881, "Cw11": 0.029782694219918415, "xscale11": 0.5601306501378005, "yscale11": 0.5601306501378005, "zscale11": 0.5601306501378005, "Cab12": 70.68807779873929, "Cw12": 0.04273003980646899, "xscale12": 0.4834982165498508, "yscale12": 0.4834982165498508, "zscale12": 0.4834982165498508, "Cab13": 80.41029263553291, "Cw13": 0.04585647972751076, "xscale13": 0.6392964117427369, "yscale13": 0.6392964117427369, "zscale13": 0.6392964117427369, "Cab14": 37.29910338181803, "Cw14": 0.046184293043891475, "xscale14": 0.6578227564628033, "yscale14": 0.6578227564628033, "zscale14": 0.6578227564628033, "Cab15": 66.39459581382792, "Cw15": 0.04463145071150285, "xscale15": 0.5864968503777711, "yscale15": 0.5864968503777711, "zscale15": 0.5864968503777711, "Cab16": 71.65612427085131, "Cw16": 0.011270792824481473, "xscale16": 0.5811431723984488, "yscale16": 0.5811431723984488, "zscale16": 0.5811431723984488, "Cab17": 83.42669945346046, "Cw17": 0.01857144096632441, "xscale17": 0.5563160787696074, "yscale17": 0.5563160787696074, "zscale17": 0.5563160787696074, "Cab18": 27.871125544066643, "Cw18": 0.014838569580460304, "xscale18": 0.5897305409937522, "yscale18": 0.5897305409937522, "zscale18": 0.5897305409937522, "Cab19": 80.42239458428122, "Cw19": 0.028198312197873464, "xscale19": 0.5120898698691836, "yscale19": 0.5120898698691836, "zscale19": 0.5120898698691836, "Cab20": 41.13640017324187, "Cw20": 0.01916132375396786, "xscale20": 0.7606060320837217, "yscale20": 0.7606060320837217, "zscale20": 0.7606060320837217, "Cab21": 74.48829421774877, "Cw21": 0.04073737805641031, "xscale21": 0.45237492746155034, "yscale21": 0.45237492746155034, "zscale21": 0.45237492746155034, "Cab22": 72.5134234187338, "Cw22": 0.04848545686421227, "xscale22": 0.4599711522173726, "yscale22": 0.4599711522173726, "zscale22": 0.4599711522173726, "Cab23": 40.672326494653745, "Cw23": 0.029898465781779245, "xscale23": 0.6372976231600535, "yscale23": 0.6372976231600535, "zscale23": 0.6372976231600535, "Cab24": 41.95782710692538, "Cw24": 0.046135406599056704, "xscale24": 0.599451353805113, "yscale24": 0.599451353805113, "zscale24": 0.599451353805113, "Cab25": 25.48961482055772, "Cw25": 0.04664009666982385, "xscale25": 0.508884384662464, "yscale25": 0.508884384662464, "zscale25": 0.508884384662464, "Cab26": 79.26962173776394, "Cw26": 0.036453107414916655, "xscale26": 0.520223306106375, "yscale26": 0.520223306106375, "zscale26": 0.520223306106375, "Cab27": 25.962081327148823, "Cw27": 0.04692085708199518, "xscale27": 0.4303791057331786, "yscale27": 0.4303791057331786, "zscale27": 0.4303791057331786, "Cab28": 52.581075272325094, "Cw28": 0.03158588288664993, "xscale28": 0.35827129960505383, "yscale28": 0.35827129960505383, "zscale28": 0.35827129960505383, "Cab29": 41.14435927154443, "Cw29": 0.024059305158689266, "xscale29": 0.6746415159113036, "yscale29": 0.6746415159113036, "zscale29": 0.6746415159113036, "Cab30": 23.780277597234246, "Cw30": 0.019476492848384767, "xscale30": 0.361638354125635, "yscale30": 0.361638354125635, "zscale30": 0.361638354125635, "Cab31": 84.79877270871508, "Cw31": 0.029345462259106732, "xscale31": 0.5774109025353834, "yscale31": 0.5774109025353834, "zscale31": 0.5774109025353834, "Cab32": 48.430125621248415, "Cw32": 0.04462222590225408, "xscale32": 0.531423479346576, "yscale32": 0.531423479346576, "zscale32": 0.531423479346576, "Cab33": 54.500388592389776, "Cw33": 0.015915272921035003, "xscale33": 0.4013864173054238, "yscale33": 0.4013864173054238, "zscale33": 0.4013864173054238, "Cab34": 70.61803288006843, "Cw34": 0.04686341784259082, "xscale34": 0.4641782130796831, "yscale34": 0.4641782130796831, "zscale34": 0.4641782130796831, "Cab35": 71.42511003463883, "Cw35": 0.03467216754137485, "xscale35": 0.4244197644379461, "yscale35": 0.4244197644379461, "zscale35": 0.4244197644379461, "Cab36": 84.40846457927532, "Cw36": 0.04622051025643687, "xscale36": 0.6257862109036171, "yscale36": 0.6257862109036171, "zscale36": 0.6257862109036171, "Cab37": 27.7566616706315, "Cw37": 0.04227696660327475, "xscale37": 0.5294017341911871, "yscale37": 0.5294017341911871, "zscale37": 0.5294017341911871, "Cab38": 78.83000282973674, "Cw38": 0.02980764474337244, "xscale38": 0.5188428083051654, "yscale38": 0.5188428083051654, "zscale38": 0.5188428083051654, "Cab39": 87.32343478448304, "Cw39": 0.02981367056125301, "xscale39": 0.653476852177411, "yscale39": 0.653476852177411, "zscale39": 0.653476852177411, "Cab40": 82.01247911900384, "Cw40": 0.031012990116486693, "xscale40": 0.47743449845366603, "yscale40": 0.47743449845366603, "zscale40": 0.47743449845366603, "Cab41": 29.881056782947542, "Cw41": 0.017591791851495096, "xscale41": 0.6354565949813378, "yscale41": 0.6354565949813378, "zscale41": 0.6354565949813378, "Cab42": 82.57409416598888, "Cw42": 0.02027669787863063, "xscale42": 0.5890894375496577, "yscale42": 0.5890894375496577, "zscale42": 0.5890894375496577, "Cab43": 40.354373368553105, "Cw43": 0.04778124488094248, "xscale43": 0.5960944835242655, "yscale43": 0.5960944835242655, "zscale43": 0.5960944835242655, "Cab44": 55.19230105710573, "Cw44": 0.04535404766784729, "xscale44": 0.40381261736011237, "yscale44": 0.40381261736011237, "zscale44": 0.40381261736011237, "Cab45": 75.53468991344994, "Cw45": 0.02105272013146645, "xscale45": 0.2990654384106945, "yscale45": 0.2990654384106945, "zscale45": 0.2990654384106945, "Cab46": 73.48542117288355, "Cw46": 0.04627178072847572, "xscale46": 0.41910655656446655, "yscale46": 0.41910655656446655, "zscale46": 0.41910655656446655, "Cab47": 24.518130149030185, "Cw47": 0.021878434949161994, "xscale47": 0.47526203638134296, "yscale47": 0.47526203638134296, "zscale47": 0.47526203638134296, "Cab48": 36.47122872075126, "Cw48": 0.04241068980519196, "xscale48": 0.6127197480832157, "yscale48": 0.6127197480832157, "zscale48": 0.6127197480832157, "Cab49": 36.617334959160175, "Cw49": 0.04515725817763665, "xscale49": 0.44705447198196774, "yscale49": 0.44705447198196774, "zscale49": 0.44705447198196774, "Cab50": 30.97677671930672, "Cw50": 0.03621109606093575, "xscale50": 0.6848609915522097, "yscale50": 0.6848609915522097, "zscale50": 0.6848609915522097, "Cab51": 84.74992244260936, "Cw51": 0.02927355656029082, "xscale51": 0.8080912187965166, "yscale51": 0.8080912187965166, "zscale51": 0.8080912187965166, "Cab52": 48.88638183654676, "Cw52": 0.016059923780100693,