{"Cab0": 55.964640768223134, "Cw0": 0.018016318254195626, "xscale0": 0.6880856453109228, "yscale0": 0.6880856453109228, "zscale0": 0.6880856453109228, "Cab1": 64.41599976153356, "Cw1": 0.032849530205505184, "xscale1": 0.6256294998914096, "yscale1": 0.6256294998914096, "zscale1": 0.6256294998914096, "Cab2": 42.314425167919836, "Cw2": 0.03504388720199337, "xscale2": 0.7669051036423474, "yscale2": 0.7669051036423474, "zscale2": 0.7669051036423474, "Cab3": 24.67222332098794, "Cw3": 0.027626940555770627, "xscale3": 0.5478628958432313, "yscale3": 0.5478628958432313, "zscale3": 0.5478628958432313, "Cab4": 88.61045123099929, "Cw4": 0.01391810697674721, "xscale4": 0.49123723048883233, "yscale4": 0.49123723048883233, "zscale4": 0.49123723048883233, "Cab5": 39.31788163280654, "Cw5": 0.03680012928996018, "xscale5": 0.6974264759690995, "yscale5": 0.6974264759690995, "zscale5": 0.6974264759690995, "Cab6": 64.89147360168744, "Cw6": 0.040663471768193064, "xscale6": 0.5231158305942867, "yscale6": 0.5231158305942867, "zscale6": 0.5231158305942867, "Cab7": 31.53852860517992, "Cw7": 0.04758878134844135, "xscale7": 0.5496917849693772, "yscale7": 0.5496917849693772, "zscale7": 0.5496917849693772, "Cab8": 40.53895658969997, "Cw8": 0.016458886404082045, "xscale8": 0.4713200753414229, "yscale8": 0.4713200753414229, "zscale8": 0.4713200753414229, "Cab9": 36.69118998749785, "Cw9": 0.012679431206619646, "xscale9": 0.6171940021676557, "yscale9": 0.6171940021676557, "zscale9": 0.6171940021676557, "Cab10": 64.0568780402661, "Cw10": 0.031072717154808964, "xscale10": 0.3969206894700759, "yscale10": 0.3969206894700759, "zscale10": 0.3969206894700759, "Cab11": 57.97888483042964, "Cw11": 0.037980404587481774, "xscale11": 0.5300104196747559, "yscale11": 0.5300104196747559, "zscale11": 0.5300104196747559, "Cab12": 71.44059982686277, "Cw12": 0.011638527918801583, "xscale12": 0.6313942623304102, "yscale12": 0.6313942623304102, "zscale12": 0.6313942623304102, "Cab13": 70.3836407872331, "Cw13": 0.013349255665416226, "xscale13": 0.5767096850651545, "yscale13": 0.5767096850651545, "zscale13": 0.5767096850651545, "Cab14": 38.99019031939482, "Cw14": 0.0388655318837547, "xscale14": 0.5580155594611809, "yscale14": 0.5580155594611809, "zscale14": 0.5580155594611809, "Cab15": 54.33961543641711, "Cw15": 0.022981464589132177, "xscale15": 0.5671079040947881, "yscale15": 0.5671079040947881, "zscale15": 0.5671079040947881, "Cab16": 73.97454522642116, "Cw16": 0.025357826714382196, "xscale16": 0.6448733960287547, "yscale16": 0.6448733960287547, "zscale16": 0.6448733960287547, "Cab17": 39.781701252809384, "Cw17": 0.04939672760543669, "xscale17": 0.55541987367464, "yscale17": 0.55541987367464, "zscale17": 0.55541987367464, "Cab18": 89.94373250427249, "Cw18": 0.03742775845467762, "xscale18": 0.7396607367806806, "yscale18": 0.7396607367806806, "zscale18": 0.7396607367806806, "Cab19": 25.00040120222376, "Cw19": 0.011463461993467622, "xscale19": 0.46064970324065396, "yscale19": 0.46064970324065396, "zscale19": 0.46064970324065396, "Cab20": 54.77735574785501, "Cw20": 0.03765896162518528, "xscale20": 0.6713598977296402, "yscale20": 0.6713598977296402, "zscale20": 0.6713598977296402, "Cab21": 62.454928536509435, "Cw21": 0.03289233669969048, "xscale21": 0.579634848120384, "yscale21": 0.579634848120384, "zscale21": 0.579634848120384, "Cab22": 33.099801339419194, "Cw22": 0.018236447894817445, "xscale22": 0.43957296537940854, "yscale22": 0.43957296537940854, "zscale22": 0.43957296537940854, "Cab23": 77.54322877331794, "Cw23": 0.045118938532143875, "xscale23": 0.6252258552289847, "yscale23": 0.6252258552289847, "zscale23": 0.6252258552289847, "Cab24": 21.18758200901456, "Cw24": 0.04350479275836038, "xscale24": 0.6262048404221859, "yscale24": 0.6262048404221859, "zscale24": 0.6262048404221859, "Cab25": 88.4999293408043, "Cw25": 0.022137955071080767, "xscale25": 0.7191153322825847, "yscale25": 0.7191153322825847, "zscale25": 0.7191153322825847, "Cab26": 34.71694695659036, "Cw26": 0.023898452844946697, "xscale26": 0.6954363644380688, "yscale26": 0.6954363644380688, "zscale26": 0.6954363644380688, "Cab27": 64.9557702334407, "Cw27": 0.012612620223465258, "xscale27": 0.3984875544106083, "yscale27": 0.3984875544106083, "zscale27": 0.3984875544106083, "Cab28": 74.33375583713931, "Cw28": 0.024001519705708844, "xscale28": 0.4584784442061693, "yscale28": 0.4584784442061693, "zscale28": 0.4584784442061693, "Cab29": 44.8871263163762, "Cw29": 0.038838510164541144, "xscale29": 0.5552107314421112, "yscale29": 0.5552107314421112, "zscale29": 0.5552107314421112, "Cab30": 49.071039032580956, "Cw30": 0.04226177159885372, "xscale30": 0.3852652221658973, "yscale30": 0.3852652221658973, "zscale30": 0.3852652221658973, "Cab31": 66.70290358375948, "Cw31": 0.035414488599379144, "xscale31": 0.6202856833010819, "yscale31": 0.6202856833010819, "zscale31": 0.6202856833010819, "Cab32": 88.57333477102348, "Cw32": 0.04761478722333516, "xscale32": 0.43195628198787267, "yscale32": 0.43195628198787267, "zscale32": 0.43195628198787267, "Cab33": 58.88994912583152, "Cw33": 0.013885766889670373, "xscale33": 0.5472721738354056, "yscale33": 0.5472721738354056, "zscale33": 0.5472721738354056, "Cab34": 51.528563205697914, "Cw34": 0.02624597322072951, "xscale34": 0.5323356030956468, "yscale34": 0.5323356030956468, "zscale34": 0.5323356030956468, "Cab35": 38.2490273819704, "Cw35": 0.020034867951892958, "xscale35": 0.3920669021103983, "yscale35": 0.3920669021103983, "zscale35": 0.3920669021103983, "Cab36": 54.846631160613775, "Cw36": 0.024484381605271218, "xscale36": 0.6979220088051727, "yscale36": 0.6979220088051727, "zscale36": 0.6979220088051727, "Cab37": 31.311665834978005, "Cw37": 0.02968976784156426, "xscale37": 0.48181055912890997, "yscale37": 0.48181055912890997, "zscale37": 0.48181055912890997, "Cab38": 81.29678686133772, "Cw38": 0.019427839762320046, "xscale38": 0.529047602228284, "yscale38": 0.529047602228284, "zscale38": 0.529047602228284, "Cab39": 36.85299134136393, "Cw39": 0.02089286678985279, "xscale39": 0.5053855277266925, "yscale39": 0.5053855277266925, "zscale39": 0.5053855277266925, "Cab40": 22.0588590087945, "Cw40": 0.037459707630558385, "xscale40": 0.6253665419089349, "yscale40": 0.6253665419089349, "zscale40": 0.6253665419089349, "Cab41": 59.344956148255676, "Cw41": 0.04417489760937343, "xscale41": 0.6163131492964982, "yscale41": 0.6163131492964982, "zscale41": 0.6163131492964982, "Cab42": 48.34299629640216, "Cw42": 0.019566896010685834, "xscale42": 0.55053603362003, "yscale42": 0.55053603362003, "zscale42": 0.55053603362003, "Cab43": 37.44199043956641, "Cw43": 0.027515438057602745, "xscale43": 0.725131807832965, "yscale43": 0.725131807832965, "zscale43": 0.725131807832965, "Cab44": 42.82845713907827, "Cw44": 0.03356467719827685, "xscale44": 0.38448377707472325, "yscale44": 0.38448377707472325, "zscale44": 0.38448377707472325, "Cab45": 38.14326980252542, "Cw45": 0.036612970752661046, "xscale45": 0.3626371017272434, "yscale45": 0.3626371017272434, "zscale45": 0.3626371017272434, "Cab46": 57.28608917486547, "Cw46": 0.01662272598383821, "xscale46": 0.41613108318093217, "yscale46": 0.41613108318093217, "zscale46": 0.41613108318093217, "Cab47": 20.183946352824158, "Cw47": 0.03387040577136712, "xscale47": 0.4908013006724012, "yscale47": 0.4908013006724012, "zscale47": 0.4908013006724012, "Cab48": 29.9533953596058, "Cw48": 0.02625037469336275, "xscale48": 0.6337920906180348, "yscale48": 0.6337920906180348, "zscale48": 0.6337920906180348, "Cab49": 47.00698754994207, "Cw49": 0.03196657078698539, "xscale49": 0.42538654464806114, "yscale49": 0.42538654464806114, "zscale49": 0.42538654464806114, "Cab50": 68.62858172380476, "Cw50": 0.015445652603878656, "xscale50": 0.7358783470472019, "yscale50": 0.7358783470472019, "zscale50": 0.7358783470472019, "Cab51": 25.8737011136457, "Cw51": 0.03890477031516352, "xscale51": 0.5774645322616523, "yscale51": 0.5774645322616523, "zscale51": 0.5774645322616523, "Cab52": 21.21802073295343, "Cw52": 0.017536424001818575,