{"Cab0": 68.41015175613867, "Cw0": 0.03013612195759889, "xscale0": 0.7215130237599681, "yscale0": 0.7215130237599681, "zscale0": 0.7215130237599681, "Cab1": 66.96223216038874, "Cw1": 0.03458259809943569, "xscale1": 0.5524422314048167, "yscale1": 0.5524422314048167, "zscale1": 0.5524422314048167, "Cab2": 84.986147195116, "Cw2": 0.0301071704481725, "xscale2": 0.7484036147268431, "yscale2": 0.7484036147268431, "zscale2": 0.7484036147268431, "Cab3": 21.701301340467396, "Cw3": 0.018367566002046302, "xscale3": 0.3992247876625359, "yscale3": 0.3992247876625359, "zscale3": 0.3992247876625359, "Cab4": 38.07503913781167, "Cw4": 0.01600488012800394, "xscale4": 0.6266665638156891, "yscale4": 0.6266665638156891, "zscale4": 0.6266665638156891, "Cab5": 77.4395027903735, "Cw5": 0.04089254781093244, "xscale5": 0.6366901099114672, "yscale5": 0.6366901099114672, "zscale5": 0.6366901099114672, "Cab6": 79.44453690673711, "Cw6": 0.04525770131950232, "xscale6": 0.5862040856460087, "yscale6": 0.5862040856460087, "zscale6": 0.5862040856460087, "Cab7": 56.40151317175488, "Cw7": 0.020275732563078172, "xscale7": 0.505211622811074, "yscale7": 0.505211622811074, "zscale7": 0.505211622811074, "Cab8": 82.8720516065236, "Cw8": 0.03686931472266086, "xscale8": 0.4552128108306085, "yscale8": 0.4552128108306085, "zscale8": 0.4552128108306085, "Cab9": 45.44870822068705, "Cw9": 0.02697253776586636, "xscale9": 0.5554922380530953, "yscale9": 0.5554922380530953, "zscale9": 0.5554922380530953, "Cab10": 29.218319515944415, "Cw10": 0.02645822930780546, "xscale10": 0.47739165820017615, "yscale10": 0.47739165820017615, "zscale10": 0.47739165820017615, "Cab11": 27.4249815589354, "Cw11": 0.04902977665285568, "xscale11": 0.557934922135094, "yscale11": 0.557934922135094, "zscale11": 0.557934922135094, "Cab12": 43.98945794554236, "Cw12": 0.03518056470266253, "xscale12": 0.5796032477462438, "yscale12": 0.5796032477462438, "zscale12": 0.5796032477462438, "Cab13": 56.769531569632896, "Cw13": 0.02764162406814985, "xscale13": 0.5522317713631081, "yscale13": 0.5522317713631081, "zscale13": 0.5522317713631081, "Cab14": 69.66305551517674, "Cw14": 0.011568693231704428, "xscale14": 0.5787683696644971, "yscale14": 0.5787683696644971, "zscale14": 0.5787683696644971, "Cab15": 24.700982270155496, "Cw15": 0.01990109004492375, "xscale15": 0.6190604478192222, "yscale15": 0.6190604478192222, "zscale15": 0.6190604478192222, "Cab16": 39.94618393516549, "Cw16": 0.011726203825425534, "xscale16": 0.6689861845223571, "yscale16": 0.6689861845223571, "zscale16": 0.6689861845223571, "Cab17": 20.290210834861135, "Cw17": 0.04529912798087337, "xscale17": 0.6514206434610555, "yscale17": 0.6514206434610555, "zscale17": 0.6514206434610555, "Cab18": 26.870789701544393, "Cw18": 0.033094111159918754, "xscale18": 0.540079568715453, "yscale18": 0.540079568715453, "zscale18": 0.540079568715453, "Cab19": 25.575203866687954, "Cw19": 0.029809657851279675, "xscale19": 0.5507223374420859, "yscale19": 0.5507223374420859, "zscale19": 0.5507223374420859, "Cab20": 65.7260970686345, "Cw20": 0.010109847796518454, "xscale20": 0.5839660752681983, "yscale20": 0.5839660752681983, "zscale20": 0.5839660752681983, "Cab21": 81.7874034486153, "Cw21": 0.02999594909860913, "xscale21": 0.5027194112058692, "yscale21": 0.5027194112058692, "zscale21": 0.5027194112058692, "Cab22": 48.20267475782383, "Cw22": 0.015458788970542772, "xscale22": 0.5453839756105922, "yscale22": 0.5453839756105922, "zscale22": 0.5453839756105922, "Cab23": 84.8609351974392, "Cw23": 0.03212110718971813, "xscale23": 0.6036463985826913, "yscale23": 0.6036463985826913, "zscale23": 0.6036463985826913, "Cab24": 38.93308981842151, "Cw24": 0.03492051588613064, "xscale24": 0.5255899080367274, "yscale24": 0.5255899080367274, "zscale24": 0.5255899080367274, "Cab25": 43.67027590112177, "Cw25": 0.041091096781927225, "xscale25": 0.6324835436306656, "yscale25": 0.6324835436306656, "zscale25": 0.6324835436306656, "Cab26": 63.12766193732491, "Cw26": 0.04652193060249712, "xscale26": 0.6150909344045614, "yscale26": 0.6150909344045614, "zscale26": 0.6150909344045614, "Cab27": 72.15116546402356, "Cw27": 0.01268463531836887, "xscale27": 0.40153031615218654, "yscale27": 0.40153031615218654, "zscale27": 0.40153031615218654, "Cab28": 89.55354793658795, "Cw28": 0.0165550423673569, "xscale28": 0.40013185654196376, "yscale28": 0.40013185654196376, "zscale28": 0.40013185654196376, "Cab29": 76.47042860265432, "Cw29": 0.023547509657697963, "xscale29": 0.669309952205514, "yscale29": 0.669309952205514, "zscale29": 0.669309952205514, "Cab30": 68.08516057467968, "Cw30": 0.04865245837822406, "xscale30": 0.41691052134985745, "yscale30": 0.41691052134985745, "zscale30": 0.41691052134985745, "Cab31": 65.704747072127, "Cw31": 0.014853191588760747, "xscale31": 0.6483658049549031, "yscale31": 0.6483658049549031, "zscale31": 0.6483658049549031, "Cab32": 47.58291361892852, "Cw32": 0.03504543870599537, "xscale32": 0.42071696354618465, "yscale32": 0.42071696354618465, "zscale32": 0.42071696354618465, "Cab33": 24.85543332213766, "Cw33": 0.022435792378877654, "xscale33": 0.44108215064224576, "yscale33": 0.44108215064224576, "zscale33": 0.44108215064224576, "Cab34": 26.932341106273512, "Cw34": 0.02137021649386593, "xscale34": 0.5166692436472626, "yscale34": 0.5166692436472626, "zscale34": 0.5166692436472626, "Cab35": 22.40950806975765, "Cw35": 0.026242224197726767, "xscale35": 0.3402830482236169, "yscale35": 0.3402830482236169, "zscale35": 0.3402830482236169, "Cab36": 35.640475087567594, "Cw36": 0.025912826559911666, "xscale36": 0.7181385102354008, "yscale36": 0.7181385102354008, "zscale36": 0.7181385102354008, "Cab37": 85.72737833749251, "Cw37": 0.044979514840328486, "xscale37": 0.44455783503237933, "yscale37": 0.44455783503237933, "zscale37": 0.44455783503237933, "Cab38": 23.6811333571591, "Cw38": 0.04531659708423446, "xscale38": 0.3919322033548071, "yscale38": 0.3919322033548071, "zscale38": 0.3919322033548071, "Cab39": 39.77027845106373, "Cw39": 0.03985749599785178, "xscale39": 0.6454957053614492, "yscale39": 0.6454957053614492, "zscale39": 0.6454957053614492, "Cab40": 85.78124384991744, "Cw40": 0.011348911405510385, "xscale40": 0.4976589257219358, "yscale40": 0.4976589257219358, "zscale40": 0.4976589257219358, "Cab41": 78.52515127662225, "Cw41": 0.03799059721000327, "xscale41": 0.5086864702378999, "yscale41": 0.5086864702378999, "zscale41": 0.5086864702378999, "Cab42": 53.51601584348902, "Cw42": 0.0241722418226005, "xscale42": 0.46069468268620395, "yscale42": 0.46069468268620395, "zscale42": 0.46069468268620395, "Cab43": 83.86802781722886, "Cw43": 0.04991065289862604, "xscale43": 0.49340657963419404, "yscale43": 0.49340657963419404, "zscale43": 0.49340657963419404, "Cab44": 71.28349960323175, "Cw44": 0.03740797957811521, "xscale44": 0.35447930980702513, "yscale44": 0.35447930980702513, "zscale44": 0.35447930980702513, "Cab45": 84.9134130251777, "Cw45": 0.04791484117985445, "xscale45": 0.34991386869691554, "yscale45": 0.34991386869691554, "zscale45": 0.34991386869691554, "Cab46": 43.38861605939117, "Cw46": 0.048256834724245426, "xscale46": 0.45089584822919365, "yscale46": 0.45089584822919365, "zscale46": 0.45089584822919365, "Cab47": 24.553140734634013, "Cw47": 0.047661949595333826, "xscale47": 0.42229330372139223, "yscale47": 0.42229330372139223, "zscale47": 0.42229330372139223, "Cab48": 79.70257987306309, "Cw48": 0.027007401592580187, "xscale48": 0.7049689410064499, "yscale48": 0.7049689410064499, "zscale48": 0.7049689410064499, "Cab49": 80.07787905986834, "Cw49": 0.04315654415978395, "xscale49": 0.4283092951229034, "yscale49": 0.4283092951229034, "zscale49": 0.4283092951229034, "Cab50": 31.501755762817368, "Cw50": 0.03236588300886116, "xscale50": 0.622665736474728, "yscale50": 0.622665736474728, "zscale50": 0.622665736474728, "Cab51": 30.320048563086132, "Cw51": 0.04922906480075952, "xscale51": 0.7416360016739594, "yscale51": 0.7416360016739594, "zscale51": 0.7416360016739594, "Cab52": 72.59758759308696,