{"Cab0": 62.13989295996786, "Cw0": 0.016061773105173743, "xscale0": 0.8304758661803259, "yscale0": 0.8304758661803259, "zscale0": 0.8304758661803259, "Cab1": 21.54130104749836, "Cw1": 0.03412739528838984, "xscale1": 0.5899266660164485, "yscale1": 0.5899266660164485, "zscale1": 0.5899266660164485, "Cab2": 22.309267015592006, "Cw2": 0.017511081917407863, "xscale2": 0.692175323606906, "yscale2": 0.692175323606906, "zscale2": 0.692175323606906, "Cab3": 27.829317780549868, "Cw3": 0.03310771701991121, "xscale3": 0.5813194210133181, "yscale3": 0.5813194210133181, "zscale3": 0.5813194210133181, "Cab4": 54.60021879116049, "Cw4": 0.02849468930550343, "xscale4": 0.4977657072631595, "yscale4": 0.4977657072631595, "zscale4": 0.4977657072631595, "Cab5": 56.06219482086666, "Cw5": 0.04067702119287593, "xscale5": 0.7535827013465854, "yscale5": 0.7535827013465854, "zscale5": 0.7535827013465854, "Cab6": 84.17697202239809, "Cw6": 0.02450683744167176, "xscale6": 0.6157963204032365, "yscale6": 0.6157963204032365, "zscale6": 0.6157963204032365, "Cab7": 69.80771791398476, "Cw7": 0.03583154125463938, "xscale7": 0.49916320238326156, "yscale7": 0.49916320238326156, "zscale7": 0.49916320238326156, "Cab8": 24.45096405599603, "Cw8": 0.03184756813426011, "xscale8": 0.4569380745211993, "yscale8": 0.4569380745211993, "zscale8": 0.4569380745211993, "Cab9": 23.92925407380743, "Cw9": 0.0343671303158758, "xscale9": 0.6670741672241902, "yscale9": 0.6670741672241902, "zscale9": 0.6670741672241902, "Cab10": 69.37056847123847, "Cw10": 0.02786690144826935, "xscale10": 0.3968238742459136, "yscale10": 0.3968238742459136, "zscale10": 0.3968238742459136, "Cab11": 57.69998172407284, "Cw11": 0.014394975275407403, "xscale11": 0.5908933138701623, "yscale11": 0.5908933138701623, "zscale11": 0.5908933138701623, "Cab12": 63.49759323271147, "Cw12": 0.01790958645907917, "xscale12": 0.5022699366054681, "yscale12": 0.5022699366054681, "zscale12": 0.5022699366054681, "Cab13": 26.234447354037314, "Cw13": 0.04953624417303114, "xscale13": 0.644449621476478, "yscale13": 0.644449621476478, "zscale13": 0.644449621476478, "Cab14": 70.86223306782331, "Cw14": 0.04006469718579477, "xscale14": 0.4575377381566219, "yscale14": 0.4575377381566219, "zscale14": 0.4575377381566219, "Cab15": 54.06178224029387, "Cw15": 0.028061801059371283, "xscale15": 0.6123491000061987, "yscale15": 0.6123491000061987, "zscale15": 0.6123491000061987, "Cab16": 32.75095558478784, "Cw16": 0.019848173996987222, "xscale16": 0.694178883268827, "yscale16": 0.694178883268827, "zscale16": 0.694178883268827, "Cab17": 76.23924857136078, "Cw17": 0.048058384466586286, "xscale17": 0.4610605427142906, "yscale17": 0.4610605427142906, "zscale17": 0.4610605427142906, "Cab18": 45.836489587381266, "Cw18": 0.013088957634028016, "xscale18": 0.7447333847069367, "yscale18": 0.7447333847069367, "zscale18": 0.7447333847069367, "Cab19": 33.27491621736848, "Cw19": 0.03670762499085195, "xscale19": 0.6036259981090216, "yscale19": 0.6036259981090216, "zscale19": 0.6036259981090216, "Cab20": 83.15878797561999, "Cw20": 0.017791449359038123, "xscale20": 0.51398152635708, "yscale20": 0.51398152635708, "zscale20": 0.51398152635708, "Cab21": 80.05400851652988, "Cw21": 0.03254389521103135, "xscale21": 0.46589572305319615, "yscale21": 0.46589572305319615, "zscale21": 0.46589572305319615, "Cab22": 79.34111155650339, "Cw22": 0.04832389981031764, "xscale22": 0.48517890818224646, "yscale22": 0.48517890818224646, "zscale22": 0.48517890818224646, "Cab23": 29.361114294513197, "Cw23": 0.010491326707238314, "xscale23": 0.5395973283672071, "yscale23": 0.5395973283672071, "zscale23": 0.5395973283672071, "Cab24": 69.06963812408459, "Cw24": 0.02429363644074489, "xscale24": 0.4764747692325283, "yscale24": 0.4764747692325283, "zscale24": 0.4764747692325283, "Cab25": 56.009954503794084, "Cw25": 0.02332643473409097, "xscale25": 0.5181788022549123, "yscale25": 0.5181788022549123, "zscale25": 0.5181788022549123, "Cab26": 82.78057205294769, "Cw26": 0.018658048009345275, "xscale26": 0.5791470695097348, "yscale26": 0.5791470695097348, "zscale26": 0.5791470695097348, "Cab27": 89.3161879061999, "Cw27": 0.01693486862552772, "xscale27": 0.46812913753791485, "yscale27": 0.46812913753791485, "zscale27": 0.46812913753791485, "Cab28": 28.570569434304996, "Cw28": 0.030991656456783298, "xscale28": 0.35542764957709017, "yscale28": 0.35542764957709017, "zscale28": 0.35542764957709017, "Cab29": 42.10503318039753, "Cw29": 0.02322366501306182, "xscale29": 0.6713875771650949, "yscale29": 0.6713875771650949, "zscale29": 0.6713875771650949, "Cab30": 80.68709466793736, "Cw30": 0.04230264247577289, "xscale30": 0.37022479254289664, "yscale30": 0.37022479254289664, "zscale30": 0.37022479254289664, "Cab31": 83.94839317284783, "Cw31": 0.02646187335257441, "xscale31": 0.5772245041477437, "yscale31": 0.5772245041477437, "zscale31": 0.5772245041477437, "Cab32": 68.41982174788193, "Cw32": 0.025340706939150134, "xscale32": 0.4432242913523771, "yscale32": 0.4432242913523771, "zscale32": 0.4432242913523771, "Cab33": 21.05200887604311, "Cw33": 0.04880832321139486, "xscale33": 0.5712337497102544, "yscale33": 0.5712337497102544, "zscale33": 0.5712337497102544, "Cab34": 73.40934082135374, "Cw34": 0.047323388231463495, "xscale34": 0.4145757664641301, "yscale34": 0.4145757664641301, "zscale34": 0.4145757664641301, "Cab35": 77.40757646785673, "Cw35": 0.03282567150590808, "xscale35": 0.4673269497741915, "yscale35": 0.4673269497741915, "zscale35": 0.4673269497741915, "Cab36": 36.49783893762894, "Cw36": 0.04700410094497456, "xscale36": 0.742732157780286, "yscale36": 0.742732157780286, "zscale36": 0.742732157780286, "Cab37": 33.86505691966629, "Cw37": 0.020807447609543533, "xscale37": 0.5096400245473023, "yscale37": 0.5096400245473023, "zscale37": 0.5096400245473023, "Cab38": 45.49830626858645, "Cw38": 0.02731911034620642, "xscale38": 0.4682424164045966, "yscale38": 0.4682424164045966, "zscale38": 0.4682424164045966, "Cab39": 77.13891492205255, "Cw39": 0.017191256743025206, "xscale39": 0.49603490009488893, "yscale39": 0.49603490009488893, "zscale39": 0.49603490009488893, "Cab40": 59.94443284267908, "Cw40": 0.02382180998052471, "xscale40": 0.518881274008543, "yscale40": 0.518881274008543, "zscale40": 0.518881274008543, "Cab41": 68.30539687527232, "Cw41": 0.01492421317807232, "xscale41": 0.5685549096693963, "yscale41": 0.5685549096693963, "zscale41": 0.5685549096693963, "Cab42": 80.66329878396232, "Cw42": 0.04689632894696277, "xscale42": 0.6353785086589931, "yscale42": 0.6353785086589931, "zscale42": 0.6353785086589931, "Cab43": 56.14758469158345, "Cw43": 0.049820548660597104, "xscale43": 0.6507997512063493, "yscale43": 0.6507997512063493, "zscale43": 0.6507997512063493, "Cab44": 52.517791966772435, "Cw44": 0.023510664072346334, "xscale44": 0.48380588873978064, "yscale44": 0.48380588873978064, "zscale44": 0.48380588873978064, "Cab45": 69.90157149411536, "Cw45": 0.04962317495996149, "xscale45": 0.3310202037083527, "yscale45": 0.3310202037083527, "zscale45": 0.3310202037083527, "Cab46": 73.68156861538883, "Cw46": 0.030234686668672503, "xscale46": 0.47919438187234165, "yscale46": 0.47919438187234165, "zscale46": 0.47919438187234165, "Cab47": 73.11454052111137, "Cw47": 0.015773608412062438, "xscale47": 0.5301604056967563, "yscale47": 0.5301604056967563, "zscale47": 0.5301604056967563, "Cab48": 66.20124994054547, "Cw48": 0.016239374676409745, "xscale48": 0.6461044424951771, "yscale48": 0.6461044424951771, "zscale48": 0.6461044424951771, "Cab49": 68.05226635091651, "Cw49": 0.033793116010129805, "xscale49": 0.5961048097495735, "yscale49": 0.5961048097495735, "zscale49": 0.5961048097495735, "Cab50": 32.451030740329415, "Cw50": 0.02768709283025156, "xscale50": 0.6515748311668205, "yscale50": 0.6515748311668205, "zscale50": 0.6515748311668205, "Cab51": 77.79453069322425, "Cw51": 0.010533856712212707, "xscale51": 0.7783112271001008, "yscale51": 0.7783112271001008, "zscale51": 0.7783112271001008, "Cab52": 48.52161870168362, "Cw52": 0.03354676384033624,