{"Cab0": 83.01969756958424, "Cw0": 0.03051108709874046, "xscale0": 0.796624495422698, "yscale0": 0.796624495422698, "zscale0": 0.796624495422698, "Cab1": 34.98892459281291, "Cw1": 0.04794637332304303, "xscale1": 0.5293951441852879, "yscale1": 0.5293951441852879, "zscale1": 0.5293951441852879, "Cab2": 59.03085927678019, "Cw2": 0.0287896712190102, "xscale2": 0.6235288355705911, "yscale2": 0.6235288355705911, "zscale2": 0.6235288355705911, "Cab3": 64.24292905000277, "Cw3": 0.04197847420796523, "xscale3": 0.5462883818276096, "yscale3": 0.5462883818276096, "zscale3": 0.5462883818276096, "Cab4": 28.444510059070435, "Cw4": 0.010878735863486946, "xscale4": 0.557351886236921, "yscale4": 0.557351886236921, "zscale4": 0.557351886236921, "Cab5": 42.44710548133028, "Cw5": 0.012547573240176347, "xscale5": 0.7482581407235585, "yscale5": 0.7482581407235585, "zscale5": 0.7482581407235585, "Cab6": 82.15296636429527, "Cw6": 0.02408687056008641, "xscale6": 0.5393832296694379, "yscale6": 0.5393832296694379, "zscale6": 0.5393832296694379, "Cab7": 63.90563990674662, "Cw7": 0.04231913884138957, "xscale7": 0.476387751421757, "yscale7": 0.476387751421757, "zscale7": 0.476387751421757, "Cab8": 41.079091399020115, "Cw8": 0.028245769178769774, "xscale8": 0.6277527729180981, "yscale8": 0.6277527729180981, "zscale8": 0.6277527729180981, "Cab9": 47.84603180158306, "Cw9": 0.04578802581709009, "xscale9": 0.5715068924597522, "yscale9": 0.5715068924597522, "zscale9": 0.5715068924597522, "Cab10": 28.64104305331163, "Cw10": 0.032876743117635714, "xscale10": 0.4448620999437111, "yscale10": 0.4448620999437111, "zscale10": 0.4448620999437111, "Cab11": 57.34714509543497, "Cw11": 0.049923410073155705, "xscale11": 0.5211314563091329, "yscale11": 0.5211314563091329, "zscale11": 0.5211314563091329, "Cab12": 57.34897926027912, "Cw12": 0.012661521254855397, "xscale12": 0.5798651857061689, "yscale12": 0.5798651857061689, "zscale12": 0.5798651857061689, "Cab13": 54.49513763523854, "Cw13": 0.037761085236376106, "xscale13": 0.6843559241830625, "yscale13": 0.6843559241830625, "zscale13": 0.6843559241830625, "Cab14": 27.98707980400816, "Cw14": 0.017967707523784147, "xscale14": 0.5454003089290896, "yscale14": 0.5454003089290896, "zscale14": 0.5454003089290896, "Cab15": 40.1792512138277, "Cw15": 0.020177967764055227, "xscale15": 0.6163585484919416, "yscale15": 0.6163585484919416, "zscale15": 0.6163585484919416, "Cab16": 86.28100009546475, "Cw16": 0.03545433345752957, "xscale16": 0.6640687019766299, "yscale16": 0.6640687019766299, "zscale16": 0.6640687019766299, "Cab17": 80.1886060601301, "Cw17": 0.02420573909559298, "xscale17": 0.6260064347100075, "yscale17": 0.6260064347100075, "zscale17": 0.6260064347100075, "Cab18": 84.80984890548346, "Cw18": 0.019543056195915093, "xscale18": 0.538088507554322, "yscale18": 0.538088507554322, "zscale18": 0.538088507554322, "Cab19": 37.52201815365929, "Cw19": 0.03514151082249518, "xscale19": 0.6320203869404395, "yscale19": 0.6320203869404395, "zscale19": 0.6320203869404395, "Cab20": 75.76857896090107, "Cw20": 0.041475677988505884, "xscale20": 0.513491748698906, "yscale20": 0.513491748698906, "zscale20": 0.513491748698906, "Cab21": 82.83215405117193, "Cw21": 0.046737989044875416, "xscale21": 0.4936682465236853, "yscale21": 0.4936682465236853, "zscale21": 0.4936682465236853, "Cab22": 57.343942695128746, "Cw22": 0.025836195394925328, "xscale22": 0.4658522845013048, "yscale22": 0.4658522845013048, "zscale22": 0.4658522845013048, "Cab23": 77.000344824152, "Cw23": 0.046968848444259824, "xscale23": 0.5684339610653278, "yscale23": 0.5684339610653278, "zscale23": 0.5684339610653278, "Cab24": 59.95212043124561, "Cw24": 0.04298270686956025, "xscale24": 0.49156528964876406, "yscale24": 0.49156528964876406, "zscale24": 0.49156528964876406, "Cab25": 83.68319466405597, "Cw25": 0.03645101635355433, "xscale25": 0.5804509721606188, "yscale25": 0.5804509721606188, "zscale25": 0.5804509721606188, "Cab26": 74.36523923969905, "Cw26": 0.0286140097124195, "xscale26": 0.5097931073497266, "yscale26": 0.5097931073497266, "zscale26": 0.5097931073497266, "Cab27": 35.27518879561369, "Cw27": 0.031726884512200994, "xscale27": 0.36683137107041836, "yscale27": 0.36683137107041836, "zscale27": 0.36683137107041836, "Cab28": 46.94184573025568, "Cw28": 0.03495522493169126, "xscale28": 0.4148945014083097, "yscale28": 0.4148945014083097, "zscale28": 0.4148945014083097, "Cab29": 88.47281841327396, "Cw29": 0.03366431672779199, "xscale29": 0.7107665444151055, "yscale29": 0.7107665444151055, "zscale29": 0.7107665444151055, "Cab30": 65.72340504865437, "Cw30": 0.04905953855757031, "xscale30": 0.39425796933316437, "yscale30": 0.39425796933316437, "zscale30": 0.39425796933316437, "Cab31": 36.00950465242632, "Cw31": 0.024428184144173366, "xscale31": 0.5838421607372464, "yscale31": 0.5838421607372464, "zscale31": 0.5838421607372464, "Cab32": 67.17500089922504, "Cw32": 0.04502299103159514, "xscale32": 0.5456839933170016, "yscale32": 0.5456839933170016, "zscale32": 0.5456839933170016, "Cab33": 54.538756206089765, "Cw33": 0.014114577793712706, "xscale33": 0.4565816297473125, "yscale33": 0.4565816297473125, "zscale33": 0.4565816297473125, "Cab34": 64.01580647348712, "Cw34": 0.048482783490800395, "xscale34": 0.5662795654533811, "yscale34": 0.5662795654533811, "zscale34": 0.5662795654533811, "Cab35": 71.66562227650527, "Cw35": 0.02149252132779631, "xscale35": 0.4396444339245985, "yscale35": 0.4396444339245985, "zscale35": 0.4396444339245985, "Cab36": 72.61651133270277, "Cw36": 0.047136463171443994, "xscale36": 0.526549753593004, "yscale36": 0.526549753593004, "zscale36": 0.526549753593004, "Cab37": 60.02025903754489, "Cw37": 0.01860950133682168, "xscale37": 0.5132097720338898, "yscale37": 0.5132097720338898, "zscale37": 0.5132097720338898, "Cab38": 78.71443961087932, "Cw38": 0.026368279769190178, "xscale38": 0.47496363453993784, "yscale38": 0.47496363453993784, "zscale38": 0.47496363453993784, "Cab39": 67.17834640969883, "Cw39": 0.03783772788983889, "xscale39": 0.5803786214238028, "yscale39": 0.5803786214238028, "zscale39": 0.5803786214238028, "Cab40": 58.209276696408175, "Cw40": 0.016128318703488735, "xscale40": 0.6088409705498166, "yscale40": 0.6088409705498166, "zscale40": 0.6088409705498166, "Cab41": 60.171076518983654, "Cw41": 0.03460586500356929, "xscale41": 0.6422031322223584, "yscale41": 0.6422031322223584, "zscale41": 0.6422031322223584, "Cab42": 52.385399947936904, "Cw42": 0.02676856011534453, "xscale42": 0.4584237109479743, "yscale42": 0.4584237109479743, "zscale42": 0.4584237109479743, "Cab43": 64.84355802709717, "Cw43": 0.028422251508309876, "xscale43": 0.5275181578903316, "yscale43": 0.5275181578903316, "zscale43": 0.5275181578903316, "Cab44": 40.34515545796594, "Cw44": 0.04278284562925794, "xscale44": 0.4859659991293802, "yscale44": 0.4859659991293802, "zscale44": 0.4859659991293802, "Cab45": 80.00914539299316, "Cw45": 0.036521880409333594, "xscale45": 0.3562196445735896, "yscale45": 0.3562196445735896, "zscale45": 0.3562196445735896, "Cab46": 62.24704437143106, "Cw46": 0.04152181301615026, "xscale46": 0.3901305693269191, "yscale46": 0.3901305693269191, "zscale46": 0.3901305693269191, "Cab47": 29.948045455258693, "Cw47": 0.0400535829219017, "xscale47": 0.5919154677166716, "yscale47": 0.5919154677166716, "zscale47": 0.5919154677166716, "Cab48": 87.16964158741798, "Cw48": 0.04685350719132711, "xscale48": 0.7109364620458413, "yscale48": 0.7109364620458413, "zscale48": 0.7109364620458413, "Cab49": 89.52358881187844, "Cw49": 0.026389301007106847, "xscale49": 0.48007692761491555, "yscale49": 0.48007692761491555, "zscale49": 0.48007692761491555, "Cab50": 71.66224377605519, "Cw50": 0.012394022539117039, "xscale50": 0.5404420944083563, "yscale50": 0.5404420944083563, "zscale50": 0.5404420944083563, "Cab51": 77.229392881372, "Cw51": 0.015933909143988872, "xscale51": 0.7848136364268674, "yscale51": 0.7848136364268674, "zscale51": 0.7848136364268674, "Cab52": 31.05891840311859, "Cw52": 0.04244376777784761,