{"Cab0": 21.724969537023973, "Cw0": 0.036666885937704355, "xscale0": 0.6644367476438976, "yscale0": 0.6644367476438976, "zscale0": 0.6644367476438976, "Cab1": 46.708499243036805, "Cw1": 0.044139393464460434, "xscale1": 0.658060740381096, "yscale1": 0.658060740381096, "zscale1": 0.658060740381096, "Cab2": 36.88261039300307, "Cw2": 0.03284373198674568, "xscale2": 0.686639723823519, "yscale2": 0.686639723823519, "zscale2": 0.686639723823519, "Cab3": 41.240138847988774, "Cw3": 0.012291911722641654, "xscale3": 0.516190463382409, "yscale3": 0.516190463382409, "zscale3": 0.516190463382409, "Cab4": 81.59493731531418, "Cw4": 0.02485887908972196, "xscale4": 0.6099913834956532, "yscale4": 0.6099913834956532, "zscale4": 0.6099913834956532, "Cab5": 29.546774362795304, "Cw5": 0.018112268966839797, "xscale5": 0.8922485110889594, "yscale5": 0.8922485110889594, "zscale5": 0.8922485110889594, "Cab6": 42.40836931420455, "Cw6": 0.012818571442692987, "xscale6": 0.576515803952488, "yscale6": 0.576515803952488, "zscale6": 0.576515803952488, "Cab7": 43.91265877843446, "Cw7": 0.03141464690771332, "xscale7": 0.6106905695234296, "yscale7": 0.6106905695234296, "zscale7": 0.6106905695234296, "Cab8": 73.44557764160251, "Cw8": 0.02949866438497662, "xscale8": 0.571829952599037, "yscale8": 0.571829952599037, "zscale8": 0.571829952599037, "Cab9": 37.09130408821538, "Cw9": 0.04048077552056119, "xscale9": 0.6285875666110656, "yscale9": 0.6285875666110656, "zscale9": 0.6285875666110656, "Cab10": 36.522283312764046, "Cw10": 0.01461253730070576, "xscale10": 0.48365650933319315, "yscale10": 0.48365650933319315, "zscale10": 0.48365650933319315, "Cab11": 69.29994512349427, "Cw11": 0.029526433583487458, "xscale11": 0.7219022985834869, "yscale11": 0.7219022985834869, "zscale11": 0.7219022985834869, "Cab12": 54.0972988318361, "Cw12": 0.012869045998601192, "xscale12": 0.6383115455154824, "yscale12": 0.6383115455154824, "zscale12": 0.6383115455154824, "Cab13": 33.84130571783517, "Cw13": 0.03592100891531635, "xscale13": 0.5578945156742043, "yscale13": 0.5578945156742043, "zscale13": 0.5578945156742043, "Cab14": 63.29607075958744, "Cw14": 0.03401748255033744, "xscale14": 0.4924188463699944, "yscale14": 0.4924188463699944, "zscale14": 0.4924188463699944, "Cab15": 57.76268595250501, "Cw15": 0.031639468877005965, "xscale15": 0.532520798993979, "yscale15": 0.532520798993979, "zscale15": 0.532520798993979, "Cab16": 58.05699083845118, "Cw16": 0.0384006184563805, "xscale16": 0.48853356951783616, "yscale16": 0.48853356951783616, "zscale16": 0.48853356951783616, "Cab17": 39.24490625730965, "Cw17": 0.015647566238342164, "xscale17": 0.5230228388617185, "yscale17": 0.5230228388617185, "zscale17": 0.5230228388617185, "Cab18": 33.66091588561675, "Cw18": 0.022314685215416078, "xscale18": 0.7094235257579268, "yscale18": 0.7094235257579268, "zscale18": 0.7094235257579268, "Cab19": 82.15458878681778, "Cw19": 0.010234085679703494, "xscale19": 0.4482064614566894, "yscale19": 0.4482064614566894, "zscale19": 0.4482064614566894, "Cab20": 72.03190816627433, "Cw20": 0.03521721145672993, "xscale20": 0.6696704888297207, "yscale20": 0.6696704888297207, "zscale20": 0.6696704888297207, "Cab21": 31.859053139478846, "Cw21": 0.023278817401742667, "xscale21": 0.5331823623146508, "yscale21": 0.5331823623146508, "zscale21": 0.5331823623146508, "Cab22": 63.88542062553129, "Cw22": 0.014693783853125374, "xscale22": 0.45154636433939316, "yscale22": 0.45154636433939316, "zscale22": 0.45154636433939316, "Cab23": 21.81732696661552, "Cw23": 0.017636450644532897, "xscale23": 0.6415056561089671, "yscale23": 0.6415056561089671, "zscale23": 0.6415056561089671, "Cab24": 75.87771050176127, "Cw24": 0.025558026196710604, "xscale24": 0.6385872303156725, "yscale24": 0.6385872303156725, "zscale24": 0.6385872303156725, "Cab25": 56.75691156931845, "Cw25": 0.0493416733972346, "xscale25": 0.6995412623018484, "yscale25": 0.6995412623018484, "zscale25": 0.6995412623018484, "Cab26": 49.37746932780173, "Cw26": 0.02296906100556404, "xscale26": 0.5237140799166439, "yscale26": 0.5237140799166439, "zscale26": 0.5237140799166439, "Cab27": 36.93418708491404, "Cw27": 0.038769708121990154, "xscale27": 0.4241829219153487, "yscale27": 0.4241829219153487, "zscale27": 0.4241829219153487, "Cab28": 41.2063813270379, "Cw28": 0.018880324201051082, "xscale28": 0.4491286407820851, "yscale28": 0.4491286407820851, "zscale28": 0.4491286407820851, "Cab29": 38.923903734736236, "Cw29": 0.015956296843389818, "xscale29": 0.5167051922771946, "yscale29": 0.5167051922771946, "zscale29": 0.5167051922771946, "Cab30": 75.67209702934943, "Cw30": 0.04970579447382422, "xscale30": 0.31522681608591346, "yscale30": 0.31522681608591346, "zscale30": 0.31522681608591346, "Cab31": 43.242218389615736, "Cw31": 0.03630164783953946, "xscale31": 0.697404122096367, "yscale31": 0.697404122096367, "zscale31": 0.697404122096367, "Cab32": 66.3813872262991, "Cw32": 0.027842412734755663, "xscale32": 0.5124294210430225, "yscale32": 0.5124294210430225, "zscale32": 0.5124294210430225, "Cab33": 69.28840391984289, "Cw33": 0.02181824728967485, "xscale33": 0.4848250328375921, "yscale33": 0.4848250328375921, "zscale33": 0.4848250328375921, "Cab34": 61.79831003155345, "Cw34": 0.03324606608670045, "xscale34": 0.5542638251872702, "yscale34": 0.5542638251872702, "zscale34": 0.5542638251872702, "Cab35": 35.97968715127979, "Cw35": 0.011311697182705806, "xscale35": 0.38285064007659225, "yscale35": 0.38285064007659225, "zscale35": 0.38285064007659225, "Cab36": 61.98761321385913, "Cw36": 0.03319023690857947, "xscale36": 0.6556823497431664, "yscale36": 0.6556823497431664, "zscale36": 0.6556823497431664, "Cab37": 85.44696306245083, "Cw37": 0.04990949203460322, "xscale37": 0.45075764762377835, "yscale37": 0.45075764762377835, "zscale37": 0.45075764762377835, "Cab38": 68.24361195493557, "Cw38": 0.023485039099887764, "xscale38": 0.543356795517553, "yscale38": 0.543356795517553, "zscale38": 0.543356795517553, "Cab39": 78.22712917702566, "Cw39": 0.03083977600889349, "xscale39": 0.5298813430333142, "yscale39": 0.5298813430333142, "zscale39": 0.5298813430333142, "Cab40": 47.88523144554921, "Cw40": 0.01059568773520168, "xscale40": 0.4943930865359243, "yscale40": 0.4943930865359243, "zscale40": 0.4943930865359243, "Cab41": 48.220096290942486, "Cw41": 0.04413845747039197, "xscale41": 0.47577887828580206, "yscale41": 0.47577887828580206, "zscale41": 0.47577887828580206, "Cab42": 25.918443591151217, "Cw42": 0.042536468630800614, "xscale42": 0.5041459544523748, "yscale42": 0.5041459544523748, "zscale42": 0.5041459544523748, "Cab43": 87.62544529634717, "Cw43": 0.03969746800867572, "xscale43": 0.49078032587814757, "yscale43": 0.49078032587814757, "zscale43": 0.49078032587814757, "Cab44": 35.263348395084336, "Cw44": 0.012649888494811044, "xscale44": 0.46758529105741825, "yscale44": 0.46758529105741825, "zscale44": 0.46758529105741825, "Cab45": 82.16806026568342, "Cw45": 0.047300749126708674, "xscale45": 0.2752400361846269, "yscale45": 0.2752400361846269, "zscale45": 0.2752400361846269, "Cab46": 46.94207181793869, "Cw46": 0.02767034318867581, "xscale46": 0.4194259390547987, "yscale46": 0.4194259390547987, "zscale46": 0.4194259390547987, "Cab47": 34.369984878127866, "Cw47": 0.015658562619999362, "xscale47": 0.42794523547964014, "yscale47": 0.42794523547964014, "zscale47": 0.42794523547964014, "Cab48": 28.970422381007985, "Cw48": 0.02991619069034246, "xscale48": 0.7322603279882058, "yscale48": 0.7322603279882058, "zscale48": 0.7322603279882058, "Cab49": 56.638921049519, "Cw49": 0.033856703894547535, "xscale49": 0.6068805517451561, "yscale49": 0.6068805517451561, "zscale49": 0.6068805517451561, "Cab50": 68.9037419661833, "Cw50": 0.011963265073107437, "xscale50": 0.6782979599559601, "yscale50": 0.6782979599559601, "zscale50": 0.6782979599559601, "Cab51": 78.76307306484122, "Cw51": 0.039342230848301005, "xscale51": 0.6541192190825548, "yscale51": 0.6541192190825548, "zscale51": 0.6541192190825548, "Cab52": 88.97961172778905,