{"Cab0": 56.91486512758373, "Cw0": 0.02664929946546333, "xscale0": 0.7769284513414282, "yscale0": 0.7769284513414282, "zscale0": 0.7769284513414282, "Cab1": 66.36558194075563, "Cw1": 0.04368991327447043, "xscale1": 0.700070266526335, "yscale1": 0.700070266526335, "zscale1": 0.700070266526335, "Cab2": 62.48491685733886, "Cw2": 0.014747314279160024, "xscale2": 0.6743958477184666, "yscale2": 0.6743958477184666, "zscale2": 0.6743958477184666, "Cab3": 55.189669458365074, "Cw3": 0.04487292281078346, "xscale3": 0.48383252760197365, "yscale3": 0.48383252760197365, "zscale3": 0.48383252760197365, "Cab4": 60.53466184968421, "Cw4": 0.031363518371306034, "xscale4": 0.5238648191349987, "yscale4": 0.5238648191349987, "zscale4": 0.5238648191349987, "Cab5": 20.52818025335986, "Cw5": 0.02532552339391869, "xscale5": 0.6279434749506554, "yscale5": 0.6279434749506554, "zscale5": 0.6279434749506554, "Cab6": 35.10288722289632, "Cw6": 0.01795278609643951, "xscale6": 0.6083384213237754, "yscale6": 0.6083384213237754, "zscale6": 0.6083384213237754, "Cab7": 25.213266853601464, "Cw7": 0.040988689857723186, "xscale7": 0.6353766563184292, "yscale7": 0.6353766563184292, "zscale7": 0.6353766563184292, "Cab8": 53.60996197236305, "Cw8": 0.03522901350108714, "xscale8": 0.5676135447449182, "yscale8": 0.5676135447449182, "zscale8": 0.5676135447449182, "Cab9": 51.37065999562499, "Cw9": 0.02556366520143418, "xscale9": 0.5446452709310071, "yscale9": 0.5446452709310071, "zscale9": 0.5446452709310071, "Cab10": 40.92385570031601, "Cw10": 0.04080316042994538, "xscale10": 0.47731956854493607, "yscale10": 0.47731956854493607, "zscale10": 0.47731956854493607, "Cab11": 63.53375383988607, "Cw11": 0.043889990007294065, "xscale11": 0.7238130396714726, "yscale11": 0.7238130396714726, "zscale11": 0.7238130396714726, "Cab12": 29.82630075502361, "Cw12": 0.023528214921613597, "xscale12": 0.5111797364026988, "yscale12": 0.5111797364026988, "zscale12": 0.5111797364026988, "Cab13": 26.035693748678604, "Cw13": 0.043593339621855326, "xscale13": 0.6972616977424853, "yscale13": 0.6972616977424853, "zscale13": 0.6972616977424853, "Cab14": 58.7139486519424, "Cw14": 0.03992098927921605, "xscale14": 0.4687438111426241, "yscale14": 0.4687438111426241, "zscale14": 0.4687438111426241, "Cab15": 68.35824875201848, "Cw15": 0.03418496668666875, "xscale15": 0.572323674463037, "yscale15": 0.572323674463037, "zscale15": 0.572323674463037, "Cab16": 44.712070853452964, "Cw16": 0.021390697093731564, "xscale16": 0.5861018936053984, "yscale16": 0.5861018936053984, "zscale16": 0.5861018936053984, "Cab17": 77.04052245116837, "Cw17": 0.04053742356014633, "xscale17": 0.6748555751935267, "yscale17": 0.6748555751935267, "zscale17": 0.6748555751935267, "Cab18": 57.216954974062766, "Cw18": 0.04133428243749102, "xscale18": 0.7473391044764363, "yscale18": 0.7473391044764363, "zscale18": 0.7473391044764363, "Cab19": 38.36403208866648, "Cw19": 0.047304426588684015, "xscale19": 0.5728444306298042, "yscale19": 0.5728444306298042, "zscale19": 0.5728444306298042, "Cab20": 70.62810064346536, "Cw20": 0.025824750644838683, "xscale20": 0.550526124351248, "yscale20": 0.550526124351248, "zscale20": 0.550526124351248, "Cab21": 25.11382529062781, "Cw21": 0.01182169147074701, "xscale21": 0.5686459011411614, "yscale21": 0.5686459011411614, "zscale21": 0.5686459011411614, "Cab22": 76.24891317695315, "Cw22": 0.03455671035415609, "xscale22": 0.5936096643480961, "yscale22": 0.5936096643480961, "zscale22": 0.5936096643480961, "Cab23": 28.30671557937793, "Cw23": 0.01082615167968747, "xscale23": 0.6151826963262805, "yscale23": 0.6151826963262805, "zscale23": 0.6151826963262805, "Cab24": 45.829296660345314, "Cw24": 0.010929347300915918, "xscale24": 0.5693837581977979, "yscale24": 0.5693837581977979, "zscale24": 0.5693837581977979, "Cab25": 61.74092054241138, "Cw25": 0.049268279667727094, "xscale25": 0.5645946852209889, "yscale25": 0.5645946852209889, "zscale25": 0.5645946852209889, "Cab26": 76.85958715124531, "Cw26": 0.036005542133750706, "xscale26": 0.552847991975895, "yscale26": 0.552847991975895, "zscale26": 0.552847991975895, "Cab27": 73.62318761628563, "Cw27": 0.02255330092103492, "xscale27": 0.41771487103397303, "yscale27": 0.41771487103397303, "zscale27": 0.41771487103397303, "Cab28": 27.931188475222058, "Cw28": 0.015653330898240454, "xscale28": 0.44275700455659045, "yscale28": 0.44275700455659045, "zscale28": 0.44275700455659045, "Cab29": 24.597240748614002, "Cw29": 0.022483279322264457, "xscale29": 0.6613388671117036, "yscale29": 0.6613388671117036, "zscale29": 0.6613388671117036, "Cab30": 73.04883167373967, "Cw30": 0.048739589132627964, "xscale30": 0.30741746340465603, "yscale30": 0.30741746340465603, "zscale30": 0.30741746340465603, "Cab31": 59.208346206505446, "Cw31": 0.04724655746837469, "xscale31": 0.7098338922697329, "yscale31": 0.7098338922697329, "zscale31": 0.7098338922697329, "Cab32": 60.28072094887471, "Cw32": 0.04112743829253531, "xscale32": 0.40538437453831816, "yscale32": 0.40538437453831816, "zscale32": 0.40538437453831816, "Cab33": 86.4046257261359, "Cw33": 0.037056417540799726, "xscale33": 0.46938453249629297, "yscale33": 0.46938453249629297, "zscale33": 0.46938453249629297, "Cab34": 35.275954853615225, "Cw34": 0.02025784653418633, "xscale34": 0.41635074808004024, "yscale34": 0.41635074808004024, "zscale34": 0.41635074808004024, "Cab35": 86.45629267034545, "Cw35": 0.047705993282951054, "xscale35": 0.39705762133650413, "yscale35": 0.39705762133650413, "zscale35": 0.39705762133650413, "Cab36": 72.55836023212045, "Cw36": 0.024778027962642668, "xscale36": 0.7521622799433016, "yscale36": 0.7521622799433016, "zscale36": 0.7521622799433016, "Cab37": 80.57699261668893, "Cw37": 0.01793423407096551, "xscale37": 0.5200863837094424, "yscale37": 0.5200863837094424, "zscale37": 0.5200863837094424, "Cab38": 61.13717353448113, "Cw38": 0.013196372891403678, "xscale38": 0.39163815626532034, "yscale38": 0.39163815626532034, "zscale38": 0.39163815626532034, "Cab39": 73.21009321601379, "Cw39": 0.04206758447558744, "xscale39": 0.4884119051199563, "yscale39": 0.4884119051199563, "zscale39": 0.4884119051199563, "Cab40": 86.01776387216356, "Cw40": 0.013710207600309379, "xscale40": 0.5742835127304582, "yscale40": 0.5742835127304582, "zscale40": 0.5742835127304582, "Cab41": 23.776104146541957, "Cw41": 0.03442473688643849, "xscale41": 0.49751908558860997, "yscale41": 0.49751908558860997, "zscale41": 0.49751908558860997, "Cab42": 40.50084677515092, "Cw42": 0.029917032185996603, "xscale42": 0.5481662980974636, "yscale42": 0.5481662980974636, "zscale42": 0.5481662980974636, "Cab43": 32.04462832877571, "Cw43": 0.04578557763988045, "xscale43": 0.5406052120880463, "yscale43": 0.5406052120880463, "zscale43": 0.5406052120880463, "Cab44": 27.86895525568409, "Cw44": 0.04456975396033454, "xscale44": 0.4615633581029681, "yscale44": 0.4615633581029681, "zscale44": 0.4615633581029681, "Cab45": 68.43751515463074, "Cw45": 0.029551989546879362, "xscale45": 0.3772746213796738, "yscale45": 0.3772746213796738, "zscale45": 0.3772746213796738, "Cab46": 59.94877842782339, "Cw46": 0.023279590670167508, "xscale46": 0.44706361239755527, "yscale46": 0.44706361239755527, "zscale46": 0.44706361239755527, "Cab47": 59.241145752236164, "Cw47": 0.04442552398187007, "xscale47": 0.4536977865669138, "yscale47": 0.4536977865669138, "zscale47": 0.4536977865669138, "Cab48": 54.72300007803451, "Cw48": 0.029962531875743388, "xscale48": 0.7412894061908787, "yscale48": 0.7412894061908787, "zscale48": 0.7412894061908787, "Cab49": 27.595778593750932, "Cw49": 0.01843719663523356, "xscale49": 0.4185798667369164, "yscale49": 0.4185798667369164, "zscale49": 0.4185798667369164, "Cab50": 63.694395483644335, "Cw50": 0.03501720459750596, "xscale50": 0.6922059158964738, "yscale50": 0.6922059158964738, "zscale50": 0.6922059158964738, "Cab51": 86.35196286458067, "Cw51": 0.02714315713359082, "xscale51": 0.8173737225817115, "yscale51": 0.8173737225817115, "zscale51": 0.8173737225817115, "Cab52": 88.28829227267845,