{"Cab0": 54.579752922230924, "Cw0": 0.02667082629266765, "xscale0": 0.676818224712087, "yscale0": 0.676818224712087, "zscale0": 0.676818224712087, "Cab1": 23.66494052594055, "Cw1": 0.04235869251055345, "xscale1": 0.6665585215273193, "yscale1": 0.6665585215273193, "zscale1": 0.6665585215273193, "Cab2": 33.952890126284196, "Cw2": 0.03314160117466138, "xscale2": 0.6258063502496957, "yscale2": 0.6258063502496957, "zscale2": 0.6258063502496957, "Cab3": 81.76052239286568, "Cw3": 0.016189140091756725, "xscale3": 0.44782286410699684, "yscale3": 0.44782286410699684, "zscale3": 0.44782286410699684, "Cab4": 27.543662041851725, "Cw4": 0.03861890800248762, "xscale4": 0.7041808347324564, "yscale4": 0.7041808347324564, "zscale4": 0.7041808347324564, "Cab5": 48.77178715389747, "Cw5": 0.01508777470201093, "xscale5": 0.667968264524733, "yscale5": 0.667968264524733, "zscale5": 0.667968264524733, "Cab6": 25.62357847184314, "Cw6": 0.02703509915308839, "xscale6": 0.6324893652167171, "yscale6": 0.6324893652167171, "zscale6": 0.6324893652167171, "Cab7": 89.0990671855374, "Cw7": 0.04104376900339193, "xscale7": 0.48544034641387646, "yscale7": 0.48544034641387646, "zscale7": 0.48544034641387646, "Cab8": 85.28200856223093, "Cw8": 0.028597614549091127, "xscale8": 0.5504682317527368, "yscale8": 0.5504682317527368, "zscale8": 0.5504682317527368, "Cab9": 64.4759802646208, "Cw9": 0.020668044033048297, "xscale9": 0.6124192577574531, "yscale9": 0.6124192577574531, "zscale9": 0.6124192577574531, "Cab10": 62.356549905636186, "Cw10": 0.03069220608585429, "xscale10": 0.42415562788944006, "yscale10": 0.42415562788944006, "zscale10": 0.42415562788944006, "Cab11": 88.68277221574346, "Cw11": 0.04072303574262667, "xscale11": 0.7391586976110727, "yscale11": 0.7391586976110727, "zscale11": 0.7391586976110727, "Cab12": 64.65090872754499, "Cw12": 0.01116496247291796, "xscale12": 0.45745201884689773, "yscale12": 0.45745201884689773, "zscale12": 0.45745201884689773, "Cab13": 23.45703373435902, "Cw13": 0.021667084795050272, "xscale13": 0.6843731068558918, "yscale13": 0.6843731068558918, "zscale13": 0.6843731068558918, "Cab14": 56.182624062809104, "Cw14": 0.046489077506484615, "xscale14": 0.5794815236057932, "yscale14": 0.5794815236057932, "zscale14": 0.5794815236057932, "Cab15": 50.22224525203089, "Cw15": 0.014351461106487377, "xscale15": 0.672439076538447, "yscale15": 0.672439076538447, "zscale15": 0.672439076538447, "Cab16": 40.458686746897826, "Cw16": 0.015144509053806501, "xscale16": 0.4948569379882451, "yscale16": 0.4948569379882451, "zscale16": 0.4948569379882451, "Cab17": 79.10113666809036, "Cw17": 0.028577754885937508, "xscale17": 0.5181911183235024, "yscale17": 0.5181911183235024, "zscale17": 0.5181911183235024, "Cab18": 88.9297177424272, "Cw18": 0.029814530570200608, "xscale18": 0.5183264474060773, "yscale18": 0.5183264474060773, "zscale18": 0.5183264474060773, "Cab19": 69.51270047837392, "Cw19": 0.03411062116039017, "xscale19": 0.5459415037912475, "yscale19": 0.5459415037912475, "zscale19": 0.5459415037912475, "Cab20": 56.826907789321076, "Cw20": 0.019173769263477823, "xscale20": 0.6793439103973046, "yscale20": 0.6793439103973046, "zscale20": 0.6793439103973046, "Cab21": 20.74403753439731, "Cw21": 0.027568970000981748, "xscale21": 0.5846506120712632, "yscale21": 0.5846506120712632, "zscale21": 0.5846506120712632, "Cab22": 63.868524298059214, "Cw22": 0.02178993901044743, "xscale22": 0.4091002226853543, "yscale22": 0.4091002226853543, "zscale22": 0.4091002226853543, "Cab23": 46.51266066670691, "Cw23": 0.015962869881508954, "xscale23": 0.6239961826866762, "yscale23": 0.6239961826866762, "zscale23": 0.6239961826866762, "Cab24": 28.812308735549998, "Cw24": 0.04786046941109981, "xscale24": 0.5816995748869663, "yscale24": 0.5816995748869663, "zscale24": 0.5816995748869663, "Cab25": 64.95353987848097, "Cw25": 0.018599321493856943, "xscale25": 0.6383758583540308, "yscale25": 0.6383758583540308, "zscale25": 0.6383758583540308, "Cab26": 76.70923870171924, "Cw26": 0.026157259589367814, "xscale26": 0.5838728711910455, "yscale26": 0.5838728711910455, "zscale26": 0.5838728711910455, "Cab27": 38.24054304306506, "Cw27": 0.02282912491315689, "xscale27": 0.45082283381274973, "yscale27": 0.45082283381274973, "zscale27": 0.45082283381274973, "Cab28": 29.601916956258904, "Cw28": 0.0491239022184075, "xscale28": 0.4565809182618933, "yscale28": 0.4565809182618933, "zscale28": 0.4565809182618933, "Cab29": 74.1768058324298, "Cw29": 0.036534332831574805, "xscale29": 0.5608024759165388, "yscale29": 0.5608024759165388, "zscale29": 0.5608024759165388, "Cab30": 81.52388317417189, "Cw30": 0.02292174237586999, "xscale30": 0.4432475714078328, "yscale30": 0.4432475714078328, "zscale30": 0.4432475714078328, "Cab31": 89.8985638721681, "Cw31": 0.030363709433956984, "xscale31": 0.6046906437570772, "yscale31": 0.6046906437570772, "zscale31": 0.6046906437570772, "Cab32": 68.28225348345993, "Cw32": 0.012753013625116471, "xscale32": 0.41132595061782506, "yscale32": 0.41132595061782506, "zscale32": 0.41132595061782506, "Cab33": 72.57603417278722, "Cw33": 0.0320333690451257, "xscale33": 0.4450666541075672, "yscale33": 0.4450666541075672, "zscale33": 0.4450666541075672, "Cab34": 78.85590639418308, "Cw34": 0.03481730874074282, "xscale34": 0.556015906913344, "yscale34": 0.556015906913344, "zscale34": 0.556015906913344, "Cab35": 29.255898374114892, "Cw35": 0.04023336059988798, "xscale35": 0.4190398721369737, "yscale35": 0.4190398721369737, "zscale35": 0.4190398721369737, "Cab36": 70.05464146817471, "Cw36": 0.028272671027120333, "xscale36": 0.703567449921289, "yscale36": 0.703567449921289, "zscale36": 0.703567449921289, "Cab37": 72.77646790258856, "Cw37": 0.033247277318794975, "xscale37": 0.4783667947349316, "yscale37": 0.4783667947349316, "zscale37": 0.4783667947349316, "Cab38": 25.19717056469654, "Cw38": 0.043738581027466514, "xscale38": 0.49457653918164834, "yscale38": 0.49457653918164834, "zscale38": 0.49457653918164834, "Cab39": 43.68473837876144, "Cw39": 0.044298535333088425, "xscale39": 0.6829308358987771, "yscale39": 0.6829308358987771, "zscale39": 0.6829308358987771, "Cab40": 71.85858656556906, "Cw40": 0.011155683275596946, "xscale40": 0.6283235326045598, "yscale40": 0.6283235326045598, "zscale40": 0.6283235326045598, "Cab41": 68.6655732032242, "Cw41": 0.032015795057073596, "xscale41": 0.6051673287888832, "yscale41": 0.6051673287888832, "zscale41": 0.6051673287888832, "Cab42": 71.34886224546867, "Cw42": 0.023709892824014204, "xscale42": 0.5711412144894671, "yscale42": 0.5711412144894671, "zscale42": 0.5711412144894671, "Cab43": 24.274798197564017, "Cw43": 0.04767301929016532, "xscale43": 0.5723598543146027, "yscale43": 0.5723598543146027, "zscale43": 0.5723598543146027, "Cab44": 58.35580296421234, "Cw44": 0.034545865580633404, "xscale44": 0.35290628807921237, "yscale44": 0.35290628807921237, "zscale44": 0.35290628807921237, "Cab45": 52.30171330784927, "Cw45": 0.02371556077164961, "xscale45": 0.29294136855421915, "yscale45": 0.29294136855421915, "zscale45": 0.29294136855421915, "Cab46": 35.131945821610984, "Cw46": 0.037822432561499475, "xscale46": 0.4046983515223906, "yscale46": 0.4046983515223906, "zscale46": 0.4046983515223906, "Cab47": 61.4952351793644, "Cw47": 0.012220874686548339, "xscale47": 0.6178343100406389, "yscale47": 0.6178343100406389, "zscale47": 0.6178343100406389, "Cab48": 45.778693053460366, "Cw48": 0.04863610169010216, "xscale48": 0.5649869718105384, "yscale48": 0.5649869718105384, "zscale48": 0.5649869718105384, "Cab49": 47.509441260176445, "Cw49": 0.04052505334932003, "xscale49": 0.574363626218991, "yscale49": 0.574363626218991, "zscale49": 0.574363626218991, "Cab50": 32.016674971919386, "Cw50": 0.01512587872982352, "xscale50": 0.7265490460608903, "yscale50": 0.7265490460608903, "zscale50": 0.7265490460608903, "Cab51": 43.494537797893194, "Cw51": 0.01414243475940383, "xscale51": 0.5984075485242936, "yscale51": 0.5984075485242936, "zscale51": 0.5984075485242936, "Cab52": 56.27863040113664,