{"Cab0": 37.724299271868304, "Cw0": 0.019159488235580092, "xscale0": 0.8680540598358844, "yscale0": 0.8680540598358844, "zscale0": 0.8680540598358844, "Cab1": 61.53907931977002, "Cw1": 0.035511532612929386, "xscale1": 0.49484480982557877, "yscale1": 0.49484480982557877, "zscale1": 0.49484480982557877, "Cab2": 79.50159757082099, "Cw2": 0.04110966197885043, "xscale2": 0.5592925961712477, "yscale2": 0.5592925961712477, "zscale2": 0.5592925961712477, "Cab3": 67.619730937232, "Cw3": 0.027248680417922097, "xscale3": 0.5207457363603536, "yscale3": 0.5207457363603536, "zscale3": 0.5207457363603536, "Cab4": 78.39477121131036, "Cw4": 0.048866415963706486, "xscale4": 0.5254610180326498, "yscale4": 0.5254610180326498, "zscale4": 0.5254610180326498, "Cab5": 21.072992757499197, "Cw5": 0.025567538155265957, "xscale5": 0.8951828090245826, "yscale5": 0.8951828090245826, "zscale5": 0.8951828090245826, "Cab6": 31.230595249050715, "Cw6": 0.039197255501011115, "xscale6": 0.46473761061965974, "yscale6": 0.46473761061965974, "zscale6": 0.46473761061965974, "Cab7": 79.83650246283351, "Cw7": 0.021241184602135515, "xscale7": 0.6170283341912365, "yscale7": 0.6170283341912365, "zscale7": 0.6170283341912365, "Cab8": 62.22473196560628, "Cw8": 0.010470618843681133, "xscale8": 0.5726708471697628, "yscale8": 0.5726708471697628, "zscale8": 0.5726708471697628, "Cab9": 77.89017020607761, "Cw9": 0.012035392852917434, "xscale9": 0.7576777950856806, "yscale9": 0.7576777950856806, "zscale9": 0.7576777950856806, "Cab10": 60.25488508876199, "Cw10": 0.019716118687443655, "xscale10": 0.458560411083423, "yscale10": 0.458560411083423, "zscale10": 0.458560411083423, "Cab11": 31.004628918137882, "Cw11": 0.022691463457848074, "xscale11": 0.7383409655490104, "yscale11": 0.7383409655490104, "zscale11": 0.7383409655490104, "Cab12": 55.76354844999194, "Cw12": 0.03140559667723646, "xscale12": 0.61392692909462, "yscale12": 0.61392692909462, "zscale12": 0.61392692909462, "Cab13": 39.13021994603582, "Cw13": 0.011776716910859259, "xscale13": 0.7048193121967689, "yscale13": 0.7048193121967689, "zscale13": 0.7048193121967689, "Cab14": 30.02912774456117, "Cw14": 0.03979743623835114, "xscale14": 0.44449052153232277, "yscale14": 0.44449052153232277, "zscale14": 0.44449052153232277, "Cab15": 77.95374766746971, "Cw15": 0.046184610380951896, "xscale15": 0.48674965269491177, "yscale15": 0.48674965269491177, "zscale15": 0.48674965269491177, "Cab16": 41.8276023350809, "Cw16": 0.033742871254684996, "xscale16": 0.53410103473431, "yscale16": 0.53410103473431, "zscale16": 0.53410103473431, "Cab17": 48.03207831542164, "Cw17": 0.048862440329224335, "xscale17": 0.4916489068233113, "yscale17": 0.4916489068233113, "zscale17": 0.4916489068233113, "Cab18": 56.649754124843206, "Cw18": 0.03262550178507153, "xscale18": 0.7101341341338243, "yscale18": 0.7101341341338243, "zscale18": 0.7101341341338243, "Cab19": 60.96003562073624, "Cw19": 0.039312709016736676, "xscale19": 0.592040844499615, "yscale19": 0.592040844499615, "zscale19": 0.592040844499615, "Cab20": 73.47008014193278, "Cw20": 0.03579382144723363, "xscale20": 0.7146958843478244, "yscale20": 0.7146958843478244, "zscale20": 0.7146958843478244, "Cab21": 60.86349816011859, "Cw21": 0.029881459472949866, "xscale21": 0.5612931229665081, "yscale21": 0.5612931229665081, "zscale21": 0.5612931229665081, "Cab22": 84.73826455108407, "Cw22": 0.03160105282621482, "xscale22": 0.4347752292579028, "yscale22": 0.4347752292579028, "zscale22": 0.4347752292579028, "Cab23": 64.6336922598897, "Cw23": 0.04517349104082296, "xscale23": 0.695450236559863, "yscale23": 0.695450236559863, "zscale23": 0.695450236559863, "Cab24": 85.05792672562276, "Cw24": 0.031484662152470505, "xscale24": 0.5172069238867136, "yscale24": 0.5172069238867136, "zscale24": 0.5172069238867136, "Cab25": 54.47556107180995, "Cw25": 0.0269034486454391, "xscale25": 0.6934739381698579, "yscale25": 0.6934739381698579, "zscale25": 0.6934739381698579, "Cab26": 56.315685960863334, "Cw26": 0.022334271440937435, "xscale26": 0.7162638111742478, "yscale26": 0.7162638111742478, "zscale26": 0.7162638111742478, "Cab27": 53.36704309548488, "Cw27": 0.048534557219450984, "xscale27": 0.43436575714854486, "yscale27": 0.43436575714854486, "zscale27": 0.43436575714854486, "Cab28": 53.600851980963455, "Cw28": 0.0226598413097717, "xscale28": 0.433938536742818, "yscale28": 0.433938536742818, "zscale28": 0.433938536742818, "Cab29": 21.054431889005645, "Cw29": 0.046011998775444735, "xscale29": 0.6715124842011334, "yscale29": 0.6715124842011334, "zscale29": 0.6715124842011334, "Cab30": 28.638402710799703, "Cw30": 0.03520593993148688, "xscale30": 0.4024893249845904, "yscale30": 0.4024893249845904, "zscale30": 0.4024893249845904, "Cab31": 56.72591362860308, "Cw31": 0.025366133837815046, "xscale31": 0.6830190625857044, "yscale31": 0.6830190625857044, "zscale31": 0.6830190625857044, "Cab32": 28.63552926912467, "Cw32": 0.025258406581158778, "xscale32": 0.44948500496420085, "yscale32": 0.44948500496420085, "zscale32": 0.44948500496420085, "Cab33": 55.8143580287927, "Cw33": 0.015125391819585929, "xscale33": 0.5088582367558235, "yscale33": 0.5088582367558235, "zscale33": 0.5088582367558235, "Cab34": 31.37036792977834, "Cw34": 0.041698487799779284, "xscale34": 0.4652658561153266, "yscale34": 0.4652658561153266, "zscale34": 0.4652658561153266, "Cab35": 76.76763662269545, "Cw35": 0.033027922460987374, "xscale35": 0.3534463690118884, "yscale35": 0.3534463690118884, "zscale35": 0.3534463690118884, "Cab36": 58.846013275965554, "Cw36": 0.03506044000773177, "xscale36": 0.7321751927258661, "yscale36": 0.7321751927258661, "zscale36": 0.7321751927258661, "Cab37": 27.357269516362827, "Cw37": 0.04126182987891967, "xscale37": 0.4644012695665179, "yscale37": 0.4644012695665179, "zscale37": 0.4644012695665179, "Cab38": 55.256333697931254, "Cw38": 0.0195361982944936, "xscale38": 0.5485272246012834, "yscale38": 0.5485272246012834, "zscale38": 0.5485272246012834, "Cab39": 35.989889754100766, "Cw39": 0.011458462310591128, "xscale39": 0.6470272585891124, "yscale39": 0.6470272585891124, "zscale39": 0.6470272585891124, "Cab40": 69.43133044940768, "Cw40": 0.017497944650342503, "xscale40": 0.47295052080746997, "yscale40": 0.47295052080746997, "zscale40": 0.47295052080746997, "Cab41": 36.18362814701026, "Cw41": 0.03764031208836049, "xscale41": 0.6500620450260991, "yscale41": 0.6500620450260991, "zscale41": 0.6500620450260991, "Cab42": 83.46362199774279, "Cw42": 0.03589631332281678, "xscale42": 0.4843138974248853, "yscale42": 0.4843138974248853, "zscale42": 0.4843138974248853, "Cab43": 43.59529261878977, "Cw43": 0.047331212013853395, "xscale43": 0.5814860414065637, "yscale43": 0.5814860414065637, "zscale43": 0.5814860414065637, "Cab44": 78.45869861515892, "Cw44": 0.02663484060566159, "xscale44": 0.3609734381960674, "yscale44": 0.3609734381960674, "zscale44": 0.3609734381960674, "Cab45": 85.69697667829249, "Cw45": 0.033250781355298464, "xscale45": 0.3676286363102484, "yscale45": 0.3676286363102484, "zscale45": 0.3676286363102484, "Cab46": 55.05485982274513, "Cw46": 0.032315562085707926, "xscale46": 0.45253708725173475, "yscale46": 0.45253708725173475, "zscale46": 0.45253708725173475, "Cab47": 67.22483429966002, "Cw47": 0.037867209560847756, "xscale47": 0.47382358895041243, "yscale47": 0.47382358895041243, "zscale47": 0.47382358895041243, "Cab48": 38.93628368931629, "Cw48": 0.03972060110815519, "xscale48": 0.5850485710868801, "yscale48": 0.5850485710868801, "zscale48": 0.5850485710868801, "Cab49": 43.815451200402826, "Cw49": 0.02704340675878368, "xscale49": 0.4333399011772183, "yscale49": 0.4333399011772183, "zscale49": 0.4333399011772183, "Cab50": 23.02290074680156, "Cw50": 0.01594857458464064, "xscale50": 0.6559442468807545, "yscale50": 0.6559442468807545, "zscale50": 0.6559442468807545, "Cab51": 61.58305953210155, "Cw51": 0.014635878597997528, "xscale51": 0.7178476547282499, "yscale51": 0.7178476547282499, "zscale51": 0.7178476547282499, "Cab52": 73.28950070232906,