{"Cab0": 32.74686905834989, "Cw0": 0.044254684476249126, "xscale0": 0.646639562121382, "yscale0": 0.646639562121382, "zscale0": 0.646639562121382, "Cab1": 66.84092068518075, "Cw1": 0.02942259945422962, "xscale1": 0.5212800699257851, "yscale1": 0.5212800699257851, "zscale1": 0.5212800699257851, "Cab2": 24.003729448230136, "Cw2": 0.010009865758530898, "xscale2": 0.7187169928040241, "yscale2": 0.7187169928040241, "zscale2": 0.7187169928040241, "Cab3": 41.41924060976969, "Cw3": 0.04953065473404788, "xscale3": 0.4854377517620161, "yscale3": 0.4854377517620161, "zscale3": 0.4854377517620161, "Cab4": 73.67119528858004, "Cw4": 0.04573242588124352, "xscale4": 0.6972910007854639, "yscale4": 0.6972910007854639, "zscale4": 0.6972910007854639, "Cab5": 53.262400262537405, "Cw5": 0.01606117421592522, "xscale5": 0.7983325101156785, "yscale5": 0.7983325101156785, "zscale5": 0.7983325101156785, "Cab6": 73.06257661714069, "Cw6": 0.016796225122573675, "xscale6": 0.5286009204313554, "yscale6": 0.5286009204313554, "zscale6": 0.5286009204313554, "Cab7": 41.66172428919113, "Cw7": 0.04661344144751757, "xscale7": 0.535022349986398, "yscale7": 0.535022349986398, "zscale7": 0.535022349986398, "Cab8": 39.244317528736836, "Cw8": 0.02901109007554801, "xscale8": 0.5143276378110883, "yscale8": 0.5143276378110883, "zscale8": 0.5143276378110883, "Cab9": 73.90972665201573, "Cw9": 0.01569561422922261, "xscale9": 0.7839791849903126, "yscale9": 0.7839791849903126, "zscale9": 0.7839791849903126, "Cab10": 54.08172028170653, "Cw10": 0.02955026310272637, "xscale10": 0.4365629213709058, "yscale10": 0.4365629213709058, "zscale10": 0.4365629213709058, "Cab11": 61.084518905867704, "Cw11": 0.024899562355661292, "xscale11": 0.5513645490210725, "yscale11": 0.5513645490210725, "zscale11": 0.5513645490210725, "Cab12": 89.09172148167913, "Cw12": 0.023915347366297777, "xscale12": 0.4752452911205685, "yscale12": 0.4752452911205685, "zscale12": 0.4752452911205685, "Cab13": 52.343167400959224, "Cw13": 0.037891601857825905, "xscale13": 0.6725901174979648, "yscale13": 0.6725901174979648, "zscale13": 0.6725901174979648, "Cab14": 47.297761516579584, "Cw14": 0.03680855451987981, "xscale14": 0.44224331490773916, "yscale14": 0.44224331490773916, "zscale14": 0.44224331490773916, "Cab15": 77.56985345484603, "Cw15": 0.015491125692370678, "xscale15": 0.6124758533383231, "yscale15": 0.6124758533383231, "zscale15": 0.6124758533383231, "Cab16": 24.73584331826759, "Cw16": 0.01793342105758008, "xscale16": 0.5753516364667501, "yscale16": 0.5753516364667501, "zscale16": 0.5753516364667501, "Cab17": 62.080719854191294, "Cw17": 0.011993422300708855, "xscale17": 0.6304041092128875, "yscale17": 0.6304041092128875, "zscale17": 0.6304041092128875, "Cab18": 65.6349173386291, "Cw18": 0.021687544344127223, "xscale18": 0.7351366479180377, "yscale18": 0.7351366479180377, "zscale18": 0.7351366479180377, "Cab19": 70.11107857623992, "Cw19": 0.03718044955915694, "xscale19": 0.585363242322226, "yscale19": 0.585363242322226, "zscale19": 0.585363242322226, "Cab20": 30.808751813875446, "Cw20": 0.016879752648950447, "xscale20": 0.6110452377171101, "yscale20": 0.6110452377171101, "zscale20": 0.6110452377171101, "Cab21": 88.84996472122592, "Cw21": 0.011355120546079683, "xscale21": 0.5920491390307973, "yscale21": 0.5920491390307973, "zscale21": 0.5920491390307973, "Cab22": 35.654517049781404, "Cw22": 0.01823294175735906, "xscale22": 0.505834999706625, "yscale22": 0.505834999706625, "zscale22": 0.505834999706625, "Cab23": 72.69844732846903, "Cw23": 0.013586015996179174, "xscale23": 0.5764895004045837, "yscale23": 0.5764895004045837, "zscale23": 0.5764895004045837, "Cab24": 39.26182564491792, "Cw24": 0.015828277980697025, "xscale24": 0.4601443360324521, "yscale24": 0.4601443360324521, "zscale24": 0.4601443360324521, "Cab25": 89.19721669362022, "Cw25": 0.044517986091929626, "xscale25": 0.624626959947203, "yscale25": 0.624626959947203, "zscale25": 0.624626959947203, "Cab26": 40.722294968159865, "Cw26": 0.03466987377494553, "xscale26": 0.6661703299256808, "yscale26": 0.6661703299256808, "zscale26": 0.6661703299256808, "Cab27": 53.31027230963552, "Cw27": 0.01891813744764841, "xscale27": 0.4897233388533261, "yscale27": 0.4897233388533261, "zscale27": 0.4897233388533261, "Cab28": 28.19208349133409, "Cw28": 0.01828060331713512, "xscale28": 0.33879563127485096, "yscale28": 0.33879563127485096, "zscale28": 0.33879563127485096, "Cab29": 34.09623093729944, "Cw29": 0.023683844690603147, "xscale29": 0.7030528843862258, "yscale29": 0.7030528843862258, "zscale29": 0.7030528843862258, "Cab30": 50.239407796435835, "Cw30": 0.031082197571808558, "xscale30": 0.305012532429397, "yscale30": 0.305012532429397, "zscale30": 0.305012532429397, "Cab31": 37.20353212771661, "Cw31": 0.02699763855419484, "xscale31": 0.6581288992270808, "yscale31": 0.6581288992270808, "zscale31": 0.6581288992270808, "Cab32": 27.464463724835483, "Cw32": 0.040790054115849475, "xscale32": 0.39548663815644175, "yscale32": 0.39548663815644175, "zscale32": 0.39548663815644175, "Cab33": 83.29534131656428, "Cw33": 0.01904112432229322, "xscale33": 0.5526222083433028, "yscale33": 0.5526222083433028, "zscale33": 0.5526222083433028, "Cab34": 20.984304695120244, "Cw34": 0.03698956773007443, "xscale34": 0.5886943755410653, "yscale34": 0.5886943755410653, "zscale34": 0.5886943755410653, "Cab35": 40.745804765205094, "Cw35": 0.0374654021615815, "xscale35": 0.4180985528483494, "yscale35": 0.4180985528483494, "zscale35": 0.4180985528483494, "Cab36": 66.39721307064306, "Cw36": 0.027435428730908706, "xscale36": 0.7267085861404093, "yscale36": 0.7267085861404093, "zscale36": 0.7267085861404093, "Cab37": 48.506585842979575, "Cw37": 0.029478907160659075, "xscale37": 0.4382557956187295, "yscale37": 0.4382557956187295, "zscale37": 0.4382557956187295, "Cab38": 83.141592155892, "Cw38": 0.013860261881644811, "xscale38": 0.5248542771954471, "yscale38": 0.5248542771954471, "zscale38": 0.5248542771954471, "Cab39": 33.865628407715846, "Cw39": 0.013947052338338942, "xscale39": 0.5177489282828458, "yscale39": 0.5177489282828458, "zscale39": 0.5177489282828458, "Cab40": 88.30741907103578, "Cw40": 0.014282545674781232, "xscale40": 0.49501576766381417, "yscale40": 0.49501576766381417, "zscale40": 0.49501576766381417, "Cab41": 65.15985219417583, "Cw41": 0.04252655948190772, "xscale41": 0.62464667722249, "yscale41": 0.62464667722249, "zscale41": 0.62464667722249, "Cab42": 72.67117592612973, "Cw42": 0.013791332130464995, "xscale42": 0.618115802027124, "yscale42": 0.618115802027124, "zscale42": 0.618115802027124, "Cab43": 74.31465684563153, "Cw43": 0.042921593269182795, "xscale43": 0.6347773679016729, "yscale43": 0.6347773679016729, "zscale43": 0.6347773679016729, "Cab44": 36.01928084814917, "Cw44": 0.011250355618935495, "xscale44": 0.39564418909396776, "yscale44": 0.39564418909396776, "zscale44": 0.39564418909396776, "Cab45": 59.032012158717826, "Cw45": 0.024537714775533556, "xscale45": 0.3320084373580199, "yscale45": 0.3320084373580199, "zscale45": 0.3320084373580199, "Cab46": 86.79900332532978, "Cw46": 0.03406133721223303, "xscale46": 0.4580774087876861, "yscale46": 0.4580774087876861, "zscale46": 0.4580774087876861, "Cab47": 20.95714561218741, "Cw47": 0.015961267629639043, "xscale47": 0.49659879135071666, "yscale47": 0.49659879135071666, "zscale47": 0.49659879135071666, "Cab48": 79.12239724689016, "Cw48": 0.016201502502501613, "xscale48": 0.6051082471953609, "yscale48": 0.6051082471953609, "zscale48": 0.6051082471953609, "Cab49": 47.06526119262503, "Cw49": 0.037943349506133706, "xscale49": 0.5575698400920938, "yscale49": 0.5575698400920938, "zscale49": 0.5575698400920938, "Cab50": 66.81305492336656, "Cw50": 0.022286604521645964, "xscale50": 0.6724568008452331, "yscale50": 0.6724568008452331, "zscale50": 0.6724568008452331, "Cab51": 60.369237957050814, "Cw51": 0.04713687757106294, "xscale51": 0.7210454953084807, "yscale51": 0.7210454953084807, "zscale51": 0.7210454953084807, "Cab52": 41.63617941065502, "Cw52": 0.044044981011206664,