{"Cab0": 48.895116044454156, "Cw0": 0.03720822208350429, "xscale0": 0.8230100139837334, "yscale0": 0.8230100139837334, "zscale0": 0.8230100139837334, "Cab1": 67.99254987017632, "Cw1": 0.0347582879591619, "xscale1": 0.47409098823320306, "yscale1": 0.47409098823320306, "zscale1": 0.47409098823320306, "Cab2": 54.392429493014156, "Cw2": 0.028111839731817932, "xscale2": 0.7012422182395609, "yscale2": 0.7012422182395609, "zscale2": 0.7012422182395609, "Cab3": 85.95895852838335, "Cw3": 0.03407455036955029, "xscale3": 0.4878127261330864, "yscale3": 0.4878127261330864, "zscale3": 0.4878127261330864, "Cab4": 38.74019228953431, "Cw4": 0.015951834833383943, "xscale4": 0.6810557849881667, "yscale4": 0.6810557849881667, "zscale4": 0.6810557849881667, "Cab5": 28.258816657370502, "Cw5": 0.030160647965722258, "xscale5": 0.7893891935062278, "yscale5": 0.7893891935062278, "zscale5": 0.7893891935062278, "Cab6": 43.860661204221174, "Cw6": 0.032101143759082844, "xscale6": 0.611337165664914, "yscale6": 0.611337165664914, "zscale6": 0.611337165664914, "Cab7": 64.71433906510566, "Cw7": 0.012635241709827737, "xscale7": 0.57541581209253, "yscale7": 0.57541581209253, "zscale7": 0.57541581209253, "Cab8": 49.550421410527264, "Cw8": 0.036369208031412324, "xscale8": 0.5969118386721669, "yscale8": 0.5969118386721669, "zscale8": 0.5969118386721669, "Cab9": 29.073245687598195, "Cw9": 0.02289518826157822, "xscale9": 0.6799682838764612, "yscale9": 0.6799682838764612, "zscale9": 0.6799682838764612, "Cab10": 48.44920758240628, "Cw10": 0.0423341174626101, "xscale10": 0.5797816484956783, "yscale10": 0.5797816484956783, "zscale10": 0.5797816484956783, "Cab11": 87.4530869800817, "Cw11": 0.022714450591964672, "xscale11": 0.6249997741486201, "yscale11": 0.6249997741486201, "zscale11": 0.6249997741486201, "Cab12": 58.83519472213541, "Cw12": 0.03885419232185703, "xscale12": 0.48164315349779646, "yscale12": 0.48164315349779646, "zscale12": 0.48164315349779646, "Cab13": 81.91636120964219, "Cw13": 0.019875907114207437, "xscale13": 0.6016939132504548, "yscale13": 0.6016939132504548, "zscale13": 0.6016939132504548, "Cab14": 58.42249927729703, "Cw14": 0.029160768094215243, "xscale14": 0.48334045453443975, "yscale14": 0.48334045453443975, "zscale14": 0.48334045453443975, "Cab15": 72.70519212207829, "Cw15": 0.02633725471069339, "xscale15": 0.6104707981739157, "yscale15": 0.6104707981739157, "zscale15": 0.6104707981739157, "Cab16": 49.366676628402274, "Cw16": 0.048064442698930204, "xscale16": 0.5903496042522861, "yscale16": 0.5903496042522861, "zscale16": 0.5903496042522861, "Cab17": 86.11952693962203, "Cw17": 0.042641274829882475, "xscale17": 0.4803411151045363, "yscale17": 0.4803411151045363, "zscale17": 0.4803411151045363, "Cab18": 40.797302795892605, "Cw18": 0.01575504515696403, "xscale18": 0.6526849785254196, "yscale18": 0.6526849785254196, "zscale18": 0.6526849785254196, "Cab19": 67.16296019005327, "Cw19": 0.012951296112206917, "xscale19": 0.5639444815327831, "yscale19": 0.5639444815327831, "zscale19": 0.5639444815327831, "Cab20": 46.844357561111956, "Cw20": 0.01762867561032477, "xscale20": 0.6610542228167918, "yscale20": 0.6610542228167918, "zscale20": 0.6610542228167918, "Cab21": 48.355870784160146, "Cw21": 0.039205397424926354, "xscale21": 0.4573556098608741, "yscale21": 0.4573556098608741, "zscale21": 0.4573556098608741, "Cab22": 51.00034202233046, "Cw22": 0.04688289682914207, "xscale22": 0.44459429080891777, "yscale22": 0.44459429080891777, "zscale22": 0.44459429080891777, "Cab23": 38.078899681271025, "Cw23": 0.03358323984287586, "xscale23": 0.7472081855621275, "yscale23": 0.7472081855621275, "zscale23": 0.7472081855621275, "Cab24": 60.96487435706781, "Cw24": 0.04210905966861261, "xscale24": 0.5484977983753678, "yscale24": 0.5484977983753678, "zscale24": 0.5484977983753678, "Cab25": 87.93175912073221, "Cw25": 0.013128232386828845, "xscale25": 0.7031379841175949, "yscale25": 0.7031379841175949, "zscale25": 0.7031379841175949, "Cab26": 83.99855576960834, "Cw26": 0.020059972519952833, "xscale26": 0.6277402556030443, "yscale26": 0.6277402556030443, "zscale26": 0.6277402556030443, "Cab27": 75.31555175804361, "Cw27": 0.020943033926097934, "xscale27": 0.4940821840882021, "yscale27": 0.4940821840882021, "zscale27": 0.4940821840882021, "Cab28": 78.55121706631897, "Cw28": 0.02060074578018427, "xscale28": 0.4271214152406041, "yscale28": 0.4271214152406041, "zscale28": 0.4271214152406041, "Cab29": 81.21686298488697, "Cw29": 0.010403042244952837, "xscale29": 0.6724299676252931, "yscale29": 0.6724299676252931, "zscale29": 0.6724299676252931, "Cab30": 25.15474758825633, "Cw30": 0.023202084436510402, "xscale30": 0.3614866493271937, "yscale30": 0.3614866493271937, "zscale30": 0.3614866493271937, "Cab31": 72.8065555949311, "Cw31": 0.011481327309214783, "xscale31": 0.5343362094799844, "yscale31": 0.5343362094799844, "zscale31": 0.5343362094799844, "Cab32": 37.04254590283843, "Cw32": 0.02600331046387818, "xscale32": 0.48537427829974117, "yscale32": 0.48537427829974117, "zscale32": 0.48537427829974117, "Cab33": 46.75354758475055, "Cw33": 0.020951877469621308, "xscale33": 0.47782669023023894, "yscale33": 0.47782669023023894, "zscale33": 0.47782669023023894, "Cab34": 35.46716179676114, "Cw34": 0.04613644469818271, "xscale34": 0.41061603003890873, "yscale34": 0.41061603003890873, "zscale34": 0.41061603003890873, "Cab35": 49.43113470474144, "Cw35": 0.0474423137509955, "xscale35": 0.34124115386130743, "yscale35": 0.34124115386130743, "zscale35": 0.34124115386130743, "Cab36": 22.088803065918512, "Cw36": 0.026117584359933332, "xscale36": 0.7714118001291935, "yscale36": 0.7714118001291935, "zscale36": 0.7714118001291935, "Cab37": 58.97627401750245, "Cw37": 0.03800010855914367, "xscale37": 0.44961190195111894, "yscale37": 0.44961190195111894, "zscale37": 0.44961190195111894, "Cab38": 21.744095898851413, "Cw38": 0.039140546767523106, "xscale38": 0.5261144067741836, "yscale38": 0.5261144067741836, "zscale38": 0.5261144067741836, "Cab39": 65.30650920296627, "Cw39": 0.029189999340081714, "xscale39": 0.6647638436750946, "yscale39": 0.6647638436750946, "zscale39": 0.6647638436750946, "Cab40": 28.309972930398366, "Cw40": 0.02159450198893215, "xscale40": 0.6130277504974511, "yscale40": 0.6130277504974511, "zscale40": 0.6130277504974511, "Cab41": 52.666608786837074, "Cw41": 0.02416690583845251, "xscale41": 0.5646521530391229, "yscale41": 0.5646521530391229, "zscale41": 0.5646521530391229, "Cab42": 35.839112332808014, "Cw42": 0.019222976399747904, "xscale42": 0.4740739505083081, "yscale42": 0.4740739505083081, "zscale42": 0.4740739505083081, "Cab43": 53.880638367653546, "Cw43": 0.021016424818605828, "xscale43": 0.5622302265754107, "yscale43": 0.5622302265754107, "zscale43": 0.5622302265754107, "Cab44": 45.98679177350689, "Cw44": 0.028575273228633298, "xscale44": 0.4346768330953399, "yscale44": 0.4346768330953399, "zscale44": 0.4346768330953399, "Cab45": 21.599600541407188, "Cw45": 0.043528244064893, "xscale45": 0.3272312572686967, "yscale45": 0.3272312572686967, "zscale45": 0.3272312572686967, "Cab46": 31.454762609378143, "Cw46": 0.03516793457994223, "xscale46": 0.5547039763319338, "yscale46": 0.5547039763319338, "zscale46": 0.5547039763319338, "Cab47": 46.56484583081338, "Cw47": 0.013510342130577016, "xscale47": 0.4509689662030443, "yscale47": 0.4509689662030443, "zscale47": 0.4509689662030443, "Cab48": 42.86895982359559, "Cw48": 0.011240896946330356, "xscale48": 0.7717109286671365, "yscale48": 0.7717109286671365, "zscale48": 0.7717109286671365, "Cab49": 71.3731421371728, "Cw49": 0.04802238564850831, "xscale49": 0.4873646699170041, "yscale49": 0.4873646699170041, "zscale49": 0.4873646699170041, "Cab50": 70.06114780964752, "Cw50": 0.025974479678305462, "xscale50": 0.6705248760625627, "yscale50": 0.6705248760625627, "zscale50": 0.6705248760625627, "Cab51": 57.45926344537672, "Cw51": 0.027179640833256018, "xscale51": 0.5814437897199269, "yscale51": 0.5814437897199269, "zscale51": 0.5814437897199269, "Cab52": 39.00196124244956,