{"Cab0": 49.57177386064212, "Cw0": 0.010751563643505668, "xscale0": 0.6237654074011956, "yscale0": 0.6237654074011956, "zscale0": 0.6237654074011956, "Cab1": 41.95374305535434, "Cw1": 0.022152889657424173, "xscale1": 0.650511955429252, "yscale1": 0.650511955429252, "zscale1": 0.650511955429252, "Cab2": 59.57166477290962, "Cw2": 0.03127337197598233, "xscale2": 0.5418345688425839, "yscale2": 0.5418345688425839, "zscale2": 0.5418345688425839, "Cab3": 33.56984755393715, "Cw3": 0.024951847731303413, "xscale3": 0.4974946609417849, "yscale3": 0.4974946609417849, "zscale3": 0.4974946609417849, "Cab4": 63.83317352012812, "Cw4": 0.030816224879450266, "xscale4": 0.5562111409437817, "yscale4": 0.5562111409437817, "zscale4": 0.5562111409437817, "Cab5": 78.4047758669726, "Cw5": 0.03675459974149831, "xscale5": 0.7669671171404461, "yscale5": 0.7669671171404461, "zscale5": 0.7669671171404461, "Cab6": 46.268783685183905, "Cw6": 0.015045324538238196, "xscale6": 0.6070442214869473, "yscale6": 0.6070442214869473, "zscale6": 0.6070442214869473, "Cab7": 36.41843177469889, "Cw7": 0.03742339753551378, "xscale7": 0.5322316745133615, "yscale7": 0.5322316745133615, "zscale7": 0.5322316745133615, "Cab8": 30.64798990306266, "Cw8": 0.04123646095165777, "xscale8": 0.4889619967631704, "yscale8": 0.4889619967631704, "zscale8": 0.4889619967631704, "Cab9": 77.98560119750806, "Cw9": 0.011519899820020184, "xscale9": 0.6917923017785832, "yscale9": 0.6917923017785832, "zscale9": 0.6917923017785832, "Cab10": 34.19186515344892, "Cw10": 0.03433825228125052, "xscale10": 0.5542203428452859, "yscale10": 0.5542203428452859, "zscale10": 0.5542203428452859, "Cab11": 89.89876858690637, "Cw11": 0.04837630400120185, "xscale11": 0.5530864250444448, "yscale11": 0.5530864250444448, "zscale11": 0.5530864250444448, "Cab12": 32.64648297836795, "Cw12": 0.04812004659112305, "xscale12": 0.5194840134671296, "yscale12": 0.5194840134671296, "zscale12": 0.5194840134671296, "Cab13": 76.16094206396187, "Cw13": 0.022094271804685046, "xscale13": 0.6227255322411015, "yscale13": 0.6227255322411015, "zscale13": 0.6227255322411015, "Cab14": 38.95002325313843, "Cw14": 0.035762731135708846, "xscale14": 0.48803378866684016, "yscale14": 0.48803378866684016, "zscale14": 0.48803378866684016, "Cab15": 79.19502421757562, "Cw15": 0.032852407276651015, "xscale15": 0.4882578929216327, "yscale15": 0.4882578929216327, "zscale15": 0.4882578929216327, "Cab16": 71.28830782026347, "Cw16": 0.03880764761755285, "xscale16": 0.6100823236051665, "yscale16": 0.6100823236051665, "zscale16": 0.6100823236051665, "Cab17": 48.58803036808034, "Cw17": 0.020221821538430537, "xscale17": 0.5620377137928562, "yscale17": 0.5620377137928562, "zscale17": 0.5620377137928562, "Cab18": 30.785600107400526, "Cw18": 0.022580274666986373, "xscale18": 0.553711489014246, "yscale18": 0.553711489014246, "zscale18": 0.553711489014246, "Cab19": 75.83425657099971, "Cw19": 0.031192194804357226, "xscale19": 0.4638776011584508, "yscale19": 0.4638776011584508, "zscale19": 0.4638776011584508, "Cab20": 27.012777414375666, "Cw20": 0.02276969578434267, "xscale20": 0.5689809501728029, "yscale20": 0.5689809501728029, "zscale20": 0.5689809501728029, "Cab21": 81.90609875334206, "Cw21": 0.021959785284393643, "xscale21": 0.45934887771307414, "yscale21": 0.45934887771307414, "zscale21": 0.45934887771307414, "Cab22": 76.62519366734054, "Cw22": 0.011417490726799082, "xscale22": 0.5948522588776808, "yscale22": 0.5948522588776808, "zscale22": 0.5948522588776808, "Cab23": 71.85354543879069, "Cw23": 0.03912601980367248, "xscale23": 0.6989755806190037, "yscale23": 0.6989755806190037, "zscale23": 0.6989755806190037, "Cab24": 85.253375995223, "Cw24": 0.04777729559134301, "xscale24": 0.46688781819913455, "yscale24": 0.46688781819913455, "zscale24": 0.46688781819913455, "Cab25": 44.4003388183999, "Cw25": 0.025644031124279175, "xscale25": 0.7225051919292252, "yscale25": 0.7225051919292252, "zscale25": 0.7225051919292252, "Cab26": 45.23895373839292, "Cw26": 0.026629693662964644, "xscale26": 0.6350695144605369, "yscale26": 0.6350695144605369, "zscale26": 0.6350695144605369, "Cab27": 73.32279312358497, "Cw27": 0.02646921872881519, "xscale27": 0.3824573888509709, "yscale27": 0.3824573888509709, "zscale27": 0.3824573888509709, "Cab28": 39.802594534643234, "Cw28": 0.027891285369618025, "xscale28": 0.4717689846050762, "yscale28": 0.4717689846050762, "zscale28": 0.4717689846050762, "Cab29": 52.675581196642646, "Cw29": 0.011516947290347641, "xscale29": 0.651663775784904, "yscale29": 0.651663775784904, "zscale29": 0.651663775784904, "Cab30": 36.05141919216028, "Cw30": 0.04864469549512802, "xscale30": 0.3559548920923376, "yscale30": 0.3559548920923376, "zscale30": 0.3559548920923376, "Cab31": 69.90917021860007, "Cw31": 0.04181152415553319, "xscale31": 0.5712163294124966, "yscale31": 0.5712163294124966, "zscale31": 0.5712163294124966, "Cab32": 32.48653657445606, "Cw32": 0.014261106625300717, "xscale32": 0.47187703724625557, "yscale32": 0.47187703724625557, "zscale32": 0.47187703724625557, "Cab33": 39.888354297141184, "Cw33": 0.036897254293877545, "xscale33": 0.4521346544696974, "yscale33": 0.4521346544696974, "zscale33": 0.4521346544696974, "Cab34": 23.731886547968458, "Cw34": 0.04543034816508235, "xscale34": 0.47356746584972836, "yscale34": 0.47356746584972836, "zscale34": 0.47356746584972836, "Cab35": 88.70535883535234, "Cw35": 0.042494297965925965, "xscale35": 0.45445441473843073, "yscale35": 0.45445441473843073, "zscale35": 0.45445441473843073, "Cab36": 51.984826871347074, "Cw36": 0.023308921589134307, "xscale36": 0.7539477535226895, "yscale36": 0.7539477535226895, "zscale36": 0.7539477535226895, "Cab37": 51.65301845437695, "Cw37": 0.027574712461195437, "xscale37": 0.5384196222908232, "yscale37": 0.5384196222908232, "zscale37": 0.5384196222908232, "Cab38": 30.9213835173119, "Cw38": 0.0312976117446323, "xscale38": 0.419368876498838, "yscale38": 0.419368876498838, "zscale38": 0.419368876498838, "Cab39": 80.60627521376304, "Cw39": 0.03767261768439345, "xscale39": 0.5020772772052488, "yscale39": 0.5020772772052488, "zscale39": 0.5020772772052488, "Cab40": 87.85580125624352, "Cw40": 0.04223824380418923, "xscale40": 0.4749993113462292, "yscale40": 0.4749993113462292, "zscale40": 0.4749993113462292, "Cab41": 53.18966948021166, "Cw41": 0.04481459330931151, "xscale41": 0.4653126392586841, "yscale41": 0.4653126392586841, "zscale41": 0.4653126392586841, "Cab42": 80.48451646012654, "Cw42": 0.026716781167778487, "xscale42": 0.60213654796298, "yscale42": 0.60213654796298, "zscale42": 0.60213654796298, "Cab43": 85.02584151020625, "Cw43": 0.0407079554754652, "xscale43": 0.7155229431307905, "yscale43": 0.7155229431307905, "zscale43": 0.7155229431307905, "Cab44": 35.665793272159256, "Cw44": 0.046714595603596684, "xscale44": 0.4626649726536846, "yscale44": 0.4626649726536846, "zscale44": 0.4626649726536846, "Cab45": 74.28806889747347, "Cw45": 0.036455204259404954, "xscale45": 0.3327898918738317, "yscale45": 0.3327898918738317, "zscale45": 0.3327898918738317, "Cab46": 36.8142903377136, "Cw46": 0.03363059100886627, "xscale46": 0.4240034911414786, "yscale46": 0.4240034911414786, "zscale46": 0.4240034911414786, "Cab47": 50.78775059941984, "Cw47": 0.04868480765596961, "xscale47": 0.45192616167665633, "yscale47": 0.45192616167665633, "zscale47": 0.45192616167665633, "Cab48": 75.65321709911188, "Cw48": 0.028145206828824057, "xscale48": 0.5921896707783187, "yscale48": 0.5921896707783187, "zscale48": 0.5921896707783187, "Cab49": 44.814156380287216, "Cw49": 0.033306966250119294, "xscale49": 0.5356887838666209, "yscale49": 0.5356887838666209, "zscale49": 0.5356887838666209, "Cab50": 65.44821227645089, "Cw50": 0.032845013188930225, "xscale50": 0.5565273688491386, "yscale50": 0.5565273688491386, "zscale50": 0.5565273688491386, "Cab51": 42.80210367044381, "Cw51": 0.020945800742628314, "xscale51": 0.6222687297309298, "yscale51": 0.6222687297309298, "zscale51": 0.6222687297309298, "Cab52": 66.25445862221945, "Cw52": 0.04354137286802901,