{"Cab0": 22.0254362532081, "Cw0": 0.04555447892900404, "xscale0": 0.8494420372455165, "yscale0": 0.8494420372455165, "zscale0": 0.8494420372455165, "Cab1": 64.43041030108824, "Cw1": 0.022534826603363634, "xscale1": 0.5671136309858602, "yscale1": 0.5671136309858602, "zscale1": 0.5671136309858602, "Cab2": 84.05542782295178, "Cw2": 0.026577463970285334, "xscale2": 0.6046032862570825, "yscale2": 0.6046032862570825, "zscale2": 0.6046032862570825, "Cab3": 51.417928115460285, "Cw3": 0.03908877946446148, "xscale3": 0.41993574839059006, "yscale3": 0.41993574839059006, "zscale3": 0.41993574839059006, "Cab4": 70.4027039047662, "Cw4": 0.0390381561617135, "xscale4": 0.5155134843867436, "yscale4": 0.5155134843867436, "zscale4": 0.5155134843867436, "Cab5": 26.952503882343922, "Cw5": 0.04759794730024287, "xscale5": 0.761978529439169, "yscale5": 0.761978529439169, "zscale5": 0.761978529439169, "Cab6": 27.072282768028405, "Cw6": 0.044019625451198925, "xscale6": 0.44810576394783713, "yscale6": 0.44810576394783713, "zscale6": 0.44810576394783713, "Cab7": 44.41210190738845, "Cw7": 0.02368745776757951, "xscale7": 0.4905784259865477, "yscale7": 0.4905784259865477, "zscale7": 0.4905784259865477, "Cab8": 52.97897233469994, "Cw8": 0.0321045470813662, "xscale8": 0.47229795631416177, "yscale8": 0.47229795631416177, "zscale8": 0.47229795631416177, "Cab9": 62.39086129329828, "Cw9": 0.04837987043108801, "xscale9": 0.689342447943934, "yscale9": 0.689342447943934, "zscale9": 0.689342447943934, "Cab10": 45.45308389117238, "Cw10": 0.034964156233887406, "xscale10": 0.47268459885795844, "yscale10": 0.47268459885795844, "zscale10": 0.47268459885795844, "Cab11": 81.77363305835473, "Cw11": 0.013948972288563396, "xscale11": 0.6845834152381732, "yscale11": 0.6845834152381732, "zscale11": 0.6845834152381732, "Cab12": 65.06729237033777, "Cw12": 0.012574305044506589, "xscale12": 0.5909649743627099, "yscale12": 0.5909649743627099, "zscale12": 0.5909649743627099, "Cab13": 72.9472649767651, "Cw13": 0.044510798534162385, "xscale13": 0.5816875210829261, "yscale13": 0.5816875210829261, "zscale13": 0.5816875210829261, "Cab14": 65.44115316627907, "Cw14": 0.01350570736987005, "xscale14": 0.5339713856460335, "yscale14": 0.5339713856460335, "zscale14": 0.5339713856460335, "Cab15": 73.73017348808648, "Cw15": 0.02134834834763749, "xscale15": 0.5118420377778372, "yscale15": 0.5118420377778372, "zscale15": 0.5118420377778372, "Cab16": 52.13446991695615, "Cw16": 0.013577384478146048, "xscale16": 0.5545994966697958, "yscale16": 0.5545994966697958, "zscale16": 0.5545994966697958, "Cab17": 39.075762278079324, "Cw17": 0.044399392143364316, "xscale17": 0.6351840577898069, "yscale17": 0.6351840577898069, "zscale17": 0.6351840577898069, "Cab18": 61.00927251162629, "Cw18": 0.04987465107982546, "xscale18": 0.7629579943548155, "yscale18": 0.7629579943548155, "zscale18": 0.7629579943548155, "Cab19": 47.82478063274915, "Cw19": 0.020963330337012767, "xscale19": 0.5266746857113453, "yscale19": 0.5266746857113453, "zscale19": 0.5266746857113453, "Cab20": 67.94417798945409, "Cw20": 0.030237645785464923, "xscale20": 0.6111242204467883, "yscale20": 0.6111242204467883, "zscale20": 0.6111242204467883, "Cab21": 35.28414037570221, "Cw21": 0.030465440026842143, "xscale21": 0.4531546465062733, "yscale21": 0.4531546465062733, "zscale21": 0.4531546465062733, "Cab22": 70.97660331031028, "Cw22": 0.04094193526733934, "xscale22": 0.5119434631742044, "yscale22": 0.5119434631742044, "zscale22": 0.5119434631742044, "Cab23": 85.97760103090268, "Cw23": 0.04302753880435852, "xscale23": 0.73971685431415, "yscale23": 0.73971685431415, "zscale23": 0.73971685431415, "Cab24": 88.2500954999397, "Cw24": 0.048348478893744364, "xscale24": 0.4823979007091688, "yscale24": 0.4823979007091688, "zscale24": 0.4823979007091688, "Cab25": 22.502714562909084, "Cw25": 0.043830772995475095, "xscale25": 0.7051221112643932, "yscale25": 0.7051221112643932, "zscale25": 0.7051221112643932, "Cab26": 58.004265069779535, "Cw26": 0.028165450752978466, "xscale26": 0.5468833382331054, "yscale26": 0.5468833382331054, "zscale26": 0.5468833382331054, "Cab27": 78.66190537593066, "Cw27": 0.028112633222016792, "xscale27": 0.4668304486917123, "yscale27": 0.4668304486917123, "zscale27": 0.4668304486917123, "Cab28": 55.98393728054568, "Cw28": 0.023258173226505037, "xscale28": 0.43922108939251714, "yscale28": 0.43922108939251714, "zscale28": 0.43922108939251714, "Cab29": 25.68920958038465, "Cw29": 0.02839304824266954, "xscale29": 0.5370743590568373, "yscale29": 0.5370743590568373, "zscale29": 0.5370743590568373, "Cab30": 39.846448906612096, "Cw30": 0.019057355715669057, "xscale30": 0.3242843084702233, "yscale30": 0.3242843084702233, "zscale30": 0.3242843084702233, "Cab31": 50.866653431003, "Cw31": 0.02200003260421465, "xscale31": 0.7401672735408346, "yscale31": 0.7401672735408346, "zscale31": 0.7401672735408346, "Cab32": 59.37456993775231, "Cw32": 0.03148207276831454, "xscale32": 0.4960536419154088, "yscale32": 0.4960536419154088, "zscale32": 0.4960536419154088, "Cab33": 22.75734577924921, "Cw33": 0.049852020321211006, "xscale33": 0.5686148337167483, "yscale33": 0.5686148337167483, "zscale33": 0.5686148337167483, "Cab34": 48.152135075501185, "Cw34": 0.03644905153975569, "xscale34": 0.5567457369258086, "yscale34": 0.5567457369258086, "zscale34": 0.5567457369258086, "Cab35": 88.17146537454951, "Cw35": 0.030288776887744187, "xscale35": 0.3780902879101137, "yscale35": 0.3780902879101137, "zscale35": 0.3780902879101137, "Cab36": 52.37983717929985, "Cw36": 0.02867206494942031, "xscale36": 0.5559880330167587, "yscale36": 0.5559880330167587, "zscale36": 0.5559880330167587, "Cab37": 26.980011878617375, "Cw37": 0.030912762569232213, "xscale37": 0.44855266601251487, "yscale37": 0.44855266601251487, "zscale37": 0.44855266601251487, "Cab38": 28.996449776441324, "Cw38": 0.029318584615805547, "xscale38": 0.4736453620830475, "yscale38": 0.4736453620830475, "zscale38": 0.4736453620830475, "Cab39": 60.43832025557725, "Cw39": 0.02497006141240519, "xscale39": 0.6238737725895359, "yscale39": 0.6238737725895359, "zscale39": 0.6238737725895359, "Cab40": 22.65717314542586, "Cw40": 0.04684912867025404, "xscale40": 0.5697889077249377, "yscale40": 0.5697889077249377, "zscale40": 0.5697889077249377, "Cab41": 47.357846667787385, "Cw41": 0.048566191961191614, "xscale41": 0.5997104401163619, "yscale41": 0.5997104401163619, "zscale41": 0.5997104401163619, "Cab42": 78.35256297008158, "Cw42": 0.021332061941080872, "xscale42": 0.6099325023686365, "yscale42": 0.6099325023686365, "zscale42": 0.6099325023686365, "Cab43": 21.5253297449579, "Cw43": 0.030877586342272695, "xscale43": 0.4952565215307655, "yscale43": 0.4952565215307655, "zscale43": 0.4952565215307655, "Cab44": 43.86494055516832, "Cw44": 0.018932343228838886, "xscale44": 0.48906622961063007, "yscale44": 0.48906622961063007, "zscale44": 0.48906622961063007, "Cab45": 73.78061634439158, "Cw45": 0.027177582060660413, "xscale45": 0.3402059135093668, "yscale45": 0.3402059135093668, "zscale45": 0.3402059135093668, "Cab46": 28.430707508405938, "Cw46": 0.02734258751049673, "xscale46": 0.40148987067770586, "yscale46": 0.40148987067770586, "zscale46": 0.40148987067770586, "Cab47": 38.40910605256636, "Cw47": 0.013889737112079824, "xscale47": 0.5073871804258889, "yscale47": 0.5073871804258889, "zscale47": 0.5073871804258889, "Cab48": 42.981753967625835, "Cw48": 0.0242112096671643, "xscale48": 0.681736446334068, "yscale48": 0.681736446334068, "zscale48": 0.681736446334068, "Cab49": 68.57173951448885, "Cw49": 0.03188883684025507, "xscale49": 0.6042843627928725, "yscale49": 0.6042843627928725, "zscale49": 0.6042843627928725, "Cab50": 23.08689807519539, "Cw50": 0.041155831155274755, "xscale50": 0.6254466194474496, "yscale50": 0.6254466194474496, "zscale50": 0.6254466194474496, "Cab51": 24.122942677400154, "Cw51": 0.03600712690158646, "xscale51": 0.6411175431814521, "yscale51": 0.6411175431814521, "zscale51": 0.6411175431814521, "Cab52": 36.70087160540609,