{"Cab0": 41.01176776513065, "Cw0": 0.014617405336582703, "xscale0": 0.867848447533597, "yscale0": 0.867848447533597, "zscale0": 0.867848447533597, "Cab1": 26.18890258025774, "Cw1": 0.029345168391732603, "xscale1": 0.6484423221127779, "yscale1": 0.6484423221127779, "zscale1": 0.6484423221127779, "Cab2": 84.22113196410189, "Cw2": 0.03150325552500699, "xscale2": 0.5873762013178452, "yscale2": 0.5873762013178452, "zscale2": 0.5873762013178452, "Cab3": 84.26005999512404, "Cw3": 0.04480722679966234, "xscale3": 0.4557570146949806, "yscale3": 0.4557570146949806, "zscale3": 0.4557570146949806, "Cab4": 28.17616319479767, "Cw4": 0.044178013888703654, "xscale4": 0.6005357533793094, "yscale4": 0.6005357533793094, "zscale4": 0.6005357533793094, "Cab5": 49.71642166034902, "Cw5": 0.015380458416488704, "xscale5": 0.8016589084558617, "yscale5": 0.8016589084558617, "zscale5": 0.8016589084558617, "Cab6": 25.16915180438123, "Cw6": 0.029941843794413003, "xscale6": 0.5705053111895139, "yscale6": 0.5705053111895139, "zscale6": 0.5705053111895139, "Cab7": 66.85151534165851, "Cw7": 0.04801115566615989, "xscale7": 0.5797854868377136, "yscale7": 0.5797854868377136, "zscale7": 0.5797854868377136, "Cab8": 30.193714934331073, "Cw8": 0.03943396364835728, "xscale8": 0.5010823259553451, "yscale8": 0.5010823259553451, "zscale8": 0.5010823259553451, "Cab9": 74.04638312934831, "Cw9": 0.02180302092607205, "xscale9": 0.6219780593221882, "yscale9": 0.6219780593221882, "zscale9": 0.6219780593221882, "Cab10": 68.19140032527025, "Cw10": 0.01418166312012836, "xscale10": 0.48880276672199807, "yscale10": 0.48880276672199807, "zscale10": 0.48880276672199807, "Cab11": 36.03942979252392, "Cw11": 0.021856618236499564, "xscale11": 0.7105762561272165, "yscale11": 0.7105762561272165, "zscale11": 0.7105762561272165, "Cab12": 86.85755060100955, "Cw12": 0.02202418664271008, "xscale12": 0.5220186316377609, "yscale12": 0.5220186316377609, "zscale12": 0.5220186316377609, "Cab13": 21.384972299122246, "Cw13": 0.02861813285207506, "xscale13": 0.7051392491325565, "yscale13": 0.7051392491325565, "zscale13": 0.7051392491325565, "Cab14": 34.36222634133174, "Cw14": 0.02144014178872572, "xscale14": 0.5491564412414225, "yscale14": 0.5491564412414225, "zscale14": 0.5491564412414225, "Cab15": 61.05862160777091, "Cw15": 0.012506357243480575, "xscale15": 0.6638508278501796, "yscale15": 0.6638508278501796, "zscale15": 0.6638508278501796, "Cab16": 67.95029121485055, "Cw16": 0.01741347737240639, "xscale16": 0.5652386497117664, "yscale16": 0.5652386497117664, "zscale16": 0.5652386497117664, "Cab17": 65.2876912223061, "Cw17": 0.013821947936445263, "xscale17": 0.4547088023944053, "yscale17": 0.4547088023944053, "zscale17": 0.4547088023944053, "Cab18": 54.97938337453061, "Cw18": 0.040312890008698414, "xscale18": 0.7100246135542423, "yscale18": 0.7100246135542423, "zscale18": 0.7100246135542423, "Cab19": 35.846678356831674, "Cw19": 0.04551139625812571, "xscale19": 0.5690190859823019, "yscale19": 0.5690190859823019, "zscale19": 0.5690190859823019, "Cab20": 31.372792631384755, "Cw20": 0.038942652453044235, "xscale20": 0.5549101983917325, "yscale20": 0.5549101983917325, "zscale20": 0.5549101983917325, "Cab21": 32.88481371599136, "Cw21": 0.01751491481496188, "xscale21": 0.6038174599590646, "yscale21": 0.6038174599590646, "zscale21": 0.6038174599590646, "Cab22": 29.923397086042385, "Cw22": 0.019446154059185775, "xscale22": 0.47835168226855534, "yscale22": 0.47835168226855534, "zscale22": 0.47835168226855534, "Cab23": 62.992423361925, "Cw23": 0.024121902946557604, "xscale23": 0.6826323169944106, "yscale23": 0.6826323169944106, "zscale23": 0.6826323169944106, "Cab24": 38.57041786369493, "Cw24": 0.03220851173835291, "xscale24": 0.5318112832130807, "yscale24": 0.5318112832130807, "zscale24": 0.5318112832130807, "Cab25": 45.798693830809285, "Cw25": 0.033265412556198234, "xscale25": 0.587548213919814, "yscale25": 0.587548213919814, "zscale25": 0.587548213919814, "Cab26": 38.87209284029083, "Cw26": 0.019799692707954522, "xscale26": 0.6164363507264544, "yscale26": 0.6164363507264544, "zscale26": 0.6164363507264544, "Cab27": 78.84761912262368, "Cw27": 0.03970746034309727, "xscale27": 0.5065633641862147, "yscale27": 0.5065633641862147, "zscale27": 0.5065633641862147, "Cab28": 25.214716772317196, "Cw28": 0.04337830277311854, "xscale28": 0.4964764027958711, "yscale28": 0.4964764027958711, "zscale28": 0.4964764027958711, "Cab29": 40.01902990289395, "Cw29": 0.012671959421810963, "xscale29": 0.495792598935686, "yscale29": 0.495792598935686, "zscale29": 0.495792598935686, "Cab30": 73.54286633431636, "Cw30": 0.012824505064837864, "xscale30": 0.39157851517177805, "yscale30": 0.39157851517177805, "zscale30": 0.39157851517177805, "Cab31": 32.772937976346384, "Cw31": 0.04495292002185485, "xscale31": 0.6122707977892434, "yscale31": 0.6122707977892434, "zscale31": 0.6122707977892434, "Cab32": 40.42127683791877, "Cw32": 0.03106596135750221, "xscale32": 0.5523523911128297, "yscale32": 0.5523523911128297, "zscale32": 0.5523523911128297, "Cab33": 67.45481098795858, "Cw33": 0.011308572748212056, "xscale33": 0.44145140852714143, "yscale33": 0.44145140852714143, "zscale33": 0.44145140852714143, "Cab34": 74.79664764890435, "Cw34": 0.029726344520298834, "xscale34": 0.43611018701867915, "yscale34": 0.43611018701867915, "zscale34": 0.43611018701867915, "Cab35": 86.06715247664982, "Cw35": 0.04593683680651344, "xscale35": 0.4979564591534798, "yscale35": 0.4979564591534798, "zscale35": 0.4979564591534798, "Cab36": 47.329810342847715, "Cw36": 0.04851026468088708, "xscale36": 0.7420093040529773, "yscale36": 0.7420093040529773, "zscale36": 0.7420093040529773, "Cab37": 38.80837935667644, "Cw37": 0.024195193192326783, "xscale37": 0.47972436359114845, "yscale37": 0.47972436359114845, "zscale37": 0.47972436359114845, "Cab38": 40.02058735540861, "Cw38": 0.01060171307584719, "xscale38": 0.5303974884153609, "yscale38": 0.5303974884153609, "zscale38": 0.5303974884153609, "Cab39": 60.82409278490573, "Cw39": 0.022401866465602775, "xscale39": 0.6089224857030121, "yscale39": 0.6089224857030121, "zscale39": 0.6089224857030121, "Cab40": 71.9150940786396, "Cw40": 0.014464200829890427, "xscale40": 0.4313066171464839, "yscale40": 0.4313066171464839, "zscale40": 0.4313066171464839, "Cab41": 58.31497629475792, "Cw41": 0.0398618158529583, "xscale41": 0.4954148823903955, "yscale41": 0.4954148823903955, "zscale41": 0.4954148823903955, "Cab42": 65.86088231691551, "Cw42": 0.041098389898747735, "xscale42": 0.532778174533318, "yscale42": 0.532778174533318, "zscale42": 0.532778174533318, "Cab43": 51.60994273279898, "Cw43": 0.03911481853206016, "xscale43": 0.531218712815499, "yscale43": 0.531218712815499, "zscale43": 0.531218712815499, "Cab44": 71.46040354369464, "Cw44": 0.03829330744453934, "xscale44": 0.35132152036768133, "yscale44": 0.35132152036768133, "zscale44": 0.35132152036768133, "Cab45": 88.28497911667058, "Cw45": 0.03590472262656981, "xscale45": 0.33291004690613657, "yscale45": 0.33291004690613657, "zscale45": 0.33291004690613657, "Cab46": 25.072340890311455, "Cw46": 0.045835331097891716, "xscale46": 0.522117799109379, "yscale46": 0.522117799109379, "zscale46": 0.522117799109379, "Cab47": 72.34414240853494, "Cw47": 0.046800066119857965, "xscale47": 0.4606103547733128, "yscale47": 0.4606103547733128, "zscale47": 0.4606103547733128, "Cab48": 30.34845113092807, "Cw48": 0.03425684489092767, "xscale48": 0.6185108203341642, "yscale48": 0.6185108203341642, "zscale48": 0.6185108203341642, "Cab49": 43.024021702313746, "Cw49": 0.01963986062553015, "xscale49": 0.47606880802129875, "yscale49": 0.47606880802129875, "zscale49": 0.47606880802129875, "Cab50": 21.134613186162948, "Cw50": 0.02950864633131721, "xscale50": 0.6556133440808506, "yscale50": 0.6556133440808506, "zscale50": 0.6556133440808506, "Cab51": 44.78765104454958, "Cw51": 0.04231637748186331, "xscale51": 0.5799862771416261, "yscale51": 0.5799862771416261, "zscale51": 0.5799862771416261, "Cab52": 66.59307776686515,