{"Cab0": 29.55546481381419, "Cw0": 0.028972448637523837, "xscale0": 0.6385582602119798, "yscale0": 0.6385582602119798, "zscale0": 0.6385582602119798, "Cab1": 83.4614964091, "Cw1": 0.03551739964844437, "xscale1": 0.6152178853174384, "yscale1": 0.6152178853174384, "zscale1": 0.6152178853174384, "Cab2": 45.00484416712713, "Cw2": 0.02367530535410592, "xscale2": 0.7731217026974982, "yscale2": 0.7731217026974982, "zscale2": 0.7731217026974982, "Cab3": 59.63822770014991, "Cw3": 0.030618659943953887, "xscale3": 0.5067789744767915, "yscale3": 0.5067789744767915, "zscale3": 0.5067789744767915, "Cab4": 33.38887285112531, "Cw4": 0.023958722507224556, "xscale4": 0.5780176376561266, "yscale4": 0.5780176376561266, "zscale4": 0.5780176376561266, "Cab5": 20.284937418203185, "Cw5": 0.016896319628354802, "xscale5": 0.7621187058191581, "yscale5": 0.7621187058191581, "zscale5": 0.7621187058191581, "Cab6": 44.59338630738712, "Cw6": 0.019676368134989023, "xscale6": 0.6046862585361362, "yscale6": 0.6046862585361362, "zscale6": 0.6046862585361362, "Cab7": 84.01748126695239, "Cw7": 0.014909215359477947, "xscale7": 0.4859930127813316, "yscale7": 0.4859930127813316, "zscale7": 0.4859930127813316, "Cab8": 37.815773365452245, "Cw8": 0.03080705272878377, "xscale8": 0.46966703791485115, "yscale8": 0.46966703791485115, "zscale8": 0.46966703791485115, "Cab9": 84.14963118491069, "Cw9": 0.03118938902541714, "xscale9": 0.6463532137221356, "yscale9": 0.6463532137221356, "zscale9": 0.6463532137221356, "Cab10": 45.681948864470115, "Cw10": 0.02874884765578071, "xscale10": 0.5091935140786599, "yscale10": 0.5091935140786599, "zscale10": 0.5091935140786599, "Cab11": 68.24677474694056, "Cw11": 0.028199704077943477, "xscale11": 0.644885694847143, "yscale11": 0.644885694847143, "zscale11": 0.644885694847143, "Cab12": 83.85725090106138, "Cw12": 0.0379704091778403, "xscale12": 0.6393449288085074, "yscale12": 0.6393449288085074, "zscale12": 0.6393449288085074, "Cab13": 37.973245087857876, "Cw13": 0.031470610726982415, "xscale13": 0.6817845971244787, "yscale13": 0.6817845971244787, "zscale13": 0.6817845971244787, "Cab14": 25.19454070313393, "Cw14": 0.020788779698614104, "xscale14": 0.5176064406621529, "yscale14": 0.5176064406621529, "zscale14": 0.5176064406621529, "Cab15": 32.44672303653776, "Cw15": 0.04408736740631716, "xscale15": 0.46791501943007685, "yscale15": 0.46791501943007685, "zscale15": 0.46791501943007685, "Cab16": 20.6796799513254, "Cw16": 0.0215028628620028, "xscale16": 0.658027508801731, "yscale16": 0.658027508801731, "zscale16": 0.658027508801731, "Cab17": 57.80189198858981, "Cw17": 0.03687662380386983, "xscale17": 0.6411234325669624, "yscale17": 0.6411234325669624, "zscale17": 0.6411234325669624, "Cab18": 58.78673498192496, "Cw18": 0.018941019067922303, "xscale18": 0.5782550359208742, "yscale18": 0.5782550359208742, "zscale18": 0.5782550359208742, "Cab19": 88.7468582126917, "Cw19": 0.02263674818797044, "xscale19": 0.4785623824621971, "yscale19": 0.4785623824621971, "zscale19": 0.4785623824621971, "Cab20": 62.681526467791016, "Cw20": 0.04794457251200239, "xscale20": 0.5647356745765573, "yscale20": 0.5647356745765573, "zscale20": 0.5647356745765573, "Cab21": 83.40216709060181, "Cw21": 0.012226523155927788, "xscale21": 0.6026391239947965, "yscale21": 0.6026391239947965, "zscale21": 0.6026391239947965, "Cab22": 88.69218312551713, "Cw22": 0.03345947486493634, "xscale22": 0.5071996137468501, "yscale22": 0.5071996137468501, "zscale22": 0.5071996137468501, "Cab23": 45.50670802199414, "Cw23": 0.01628329947474571, "xscale23": 0.7427859619117627, "yscale23": 0.7427859619117627, "zscale23": 0.7427859619117627, "Cab24": 60.51009930202041, "Cw24": 0.023825370675622647, "xscale24": 0.5507812109348135, "yscale24": 0.5507812109348135, "zscale24": 0.5507812109348135, "Cab25": 58.580763114814445, "Cw25": 0.03921636620767764, "xscale25": 0.6829348301655523, "yscale25": 0.6829348301655523, "zscale25": 0.6829348301655523, "Cab26": 40.696350423593756, "Cw26": 0.04706165470632786, "xscale26": 0.6915815221960796, "yscale26": 0.6915815221960796, "zscale26": 0.6915815221960796, "Cab27": 89.15952396981011, "Cw27": 0.04492020880672267, "xscale27": 0.4410695839426905, "yscale27": 0.4410695839426905, "zscale27": 0.4410695839426905, "Cab28": 47.32397211208436, "Cw28": 0.043269898817349196, "xscale28": 0.40198409234701354, "yscale28": 0.40198409234701354, "zscale28": 0.40198409234701354, "Cab29": 66.75012941806534, "Cw29": 0.03325378334822194, "xscale29": 0.6933556759559296, "yscale29": 0.6933556759559296, "zscale29": 0.6933556759559296, "Cab30": 72.26841675892295, "Cw30": 0.03413113782419713, "xscale30": 0.3137574237326576, "yscale30": 0.3137574237326576, "zscale30": 0.3137574237326576, "Cab31": 83.29707093890065, "Cw31": 0.021552276186934526, "xscale31": 0.6320827266314344, "yscale31": 0.6320827266314344, "zscale31": 0.6320827266314344, "Cab32": 52.40163050879827, "Cw32": 0.03687880275190728, "xscale32": 0.49472797743427643, "yscale32": 0.49472797743427643, "zscale32": 0.49472797743427643, "Cab33": 70.11703513923433, "Cw33": 0.046961721239445156, "xscale33": 0.48333068934960766, "yscale33": 0.48333068934960766, "zscale33": 0.48333068934960766, "Cab34": 74.81418678364618, "Cw34": 0.028456751303311753, "xscale34": 0.5493049331982343, "yscale34": 0.5493049331982343, "zscale34": 0.5493049331982343, "Cab35": 82.15578260045459, "Cw35": 0.018677955741227097, "xscale35": 0.45632948756567837, "yscale35": 0.45632948756567837, "zscale35": 0.45632948756567837, "Cab36": 70.64600008735474, "Cw36": 0.046801087957315184, "xscale36": 0.7337080937677414, "yscale36": 0.7337080937677414, "zscale36": 0.7337080937677414, "Cab37": 87.67524844286679, "Cw37": 0.012275224625888446, "xscale37": 0.5176165689448242, "yscale37": 0.5176165689448242, "zscale37": 0.5176165689448242, "Cab38": 63.606635124538336, "Cw38": 0.047237704692945415, "xscale38": 0.4773970730530211, "yscale38": 0.4773970730530211, "zscale38": 0.4773970730530211, "Cab39": 87.91911716462478, "Cw39": 0.0489716535964823, "xscale39": 0.6591765019138427, "yscale39": 0.6591765019138427, "zscale39": 0.6591765019138427, "Cab40": 30.2927087391515, "Cw40": 0.03912793598434854, "xscale40": 0.6189009196276201, "yscale40": 0.6189009196276201, "zscale40": 0.6189009196276201, "Cab41": 62.28690244255648, "Cw41": 0.014114687109535264, "xscale41": 0.5310324527938286, "yscale41": 0.5310324527938286, "zscale41": 0.5310324527938286, "Cab42": 74.62912460179402, "Cw42": 0.023915429826294164, "xscale42": 0.5805311696872018, "yscale42": 0.5805311696872018, "zscale42": 0.5805311696872018, "Cab43": 39.34086583552718, "Cw43": 0.01098539554973001, "xscale43": 0.5110584405948297, "yscale43": 0.5110584405948297, "zscale43": 0.5110584405948297, "Cab44": 25.47089883889662, "Cw44": 0.04963398277063331, "xscale44": 0.4509450198974179, "yscale44": 0.4509450198974179, "zscale44": 0.4509450198974179, "Cab45": 84.37326597005577, "Cw45": 0.013353153025521088, "xscale45": 0.386429033270297, "yscale45": 0.386429033270297, "zscale45": 0.386429033270297, "Cab46": 67.8076394060399, "Cw46": 0.035136023987510104, "xscale46": 0.3962174916314604, "yscale46": 0.3962174916314604, "zscale46": 0.3962174916314604, "Cab47": 89.95630494404188, "Cw47": 0.04924849165769653, "xscale47": 0.42867762172592627, "yscale47": 0.42867762172592627, "zscale47": 0.42867762172592627, "Cab48": 72.07715841852136, "Cw48": 0.049630969000114857, "xscale48": 0.7469816831085103, "yscale48": 0.7469816831085103, "zscale48": 0.7469816831085103, "Cab49": 44.71523206699565, "Cw49": 0.018342106322912582, "xscale49": 0.6083694431214901, "yscale49": 0.6083694431214901, "zscale49": 0.6083694431214901, "Cab50": 31.557445830900885, "Cw50": 0.03495299521867256, "xscale50": 0.7535157735177008, "yscale50": 0.7535157735177008, "zscale50": 0.7535157735177008, "Cab51": 32.549861484643614, "Cw51": 0.01564997165546271, "xscale51": 0.7082037289046433, "yscale51": 0.7082037289046433, "zscale51": 0.7082037289046433, "Cab52": 29.074856794394847,