{"Cab0": 20.791884204901166, "Cw0": 0.025605177794030223, "xscale0": 0.856113216896914, "yscale0": 0.856113216896914, "zscale0": 0.856113216896914, "Cab1": 87.44990138841128, "Cw1": 0.013967877428310564, "xscale1": 0.5079657992810231, "yscale1": 0.5079657992810231, "zscale1": 0.5079657992810231, "Cab2": 84.97287659045595, "Cw2": 0.014646650870390517, "xscale2": 0.5972487631094172, "yscale2": 0.5972487631094172, "zscale2": 0.5972487631094172, "Cab3": 32.804928094791364, "Cw3": 0.0317129615196006, "xscale3": 0.5186574120861336, "yscale3": 0.5186574120861336, "zscale3": 0.5186574120861336, "Cab4": 34.92054243614854, "Cw4": 0.03190283292611388, "xscale4": 0.4997192075634978, "yscale4": 0.4997192075634978, "zscale4": 0.4997192075634978, "Cab5": 46.89054516668045, "Cw5": 0.03259046152827765, "xscale5": 0.7662546267986702, "yscale5": 0.7662546267986702, "zscale5": 0.7662546267986702, "Cab6": 41.33698658295515, "Cw6": 0.04992629234828874, "xscale6": 0.576443758896002, "yscale6": 0.576443758896002, "zscale6": 0.576443758896002, "Cab7": 21.808356388158952, "Cw7": 0.040652320111795086, "xscale7": 0.4971669620898403, "yscale7": 0.4971669620898403, "zscale7": 0.4971669620898403, "Cab8": 56.961293745236176, "Cw8": 0.026356438728562193, "xscale8": 0.5624850063878926, "yscale8": 0.5624850063878926, "zscale8": 0.5624850063878926, "Cab9": 25.18239185332437, "Cw9": 0.013603368475139646, "xscale9": 0.5466135771191957, "yscale9": 0.5466135771191957, "zscale9": 0.5466135771191957, "Cab10": 87.69737135372858, "Cw10": 0.030271770590544797, "xscale10": 0.4453392789440513, "yscale10": 0.4453392789440513, "zscale10": 0.4453392789440513, "Cab11": 46.2601374588629, "Cw11": 0.012617124126300082, "xscale11": 0.6560949615502651, "yscale11": 0.6560949615502651, "zscale11": 0.6560949615502651, "Cab12": 74.88723871707856, "Cw12": 0.034036894138440986, "xscale12": 0.5789204599232061, "yscale12": 0.5789204599232061, "zscale12": 0.5789204599232061, "Cab13": 30.858144891583105, "Cw13": 0.017850735489929593, "xscale13": 0.5226852685184551, "yscale13": 0.5226852685184551, "zscale13": 0.5226852685184551, "Cab14": 88.82340690268566, "Cw14": 0.034392736046739876, "xscale14": 0.4611231488110112, "yscale14": 0.4611231488110112, "zscale14": 0.4611231488110112, "Cab15": 81.9134263249336, "Cw15": 0.019748883084436904, "xscale15": 0.5603699942923802, "yscale15": 0.5603699942923802, "zscale15": 0.5603699942923802, "Cab16": 64.90084505270517, "Cw16": 0.02675235097777217, "xscale16": 0.6724154216550631, "yscale16": 0.6724154216550631, "zscale16": 0.6724154216550631, "Cab17": 74.71291934367912, "Cw17": 0.041972392449326726, "xscale17": 0.594666067506675, "yscale17": 0.594666067506675, "zscale17": 0.594666067506675, "Cab18": 71.17420071715325, "Cw18": 0.02711110728934036, "xscale18": 0.658790120047289, "yscale18": 0.658790120047289, "zscale18": 0.658790120047289, "Cab19": 71.98875212792888, "Cw19": 0.030291385243890794, "xscale19": 0.5694292985078352, "yscale19": 0.5694292985078352, "zscale19": 0.5694292985078352, "Cab20": 86.64349817773451, "Cw20": 0.03390430579624614, "xscale20": 0.724303723921134, "yscale20": 0.724303723921134, "zscale20": 0.724303723921134, "Cab21": 62.71291831410078, "Cw21": 0.03455673760901587, "xscale21": 0.5776857682233275, "yscale21": 0.5776857682233275, "zscale21": 0.5776857682233275, "Cab22": 42.29502134723073, "Cw22": 0.019941828603770022, "xscale22": 0.4432044203715636, "yscale22": 0.4432044203715636, "zscale22": 0.4432044203715636, "Cab23": 69.77710157861885, "Cw23": 0.044322607670373625, "xscale23": 0.5270318274079144, "yscale23": 0.5270318274079144, "zscale23": 0.5270318274079144, "Cab24": 46.84720868486586, "Cw24": 0.049773137203042085, "xscale24": 0.5955589097656261, "yscale24": 0.5955589097656261, "zscale24": 0.5955589097656261, "Cab25": 73.1026737071958, "Cw25": 0.03987420267789439, "xscale25": 0.4924253204338876, "yscale25": 0.4924253204338876, "zscale25": 0.4924253204338876, "Cab26": 56.11210846794521, "Cw26": 0.025058504374939453, "xscale26": 0.5846625146005596, "yscale26": 0.5846625146005596, "zscale26": 0.5846625146005596, "Cab27": 79.11815340536997, "Cw27": 0.03267661565691296, "xscale27": 0.44409067597235025, "yscale27": 0.44409067597235025, "zscale27": 0.44409067597235025, "Cab28": 74.24386582136239, "Cw28": 0.026605366211951267, "xscale28": 0.4249127331858621, "yscale28": 0.4249127331858621, "zscale28": 0.4249127331858621, "Cab29": 23.7049942469083, "Cw29": 0.04213068696613645, "xscale29": 0.6875674286224164, "yscale29": 0.6875674286224164, "zscale29": 0.6875674286224164, "Cab30": 51.53023721828926, "Cw30": 0.03853170183345903, "xscale30": 0.3324393808472408, "yscale30": 0.3324393808472408, "zscale30": 0.3324393808472408, "Cab31": 52.4755330275899, "Cw31": 0.024373153459948824, "xscale31": 0.5998398644767319, "yscale31": 0.5998398644767319, "zscale31": 0.5998398644767319, "Cab32": 80.08181505848495, "Cw32": 0.046744280949321794, "xscale32": 0.5276392002238073, "yscale32": 0.5276392002238073, "zscale32": 0.5276392002238073, "Cab33": 75.78254061439148, "Cw33": 0.03986199543354866, "xscale33": 0.44017168108696764, "yscale33": 0.44017168108696764, "zscale33": 0.44017168108696764, "Cab34": 86.92349612100801, "Cw34": 0.020515319637878247, "xscale34": 0.5233095588715961, "yscale34": 0.5233095588715961, "zscale34": 0.5233095588715961, "Cab35": 55.500843098236764, "Cw35": 0.046784496403563705, "xscale35": 0.4468483958001114, "yscale35": 0.4468483958001114, "zscale35": 0.4468483958001114, "Cab36": 37.61924213896705, "Cw36": 0.03582539972618189, "xscale36": 0.5709839941549805, "yscale36": 0.5709839941549805, "zscale36": 0.5709839941549805, "Cab37": 46.58628572317654, "Cw37": 0.021984134186447776, "xscale37": 0.3777540962358432, "yscale37": 0.3777540962358432, "zscale37": 0.3777540962358432, "Cab38": 46.87211831045576, "Cw38": 0.03764477204306285, "xscale38": 0.5405829434536386, "yscale38": 0.5405829434536386, "zscale38": 0.5405829434536386, "Cab39": 67.42509289227354, "Cw39": 0.038236791228615244, "xscale39": 0.6820150592909111, "yscale39": 0.6820150592909111, "zscale39": 0.6820150592909111, "Cab40": 24.947377963181783, "Cw40": 0.030463740273705346, "xscale40": 0.517252590593759, "yscale40": 0.517252590593759, "zscale40": 0.517252590593759, "Cab41": 52.87572320450233, "Cw41": 0.01635498875796188, "xscale41": 0.572306275553815, "yscale41": 0.572306275553815, "zscale41": 0.572306275553815, "Cab42": 82.6108503003731, "Cw42": 0.018381004088205068, "xscale42": 0.6260318481820581, "yscale42": 0.6260318481820581, "zscale42": 0.6260318481820581, "Cab43": 50.75413758361167, "Cw43": 0.04164180360281306, "xscale43": 0.5154246954153688, "yscale43": 0.5154246954153688, "zscale43": 0.5154246954153688, "Cab44": 80.2225802732143, "Cw44": 0.047788671784991694, "xscale44": 0.493755920455726, "yscale44": 0.493755920455726, "zscale44": 0.493755920455726, "Cab45": 63.972528363984765, "Cw45": 0.027758732345742623, "xscale45": 0.3991716380844675, "yscale45": 0.3991716380844675, "zscale45": 0.3991716380844675, "Cab46": 62.32619006800384, "Cw46": 0.022280594722444206, "xscale46": 0.5089514084705293, "yscale46": 0.5089514084705293, "zscale46": 0.5089514084705293, "Cab47": 44.82844650218682, "Cw47": 0.03833010942071345, "xscale47": 0.45667717272506225, "yscale47": 0.45667717272506225, "zscale47": 0.45667717272506225, "Cab48": 56.94497406147372, "Cw48": 0.015336886616056714, "xscale48": 0.7859269473055736, "yscale48": 0.7859269473055736, "zscale48": 0.7859269473055736, "Cab49": 23.201086775303388, "Cw49": 0.027908339490439797, "xscale49": 0.4128023382935865, "yscale49": 0.4128023382935865, "zscale49": 0.4128023382935865, "Cab50": 88.86490590167789, "Cw50": 0.014761109802828284, "xscale50": 0.7164855299001497, "yscale50": 0.7164855299001497, "zscale50": 0.7164855299001497, "Cab51": 55.210299922142305, "Cw51": 0.011402250506396707, "xscale51": 0.7670178833038935, "yscale51": 0.7670178833038935, "zscale51": 0.7670178833038935, "Cab52": 36.89620963313068, "Cw52": 0.04746356785100273,