{"Cab0": 25.505056535442208, "Cw0": 0.02120201916111171, "xscale0": 0.7719649607974887, "yscale0": 0.7719649607974887, "zscale0": 0.7719649607974887, "Cab1": 45.077775194000864, "Cw1": 0.014144156956652157, "xscale1": 0.6206731548797673, "yscale1": 0.6206731548797673, "zscale1": 0.6206731548797673, "Cab2": 47.598601150491895, "Cw2": 0.013936704972068803, "xscale2": 0.7508607957381416, "yscale2": 0.7508607957381416, "zscale2": 0.7508607957381416, "Cab3": 31.098995112014116, "Cw3": 0.047579053095303935, "xscale3": 0.40624341896995, "yscale3": 0.40624341896995, "zscale3": 0.40624341896995, "Cab4": 53.56527636519324, "Cw4": 0.032656584134792464, "xscale4": 0.4970503447672362, "yscale4": 0.4970503447672362, "zscale4": 0.4970503447672362, "Cab5": 68.45526073466296, "Cw5": 0.03100465276043409, "xscale5": 0.8562776322639205, "yscale5": 0.8562776322639205, "zscale5": 0.8562776322639205, "Cab6": 20.902008001101894, "Cw6": 0.015316089541375293, "xscale6": 0.6187896523154408, "yscale6": 0.6187896523154408, "zscale6": 0.6187896523154408, "Cab7": 78.06846007766644, "Cw7": 0.047158827358688246, "xscale7": 0.5050591983246551, "yscale7": 0.5050591983246551, "zscale7": 0.5050591983246551, "Cab8": 52.55862990159779, "Cw8": 0.03447424118189026, "xscale8": 0.5434574363847093, "yscale8": 0.5434574363847093, "zscale8": 0.5434574363847093, "Cab9": 66.83782121268581, "Cw9": 0.031830266131873515, "xscale9": 0.5651353524660594, "yscale9": 0.5651353524660594, "zscale9": 0.5651353524660594, "Cab10": 38.65640806032165, "Cw10": 0.04198465716212511, "xscale10": 0.5481561325290062, "yscale10": 0.5481561325290062, "zscale10": 0.5481561325290062, "Cab11": 80.29309385993486, "Cw11": 0.04677380876523073, "xscale11": 0.5243009045244703, "yscale11": 0.5243009045244703, "zscale11": 0.5243009045244703, "Cab12": 68.96298267852208, "Cw12": 0.027263258008846582, "xscale12": 0.49958748352239735, "yscale12": 0.49958748352239735, "zscale12": 0.49958748352239735, "Cab13": 46.458486409202216, "Cw13": 0.026268072787705037, "xscale13": 0.6244862313249556, "yscale13": 0.6244862313249556, "zscale13": 0.6244862313249556, "Cab14": 26.855624652401254, "Cw14": 0.03901571400387099, "xscale14": 0.4757441993963599, "yscale14": 0.4757441993963599, "zscale14": 0.4757441993963599, "Cab15": 36.52814583035237, "Cw15": 0.03583313271574079, "xscale15": 0.5874044349122122, "yscale15": 0.5874044349122122, "zscale15": 0.5874044349122122, "Cab16": 50.306842377215425, "Cw16": 0.018884069325814767, "xscale16": 0.6811960493587437, "yscale16": 0.6811960493587437, "zscale16": 0.6811960493587437, "Cab17": 35.31868874960199, "Cw17": 0.04006515600002708, "xscale17": 0.5528260295629899, "yscale17": 0.5528260295629899, "zscale17": 0.5528260295629899, "Cab18": 89.01854802404793, "Cw18": 0.012844466875825687, "xscale18": 0.7299475622852925, "yscale18": 0.7299475622852925, "zscale18": 0.7299475622852925, "Cab19": 52.83556463053654, "Cw19": 0.040765243555061115, "xscale19": 0.5845544423846033, "yscale19": 0.5845544423846033, "zscale19": 0.5845544423846033, "Cab20": 85.61076750824706, "Cw20": 0.034921450211307443, "xscale20": 0.6519127075508739, "yscale20": 0.6519127075508739, "zscale20": 0.6519127075508739, "Cab21": 45.55205930734246, "Cw21": 0.011849060244743024, "xscale21": 0.5928643848890164, "yscale21": 0.5928643848890164, "zscale21": 0.5928643848890164, "Cab22": 28.047267883120778, "Cw22": 0.010554829122926957, "xscale22": 0.5168588958344364, "yscale22": 0.5168588958344364, "zscale22": 0.5168588958344364, "Cab23": 56.56222680625961, "Cw23": 0.025368154999575808, "xscale23": 0.5263005390614421, "yscale23": 0.5263005390614421, "zscale23": 0.5263005390614421, "Cab24": 84.85257594635593, "Cw24": 0.034312933329816095, "xscale24": 0.5951035926183409, "yscale24": 0.5951035926183409, "zscale24": 0.5951035926183409, "Cab25": 52.27115248444802, "Cw25": 0.04308295940119813, "xscale25": 0.5762530869118319, "yscale25": 0.5762530869118319, "zscale25": 0.5762530869118319, "Cab26": 33.27366492074892, "Cw26": 0.03155124014720108, "xscale26": 0.6527286178371577, "yscale26": 0.6527286178371577, "zscale26": 0.6527286178371577, "Cab27": 29.505329737201173, "Cw27": 0.03222947249012465, "xscale27": 0.3768712195857398, "yscale27": 0.3768712195857398, "zscale27": 0.3768712195857398, "Cab28": 61.40993067853298, "Cw28": 0.0353656306094173, "xscale28": 0.4519928112548663, "yscale28": 0.4519928112548663, "zscale28": 0.4519928112548663, "Cab29": 59.198650508314046, "Cw29": 0.04259052733848452, "xscale29": 0.6656703065910727, "yscale29": 0.6656703065910727, "zscale29": 0.6656703065910727, "Cab30": 41.294890701193694, "Cw30": 0.03210596110987054, "xscale30": 0.40097984987917423, "yscale30": 0.40097984987917423, "zscale30": 0.40097984987917423, "Cab31": 80.09583285285957, "Cw31": 0.046890238293513894, "xscale31": 0.7600756567166372, "yscale31": 0.7600756567166372, "zscale31": 0.7600756567166372, "Cab32": 84.16615933205125, "Cw32": 0.031384488932016674, "xscale32": 0.5083036414743148, "yscale32": 0.5083036414743148, "zscale32": 0.5083036414743148, "Cab33": 23.455436420507343, "Cw33": 0.027927815088148497, "xscale33": 0.39052149061492775, "yscale33": 0.39052149061492775, "zscale33": 0.39052149061492775, "Cab34": 73.00877546870437, "Cw34": 0.040967190995262893, "xscale34": 0.5714822204154532, "yscale34": 0.5714822204154532, "zscale34": 0.5714822204154532, "Cab35": 56.323376500935986, "Cw35": 0.03721099367925477, "xscale35": 0.44109238053330807, "yscale35": 0.44109238053330807, "zscale35": 0.44109238053330807, "Cab36": 37.99564764663539, "Cw36": 0.046222572294414975, "xscale36": 0.6407948322428368, "yscale36": 0.6407948322428368, "zscale36": 0.6407948322428368, "Cab37": 55.235111283860114, "Cw37": 0.03030044780821365, "xscale37": 0.39366766181394425, "yscale37": 0.39366766181394425, "zscale37": 0.39366766181394425, "Cab38": 71.24679626147437, "Cw38": 0.04143498482309939, "xscale38": 0.4670272507769281, "yscale38": 0.4670272507769281, "zscale38": 0.4670272507769281, "Cab39": 50.53397351223512, "Cw39": 0.026052882720199524, "xscale39": 0.5001842258964517, "yscale39": 0.5001842258964517, "zscale39": 0.5001842258964517, "Cab40": 28.552817645791663, "Cw40": 0.029841695254283145, "xscale40": 0.5909976901841923, "yscale40": 0.5909976901841923, "zscale40": 0.5909976901841923, "Cab41": 49.395740620052926, "Cw41": 0.022288666681141267, "xscale41": 0.514075176760732, "yscale41": 0.514075176760732, "zscale41": 0.514075176760732, "Cab42": 73.36948979253455, "Cw42": 0.023724735791902908, "xscale42": 0.6349914240290555, "yscale42": 0.6349914240290555, "zscale42": 0.6349914240290555, "Cab43": 26.067676233798423, "Cw43": 0.045511689843673445, "xscale43": 0.646267858296074, "yscale43": 0.646267858296074, "zscale43": 0.646267858296074, "Cab44": 80.46404468792325, "Cw44": 0.026351143511524094, "xscale44": 0.40992709665905325, "yscale44": 0.40992709665905325, "zscale44": 0.40992709665905325, "Cab45": 51.945230307268545, "Cw45": 0.043942582312297446, "xscale45": 0.4050888840934262, "yscale45": 0.4050888840934262, "zscale45": 0.4050888840934262, "Cab46": 21.358119149888832, "Cw46": 0.0326210368182626, "xscale46": 0.5412720921162212, "yscale46": 0.5412720921162212, "zscale46": 0.5412720921162212, "Cab47": 43.45034676724556, "Cw47": 0.02779130325751148, "xscale47": 0.6126136584982864, "yscale47": 0.6126136584982864, "zscale47": 0.6126136584982864, "Cab48": 83.44064210081847, "Cw48": 0.04471559692274615, "xscale48": 0.6792131901376167, "yscale48": 0.6792131901376167, "zscale48": 0.6792131901376167, "Cab49": 49.31002770879323, "Cw49": 0.029802443594585573, "xscale49": 0.4915012410927825, "yscale49": 0.4915012410927825, "zscale49": 0.4915012410927825, "Cab50": 71.89438620391843, "Cw50": 0.03203722115216505, "xscale50": 0.5795880796338416, "yscale50": 0.5795880796338416, "zscale50": 0.5795880796338416, "Cab51": 66.25588192511404, "Cw51": 0.04266576267797514, "xscale51": 0.720915677983176, "yscale51": 0.720915677983176, "zscale51": 0.720915677983176, "Cab52": 47.39814199090533,