{"Cab0": 87.89645357894284, "Cw0": 0.03368737998988787, "xscale0": 0.7743517157368245, "yscale0": 0.7743517157368245, "zscale0": 0.7743517157368245, "Cab1": 80.29677631071205, "Cw1": 0.04862178981177028, "xscale1": 0.6972159314720339, "yscale1": 0.6972159314720339, "zscale1": 0.6972159314720339, "Cab2": 78.63035446094594, "Cw2": 0.014311956131991887, "xscale2": 0.757557591393189, "yscale2": 0.757557591393189, "zscale2": 0.757557591393189, "Cab3": 79.26920836321659, "Cw3": 0.044246636209070406, "xscale3": 0.5294179596107305, "yscale3": 0.5294179596107305, "zscale3": 0.5294179596107305, "Cab4": 50.05525201868908, "Cw4": 0.035562110371695564, "xscale4": 0.5111577052958151, "yscale4": 0.5111577052958151, "zscale4": 0.5111577052958151, "Cab5": 65.36167174892478, "Cw5": 0.03475354275181984, "xscale5": 0.804065607731687, "yscale5": 0.804065607731687, "zscale5": 0.804065607731687, "Cab6": 84.0188632106046, "Cw6": 0.04175108997344295, "xscale6": 0.47170614087400603, "yscale6": 0.47170614087400603, "zscale6": 0.47170614087400603, "Cab7": 23.560009476566712, "Cw7": 0.0452629347984579, "xscale7": 0.62591743270288, "yscale7": 0.62591743270288, "zscale7": 0.62591743270288, "Cab8": 73.82785269141337, "Cw8": 0.04408435721622596, "xscale8": 0.46288762126219024, "yscale8": 0.46288762126219024, "zscale8": 0.46288762126219024, "Cab9": 38.89203636851004, "Cw9": 0.04954741383742125, "xscale9": 0.7008015481932687, "yscale9": 0.7008015481932687, "zscale9": 0.7008015481932687, "Cab10": 60.835086853832415, "Cw10": 0.0451828836034914, "xscale10": 0.48055790149704186, "yscale10": 0.48055790149704186, "zscale10": 0.48055790149704186, "Cab11": 78.5173358218563, "Cw11": 0.01758705714406409, "xscale11": 0.626521898490105, "yscale11": 0.626521898490105, "zscale11": 0.626521898490105, "Cab12": 43.75201869616129, "Cw12": 0.010861451536730628, "xscale12": 0.470708802554207, "yscale12": 0.470708802554207, "zscale12": 0.470708802554207, "Cab13": 62.088768351827504, "Cw13": 0.04546134794709493, "xscale13": 0.5269481548656938, "yscale13": 0.5269481548656938, "zscale13": 0.5269481548656938, "Cab14": 85.13331838684239, "Cw14": 0.03269806648537138, "xscale14": 0.5315536592719946, "yscale14": 0.5315536592719946, "zscale14": 0.5315536592719946, "Cab15": 72.47185539244555, "Cw15": 0.01032978694831066, "xscale15": 0.5858055729771335, "yscale15": 0.5858055729771335, "zscale15": 0.5858055729771335, "Cab16": 53.24992522049597, "Cw16": 0.012625471448222125, "xscale16": 0.6413224654315647, "yscale16": 0.6413224654315647, "zscale16": 0.6413224654315647, "Cab17": 59.40259108934379, "Cw17": 0.02357366095909342, "xscale17": 0.48897029930997815, "yscale17": 0.48897029930997815, "zscale17": 0.48897029930997815, "Cab18": 55.231280557391266, "Cw18": 0.03708288370318236, "xscale18": 0.7628844703529124, "yscale18": 0.7628844703529124, "zscale18": 0.7628844703529124, "Cab19": 45.85652096801482, "Cw19": 0.049757877953334625, "xscale19": 0.6045768789802808, "yscale19": 0.6045768789802808, "zscale19": 0.6045768789802808, "Cab20": 76.02658263669323, "Cw20": 0.027489678623789204, "xscale20": 0.5926809451937368, "yscale20": 0.5926809451937368, "zscale20": 0.5926809451937368, "Cab21": 60.619187447619424, "Cw21": 0.04533067258630612, "xscale21": 0.5850976530432067, "yscale21": 0.5850976530432067, "zscale21": 0.5850976530432067, "Cab22": 23.02550123930752, "Cw22": 0.03208097281723853, "xscale22": 0.4757188624310681, "yscale22": 0.4757188624310681, "zscale22": 0.4757188624310681, "Cab23": 74.75398809553428, "Cw23": 0.022381202569909747, "xscale23": 0.5688895000471481, "yscale23": 0.5688895000471481, "zscale23": 0.5688895000471481, "Cab24": 85.5846980807056, "Cw24": 0.029812373230492593, "xscale24": 0.6390727875117679, "yscale24": 0.6390727875117679, "zscale24": 0.6390727875117679, "Cab25": 61.216079555828365, "Cw25": 0.03436739524258755, "xscale25": 0.5747496818977378, "yscale25": 0.5747496818977378, "zscale25": 0.5747496818977378, "Cab26": 25.44638822380633, "Cw26": 0.038104905163609176, "xscale26": 0.5365905671621274, "yscale26": 0.5365905671621274, "zscale26": 0.5365905671621274, "Cab27": 49.954815839606624, "Cw27": 0.012449103997054567, "xscale27": 0.4055646066131174, "yscale27": 0.4055646066131174, "zscale27": 0.4055646066131174, "Cab28": 46.07663031226787, "Cw28": 0.04157993928281589, "xscale28": 0.4014056196444138, "yscale28": 0.4014056196444138, "zscale28": 0.4014056196444138, "Cab29": 76.39044964748955, "Cw29": 0.04406638474820066, "xscale29": 0.703679973049228, "yscale29": 0.703679973049228, "zscale29": 0.703679973049228, "Cab30": 83.55133719722699, "Cw30": 0.027919539221157252, "xscale30": 0.4300051764903338, "yscale30": 0.4300051764903338, "zscale30": 0.4300051764903338, "Cab31": 25.239378844462717, "Cw31": 0.021262303034200895, "xscale31": 0.592227318233697, "yscale31": 0.592227318233697, "zscale31": 0.592227318233697, "Cab32": 53.281610324452075, "Cw32": 0.01190920162249646, "xscale32": 0.43914048570398057, "yscale32": 0.43914048570398057, "zscale32": 0.43914048570398057, "Cab33": 22.674782459465437, "Cw33": 0.012606040882686863, "xscale33": 0.412738005741451, "yscale33": 0.412738005741451, "zscale33": 0.412738005741451, "Cab34": 71.78228011981079, "Cw34": 0.019901463462045715, "xscale34": 0.48922419279078655, "yscale34": 0.48922419279078655, "zscale34": 0.48922419279078655, "Cab35": 57.419059795600454, "Cw35": 0.010796968018846772, "xscale35": 0.3388065663800232, "yscale35": 0.3388065663800232, "zscale35": 0.3388065663800232, "Cab36": 70.34801991314927, "Cw36": 0.03395339368084228, "xscale36": 0.7349387181536223, "yscale36": 0.7349387181536223, "zscale36": 0.7349387181536223, "Cab37": 67.50353684013001, "Cw37": 0.026049578065643876, "xscale37": 0.39340886397726277, "yscale37": 0.39340886397726277, "zscale37": 0.39340886397726277, "Cab38": 76.80824994121716, "Cw38": 0.032643775791459245, "xscale38": 0.49321757759168383, "yscale38": 0.49321757759168383, "zscale38": 0.49321757759168383, "Cab39": 58.44661343143391, "Cw39": 0.03230358566533852, "xscale39": 0.714295128953154, "yscale39": 0.714295128953154, "zscale39": 0.714295128953154, "Cab40": 47.46394602578238, "Cw40": 0.04315312991929974, "xscale40": 0.4931207773899636, "yscale40": 0.4931207773899636, "zscale40": 0.4931207773899636, "Cab41": 69.97446053780521, "Cw41": 0.027157887797501327, "xscale41": 0.5190598693435463, "yscale41": 0.5190598693435463, "zscale41": 0.5190598693435463, "Cab42": 88.91774518720264, "Cw42": 0.025989032821320403, "xscale42": 0.6573080215009143, "yscale42": 0.6573080215009143, "zscale42": 0.6573080215009143, "Cab43": 70.39329107054031, "Cw43": 0.01785691642825262, "xscale43": 0.5807715180268841, "yscale43": 0.5807715180268841, "zscale43": 0.5807715180268841, "Cab44": 77.46340912882853, "Cw44": 0.014455006608588436, "xscale44": 0.46239374061135596, "yscale44": 0.46239374061135596, "zscale44": 0.46239374061135596, "Cab45": 75.1434201946385, "Cw45": 0.02543612152477746, "xscale45": 0.30891811440058614, "yscale45": 0.30891811440058614, "zscale45": 0.30891811440058614, "Cab46": 35.29348224311691, "Cw46": 0.03799405191552069, "xscale46": 0.4004860690899011, "yscale46": 0.4004860690899011, "zscale46": 0.4004860690899011, "Cab47": 41.89401881957748, "Cw47": 0.040634661470151504, "xscale47": 0.5742322537631096, "yscale47": 0.5742322537631096, "zscale47": 0.5742322537631096, "Cab48": 27.861794454717508, "Cw48": 0.021503672352547507, "xscale48": 0.5998533080093822, "yscale48": 0.5998533080093822, "zscale48": 0.5998533080093822, "Cab49": 76.7322593080014, "Cw49": 0.025729570597212092, "xscale49": 0.4898031692165916, "yscale49": 0.4898031692165916, "zscale49": 0.4898031692165916, "Cab50": 38.033465190809224, "Cw50": 0.03776082243407707, "xscale50": 0.6571695176203791, "yscale50": 0.6571695176203791, "zscale50": 0.6571695176203791, "Cab51": 39.6660678898625, "Cw51": 0.014060581837202858, "xscale51": 0.7155911745792372, "yscale51": 0.7155911745792372, "zscale51": 0.7155911745792372, "Cab52": 83.94748108327757, "Cw52": 0.04677854060538997,