{"Cab0": 23.675646885058775, "Cw0": 0.012593699542431499, "xscale0": 0.7838439231935952, "yscale0": 0.7838439231935952, "zscale0": 0.7838439231935952, "Cab1": 37.38415775876925, "Cw1": 0.02561487497083184, "xscale1": 0.5757997114889297, "yscale1": 0.5757997114889297, "zscale1": 0.5757997114889297, "Cab2": 57.7832597890695, "Cw2": 0.01674847230694478, "xscale2": 0.5403846515038772, "yscale2": 0.5403846515038772, "zscale2": 0.5403846515038772, "Cab3": 54.15380037312778, "Cw3": 0.043466383927460675, "xscale3": 0.5939078256917955, "yscale3": 0.5939078256917955, "zscale3": 0.5939078256917955, "Cab4": 25.797051915745392, "Cw4": 0.012823313745438695, "xscale4": 0.6938525914923932, "yscale4": 0.6938525914923932, "zscale4": 0.6938525914923932, "Cab5": 41.41901343814275, "Cw5": 0.015340808353370518, "xscale5": 0.7816752521689371, "yscale5": 0.7816752521689371, "zscale5": 0.7816752521689371, "Cab6": 55.495358563191225, "Cw6": 0.03382846665458722, "xscale6": 0.5991278621432046, "yscale6": 0.5991278621432046, "zscale6": 0.5991278621432046, "Cab7": 61.03957557419205, "Cw7": 0.04024824989776057, "xscale7": 0.5587880809562178, "yscale7": 0.5587880809562178, "zscale7": 0.5587880809562178, "Cab8": 86.29736752864784, "Cw8": 0.013335130010680825, "xscale8": 0.5194338925664406, "yscale8": 0.5194338925664406, "zscale8": 0.5194338925664406, "Cab9": 62.1857339346022, "Cw9": 0.04747067690840401, "xscale9": 0.7333173608155357, "yscale9": 0.7333173608155357, "zscale9": 0.7333173608155357, "Cab10": 26.908281506460774, "Cw10": 0.013871194787153134, "xscale10": 0.4995617118539478, "yscale10": 0.4995617118539478, "zscale10": 0.4995617118539478, "Cab11": 32.60464352403793, "Cw11": 0.011171585966652131, "xscale11": 0.5184839553642375, "yscale11": 0.5184839553642375, "zscale11": 0.5184839553642375, "Cab12": 58.09898560830957, "Cw12": 0.021355493144164864, "xscale12": 0.5637057867046678, "yscale12": 0.5637057867046678, "zscale12": 0.5637057867046678, "Cab13": 25.323329393353305, "Cw13": 0.02122348059869842, "xscale13": 0.6575812362078143, "yscale13": 0.6575812362078143, "zscale13": 0.6575812362078143, "Cab14": 24.511301224397204, "Cw14": 0.038126327924648595, "xscale14": 0.6306822882700673, "yscale14": 0.6306822882700673, "zscale14": 0.6306822882700673, "Cab15": 89.43551551329426, "Cw15": 0.04402489316340097, "xscale15": 0.631995118400627, "yscale15": 0.631995118400627, "zscale15": 0.631995118400627, "Cab16": 85.1822688045291, "Cw16": 0.04115489409064515, "xscale16": 0.6601438233478557, "yscale16": 0.6601438233478557, "zscale16": 0.6601438233478557, "Cab17": 78.3408350935203, "Cw17": 0.025720699619304635, "xscale17": 0.4550805750705408, "yscale17": 0.4550805750705408, "zscale17": 0.4550805750705408, "Cab18": 83.88893679860811, "Cw18": 0.025745002846224045, "xscale18": 0.6161085960961175, "yscale18": 0.6161085960961175, "zscale18": 0.6161085960961175, "Cab19": 48.05664243376171, "Cw19": 0.040185721220927936, "xscale19": 0.5509864664842263, "yscale19": 0.5509864664842263, "zscale19": 0.5509864664842263, "Cab20": 80.69404290583131, "Cw20": 0.0343828916023393, "xscale20": 0.7484478265324934, "yscale20": 0.7484478265324934, "zscale20": 0.7484478265324934, "Cab21": 25.577863376248416, "Cw21": 0.03144234691715709, "xscale21": 0.5884708968024299, "yscale21": 0.5884708968024299, "zscale21": 0.5884708968024299, "Cab22": 28.147216906685678, "Cw22": 0.04460102377604564, "xscale22": 0.5964959708480988, "yscale22": 0.5964959708480988, "zscale22": 0.5964959708480988, "Cab23": 26.02739459169565, "Cw23": 0.010389635384832988, "xscale23": 0.5827474192205104, "yscale23": 0.5827474192205104, "zscale23": 0.5827474192205104, "Cab24": 50.3919887315253, "Cw24": 0.038554263529011, "xscale24": 0.48946635055572285, "yscale24": 0.48946635055572285, "zscale24": 0.48946635055572285, "Cab25": 31.77029868746309, "Cw25": 0.02838647541477783, "xscale25": 0.511666878011852, "yscale25": 0.511666878011852, "zscale25": 0.511666878011852, "Cab26": 37.35948104262837, "Cw26": 0.01120329592471506, "xscale26": 0.5055865869945064, "yscale26": 0.5055865869945064, "zscale26": 0.5055865869945064, "Cab27": 27.12516830599303, "Cw27": 0.02185950284033291, "xscale27": 0.37377613791598563, "yscale27": 0.37377613791598563, "zscale27": 0.37377613791598563, "Cab28": 66.25355639236736, "Cw28": 0.013666889536601876, "xscale28": 0.48166063496512984, "yscale28": 0.48166063496512984, "zscale28": 0.48166063496512984, "Cab29": 50.48530202375483, "Cw29": 0.019244744621942533, "xscale29": 0.6659587297301572, "yscale29": 0.6659587297301572, "zscale29": 0.6659587297301572, "Cab30": 81.55690658368465, "Cw30": 0.02176653673553585, "xscale30": 0.38514465230210954, "yscale30": 0.38514465230210954, "zscale30": 0.38514465230210954, "Cab31": 53.72478553151341, "Cw31": 0.02219542989456805, "xscale31": 0.7214869612646851, "yscale31": 0.7214869612646851, "zscale31": 0.7214869612646851, "Cab32": 39.06169742318748, "Cw32": 0.024738298835726494, "xscale32": 0.5251895979530588, "yscale32": 0.5251895979530588, "zscale32": 0.5251895979530588, "Cab33": 78.73077714263934, "Cw33": 0.0144972476103893, "xscale33": 0.5387124301015886, "yscale33": 0.5387124301015886, "zscale33": 0.5387124301015886, "Cab34": 57.55049756032375, "Cw34": 0.014053637550416661, "xscale34": 0.5206330712665371, "yscale34": 0.5206330712665371, "zscale34": 0.5206330712665371, "Cab35": 55.77387531325435, "Cw35": 0.0256422353800703, "xscale35": 0.34330413177187347, "yscale35": 0.34330413177187347, "zscale35": 0.34330413177187347, "Cab36": 48.665427295782024, "Cw36": 0.028353639784312698, "xscale36": 0.5722428116964223, "yscale36": 0.5722428116964223, "zscale36": 0.5722428116964223, "Cab37": 86.69046852567567, "Cw37": 0.03678015279826525, "xscale37": 0.5168201511369345, "yscale37": 0.5168201511369345, "zscale37": 0.5168201511369345, "Cab38": 26.72842082286724, "Cw38": 0.04206572671051219, "xscale38": 0.5709938066832695, "yscale38": 0.5709938066832695, "zscale38": 0.5709938066832695, "Cab39": 40.40848491043917, "Cw39": 0.019821813179333875, "xscale39": 0.5815866313751918, "yscale39": 0.5815866313751918, "zscale39": 0.5815866313751918, "Cab40": 50.03689129512057, "Cw40": 0.012882087460031784, "xscale40": 0.4904082641597957, "yscale40": 0.4904082641597957, "zscale40": 0.4904082641597957, "Cab41": 40.19778077633926, "Cw41": 0.02384207938904809, "xscale41": 0.6261740594593465, "yscale41": 0.6261740594593465, "zscale41": 0.6261740594593465, "Cab42": 67.8414369854915, "Cw42": 0.018253071448700902, "xscale42": 0.5454300041803805, "yscale42": 0.5454300041803805, "zscale42": 0.5454300041803805, "Cab43": 65.85904864230176, "Cw43": 0.021313189874330833, "xscale43": 0.5586763240975958, "yscale43": 0.5586763240975958, "zscale43": 0.5586763240975958, "Cab44": 34.53501731928157, "Cw44": 0.03470872462988385, "xscale44": 0.4684868253203474, "yscale44": 0.4684868253203474, "zscale44": 0.4684868253203474, "Cab45": 37.64813525571915, "Cw45": 0.011228349627976222, "xscale45": 0.29067267047566303, "yscale45": 0.29067267047566303, "zscale45": 0.29067267047566303, "Cab46": 72.98022853077072, "Cw46": 0.026079672566048345, "xscale46": 0.42740512727167035, "yscale46": 0.42740512727167035, "zscale46": 0.42740512727167035, "Cab47": 31.607617511958843, "Cw47": 0.028437704254487682, "xscale47": 0.4412205795647984, "yscale47": 0.4412205795647984, "zscale47": 0.4412205795647984, "Cab48": 63.99702166252897, "Cw48": 0.04354442191446375, "xscale48": 0.5896184016152486, "yscale48": 0.5896184016152486, "zscale48": 0.5896184016152486, "Cab49": 35.263548157530224, "Cw49": 0.017122607267754955, "xscale49": 0.4403257442409991, "yscale49": 0.4403257442409991, "zscale49": 0.4403257442409991, "Cab50": 20.50532278250816, "Cw50": 0.03192914109245456, "xscale50": 0.6593700474216561, "yscale50": 0.6593700474216561, "zscale50": 0.6593700474216561, "Cab51": 49.45745305746911, "Cw51": 0.04507783927527355, "xscale51": 0.591239659535448, "yscale51": 0.591239659535448, "zscale51": 0.591239659535448, "Cab52": 71.05011205059077,