{"Cab0": 31.507328109732093, "Cw0": 0.012130017103404103, "xscale0": 0.6503100003271631, "yscale0": 0.6503100003271631, "zscale0": 0.6503100003271631, "Cab1": 40.482799262655824, "Cw1": 0.03572815652927547, "xscale1": 0.6233208715017877, "yscale1": 0.6233208715017877, "zscale1": 0.6233208715017877, "Cab2": 41.07478969910314, "Cw2": 0.012141690716458405, "xscale2": 0.566681108300468, "yscale2": 0.566681108300468, "zscale2": 0.566681108300468, "Cab3": 31.67597465487055, "Cw3": 0.010609247544548502, "xscale3": 0.5485819965539034, "yscale3": 0.5485819965539034, "zscale3": 0.5485819965539034, "Cab4": 46.72868449999781, "Cw4": 0.026161961550644083, "xscale4": 0.6498173842733127, "yscale4": 0.6498173842733127, "zscale4": 0.6498173842733127, "Cab5": 45.3019869953006, "Cw5": 0.024667366232927555, "xscale5": 0.8771839243751968, "yscale5": 0.8771839243751968, "zscale5": 0.8771839243751968, "Cab6": 84.24594509738762, "Cw6": 0.04114473647696888, "xscale6": 0.5387578269119738, "yscale6": 0.5387578269119738, "zscale6": 0.5387578269119738, "Cab7": 56.19424399848748, "Cw7": 0.01940389466748927, "xscale7": 0.5019798158055352, "yscale7": 0.5019798158055352, "zscale7": 0.5019798158055352, "Cab8": 69.13639419950172, "Cw8": 0.03313445320709821, "xscale8": 0.5473966962860531, "yscale8": 0.5473966962860531, "zscale8": 0.5473966962860531, "Cab9": 72.04122707872057, "Cw9": 0.026349278291006202, "xscale9": 0.6205560951744123, "yscale9": 0.6205560951744123, "zscale9": 0.6205560951744123, "Cab10": 30.671550911143704, "Cw10": 0.02544509863825079, "xscale10": 0.5858936945535259, "yscale10": 0.5858936945535259, "zscale10": 0.5858936945535259, "Cab11": 28.560481865585423, "Cw11": 0.029172390827141605, "xscale11": 0.5612598059996867, "yscale11": 0.5612598059996867, "zscale11": 0.5612598059996867, "Cab12": 74.7082600257969, "Cw12": 0.02401444409004866, "xscale12": 0.4478810061115642, "yscale12": 0.4478810061115642, "zscale12": 0.4478810061115642, "Cab13": 72.06086345793406, "Cw13": 0.014204560454536583, "xscale13": 0.5513759493762209, "yscale13": 0.5513759493762209, "zscale13": 0.5513759493762209, "Cab14": 58.873396701616194, "Cw14": 0.04184572457492434, "xscale14": 0.4939771936770239, "yscale14": 0.4939771936770239, "zscale14": 0.4939771936770239, "Cab15": 50.00517350059018, "Cw15": 0.049963307786406105, "xscale15": 0.47960003776901516, "yscale15": 0.47960003776901516, "zscale15": 0.47960003776901516, "Cab16": 81.40656925878551, "Cw16": 0.022525209801764805, "xscale16": 0.5125572918529179, "yscale16": 0.5125572918529179, "zscale16": 0.5125572918529179, "Cab17": 58.397160270157244, "Cw17": 0.015920012084854874, "xscale17": 0.6012961605738414, "yscale17": 0.6012961605738414, "zscale17": 0.6012961605738414, "Cab18": 28.734949150499876, "Cw18": 0.02879698700808339, "xscale18": 0.6779044871904928, "yscale18": 0.6779044871904928, "zscale18": 0.6779044871904928, "Cab19": 73.44525010991799, "Cw19": 0.038672960320684444, "xscale19": 0.5800197844788348, "yscale19": 0.5800197844788348, "zscale19": 0.5800197844788348, "Cab20": 54.352924573428446, "Cw20": 0.02558256155177012, "xscale20": 0.5495628632542854, "yscale20": 0.5495628632542854, "zscale20": 0.5495628632542854, "Cab21": 26.813682196112453, "Cw21": 0.021192034416351146, "xscale21": 0.5046749951578637, "yscale21": 0.5046749951578637, "zscale21": 0.5046749951578637, "Cab22": 36.66237248546355, "Cw22": 0.04992302131335447, "xscale22": 0.532711554545161, "yscale22": 0.532711554545161, "zscale22": 0.532711554545161, "Cab23": 86.03320260660837, "Cw23": 0.01619086004861225, "xscale23": 0.696335218116401, "yscale23": 0.696335218116401, "zscale23": 0.696335218116401, "Cab24": 64.04264721318131, "Cw24": 0.033895703594166146, "xscale24": 0.509673476283548, "yscale24": 0.509673476283548, "zscale24": 0.509673476283548, "Cab25": 77.32606350619268, "Cw25": 0.047626512053727234, "xscale25": 0.5575193917094998, "yscale25": 0.5575193917094998, "zscale25": 0.5575193917094998, "Cab26": 50.111809047009615, "Cw26": 0.03975305402142098, "xscale26": 0.5058516037576205, "yscale26": 0.5058516037576205, "zscale26": 0.5058516037576205, "Cab27": 73.20639311079037, "Cw27": 0.028998384104770347, "xscale27": 0.40579919169305684, "yscale27": 0.40579919169305684, "zscale27": 0.40579919169305684, "Cab28": 80.78367778221508, "Cw28": 0.04237805278582302, "xscale28": 0.42603836972950226, "yscale28": 0.42603836972950226, "zscale28": 0.42603836972950226, "Cab29": 49.25133816187468, "Cw29": 0.045379821560297816, "xscale29": 0.6420720573406027, "yscale29": 0.6420720573406027, "zscale29": 0.6420720573406027, "Cab30": 51.27766230454682, "Cw30": 0.014833975082798686, "xscale30": 0.34363533608716135, "yscale30": 0.34363533608716135, "zscale30": 0.34363533608716135, "Cab31": 89.45523029038543, "Cw31": 0.02578313816978873, "xscale31": 0.7164143010508451, "yscale31": 0.7164143010508451, "zscale31": 0.7164143010508451, "Cab32": 43.82745447718311, "Cw32": 0.04495816495916003, "xscale32": 0.4465530965867661, "yscale32": 0.4465530965867661, "zscale32": 0.4465530965867661, "Cab33": 53.39716240095317, "Cw33": 0.02935154966119885, "xscale33": 0.48643622319473107, "yscale33": 0.48643622319473107, "zscale33": 0.48643622319473107, "Cab34": 62.668640817726754, "Cw34": 0.018632294697612933, "xscale34": 0.4212617539870016, "yscale34": 0.4212617539870016, "zscale34": 0.4212617539870016, "Cab35": 24.069333634464133, "Cw35": 0.03004606455885564, "xscale35": 0.36398353752649093, "yscale35": 0.36398353752649093, "zscale35": 0.36398353752649093, "Cab36": 44.44730187891075, "Cw36": 0.045614821825744965, "xscale36": 0.5957176226346882, "yscale36": 0.5957176226346882, "zscale36": 0.5957176226346882, "Cab37": 77.01953303631592, "Cw37": 0.04691219144621178, "xscale37": 0.46500435956851305, "yscale37": 0.46500435956851305, "zscale37": 0.46500435956851305, "Cab38": 49.57875650842753, "Cw38": 0.01335228621010014, "xscale38": 0.42215866525098683, "yscale38": 0.42215866525098683, "zscale38": 0.42215866525098683, "Cab39": 21.497529357441653, "Cw39": 0.02165554594872138, "xscale39": 0.5980829171320332, "yscale39": 0.5980829171320332, "zscale39": 0.5980829171320332, "Cab40": 80.43086331588688, "Cw40": 0.017811086913032556, "xscale40": 0.5061417826700815, "yscale40": 0.5061417826700815, "zscale40": 0.5061417826700815, "Cab41": 46.58574042170915, "Cw41": 0.03792138634534092, "xscale41": 0.5371602292361557, "yscale41": 0.5371602292361557, "zscale41": 0.5371602292361557, "Cab42": 63.03583378523522, "Cw42": 0.033909351003505124, "xscale42": 0.5306035809413129, "yscale42": 0.5306035809413129, "zscale42": 0.5306035809413129, "Cab43": 69.0851176187119, "Cw43": 0.039441610017670936, "xscale43": 0.6823716803739365, "yscale43": 0.6823716803739365, "zscale43": 0.6823716803739365, "Cab44": 33.019370462063144, "Cw44": 0.022353519016454236, "xscale44": 0.4572667240979546, "yscale44": 0.4572667240979546, "zscale44": 0.4572667240979546, "Cab45": 53.557658031302076, "Cw45": 0.018364218382285927, "xscale45": 0.3034600520268955, "yscale45": 0.3034600520268955, "zscale45": 0.3034600520268955, "Cab46": 61.52018786313087, "Cw46": 0.0485521945623264, "xscale46": 0.4243462440069511, "yscale46": 0.4243462440069511, "zscale46": 0.4243462440069511, "Cab47": 88.02067929398451, "Cw47": 0.0401614819488659, "xscale47": 0.4613665502710122, "yscale47": 0.4613665502710122, "zscale47": 0.4613665502710122, "Cab48": 84.37303644399465, "Cw48": 0.010711417208046723, "xscale48": 0.6237787105066437, "yscale48": 0.6237787105066437, "zscale48": 0.6237787105066437, "Cab49": 40.91067574850608, "Cw49": 0.045798798402324946, "xscale49": 0.5055566940377231, "yscale49": 0.5055566940377231, "zscale49": 0.5055566940377231, "Cab50": 52.65557790792947, "Cw50": 0.03832002180994708, "xscale50": 0.7167397668993867, "yscale50": 0.7167397668993867, "zscale50": 0.7167397668993867, "Cab51": 64.65504887574518, "Cw51": 0.030555519991004067, "xscale51": 0.5721679459363761, "yscale51": 0.5721679459363761, "zscale51": 0.5721679459363761, "Cab52": 44.03372830803946,