{"Cab0": 38.53485835484611, "Cw0": 0.026641213517093462, "xscale0": 0.7120055042461299, "yscale0": 0.7120055042461299, "zscale0": 0.7120055042461299, "Cab1": 33.070733071142065, "Cw1": 0.04684970984522689, "xscale1": 0.5049121987024168, "yscale1": 0.5049121987024168, "zscale1": 0.5049121987024168, "Cab2": 65.48036410571257, "Cw2": 0.04726804774301477, "xscale2": 0.7720188815909766, "yscale2": 0.7720188815909766, "zscale2": 0.7720188815909766, "Cab3": 24.888337219184173, "Cw3": 0.04566110353319095, "xscale3": 0.5455801731561313, "yscale3": 0.5455801731561313, "zscale3": 0.5455801731561313, "Cab4": 57.74908152879852, "Cw4": 0.040470430283394906, "xscale4": 0.7012330020592121, "yscale4": 0.7012330020592121, "zscale4": 0.7012330020592121, "Cab5": 21.575283911645958, "Cw5": 0.029547216667563665, "xscale5": 0.615285762181832, "yscale5": 0.615285762181832, "zscale5": 0.615285762181832, "Cab6": 61.44734742874277, "Cw6": 0.011888173321236999, "xscale6": 0.46249280374898194, "yscale6": 0.46249280374898194, "zscale6": 0.46249280374898194, "Cab7": 55.00394916306973, "Cw7": 0.03492090731696217, "xscale7": 0.5398619518976407, "yscale7": 0.5398619518976407, "zscale7": 0.5398619518976407, "Cab8": 60.74600395916498, "Cw8": 0.04100335853369625, "xscale8": 0.4988438775043324, "yscale8": 0.4988438775043324, "zscale8": 0.4988438775043324, "Cab9": 80.52406778199105, "Cw9": 0.03205890808830904, "xscale9": 0.6780371098186284, "yscale9": 0.6780371098186284, "zscale9": 0.6780371098186284, "Cab10": 61.89351223923207, "Cw10": 0.012784316227747165, "xscale10": 0.5925610221931585, "yscale10": 0.5925610221931585, "zscale10": 0.5925610221931585, "Cab11": 64.66598841171557, "Cw11": 0.03121058493095316, "xscale11": 0.7506706772878221, "yscale11": 0.7506706772878221, "zscale11": 0.7506706772878221, "Cab12": 47.35576048946197, "Cw12": 0.04881046930122925, "xscale12": 0.510837785782334, "yscale12": 0.510837785782334, "zscale12": 0.510837785782334, "Cab13": 38.48806962663389, "Cw13": 0.04368843129853449, "xscale13": 0.6492898859134145, "yscale13": 0.6492898859134145, "zscale13": 0.6492898859134145, "Cab14": 24.16997239674291, "Cw14": 0.04319322612167811, "xscale14": 0.48943898153692605, "yscale14": 0.48943898153692605, "zscale14": 0.48943898153692605, "Cab15": 45.8043347287362, "Cw15": 0.025237639166302415, "xscale15": 0.5401578845726601, "yscale15": 0.5401578845726601, "zscale15": 0.5401578845726601, "Cab16": 27.871870297412848, "Cw16": 0.04254736525357383, "xscale16": 0.6476455148214257, "yscale16": 0.6476455148214257, "zscale16": 0.6476455148214257, "Cab17": 44.279827844035545, "Cw17": 0.045694451521338525, "xscale17": 0.4563637361983373, "yscale17": 0.4563637361983373, "zscale17": 0.4563637361983373, "Cab18": 36.15962536662444, "Cw18": 0.04431193504631977, "xscale18": 0.5788513836618225, "yscale18": 0.5788513836618225, "zscale18": 0.5788513836618225, "Cab19": 61.70782819206431, "Cw19": 0.017317296622800175, "xscale19": 0.5969354100120006, "yscale19": 0.5969354100120006, "zscale19": 0.5969354100120006, "Cab20": 83.84458310516507, "Cw20": 0.04136299707473733, "xscale20": 0.5712189033395898, "yscale20": 0.5712189033395898, "zscale20": 0.5712189033395898, "Cab21": 89.14933010015801, "Cw21": 0.03502868327094593, "xscale21": 0.5863796574760288, "yscale21": 0.5863796574760288, "zscale21": 0.5863796574760288, "Cab22": 59.46442280703486, "Cw22": 0.02683277908203499, "xscale22": 0.41466481654518034, "yscale22": 0.41466481654518034, "zscale22": 0.41466481654518034, "Cab23": 39.04465058017169, "Cw23": 0.031210193034864296, "xscale23": 0.6579214806365872, "yscale23": 0.6579214806365872, "zscale23": 0.6579214806365872, "Cab24": 33.838605729704035, "Cw24": 0.017007132110274575, "xscale24": 0.4621311436914688, "yscale24": 0.4621311436914688, "zscale24": 0.4621311436914688, "Cab25": 81.63517775665986, "Cw25": 0.03900474348483642, "xscale25": 0.6871789577758156, "yscale25": 0.6871789577758156, "zscale25": 0.6871789577758156, "Cab26": 86.01900149180318, "Cw26": 0.012604765193279736, "xscale26": 0.5314408312004983, "yscale26": 0.5314408312004983, "zscale26": 0.5314408312004983, "Cab27": 32.85456627847983, "Cw27": 0.02899187498285888, "xscale27": 0.4331462087429937, "yscale27": 0.4331462087429937, "zscale27": 0.4331462087429937, "Cab28": 55.45821247524434, "Cw28": 0.02704247835003138, "xscale28": 0.38963680507945836, "yscale28": 0.38963680507945836, "zscale28": 0.38963680507945836, "Cab29": 82.47574853141055, "Cw29": 0.013586284856253066, "xscale29": 0.48323157301318675, "yscale29": 0.48323157301318675, "zscale29": 0.48323157301318675, "Cab30": 82.4483642745476, "Cw30": 0.01285797093902901, "xscale30": 0.3102050888632087, "yscale30": 0.3102050888632087, "zscale30": 0.3102050888632087, "Cab31": 88.61416132753722, "Cw31": 0.04496087230233382, "xscale31": 0.6874253072949656, "yscale31": 0.6874253072949656, "zscale31": 0.6874253072949656, "Cab32": 47.23856082090859, "Cw32": 0.01675009634330981, "xscale32": 0.40548979327351775, "yscale32": 0.40548979327351775, "zscale32": 0.40548979327351775, "Cab33": 20.5029155030476, "Cw33": 0.025658124298291382, "xscale33": 0.3963715177534296, "yscale33": 0.3963715177534296, "zscale33": 0.3963715177534296, "Cab34": 80.79619403172057, "Cw34": 0.03935762492491299, "xscale34": 0.5814369402391077, "yscale34": 0.5814369402391077, "zscale34": 0.5814369402391077, "Cab35": 81.93658222051711, "Cw35": 0.03709766467789939, "xscale35": 0.33757302894674457, "yscale35": 0.33757302894674457, "zscale35": 0.33757302894674457, "Cab36": 84.87268556246588, "Cw36": 0.024810640739804393, "xscale36": 0.5989923785466532, "yscale36": 0.5989923785466532, "zscale36": 0.5989923785466532, "Cab37": 54.71775544506955, "Cw37": 0.04810023995005181, "xscale37": 0.3791753190771344, "yscale37": 0.3791753190771344, "zscale37": 0.3791753190771344, "Cab38": 53.36508137431204, "Cw38": 0.024295693882806745, "xscale38": 0.40113883827321084, "yscale38": 0.40113883827321084, "zscale38": 0.40113883827321084, "Cab39": 76.9993880291853, "Cw39": 0.03513317555776628, "xscale39": 0.5130117989990397, "yscale39": 0.5130117989990397, "zscale39": 0.5130117989990397, "Cab40": 41.07519123347993, "Cw40": 0.017506775270000254, "xscale40": 0.4633355522247247, "yscale40": 0.4633355522247247, "zscale40": 0.4633355522247247, "Cab41": 67.36272199463836, "Cw41": 0.01627443975699993, "xscale41": 0.49376821768227064, "yscale41": 0.49376821768227064, "zscale41": 0.49376821768227064, "Cab42": 39.82593736927181, "Cw42": 0.030773184128506617, "xscale42": 0.5454609215771228, "yscale42": 0.5454609215771228, "zscale42": 0.5454609215771228, "Cab43": 23.22276407937278, "Cw43": 0.03782897532402092, "xscale43": 0.5407126297304192, "yscale43": 0.5407126297304192, "zscale43": 0.5407126297304192, "Cab44": 71.14014206398613, "Cw44": 0.040289885439046706, "xscale44": 0.49959278147950226, "yscale44": 0.49959278147950226, "zscale44": 0.49959278147950226, "Cab45": 63.78154495115568, "Cw45": 0.011162546216911635, "xscale45": 0.31079921456323484, "yscale45": 0.31079921456323484, "zscale45": 0.31079921456323484, "Cab46": 52.44139798413926, "Cw46": 0.03360588580689245, "xscale46": 0.3902988887089884, "yscale46": 0.3902988887089884, "zscale46": 0.3902988887089884, "Cab47": 34.354088320863596, "Cw47": 0.016247817377880374, "xscale47": 0.6108245660142141, "yscale47": 0.6108245660142141, "zscale47": 0.6108245660142141, "Cab48": 87.7917277599353, "Cw48": 0.028740247364717343, "xscale48": 0.7144934045269511, "yscale48": 0.7144934045269511, "zscale48": 0.7144934045269511, "Cab49": 34.24011077896179, "Cw49": 0.042186495027802064, "xscale49": 0.41998828290043744, "yscale49": 0.41998828290043744, "zscale49": 0.41998828290043744, "Cab50": 55.50243045141026, "Cw50": 0.022467147083332806, "xscale50": 0.576177424146883, "yscale50": 0.576177424146883, "zscale50": 0.576177424146883, "Cab51": 20.974261663302386, "Cw51": 0.026077090806327842, "xscale51": 0.8205590230367454, "yscale51": 0.8205590230367454, "zscale51": 0.8205590230367454, "Cab52": 33.59811688644369,