{"Cab0": 79.93032673809584, "Cw0": 0.016462267559583587, "xscale0": 0.8208035652936633, "yscale0": 0.8208035652936633, "zscale0": 0.8208035652936633, "Cab1": 71.2186925713217, "Cw1": 0.04127023765383001, "xscale1": 0.4825909114674549, "yscale1": 0.4825909114674549, "zscale1": 0.4825909114674549, "Cab2": 64.27190551244516, "Cw2": 0.02676797554299947, "xscale2": 0.7241654760598529, "yscale2": 0.7241654760598529, "zscale2": 0.7241654760598529, "Cab3": 44.43731077959578, "Cw3": 0.010061494570906646, "xscale3": 0.4765459981892351, "yscale3": 0.4765459981892351, "zscale3": 0.4765459981892351, "Cab4": 87.85505855559015, "Cw4": 0.01857669608017067, "xscale4": 0.5649738006258093, "yscale4": 0.5649738006258093, "zscale4": 0.5649738006258093, "Cab5": 65.93036279458599, "Cw5": 0.04921696817407763, "xscale5": 0.873952211607353, "yscale5": 0.873952211607353, "zscale5": 0.873952211607353, "Cab6": 21.0680379078209, "Cw6": 0.022407220250709133, "xscale6": 0.5495274553446381, "yscale6": 0.5495274553446381, "zscale6": 0.5495274553446381, "Cab7": 77.0651681242644, "Cw7": 0.012382381832944276, "xscale7": 0.6299850930985125, "yscale7": 0.6299850930985125, "zscale7": 0.6299850930985125, "Cab8": 41.695654078858894, "Cw8": 0.013939098513172517, "xscale8": 0.6505953911314237, "yscale8": 0.6505953911314237, "zscale8": 0.6505953911314237, "Cab9": 37.54167329324561, "Cw9": 0.048092186826915566, "xscale9": 0.6228801905170556, "yscale9": 0.6228801905170556, "zscale9": 0.6228801905170556, "Cab10": 41.80882203481402, "Cw10": 0.02931807138281159, "xscale10": 0.5399455887054583, "yscale10": 0.5399455887054583, "zscale10": 0.5399455887054583, "Cab11": 26.49863440839901, "Cw11": 0.04303072517698441, "xscale11": 0.7663781718908572, "yscale11": 0.7663781718908572, "zscale11": 0.7663781718908572, "Cab12": 79.90213361787389, "Cw12": 0.02266272489704247, "xscale12": 0.554760053783289, "yscale12": 0.554760053783289, "zscale12": 0.554760053783289, "Cab13": 68.93261284258816, "Cw13": 0.032507980748499636, "xscale13": 0.6098548806423962, "yscale13": 0.6098548806423962, "zscale13": 0.6098548806423962, "Cab14": 44.753970045942204, "Cw14": 0.041008328801800525, "xscale14": 0.5159780735776809, "yscale14": 0.5159780735776809, "zscale14": 0.5159780735776809, "Cab15": 86.65740384074054, "Cw15": 0.035000666749818506, "xscale15": 0.5723340477191886, "yscale15": 0.5723340477191886, "zscale15": 0.5723340477191886, "Cab16": 35.407063325391434, "Cw16": 0.04765515355681215, "xscale16": 0.521798006609854, "yscale16": 0.521798006609854, "zscale16": 0.521798006609854, "Cab17": 67.25282658330396, "Cw17": 0.01887234232855358, "xscale17": 0.45283530745340383, "yscale17": 0.45283530745340383, "zscale17": 0.45283530745340383, "Cab18": 36.861067451610396, "Cw18": 0.023457096776901103, "xscale18": 0.6400978965198679, "yscale18": 0.6400978965198679, "zscale18": 0.6400978965198679, "Cab19": 87.47994112303113, "Cw19": 0.04153376454605202, "xscale19": 0.5460318503436684, "yscale19": 0.5460318503436684, "zscale19": 0.5460318503436684, "Cab20": 86.00865266286735, "Cw20": 0.031929876280766906, "xscale20": 0.6325344679726602, "yscale20": 0.6325344679726602, "zscale20": 0.6325344679726602, "Cab21": 47.51899534305701, "Cw21": 0.03259057663892832, "xscale21": 0.5553636265531147, "yscale21": 0.5553636265531147, "zscale21": 0.5553636265531147, "Cab22": 34.442403840945815, "Cw22": 0.028846381833135308, "xscale22": 0.5400662456805254, "yscale22": 0.5400662456805254, "zscale22": 0.5400662456805254, "Cab23": 49.42083178746297, "Cw23": 0.037964425773494515, "xscale23": 0.6730067505921157, "yscale23": 0.6730067505921157, "zscale23": 0.6730067505921157, "Cab24": 68.93772291514178, "Cw24": 0.03672688624471336, "xscale24": 0.5508828055048743, "yscale24": 0.5508828055048743, "zscale24": 0.5508828055048743, "Cab25": 56.627448067060946, "Cw25": 0.04901052679190013, "xscale25": 0.6702974774659006, "yscale25": 0.6702974774659006, "zscale25": 0.6702974774659006, "Cab26": 64.46508618384286, "Cw26": 0.020086624913964027, "xscale26": 0.6829458788474452, "yscale26": 0.6829458788474452, "zscale26": 0.6829458788474452, "Cab27": 59.15722242883681, "Cw27": 0.0275025239207679, "xscale27": 0.4725549495630549, "yscale27": 0.4725549495630549, "zscale27": 0.4725549495630549, "Cab28": 74.88204820190077, "Cw28": 0.01940216195771209, "xscale28": 0.35303588649013573, "yscale28": 0.35303588649013573, "zscale28": 0.35303588649013573, "Cab29": 49.38165391392759, "Cw29": 0.018266960462435304, "xscale29": 0.5739151130419959, "yscale29": 0.5739151130419959, "zscale29": 0.5739151130419959, "Cab30": 37.65875285400042, "Cw30": 0.025408806754335107, "xscale30": 0.3912995464073389, "yscale30": 0.3912995464073389, "zscale30": 0.3912995464073389, "Cab31": 44.9926071445155, "Cw31": 0.03557962843828621, "xscale31": 0.5521330620147942, "yscale31": 0.5521330620147942, "zscale31": 0.5521330620147942, "Cab32": 56.59139500164645, "Cw32": 0.01232772080391905, "xscale32": 0.4494942345804217, "yscale32": 0.4494942345804217, "zscale32": 0.4494942345804217, "Cab33": 63.27120799361455, "Cw33": 0.049789254762153456, "xscale33": 0.5050222377058572, "yscale33": 0.5050222377058572, "zscale33": 0.5050222377058572, "Cab34": 75.2007582785063, "Cw34": 0.03841481650527065, "xscale34": 0.40912623304935847, "yscale34": 0.40912623304935847, "zscale34": 0.40912623304935847, "Cab35": 88.21986833467929, "Cw35": 0.039241648584045316, "xscale35": 0.46573892825019, "yscale35": 0.46573892825019, "zscale35": 0.46573892825019, "Cab36": 53.26597855396672, "Cw36": 0.015124176892656282, "xscale36": 0.5322399721807892, "yscale36": 0.5322399721807892, "zscale36": 0.5322399721807892, "Cab37": 24.092516444434324, "Cw37": 0.04459805011813087, "xscale37": 0.4943224717402147, "yscale37": 0.4943224717402147, "zscale37": 0.4943224717402147, "Cab38": 57.6944766593679, "Cw38": 0.040044935305426445, "xscale38": 0.47865361352008456, "yscale38": 0.47865361352008456, "zscale38": 0.47865361352008456, "Cab39": 54.16300659113807, "Cw39": 0.036633234384574415, "xscale39": 0.4940788183828273, "yscale39": 0.4940788183828273, "zscale39": 0.4940788183828273, "Cab40": 31.29889927845315, "Cw40": 0.02485427246500426, "xscale40": 0.4926202912646193, "yscale40": 0.4926202912646193, "zscale40": 0.4926202912646193, "Cab41": 70.60340126381664, "Cw41": 0.019320915709010504, "xscale41": 0.541463991228599, "yscale41": 0.541463991228599, "zscale41": 0.541463991228599, "Cab42": 53.16658302270889, "Cw42": 0.02546552522759145, "xscale42": 0.5226042922011926, "yscale42": 0.5226042922011926, "zscale42": 0.5226042922011926, "Cab43": 54.99258171590089, "Cw43": 0.035390298516167214, "xscale43": 0.6115761854937058, "yscale43": 0.6115761854937058, "zscale43": 0.6115761854937058, "Cab44": 41.48353004983515, "Cw44": 0.014553626983360038, "xscale44": 0.43486606613303536, "yscale44": 0.43486606613303536, "zscale44": 0.43486606613303536, "Cab45": 44.981249210808, "Cw45": 0.030964130620295613, "xscale45": 0.2777477866483879, "yscale45": 0.2777477866483879, "zscale45": 0.2777477866483879, "Cab46": 29.331778881671095, "Cw46": 0.014929743141234835, "xscale46": 0.38744510763772344, "yscale46": 0.38744510763772344, "zscale46": 0.38744510763772344, "Cab47": 58.255461082001275, "Cw47": 0.010374653418052514, "xscale47": 0.5379521375978066, "yscale47": 0.5379521375978066, "zscale47": 0.5379521375978066, "Cab48": 28.044066074082536, "Cw48": 0.02269425776171885, "xscale48": 0.6169208677611994, "yscale48": 0.6169208677611994, "zscale48": 0.6169208677611994, "Cab49": 40.69072090936534, "Cw49": 0.024450281443580774, "xscale49": 0.41985658087325406, "yscale49": 0.41985658087325406, "zscale49": 0.41985658087325406, "Cab50": 65.79469915987552, "Cw50": 0.03568618306258922, "xscale50": 0.5274283903485301, "yscale50": 0.5274283903485301, "zscale50": 0.5274283903485301, "Cab51": 29.30825372990475, "Cw51": 0.048600211811360206, "xscale51": 0.6334124606139584, "yscale51": 0.6334124606139584, "zscale51": 0.6334124606139584, "Cab52": 89.11835105545363, "Cw52": 0.022228674827184255,