{"Cab0": 26.560178223681937, "Cw0": 0.047173207590529086, "xscale0": 0.776539650586161, "yscale0": 0.776539650586161, "zscale0": 0.776539650586161, "Cab1": 51.922449915573395, "Cw1": 0.028468353249552485, "xscale1": 0.6297685177641172, "yscale1": 0.6297685177641172, "zscale1": 0.6297685177641172, "Cab2": 20.69332497199805, "Cw2": 0.0414112449326161, "xscale2": 0.6791793326718135, "yscale2": 0.6791793326718135, "zscale2": 0.6791793326718135, "Cab3": 29.031273000948012, "Cw3": 0.010861123161861067, "xscale3": 0.4433794588241359, "yscale3": 0.4433794588241359, "zscale3": 0.4433794588241359, "Cab4": 42.32062141121186, "Cw4": 0.021752643159611926, "xscale4": 0.5676650601411561, "yscale4": 0.5676650601411561, "zscale4": 0.5676650601411561, "Cab5": 45.330478731287094, "Cw5": 0.010707650090113648, "xscale5": 0.6981179073077045, "yscale5": 0.6981179073077045, "zscale5": 0.6981179073077045, "Cab6": 69.85209617741407, "Cw6": 0.011870030745434468, "xscale6": 0.539915708972363, "yscale6": 0.539915708972363, "zscale6": 0.539915708972363, "Cab7": 22.038504841866924, "Cw7": 0.04415564840565138, "xscale7": 0.5340921571316319, "yscale7": 0.5340921571316319, "zscale7": 0.5340921571316319, "Cab8": 42.81098119335595, "Cw8": 0.04463172621492733, "xscale8": 0.5987211114382522, "yscale8": 0.5987211114382522, "zscale8": 0.5987211114382522, "Cab9": 63.11016760288384, "Cw9": 0.018188041305947727, "xscale9": 0.7670541640302857, "yscale9": 0.7670541640302857, "zscale9": 0.7670541640302857, "Cab10": 68.36299252744348, "Cw10": 0.04366942819940218, "xscale10": 0.5212333510782644, "yscale10": 0.5212333510782644, "zscale10": 0.5212333510782644, "Cab11": 34.03181223071572, "Cw11": 0.032594129078878216, "xscale11": 0.6333119913210009, "yscale11": 0.6333119913210009, "zscale11": 0.6333119913210009, "Cab12": 44.7402127109959, "Cw12": 0.029537746973156073, "xscale12": 0.455002322071119, "yscale12": 0.455002322071119, "zscale12": 0.455002322071119, "Cab13": 51.069195725387715, "Cw13": 0.011804545568648423, "xscale13": 0.6610671689785915, "yscale13": 0.6610671689785915, "zscale13": 0.6610671689785915, "Cab14": 27.764220116537324, "Cw14": 0.03344396238178135, "xscale14": 0.5310793263539431, "yscale14": 0.5310793263539431, "zscale14": 0.5310793263539431, "Cab15": 80.12611817483922, "Cw15": 0.015738888014623215, "xscale15": 0.6418268869237728, "yscale15": 0.6418268869237728, "zscale15": 0.6418268869237728, "Cab16": 83.37035109948367, "Cw16": 0.03840155966751051, "xscale16": 0.668405563173262, "yscale16": 0.668405563173262, "zscale16": 0.668405563173262, "Cab17": 78.53561348771626, "Cw17": 0.012682664373136917, "xscale17": 0.45603075539348015, "yscale17": 0.45603075539348015, "zscale17": 0.45603075539348015, "Cab18": 58.7028752465695, "Cw18": 0.011756538420417089, "xscale18": 0.681516329799659, "yscale18": 0.681516329799659, "zscale18": 0.681516329799659, "Cab19": 26.843801877569007, "Cw19": 0.01449745295416542, "xscale19": 0.659169678503126, "yscale19": 0.659169678503126, "zscale19": 0.659169678503126, "Cab20": 63.560582927261756, "Cw20": 0.03834473232330414, "xscale20": 0.53251254228099, "yscale20": 0.53251254228099, "zscale20": 0.53251254228099, "Cab21": 82.29181587104219, "Cw21": 0.010191901870388449, "xscale21": 0.5930134899937649, "yscale21": 0.5930134899937649, "zscale21": 0.5930134899937649, "Cab22": 82.47449708955615, "Cw22": 0.04269278467400426, "xscale22": 0.47828550614756216, "yscale22": 0.47828550614756216, "zscale22": 0.47828550614756216, "Cab23": 55.88241397657703, "Cw23": 0.03764505210405464, "xscale23": 0.6187561924807078, "yscale23": 0.6187561924807078, "zscale23": 0.6187561924807078, "Cab24": 79.60775502923488, "Cw24": 0.014464067671216193, "xscale24": 0.470499159586609, "yscale24": 0.470499159586609, "zscale24": 0.470499159586609, "Cab25": 37.552956998613496, "Cw25": 0.019330516095167838, "xscale25": 0.5354769657744849, "yscale25": 0.5354769657744849, "zscale25": 0.5354769657744849, "Cab26": 33.36033090118781, "Cw26": 0.043723885555938195, "xscale26": 0.5783602032324591, "yscale26": 0.5783602032324591, "zscale26": 0.5783602032324591, "Cab27": 20.784350180896688, "Cw27": 0.02947640830271829, "xscale27": 0.39539149880379276, "yscale27": 0.39539149880379276, "zscale27": 0.39539149880379276, "Cab28": 47.33044727785981, "Cw28": 0.018472129177836805, "xscale28": 0.356255895811507, "yscale28": 0.356255895811507, "zscale28": 0.356255895811507, "Cab29": 83.56982933792146, "Cw29": 0.029292732970403107, "xscale29": 0.5760908379492868, "yscale29": 0.5760908379492868, "zscale29": 0.5760908379492868, "Cab30": 38.07218301645362, "Cw30": 0.04059778235919389, "xscale30": 0.3613322245948536, "yscale30": 0.3613322245948536, "zscale30": 0.3613322245948536, "Cab31": 25.878006488296798, "Cw31": 0.021131288607837667, "xscale31": 0.5170736953442278, "yscale31": 0.5170736953442278, "zscale31": 0.5170736953442278, "Cab32": 30.600265459242053, "Cw32": 0.026127930984084738, "xscale32": 0.5607234492172254, "yscale32": 0.5607234492172254, "zscale32": 0.5607234492172254, "Cab33": 56.16924611489025, "Cw33": 0.03494562877374778, "xscale33": 0.4155584185318278, "yscale33": 0.4155584185318278, "zscale33": 0.4155584185318278, "Cab34": 29.33663087361166, "Cw34": 0.03308649821175566, "xscale34": 0.4505258751982757, "yscale34": 0.4505258751982757, "zscale34": 0.4505258751982757, "Cab35": 51.57047538758155, "Cw35": 0.03728527137500602, "xscale35": 0.4668170057160115, "yscale35": 0.4668170057160115, "zscale35": 0.4668170057160115, "Cab36": 42.472235257318296, "Cw36": 0.0375246514347494, "xscale36": 0.7643163344167287, "yscale36": 0.7643163344167287, "zscale36": 0.7643163344167287, "Cab37": 80.15252905330522, "Cw37": 0.04536073487135469, "xscale37": 0.45137374429623817, "yscale37": 0.45137374429623817, "zscale37": 0.45137374429623817, "Cab38": 36.60117158552771, "Cw38": 0.02556315490531623, "xscale38": 0.43770379726208186, "yscale38": 0.43770379726208186, "zscale38": 0.43770379726208186, "Cab39": 28.182823570101398, "Cw39": 0.01314586298933048, "xscale39": 0.48140560205553157, "yscale39": 0.48140560205553157, "zscale39": 0.48140560205553157, "Cab40": 80.16443793375072, "Cw40": 0.024890476598606624, "xscale40": 0.6300951456259158, "yscale40": 0.6300951456259158, "zscale40": 0.6300951456259158, "Cab41": 22.2265287962227, "Cw41": 0.028953402477846557, "xscale41": 0.5677532159407567, "yscale41": 0.5677532159407567, "zscale41": 0.5677532159407567, "Cab42": 25.2834942654628, "Cw42": 0.02827407773296982, "xscale42": 0.4693094560117201, "yscale42": 0.4693094560117201, "zscale42": 0.4693094560117201, "Cab43": 68.58379036466837, "Cw43": 0.01650491121810759, "xscale43": 0.5525534033986401, "yscale43": 0.5525534033986401, "zscale43": 0.5525534033986401, "Cab44": 37.1861066418755, "Cw44": 0.04479598685429536, "xscale44": 0.3544968005417272, "yscale44": 0.3544968005417272, "zscale44": 0.3544968005417272, "Cab45": 83.43716023396304, "Cw45": 0.0486039816152073, "xscale45": 0.3183171596139949, "yscale45": 0.3183171596139949, "zscale45": 0.3183171596139949, "Cab46": 48.38565297002113, "Cw46": 0.03376311606638975, "xscale46": 0.4302181158669008, "yscale46": 0.4302181158669008, "zscale46": 0.4302181158669008, "Cab47": 61.749508221123655, "Cw47": 0.020115935911055583, "xscale47": 0.6035425324981167, "yscale47": 0.6035425324981167, "zscale47": 0.6035425324981167, "Cab48": 82.76420629210601, "Cw48": 0.04612578440007503, "xscale48": 0.5778150097432657, "yscale48": 0.5778150097432657, "zscale48": 0.5778150097432657, "Cab49": 61.92458944733363, "Cw49": 0.03801913490993783, "xscale49": 0.47343826241949594, "yscale49": 0.47343826241949594, "zscale49": 0.47343826241949594, "Cab50": 81.29920254809915, "Cw50": 0.03133690824859759, "xscale50": 0.5635123974847412, "yscale50": 0.5635123974847412, "zscale50": 0.5635123974847412, "Cab51": 86.63382516353182, "Cw51": 0.013038529729808035, "xscale51": 0.7993467011637984, "yscale51": 0.7993467011637984, "zscale51": 0.7993467011637984, "Cab52": 56.11184482137679, "Cw52": 0.03422317039159703,