{"Cab0": 24.863854584695563, "Cw0": 0.041349949599373485, "xscale0": 0.6723445133261187, "yscale0": 0.6723445133261187, "zscale0": 0.6723445133261187, "Cab1": 82.2433827254599, "Cw1": 0.02843581096737221, "xscale1": 0.5944087008952579, "yscale1": 0.5944087008952579, "zscale1": 0.5944087008952579, "Cab2": 51.20149923194867, "Cw2": 0.014443461341045384, "xscale2": 0.5627019017311128, "yscale2": 0.5627019017311128, "zscale2": 0.5627019017311128, "Cab3": 85.8052947947884, "Cw3": 0.03650487445026804, "xscale3": 0.5700448613155965, "yscale3": 0.5700448613155965, "zscale3": 0.5700448613155965, "Cab4": 45.10098820523365, "Cw4": 0.02569152775224979, "xscale4": 0.6566716492224246, "yscale4": 0.6566716492224246, "zscale4": 0.6566716492224246, "Cab5": 45.878534806312565, "Cw5": 0.016902624499713276, "xscale5": 0.6662090955270381, "yscale5": 0.6662090955270381, "zscale5": 0.6662090955270381, "Cab6": 83.10300686547305, "Cw6": 0.027885883323816404, "xscale6": 0.6125227518457866, "yscale6": 0.6125227518457866, "zscale6": 0.6125227518457866, "Cab7": 81.20945120808076, "Cw7": 0.04299617798834614, "xscale7": 0.6189631409077918, "yscale7": 0.6189631409077918, "zscale7": 0.6189631409077918, "Cab8": 59.46224527857485, "Cw8": 0.03844581223366359, "xscale8": 0.5321804221687823, "yscale8": 0.5321804221687823, "zscale8": 0.5321804221687823, "Cab9": 34.720186491647816, "Cw9": 0.012851947824777481, "xscale9": 0.666987720878786, "yscale9": 0.666987720878786, "zscale9": 0.666987720878786, "Cab10": 69.71299518647629, "Cw10": 0.04298159707175068, "xscale10": 0.569899861974489, "yscale10": 0.569899861974489, "zscale10": 0.569899861974489, "Cab11": 25.771776600317494, "Cw11": 0.02640576039659165, "xscale11": 0.7021697216732764, "yscale11": 0.7021697216732764, "zscale11": 0.7021697216732764, "Cab12": 73.76472173994303, "Cw12": 0.013653819980243896, "xscale12": 0.49302742828916146, "yscale12": 0.49302742828916146, "zscale12": 0.49302742828916146, "Cab13": 51.96221775414676, "Cw13": 0.028089475498466514, "xscale13": 0.5682598252252163, "yscale13": 0.5682598252252163, "zscale13": 0.5682598252252163, "Cab14": 77.39034421924018, "Cw14": 0.0416255288698323, "xscale14": 0.44575835031094546, "yscale14": 0.44575835031094546, "zscale14": 0.44575835031094546, "Cab15": 88.6381373071685, "Cw15": 0.011635134644885818, "xscale15": 0.5652881452933187, "yscale15": 0.5652881452933187, "zscale15": 0.5652881452933187, "Cab16": 26.422980885928204, "Cw16": 0.027615106051132876, "xscale16": 0.5368509085547282, "yscale16": 0.5368509085547282, "zscale16": 0.5368509085547282, "Cab17": 34.1778588731122, "Cw17": 0.026381624034031326, "xscale17": 0.5873303940442707, "yscale17": 0.5873303940442707, "zscale17": 0.5873303940442707, "Cab18": 38.55684481779796, "Cw18": 0.021584626601543137, "xscale18": 0.7399371152074432, "yscale18": 0.7399371152074432, "zscale18": 0.7399371152074432, "Cab19": 38.869867647869334, "Cw19": 0.035439534878396926, "xscale19": 0.5223819101948264, "yscale19": 0.5223819101948264, "zscale19": 0.5223819101948264, "Cab20": 89.17522184711282, "Cw20": 0.025467845701510415, "xscale20": 0.6808736736577012, "yscale20": 0.6808736736577012, "zscale20": 0.6808736736577012, "Cab21": 36.76031742926199, "Cw21": 0.019982566727942182, "xscale21": 0.6162247929124809, "yscale21": 0.6162247929124809, "zscale21": 0.6162247929124809, "Cab22": 51.897336655162505, "Cw22": 0.025974113711792708, "xscale22": 0.4347212808491967, "yscale22": 0.4347212808491967, "zscale22": 0.4347212808491967, "Cab23": 26.281836245550167, "Cw23": 0.012078218286230654, "xscale23": 0.6338803581079284, "yscale23": 0.6338803581079284, "zscale23": 0.6338803581079284, "Cab24": 70.56504748418655, "Cw24": 0.049977847481146045, "xscale24": 0.4711994280200663, "yscale24": 0.4711994280200663, "zscale24": 0.4711994280200663, "Cab25": 34.7827118697394, "Cw25": 0.03764725518595082, "xscale25": 0.6466892995764408, "yscale25": 0.6466892995764408, "zscale25": 0.6466892995764408, "Cab26": 57.93741814940153, "Cw26": 0.020177141709762515, "xscale26": 0.6674414951868145, "yscale26": 0.6674414951868145, "zscale26": 0.6674414951868145, "Cab27": 76.19476391903868, "Cw27": 0.04473269587526349, "xscale27": 0.420085760665533, "yscale27": 0.420085760665533, "zscale27": 0.420085760665533, "Cab28": 26.704721867649152, "Cw28": 0.03830891056810153, "xscale28": 0.43696070240193624, "yscale28": 0.43696070240193624, "zscale28": 0.43696070240193624, "Cab29": 85.86464615526798, "Cw29": 0.01843554411058465, "xscale29": 0.6880198499212323, "yscale29": 0.6880198499212323, "zscale29": 0.6880198499212323, "Cab30": 86.33697336130994, "Cw30": 0.02418546545716086, "xscale30": 0.4520266533642488, "yscale30": 0.4520266533642488, "zscale30": 0.4520266533642488, "Cab31": 31.82664033458822, "Cw31": 0.03350350068612158, "xscale31": 0.7106573585832343, "yscale31": 0.7106573585832343, "zscale31": 0.7106573585832343, "Cab32": 29.421527117478256, "Cw32": 0.02563265188056281, "xscale32": 0.43104271652406273, "yscale32": 0.43104271652406273, "zscale32": 0.43104271652406273, "Cab33": 50.24029571669801, "Cw33": 0.023378933813443553, "xscale33": 0.4557095418177225, "yscale33": 0.4557095418177225, "zscale33": 0.4557095418177225, "Cab34": 32.642677745133156, "Cw34": 0.017351638935395628, "xscale34": 0.5242187762637024, "yscale34": 0.5242187762637024, "zscale34": 0.5242187762637024, "Cab35": 69.70775284555589, "Cw35": 0.0427127807190795, "xscale35": 0.43148986612063345, "yscale35": 0.43148986612063345, "zscale35": 0.43148986612063345, "Cab36": 70.56784529607586, "Cw36": 0.012317474325639685, "xscale36": 0.5820131247019027, "yscale36": 0.5820131247019027, "zscale36": 0.5820131247019027, "Cab37": 23.192611564713268, "Cw37": 0.044341628621113016, "xscale37": 0.3713189021721278, "yscale37": 0.3713189021721278, "zscale37": 0.3713189021721278, "Cab38": 53.22657851260896, "Cw38": 0.041309306157823515, "xscale38": 0.38658088674619157, "yscale38": 0.38658088674619157, "zscale38": 0.38658088674619157, "Cab39": 27.19416520843515, "Cw39": 0.03337371533894602, "xscale39": 0.5376926225592454, "yscale39": 0.5376926225592454, "zscale39": 0.5376926225592454, "Cab40": 22.879523889764496, "Cw40": 0.04230041581098593, "xscale40": 0.5768797608742411, "yscale40": 0.5768797608742411, "zscale40": 0.5768797608742411, "Cab41": 23.164452086967366, "Cw41": 0.036089460394645195, "xscale41": 0.45343530326382014, "yscale41": 0.45343530326382014, "zscale41": 0.45343530326382014, "Cab42": 37.963411329827046, "Cw42": 0.02371579567851785, "xscale42": 0.48409623350587955, "yscale42": 0.48409623350587955, "zscale42": 0.48409623350587955, "Cab43": 44.41877308586478, "Cw43": 0.03271066804691935, "xscale43": 0.6549826212937723, "yscale43": 0.6549826212937723, "zscale43": 0.6549826212937723, "Cab44": 27.83920846399812, "Cw44": 0.02871994722846251, "xscale44": 0.48177321490536057, "yscale44": 0.48177321490536057, "zscale44": 0.48177321490536057, "Cab45": 56.86270763772706, "Cw45": 0.012492471281144342, "xscale45": 0.39273917381445167, "yscale45": 0.39273917381445167, "zscale45": 0.39273917381445167, "Cab46": 61.571005901500676, "Cw46": 0.011571621711744414, "xscale46": 0.5098688391303906, "yscale46": 0.5098688391303906, "zscale46": 0.5098688391303906, "Cab47": 55.86695846137795, "Cw47": 0.012777823476287326, "xscale47": 0.5641880022924189, "yscale47": 0.5641880022924189, "zscale47": 0.5641880022924189, "Cab48": 81.82141471362677, "Cw48": 0.026718390441034398, "xscale48": 0.770071143339613, "yscale48": 0.770071143339613, "zscale48": 0.770071143339613, "Cab49": 65.21443404103404, "Cw49": 0.02207584437389938, "xscale49": 0.45166819341863995, "yscale49": 0.45166819341863995, "zscale49": 0.45166819341863995, "Cab50": 51.764637680569066, "Cw50": 0.013240911523174508, "xscale50": 0.5329199680899148, "yscale50": 0.5329199680899148, "zscale50": 0.5329199680899148, "Cab51": 39.03599886316984, "Cw51": 0.0335867978159131, "xscale51": 0.6994332910771153, "yscale51": 0.6994332910771153, "zscale51": 0.6994332910771153, "Cab52": 66.69988146279152,