{"Cab0": 70.99482603152845, "Cw0": 0.04962029564736221, "xscale0": 0.6078482615384143, "yscale0": 0.6078482615384143, "zscale0": 0.6078482615384143, "Cab1": 52.998664823695265, "Cw1": 0.031733499209906126, "xscale1": 0.626701497477711, "yscale1": 0.626701497477711, "zscale1": 0.626701497477711, "Cab2": 22.70164918279947, "Cw2": 0.03836745102565296, "xscale2": 0.7035502316926965, "yscale2": 0.7035502316926965, "zscale2": 0.7035502316926965, "Cab3": 25.655587820064085, "Cw3": 0.019741720123461044, "xscale3": 0.4428951814680938, "yscale3": 0.4428951814680938, "zscale3": 0.4428951814680938, "Cab4": 42.25174125981874, "Cw4": 0.014694054589521666, "xscale4": 0.5281653514258483, "yscale4": 0.5281653514258483, "zscale4": 0.5281653514258483, "Cab5": 85.3775731408122, "Cw5": 0.013044554919085977, "xscale5": 0.7453441224453555, "yscale5": 0.7453441224453555, "zscale5": 0.7453441224453555, "Cab6": 24.86247416589365, "Cw6": 0.02109878600765546, "xscale6": 0.5813650546940641, "yscale6": 0.5813650546940641, "zscale6": 0.5813650546940641, "Cab7": 64.29538999608236, "Cw7": 0.04811149620934791, "xscale7": 0.630926323543166, "yscale7": 0.630926323543166, "zscale7": 0.630926323543166, "Cab8": 24.40071767607279, "Cw8": 0.018511341286628354, "xscale8": 0.6493299502568675, "yscale8": 0.6493299502568675, "zscale8": 0.6493299502568675, "Cab9": 82.43795760995363, "Cw9": 0.015812158446297412, "xscale9": 0.7298112271896703, "yscale9": 0.7298112271896703, "zscale9": 0.7298112271896703, "Cab10": 34.06258194858441, "Cw10": 0.03409216252978829, "xscale10": 0.5345940565825064, "yscale10": 0.5345940565825064, "zscale10": 0.5345940565825064, "Cab11": 52.2145159387756, "Cw11": 0.04636996800921399, "xscale11": 0.6386907488716544, "yscale11": 0.6386907488716544, "zscale11": 0.6386907488716544, "Cab12": 53.594183100305685, "Cw12": 0.04688664739136022, "xscale12": 0.5288774662007859, "yscale12": 0.5288774662007859, "zscale12": 0.5288774662007859, "Cab13": 51.48688561780035, "Cw13": 0.03262463722695284, "xscale13": 0.6985134867529549, "yscale13": 0.6985134867529549, "zscale13": 0.6985134867529549, "Cab14": 36.39355467264937, "Cw14": 0.02063309447379233, "xscale14": 0.5612457077189514, "yscale14": 0.5612457077189514, "zscale14": 0.5612457077189514, "Cab15": 69.30209082469457, "Cw15": 0.04250022441755288, "xscale15": 0.5030090034817034, "yscale15": 0.5030090034817034, "zscale15": 0.5030090034817034, "Cab16": 28.461083198392483, "Cw16": 0.03290206926654451, "xscale16": 0.49983533657585655, "yscale16": 0.49983533657585655, "zscale16": 0.49983533657585655, "Cab17": 59.25668512050215, "Cw17": 0.03935923967486623, "xscale17": 0.5693540011232187, "yscale17": 0.5693540011232187, "zscale17": 0.5693540011232187, "Cab18": 24.49258324521391, "Cw18": 0.032200792884521774, "xscale18": 0.6623083261017635, "yscale18": 0.6623083261017635, "zscale18": 0.6623083261017635, "Cab19": 32.11302739691618, "Cw19": 0.02982307034398582, "xscale19": 0.6490778304760779, "yscale19": 0.6490778304760779, "zscale19": 0.6490778304760779, "Cab20": 71.98148412882306, "Cw20": 0.018033551727717843, "xscale20": 0.6784456908773555, "yscale20": 0.6784456908773555, "zscale20": 0.6784456908773555, "Cab21": 57.53801123593526, "Cw21": 0.014370658339456558, "xscale21": 0.5445424510144321, "yscale21": 0.5445424510144321, "zscale21": 0.5445424510144321, "Cab22": 37.167334781629535, "Cw22": 0.015277120853465425, "xscale22": 0.409151822902457, "yscale22": 0.409151822902457, "zscale22": 0.409151822902457, "Cab23": 47.42089492842504, "Cw23": 0.020798026249596327, "xscale23": 0.5691574522762524, "yscale23": 0.5691574522762524, "zscale23": 0.5691574522762524, "Cab24": 81.8042488171547, "Cw24": 0.04991696609569769, "xscale24": 0.49973146509078487, "yscale24": 0.49973146509078487, "zscale24": 0.49973146509078487, "Cab25": 24.76618706851121, "Cw25": 0.02225413288565601, "xscale25": 0.6335707273242337, "yscale25": 0.6335707273242337, "zscale25": 0.6335707273242337, "Cab26": 23.8946636872217, "Cw26": 0.017440022741278215, "xscale26": 0.5388750487840545, "yscale26": 0.5388750487840545, "zscale26": 0.5388750487840545, "Cab27": 20.919729558413273, "Cw27": 0.01637296366384785, "xscale27": 0.4184841835866946, "yscale27": 0.4184841835866946, "zscale27": 0.4184841835866946, "Cab28": 34.62721896247825, "Cw28": 0.03686525786056048, "xscale28": 0.491507181528681, "yscale28": 0.491507181528681, "zscale28": 0.491507181528681, "Cab29": 81.78638906129967, "Cw29": 0.02991681028672253, "xscale29": 0.5335341681545557, "yscale29": 0.5335341681545557, "zscale29": 0.5335341681545557, "Cab30": 51.47531370913305, "Cw30": 0.04479402390606324, "xscale30": 0.3470014224726103, "yscale30": 0.3470014224726103, "zscale30": 0.3470014224726103, "Cab31": 66.27558039765135, "Cw31": 0.010792322332354219, "xscale31": 0.5813513811404386, "yscale31": 0.5813513811404386, "zscale31": 0.5813513811404386, "Cab32": 58.53508230097417, "Cw32": 0.015102600728451293, "xscale32": 0.4130732895253913, "yscale32": 0.4130732895253913, "zscale32": 0.4130732895253913, "Cab33": 31.305963975770723, "Cw33": 0.014520625357668333, "xscale33": 0.5274736982791806, "yscale33": 0.5274736982791806, "zscale33": 0.5274736982791806, "Cab34": 77.90820212037424, "Cw34": 0.02903424823539471, "xscale34": 0.5100677923631173, "yscale34": 0.5100677923631173, "zscale34": 0.5100677923631173, "Cab35": 63.89799145486782, "Cw35": 0.038493018632731475, "xscale35": 0.3626769211919616, "yscale35": 0.3626769211919616, "zscale35": 0.3626769211919616, "Cab36": 64.39007967079365, "Cw36": 0.01965672418167185, "xscale36": 0.7184465735012886, "yscale36": 0.7184465735012886, "zscale36": 0.7184465735012886, "Cab37": 40.542213219301715, "Cw37": 0.03214987101282483, "xscale37": 0.44431494719338926, "yscale37": 0.44431494719338926, "zscale37": 0.44431494719338926, "Cab38": 24.00959603037354, "Cw38": 0.04592180795510222, "xscale38": 0.5495788149942368, "yscale38": 0.5495788149942368, "zscale38": 0.5495788149942368, "Cab39": 34.34125064653267, "Cw39": 0.043549021251823104, "xscale39": 0.6177596630694476, "yscale39": 0.6177596630694476, "zscale39": 0.6177596630694476, "Cab40": 75.28933679350774, "Cw40": 0.020088941444863204, "xscale40": 0.5688689133783273, "yscale40": 0.5688689133783273, "zscale40": 0.5688689133783273, "Cab41": 62.96434042005533, "Cw41": 0.010811764267641459, "xscale41": 0.619919478801659, "yscale41": 0.619919478801659, "zscale41": 0.619919478801659, "Cab42": 51.51633864813941, "Cw42": 0.03222642044219735, "xscale42": 0.5815250546003936, "yscale42": 0.5815250546003936, "zscale42": 0.5815250546003936, "Cab43": 20.535832137086306, "Cw43": 0.030246740126034052, "xscale43": 0.5802450653748937, "yscale43": 0.5802450653748937, "zscale43": 0.5802450653748937, "Cab44": 87.09179022089413, "Cw44": 0.02935477003382351, "xscale44": 0.3536810507487865, "yscale44": 0.3536810507487865, "zscale44": 0.3536810507487865, "Cab45": 57.92921024878361, "Cw45": 0.029450758175328183, "xscale45": 0.40475861322294016, "yscale45": 0.40475861322294016, "zscale45": 0.40475861322294016, "Cab46": 52.00858675392442, "Cw46": 0.021500886492061607, "xscale46": 0.38261385252515634, "yscale46": 0.38261385252515634, "zscale46": 0.38261385252515634, "Cab47": 23.23891094264792, "Cw47": 0.025069516189589074, "xscale47": 0.5255726462851538, "yscale47": 0.5255726462851538, "zscale47": 0.5255726462851538, "Cab48": 83.67618304982399, "Cw48": 0.013440314327484444, "xscale48": 0.7854307520045647, "yscale48": 0.7854307520045647, "zscale48": 0.7854307520045647, "Cab49": 68.46761871049384, "Cw49": 0.03214653789300204, "xscale49": 0.49430100097712315, "yscale49": 0.49430100097712315, "zscale49": 0.49430100097712315, "Cab50": 79.85604138914563, "Cw50": 0.02211824857057479, "xscale50": 0.5810194101471363, "yscale50": 0.5810194101471363, "zscale50": 0.5810194101471363, "Cab51": 24.803365755286226, "Cw51": 0.032534613893705606, "xscale51": 0.5719002008006846, "yscale51": 0.5719002008006846, "zscale51": 0.5719002008006846, "Cab52": 65.14784812923446, "Cw52": 0.011590254079928032,