{"Cab0": 25.333503603108383, "Cw0": 0.03849676707216186, "xscale0": 0.8634830986508507, "yscale0": 0.8634830986508507, "zscale0": 0.8634830986508507, "Cab1": 43.086006721435815, "Cw1": 0.04987165363905903, "xscale1": 0.6634662087954651, "yscale1": 0.6634662087954651, "zscale1": 0.6634662087954651, "Cab2": 46.71812071213489, "Cw2": 0.01420695920752213, "xscale2": 0.5200454690538822, "yscale2": 0.5200454690538822, "zscale2": 0.5200454690538822, "Cab3": 25.711631945493586, "Cw3": 0.018376227421748218, "xscale3": 0.5132646418851369, "yscale3": 0.5132646418851369, "zscale3": 0.5132646418851369, "Cab4": 33.9385662697965, "Cw4": 0.03261450954272764, "xscale4": 0.5680544638554691, "yscale4": 0.5680544638554691, "zscale4": 0.5680544638554691, "Cab5": 46.581090905103494, "Cw5": 0.03821643421919108, "xscale5": 0.8937949970260551, "yscale5": 0.8937949970260551, "zscale5": 0.8937949970260551, "Cab6": 89.32167860647725, "Cw6": 0.038970580953610064, "xscale6": 0.48789034804610704, "yscale6": 0.48789034804610704, "zscale6": 0.48789034804610704, "Cab7": 24.116615529006495, "Cw7": 0.04300801208958916, "xscale7": 0.5754161649009811, "yscale7": 0.5754161649009811, "zscale7": 0.5754161649009811, "Cab8": 86.63675059058797, "Cw8": 0.04067120863548463, "xscale8": 0.6642540119811845, "yscale8": 0.6642540119811845, "zscale8": 0.6642540119811845, "Cab9": 86.0137978969717, "Cw9": 0.015872530297661145, "xscale9": 0.6943957116448087, "yscale9": 0.6943957116448087, "zscale9": 0.6943957116448087, "Cab10": 47.08125967833966, "Cw10": 0.024661519761756026, "xscale10": 0.5418896919686335, "yscale10": 0.5418896919686335, "zscale10": 0.5418896919686335, "Cab11": 75.23870167564641, "Cw11": 0.03237190812974557, "xscale11": 0.5684788834133256, "yscale11": 0.5684788834133256, "zscale11": 0.5684788834133256, "Cab12": 41.55526004123703, "Cw12": 0.014522732290830644, "xscale12": 0.5544000127570635, "yscale12": 0.5544000127570635, "zscale12": 0.5544000127570635, "Cab13": 63.57464122062767, "Cw13": 0.021209146349008137, "xscale13": 0.5889158840705182, "yscale13": 0.5889158840705182, "zscale13": 0.5889158840705182, "Cab14": 56.433223512924194, "Cw14": 0.04123589835900612, "xscale14": 0.6185998008687511, "yscale14": 0.6185998008687511, "zscale14": 0.6185998008687511, "Cab15": 22.2355490582621, "Cw15": 0.04637017608157649, "xscale15": 0.4958781356984486, "yscale15": 0.4958781356984486, "zscale15": 0.4958781356984486, "Cab16": 57.612395042071405, "Cw16": 0.027391680223009557, "xscale16": 0.6201687947579789, "yscale16": 0.6201687947579789, "zscale16": 0.6201687947579789, "Cab17": 81.81881851440457, "Cw17": 0.04108522913088097, "xscale17": 0.45953069114531214, "yscale17": 0.45953069114531214, "zscale17": 0.45953069114531214, "Cab18": 80.83997707849198, "Cw18": 0.04495289391419982, "xscale18": 0.6629950488808739, "yscale18": 0.6629950488808739, "zscale18": 0.6629950488808739, "Cab19": 35.49204843945905, "Cw19": 0.011472867209552602, "xscale19": 0.4752619286736415, "yscale19": 0.4752619286736415, "zscale19": 0.4752619286736415, "Cab20": 63.094597229913866, "Cw20": 0.023668064671124634, "xscale20": 0.7256830231900289, "yscale20": 0.7256830231900289, "zscale20": 0.7256830231900289, "Cab21": 43.73974731171876, "Cw21": 0.04904788026631195, "xscale21": 0.5028757679106118, "yscale21": 0.5028757679106118, "zscale21": 0.5028757679106118, "Cab22": 37.445167892630025, "Cw22": 0.020631781319304945, "xscale22": 0.48823756032436916, "yscale22": 0.48823756032436916, "zscale22": 0.48823756032436916, "Cab23": 81.70720491171726, "Cw23": 0.029517314092903438, "xscale23": 0.681871715102391, "yscale23": 0.681871715102391, "zscale23": 0.681871715102391, "Cab24": 53.528204513576, "Cw24": 0.023592367296281284, "xscale24": 0.6291927078195131, "yscale24": 0.6291927078195131, "zscale24": 0.6291927078195131, "Cab25": 26.508665554989996, "Cw25": 0.01418269433361365, "xscale25": 0.67897651389413, "yscale25": 0.67897651389413, "zscale25": 0.67897651389413, "Cab26": 71.69925297589137, "Cw26": 0.038302675438030925, "xscale26": 0.6293863565635257, "yscale26": 0.6293863565635257, "zscale26": 0.6293863565635257, "Cab27": 65.60541528586961, "Cw27": 0.03460852215781326, "xscale27": 0.48332771948018827, "yscale27": 0.48332771948018827, "zscale27": 0.48332771948018827, "Cab28": 43.81726551642556, "Cw28": 0.035170490330789284, "xscale28": 0.41677073794371694, "yscale28": 0.41677073794371694, "zscale28": 0.41677073794371694, "Cab29": 34.44044671655712, "Cw29": 0.03376091881350184, "xscale29": 0.48887334603351956, "yscale29": 0.48887334603351956, "zscale29": 0.48887334603351956, "Cab30": 26.620427521801183, "Cw30": 0.030963549714650304, "xscale30": 0.3599895888310132, "yscale30": 0.3599895888310132, "zscale30": 0.3599895888310132, "Cab31": 66.48499258079428, "Cw31": 0.04956219782709463, "xscale31": 0.5822107535800722, "yscale31": 0.5822107535800722, "zscale31": 0.5822107535800722, "Cab32": 82.41298255473947, "Cw32": 0.019226938619054126, "xscale32": 0.4957154402823608, "yscale32": 0.4957154402823608, "zscale32": 0.4957154402823608, "Cab33": 83.86269776345065, "Cw33": 0.022021180656211867, "xscale33": 0.4264567898242963, "yscale33": 0.4264567898242963, "zscale33": 0.4264567898242963, "Cab34": 23.158673057503, "Cw34": 0.03709397421969446, "xscale34": 0.407827679269375, "yscale34": 0.407827679269375, "zscale34": 0.407827679269375, "Cab35": 63.441896461548495, "Cw35": 0.02177991778895286, "xscale35": 0.473074784650206, "yscale35": 0.473074784650206, "zscale35": 0.473074784650206, "Cab36": 37.2100691095153, "Cw36": 0.01446136914192293, "xscale36": 0.6929756576428437, "yscale36": 0.6929756576428437, "zscale36": 0.6929756576428437, "Cab37": 22.916003155220867, "Cw37": 0.017254159045544917, "xscale37": 0.4159826181224999, "yscale37": 0.4159826181224999, "zscale37": 0.4159826181224999, "Cab38": 45.519729563789376, "Cw38": 0.03870927090684972, "xscale38": 0.40282870726311754, "yscale38": 0.40282870726311754, "zscale38": 0.40282870726311754, "Cab39": 43.632162097521245, "Cw39": 0.033479650913753795, "xscale39": 0.5158929305458697, "yscale39": 0.5158929305458697, "zscale39": 0.5158929305458697, "Cab40": 31.98390805839647, "Cw40": 0.031402455738284714, "xscale40": 0.6255318693466401, "yscale40": 0.6255318693466401, "zscale40": 0.6255318693466401, "Cab41": 70.87819387006955, "Cw41": 0.04999871414962, "xscale41": 0.4521666120591421, "yscale41": 0.4521666120591421, "zscale41": 0.4521666120591421, "Cab42": 22.31723616920537, "Cw42": 0.014615317547954412, "xscale42": 0.5431827620661032, "yscale42": 0.5431827620661032, "zscale42": 0.5431827620661032, "Cab43": 66.113525596838, "Cw43": 0.040401844833275975, "xscale43": 0.5034343124072511, "yscale43": 0.5034343124072511, "zscale43": 0.5034343124072511, "Cab44": 54.54022218294352, "Cw44": 0.03735451223493508, "xscale44": 0.36735691137148285, "yscale44": 0.36735691137148285, "zscale44": 0.36735691137148285, "Cab45": 25.33768525958745, "Cw45": 0.047267225837819275, "xscale45": 0.36417219069208606, "yscale45": 0.36417219069208606, "zscale45": 0.36417219069208606, "Cab46": 29.84426730213727, "Cw46": 0.011324233525345617, "xscale46": 0.46351170394666, "yscale46": 0.46351170394666, "zscale46": 0.46351170394666, "Cab47": 84.59005259065538, "Cw47": 0.03088423473152583, "xscale47": 0.5856720958141871, "yscale47": 0.5856720958141871, "zscale47": 0.5856720958141871, "Cab48": 88.97678825421526, "Cw48": 0.012886294306278266, "xscale48": 0.6557935379041919, "yscale48": 0.6557935379041919, "zscale48": 0.6557935379041919, "Cab49": 35.501406815474766, "Cw49": 0.037437215899047374, "xscale49": 0.49400117958000417, "yscale49": 0.49400117958000417, "zscale49": 0.49400117958000417, "Cab50": 48.83575289963994, "Cw50": 0.04964036978833381, "xscale50": 0.675117618631708, "yscale50": 0.675117618631708, "zscale50": 0.675117618631708, "Cab51": 48.01548707664561, "Cw51": 0.032022478972164745, "xscale51": 0.7654191170092969, "yscale51": 0.7654191170092969, "zscale51": 0.7654191170092969, "Cab52": 40.62844052480197, "Cw52": 0.04497614801418911,