{"Cab0": 63.089020432502316, "Cw0": 0.03873563703200132, "xscale0": 0.6203889145153763, "yscale0": 0.6203889145153763, "zscale0": 0.6203889145153763, "Cab1": 76.35925256276158, "Cw1": 0.04332539086485564, "xscale1": 0.6306982532679845, "yscale1": 0.6306982532679845, "zscale1": 0.6306982532679845, "Cab2": 36.94919773200976, "Cw2": 0.021517591084962016, "xscale2": 0.7373655782795097, "yscale2": 0.7373655782795097, "zscale2": 0.7373655782795097, "Cab3": 32.69548938697591, "Cw3": 0.023171628715902358, "xscale3": 0.5170957893263549, "yscale3": 0.5170957893263549, "zscale3": 0.5170957893263549, "Cab4": 55.96838226228323, "Cw4": 0.02338104826878779, "xscale4": 0.5626205182816668, "yscale4": 0.5626205182816668, "zscale4": 0.5626205182816668, "Cab5": 86.92673810301754, "Cw5": 0.015082074102245243, "xscale5": 0.8012518185945803, "yscale5": 0.8012518185945803, "zscale5": 0.8012518185945803, "Cab6": 27.315841989383017, "Cw6": 0.023318536762347096, "xscale6": 0.5066872932601464, "yscale6": 0.5066872932601464, "zscale6": 0.5066872932601464, "Cab7": 57.896922678566526, "Cw7": 0.03510928958118968, "xscale7": 0.4754739456644054, "yscale7": 0.4754739456644054, "zscale7": 0.4754739456644054, "Cab8": 85.1517477115591, "Cw8": 0.03404505775255316, "xscale8": 0.5106857888181201, "yscale8": 0.5106857888181201, "zscale8": 0.5106857888181201, "Cab9": 49.31786948341471, "Cw9": 0.04827224955480177, "xscale9": 0.6512553256847762, "yscale9": 0.6512553256847762, "zscale9": 0.6512553256847762, "Cab10": 86.55385112530188, "Cw10": 0.037462356605134625, "xscale10": 0.39691762945341097, "yscale10": 0.39691762945341097, "zscale10": 0.39691762945341097, "Cab11": 21.192225644938272, "Cw11": 0.03972546716702058, "xscale11": 0.7535062009207077, "yscale11": 0.7535062009207077, "zscale11": 0.7535062009207077, "Cab12": 79.67044731316628, "Cw12": 0.0458088134097714, "xscale12": 0.505422412821575, "yscale12": 0.505422412821575, "zscale12": 0.505422412821575, "Cab13": 38.694170139020514, "Cw13": 0.011105399489547058, "xscale13": 0.7003711249005783, "yscale13": 0.7003711249005783, "zscale13": 0.7003711249005783, "Cab14": 77.75012889998581, "Cw14": 0.022548430930805448, "xscale14": 0.5707398175850275, "yscale14": 0.5707398175850275, "zscale14": 0.5707398175850275, "Cab15": 76.07376745221117, "Cw15": 0.012120196303955763, "xscale15": 0.4873853040067187, "yscale15": 0.4873853040067187, "zscale15": 0.4873853040067187, "Cab16": 20.109339438349565, "Cw16": 0.048956217872165815, "xscale16": 0.6941425838075502, "yscale16": 0.6941425838075502, "zscale16": 0.6941425838075502, "Cab17": 64.42338075611639, "Cw17": 0.015046860033267839, "xscale17": 0.6227109002036159, "yscale17": 0.6227109002036159, "zscale17": 0.6227109002036159, "Cab18": 79.32901757425086, "Cw18": 0.01603856335524791, "xscale18": 0.5845297885048063, "yscale18": 0.5845297885048063, "zscale18": 0.5845297885048063, "Cab19": 73.44761704320098, "Cw19": 0.03989898008377232, "xscale19": 0.633629578674232, "yscale19": 0.633629578674232, "zscale19": 0.633629578674232, "Cab20": 21.109302296850856, "Cw20": 0.04745419578781085, "xscale20": 0.7225294301441173, "yscale20": 0.7225294301441173, "zscale20": 0.7225294301441173, "Cab21": 68.72542122589357, "Cw21": 0.013087313547109273, "xscale21": 0.48754713701447006, "yscale21": 0.48754713701447006, "zscale21": 0.48754713701447006, "Cab22": 34.62680195883872, "Cw22": 0.01976680712161623, "xscale22": 0.5768881340885852, "yscale22": 0.5768881340885852, "zscale22": 0.5768881340885852, "Cab23": 64.74610052014938, "Cw23": 0.03847850274341885, "xscale23": 0.5763725367649928, "yscale23": 0.5763725367649928, "zscale23": 0.5763725367649928, "Cab24": 76.29861917948627, "Cw24": 0.014042784287593736, "xscale24": 0.5682854898474407, "yscale24": 0.5682854898474407, "zscale24": 0.5682854898474407, "Cab25": 63.836563808602094, "Cw25": 0.03922571463967292, "xscale25": 0.6015587068456303, "yscale25": 0.6015587068456303, "zscale25": 0.6015587068456303, "Cab26": 56.25406364202151, "Cw26": 0.04784400958176389, "xscale26": 0.588944000592504, "yscale26": 0.588944000592504, "zscale26": 0.588944000592504, "Cab27": 24.627166127896686, "Cw27": 0.012313690217671546, "xscale27": 0.47547427778774426, "yscale27": 0.47547427778774426, "zscale27": 0.47547427778774426, "Cab28": 39.71109352098617, "Cw28": 0.012931073588842396, "xscale28": 0.4241913176902533, "yscale28": 0.4241913176902533, "zscale28": 0.4241913176902533, "Cab29": 65.17875779018159, "Cw29": 0.022507211511921338, "xscale29": 0.49616789401279454, "yscale29": 0.49616789401279454, "zscale29": 0.49616789401279454, "Cab30": 70.1639693158275, "Cw30": 0.043961293619117915, "xscale30": 0.3618558397438811, "yscale30": 0.3618558397438811, "zscale30": 0.3618558397438811, "Cab31": 41.18150327541164, "Cw31": 0.02582261772223833, "xscale31": 0.7206096269469827, "yscale31": 0.7206096269469827, "zscale31": 0.7206096269469827, "Cab32": 69.1612965732495, "Cw32": 0.04646758667193261, "xscale32": 0.42666501701798454, "yscale32": 0.42666501701798454, "zscale32": 0.42666501701798454, "Cab33": 42.449890831825726, "Cw33": 0.028589566695607978, "xscale33": 0.5138615532906149, "yscale33": 0.5138615532906149, "zscale33": 0.5138615532906149, "Cab34": 24.82979682340185, "Cw34": 0.012363366155059544, "xscale34": 0.48187549588576384, "yscale34": 0.48187549588576384, "zscale34": 0.48187549588576384, "Cab35": 26.872844598692467, "Cw35": 0.03872563307032766, "xscale35": 0.38532208618126473, "yscale35": 0.38532208618126473, "zscale35": 0.38532208618126473, "Cab36": 78.10122223590254, "Cw36": 0.032927044241774506, "xscale36": 0.5633364372626042, "yscale36": 0.5633364372626042, "zscale36": 0.5633364372626042, "Cab37": 36.57200041376128, "Cw37": 0.014957743430081018, "xscale37": 0.4329203753795205, "yscale37": 0.4329203753795205, "zscale37": 0.4329203753795205, "Cab38": 79.46225071591374, "Cw38": 0.032258759147100885, "xscale38": 0.49600839432914323, "yscale38": 0.49600839432914323, "zscale38": 0.49600839432914323, "Cab39": 73.53722255282605, "Cw39": 0.01939366286850413, "xscale39": 0.5742322907499253, "yscale39": 0.5742322907499253, "zscale39": 0.5742322907499253, "Cab40": 61.72394675338304, "Cw40": 0.04873700403368605, "xscale40": 0.479399949906216, "yscale40": 0.479399949906216, "zscale40": 0.479399949906216, "Cab41": 36.43678069639732, "Cw41": 0.03224755660394165, "xscale41": 0.538105631516428, "yscale41": 0.538105631516428, "zscale41": 0.538105631516428, "Cab42": 65.77917412376925, "Cw42": 0.026096766728978052, "xscale42": 0.5073288079026379, "yscale42": 0.5073288079026379, "zscale42": 0.5073288079026379, "Cab43": 77.62014398471047, "Cw43": 0.028350224563314298, "xscale43": 0.7079548736998068, "yscale43": 0.7079548736998068, "zscale43": 0.7079548736998068, "Cab44": 34.29805767011975, "Cw44": 0.04656480346906936, "xscale44": 0.5159663307336706, "yscale44": 0.5159663307336706, "zscale44": 0.5159663307336706, "Cab45": 42.81636844781028, "Cw45": 0.024241890093105255, "xscale45": 0.28926191026697196, "yscale45": 0.28926191026697196, "zscale45": 0.28926191026697196, "Cab46": 80.15370742135491, "Cw46": 0.010298856017119152, "xscale46": 0.4053041861976195, "yscale46": 0.4053041861976195, "zscale46": 0.4053041861976195, "Cab47": 23.295481305477743, "Cw47": 0.019497393716937653, "xscale47": 0.533252112629492, "yscale47": 0.533252112629492, "zscale47": 0.533252112629492, "Cab48": 31.685976112310296, "Cw48": 0.029907746775716254, "xscale48": 0.7166495580383455, "yscale48": 0.7166495580383455, "zscale48": 0.7166495580383455, "Cab49": 58.40734865037944, "Cw49": 0.04611947301858794, "xscale49": 0.43488042496801305, "yscale49": 0.43488042496801305, "zscale49": 0.43488042496801305, "Cab50": 31.616587066201472, "Cw50": 0.040722382627621206, "xscale50": 0.5668928068877966, "yscale50": 0.5668928068877966, "zscale50": 0.5668928068877966, "Cab51": 53.127842848406, "Cw51": 0.027197687754508815, "xscale51": 0.8048544078861084, "yscale51": 0.8048544078861084, "zscale51": 0.8048544078861084, "Cab52": 28.90498919485804,