{"Cab0": 68.18082538609855, "Cw0": 0.035389766609183824, "xscale0": 0.8726169457170154, "yscale0": 0.8726169457170154, "zscale0": 0.8726169457170154, "Cab1": 31.79519342561511, "Cw1": 0.04087946647549412, "xscale1": 0.594522087687763, "yscale1": 0.594522087687763, "zscale1": 0.594522087687763, "Cab2": 49.72135685942362, "Cw2": 0.0323639597469224, "xscale2": 0.7103154260249276, "yscale2": 0.7103154260249276, "zscale2": 0.7103154260249276, "Cab3": 51.3995496823808, "Cw3": 0.01019640492274649, "xscale3": 0.43915585746940766, "yscale3": 0.43915585746940766, "zscale3": 0.43915585746940766, "Cab4": 65.63190358731218, "Cw4": 0.013976525907318309, "xscale4": 0.6703785292097797, "yscale4": 0.6703785292097797, "zscale4": 0.6703785292097797, "Cab5": 27.625206807814983, "Cw5": 0.010917891914451801, "xscale5": 0.6312490488185167, "yscale5": 0.6312490488185167, "zscale5": 0.6312490488185167, "Cab6": 85.57268243117213, "Cw6": 0.04957068122881149, "xscale6": 0.6055170393487935, "yscale6": 0.6055170393487935, "zscale6": 0.6055170393487935, "Cab7": 62.17980565243295, "Cw7": 0.027947671298329202, "xscale7": 0.5302896464707602, "yscale7": 0.5302896464707602, "zscale7": 0.5302896464707602, "Cab8": 56.56677083357366, "Cw8": 0.023968369150684683, "xscale8": 0.5776558331852225, "yscale8": 0.5776558331852225, "zscale8": 0.5776558331852225, "Cab9": 62.26106500092662, "Cw9": 0.030262234640762727, "xscale9": 0.7919703944394703, "yscale9": 0.7919703944394703, "zscale9": 0.7919703944394703, "Cab10": 23.935778251945955, "Cw10": 0.03323133811944287, "xscale10": 0.5667188274864731, "yscale10": 0.5667188274864731, "zscale10": 0.5667188274864731, "Cab11": 52.866559198408936, "Cw11": 0.02857561631082122, "xscale11": 0.5639919111773897, "yscale11": 0.5639919111773897, "zscale11": 0.5639919111773897, "Cab12": 43.413722059719774, "Cw12": 0.02558076175247167, "xscale12": 0.5380226984118601, "yscale12": 0.5380226984118601, "zscale12": 0.5380226984118601, "Cab13": 27.707002990447194, "Cw13": 0.03488105602264339, "xscale13": 0.5184882366512188, "yscale13": 0.5184882366512188, "zscale13": 0.5184882366512188, "Cab14": 44.541462416671365, "Cw14": 0.04579205715359154, "xscale14": 0.4413036752031401, "yscale14": 0.4413036752031401, "zscale14": 0.4413036752031401, "Cab15": 64.96359794424635, "Cw15": 0.046965278101054116, "xscale15": 0.49470652344730687, "yscale15": 0.49470652344730687, "zscale15": 0.49470652344730687, "Cab16": 30.438537482981083, "Cw16": 0.03699385301210396, "xscale16": 0.49951857599614985, "yscale16": 0.49951857599614985, "zscale16": 0.49951857599614985, "Cab17": 68.10774473404439, "Cw17": 0.019145570730781013, "xscale17": 0.6213813721875684, "yscale17": 0.6213813721875684, "zscale17": 0.6213813721875684, "Cab18": 81.93391344099933, "Cw18": 0.02909820707860606, "xscale18": 0.7663055431335063, "yscale18": 0.7663055431335063, "zscale18": 0.7663055431335063, "Cab19": 54.481938100203415, "Cw19": 0.015259713713127732, "xscale19": 0.4945146895970328, "yscale19": 0.4945146895970328, "zscale19": 0.4945146895970328, "Cab20": 66.31874223710497, "Cw20": 0.036717268627035775, "xscale20": 0.6282816675470947, "yscale20": 0.6282816675470947, "zscale20": 0.6282816675470947, "Cab21": 23.28173737939913, "Cw21": 0.0336400623956146, "xscale21": 0.5616543121495127, "yscale21": 0.5616543121495127, "zscale21": 0.5616543121495127, "Cab22": 76.39400072608115, "Cw22": 0.029546290316616833, "xscale22": 0.5484920111858727, "yscale22": 0.5484920111858727, "zscale22": 0.5484920111858727, "Cab23": 28.17053439302108, "Cw23": 0.028953235051185064, "xscale23": 0.508807272158851, "yscale23": 0.508807272158851, "zscale23": 0.508807272158851, "Cab24": 43.4311847492084, "Cw24": 0.02052780093293028, "xscale24": 0.46984442112008745, "yscale24": 0.46984442112008745, "zscale24": 0.46984442112008745, "Cab25": 60.83645613357797, "Cw25": 0.032942288947847516, "xscale25": 0.5659670053674904, "yscale25": 0.5659670053674904, "zscale25": 0.5659670053674904, "Cab26": 41.76265658851169, "Cw26": 0.039619777937107144, "xscale26": 0.612948728677309, "yscale26": 0.612948728677309, "zscale26": 0.612948728677309, "Cab27": 73.69760224033561, "Cw27": 0.026256242036673906, "xscale27": 0.4171608850776508, "yscale27": 0.4171608850776508, "zscale27": 0.4171608850776508, "Cab28": 84.71014487548469, "Cw28": 0.04956026627335561, "xscale28": 0.34095786242339016, "yscale28": 0.34095786242339016, "zscale28": 0.34095786242339016, "Cab29": 29.820982833083498, "Cw29": 0.026256401674964104, "xscale29": 0.624530893037506, "yscale29": 0.624530893037506, "zscale29": 0.624530893037506, "Cab30": 54.32026853337493, "Cw30": 0.012843395506729527, "xscale30": 0.4233868449873648, "yscale30": 0.4233868449873648, "zscale30": 0.4233868449873648, "Cab31": 59.526716998532805, "Cw31": 0.011125458841025272, "xscale31": 0.5339963640193387, "yscale31": 0.5339963640193387, "zscale31": 0.5339963640193387, "Cab32": 48.4613296477804, "Cw32": 0.026839008448681097, "xscale32": 0.3847447791337008, "yscale32": 0.3847447791337008, "zscale32": 0.3847447791337008, "Cab33": 41.9061570367729, "Cw33": 0.032174105414917394, "xscale33": 0.4405731429743747, "yscale33": 0.4405731429743747, "zscale33": 0.4405731429743747, "Cab34": 27.733580123441204, "Cw34": 0.012218505437312004, "xscale34": 0.6055503918024708, "yscale34": 0.6055503918024708, "zscale34": 0.6055503918024708, "Cab35": 50.45220387685201, "Cw35": 0.0395726484143376, "xscale35": 0.4931810066550536, "yscale35": 0.4931810066550536, "zscale35": 0.4931810066550536, "Cab36": 29.50573715263173, "Cw36": 0.03791747143961135, "xscale36": 0.607998636764152, "yscale36": 0.607998636764152, "zscale36": 0.607998636764152, "Cab37": 49.87368635746061, "Cw37": 0.04053040609464367, "xscale37": 0.4421241493516273, "yscale37": 0.4421241493516273, "zscale37": 0.4421241493516273, "Cab38": 65.43885900163566, "Cw38": 0.017992643443629382, "xscale38": 0.4641640150000713, "yscale38": 0.4641640150000713, "zscale38": 0.4641640150000713, "Cab39": 52.250747955410866, "Cw39": 0.03374281317502837, "xscale39": 0.6885447480504621, "yscale39": 0.6885447480504621, "zscale39": 0.6885447480504621, "Cab40": 42.17329245895789, "Cw40": 0.023682322698583485, "xscale40": 0.5943224560365236, "yscale40": 0.5943224560365236, "zscale40": 0.5943224560365236, "Cab41": 65.45212122676426, "Cw41": 0.040724925561522046, "xscale41": 0.604348306104822, "yscale41": 0.604348306104822, "zscale41": 0.604348306104822, "Cab42": 50.785798146460294, "Cw42": 0.018290874378884974, "xscale42": 0.443542360583438, "yscale42": 0.443542360583438, "zscale42": 0.443542360583438, "Cab43": 84.82574922045917, "Cw43": 0.036931481771688174, "xscale43": 0.540160507375575, "yscale43": 0.540160507375575, "zscale43": 0.540160507375575, "Cab44": 77.98632424262712, "Cw44": 0.012204208025493175, "xscale44": 0.40359144204592307, "yscale44": 0.40359144204592307, "zscale44": 0.40359144204592307, "Cab45": 74.94054942749237, "Cw45": 0.033315848472249984, "xscale45": 0.3092856384713022, "yscale45": 0.3092856384713022, "zscale45": 0.3092856384713022, "Cab46": 51.83700948033226, "Cw46": 0.03101329789487489, "xscale46": 0.4874991162163477, "yscale46": 0.4874991162163477, "zscale46": 0.4874991162163477, "Cab47": 59.392834674550635, "Cw47": 0.03597556122908768, "xscale47": 0.491830837857919, "yscale47": 0.491830837857919, "zscale47": 0.491830837857919, "Cab48": 60.28233965332243, "Cw48": 0.03665978639890405, "xscale48": 0.5404046965510321, "yscale48": 0.5404046965510321, "zscale48": 0.5404046965510321, "Cab49": 31.631397801743343, "Cw49": 0.03781899650392366, "xscale49": 0.45252288017258896, "yscale49": 0.45252288017258896, "zscale49": 0.45252288017258896, "Cab50": 67.74212081207685, "Cw50": 0.047898627873470954, "xscale50": 0.7413259208105927, "yscale50": 0.7413259208105927, "zscale50": 0.7413259208105927, "Cab51": 67.6062934788358, "Cw51": 0.048248927428649044, "xscale51": 0.7571979330245119, "yscale51": 0.7571979330245119, "zscale51": 0.7571979330245119, "Cab52": 47.697554416850465, "Cw52": 0.029983179980423227,