{"Cab0": 77.56874089966838, "Cw0": 0.01626557584861417, "xscale0": 0.658907003921531, "yscale0": 0.658907003921531, "zscale0": 0.658907003921531, "Cab1": 62.63337755343559, "Cw1": 0.02306869589127068, "xscale1": 0.48361874375995645, "yscale1": 0.48361874375995645, "zscale1": 0.48361874375995645, "Cab2": 36.75625828386437, "Cw2": 0.020840766445754607, "xscale2": 0.5980276836731182, "yscale2": 0.5980276836731182, "zscale2": 0.5980276836731182, "Cab3": 71.7117602858934, "Cw3": 0.02164084797447019, "xscale3": 0.41716762696359466, "yscale3": 0.41716762696359466, "zscale3": 0.41716762696359466, "Cab4": 86.37739205767662, "Cw4": 0.039271492276571326, "xscale4": 0.5968860439813243, "yscale4": 0.5968860439813243, "zscale4": 0.5968860439813243, "Cab5": 25.46336006298612, "Cw5": 0.03594625406764958, "xscale5": 0.8969774144487155, "yscale5": 0.8969774144487155, "zscale5": 0.8969774144487155, "Cab6": 34.8084513441779, "Cw6": 0.02045639425938193, "xscale6": 0.5647432690106331, "yscale6": 0.5647432690106331, "zscale6": 0.5647432690106331, "Cab7": 24.655287733320847, "Cw7": 0.03186669858289532, "xscale7": 0.6227419583274743, "yscale7": 0.6227419583274743, "zscale7": 0.6227419583274743, "Cab8": 81.06844466295803, "Cw8": 0.04152040010491428, "xscale8": 0.5732569861468589, "yscale8": 0.5732569861468589, "zscale8": 0.5732569861468589, "Cab9": 86.28092910131521, "Cw9": 0.04385398049196403, "xscale9": 0.7143032640125809, "yscale9": 0.7143032640125809, "zscale9": 0.7143032640125809, "Cab10": 82.11809791449102, "Cw10": 0.0268788700486053, "xscale10": 0.5553562448266963, "yscale10": 0.5553562448266963, "zscale10": 0.5553562448266963, "Cab11": 86.96330886589375, "Cw11": 0.019009837410468307, "xscale11": 0.7636862938788328, "yscale11": 0.7636862938788328, "zscale11": 0.7636862938788328, "Cab12": 74.57760407570676, "Cw12": 0.014359792956625666, "xscale12": 0.45153955895058573, "yscale12": 0.45153955895058573, "zscale12": 0.45153955895058573, "Cab13": 40.53345147437077, "Cw13": 0.03987840485043425, "xscale13": 0.5755103508808196, "yscale13": 0.5755103508808196, "zscale13": 0.5755103508808196, "Cab14": 37.26406499299407, "Cw14": 0.03600220035771519, "xscale14": 0.45380993267242764, "yscale14": 0.45380993267242764, "zscale14": 0.45380993267242764, "Cab15": 47.04147139467915, "Cw15": 0.02808390143423095, "xscale15": 0.5252686099098552, "yscale15": 0.5252686099098552, "zscale15": 0.5252686099098552, "Cab16": 55.44655214214036, "Cw16": 0.034406195495852464, "xscale16": 0.6414635235378007, "yscale16": 0.6414635235378007, "zscale16": 0.6414635235378007, "Cab17": 34.904333891468085, "Cw17": 0.010668180602884433, "xscale17": 0.497646474019964, "yscale17": 0.497646474019964, "zscale17": 0.497646474019964, "Cab18": 72.28031068902668, "Cw18": 0.04881582610392125, "xscale18": 0.5379375154144735, "yscale18": 0.5379375154144735, "zscale18": 0.5379375154144735, "Cab19": 64.7451911932402, "Cw19": 0.04609548874355335, "xscale19": 0.5164155664792593, "yscale19": 0.5164155664792593, "zscale19": 0.5164155664792593, "Cab20": 71.81588151947905, "Cw20": 0.04775796337110372, "xscale20": 0.667171898471386, "yscale20": 0.667171898471386, "zscale20": 0.667171898471386, "Cab21": 46.86049629135887, "Cw21": 0.044403352847378855, "xscale21": 0.4598444939425459, "yscale21": 0.4598444939425459, "zscale21": 0.4598444939425459, "Cab22": 84.83952333842387, "Cw22": 0.037530029026692044, "xscale22": 0.5129979034036716, "yscale22": 0.5129979034036716, "zscale22": 0.5129979034036716, "Cab23": 87.44777164279509, "Cw23": 0.02701078378294583, "xscale23": 0.7234256780138305, "yscale23": 0.7234256780138305, "zscale23": 0.7234256780138305, "Cab24": 87.5160891879593, "Cw24": 0.019166941471624264, "xscale24": 0.6224878585514055, "yscale24": 0.6224878585514055, "zscale24": 0.6224878585514055, "Cab25": 85.71081696772237, "Cw25": 0.033455228017715104, "xscale25": 0.5556231973283596, "yscale25": 0.5556231973283596, "zscale25": 0.5556231973283596, "Cab26": 58.964629341126674, "Cw26": 0.028329146875736025, "xscale26": 0.5994901785389927, "yscale26": 0.5994901785389927, "zscale26": 0.5994901785389927, "Cab27": 20.03547572895734, "Cw27": 0.012740100774066013, "xscale27": 0.4656792105236879, "yscale27": 0.4656792105236879, "zscale27": 0.4656792105236879, "Cab28": 31.133581704289895, "Cw28": 0.045123765711505746, "xscale28": 0.41002967587295197, "yscale28": 0.41002967587295197, "zscale28": 0.41002967587295197, "Cab29": 56.07109360830411, "Cw29": 0.0474394697330848, "xscale29": 0.5197090473322643, "yscale29": 0.5197090473322643, "zscale29": 0.5197090473322643, "Cab30": 81.47218464818857, "Cw30": 0.012353040347644987, "xscale30": 0.39953069178407075, "yscale30": 0.39953069178407075, "zscale30": 0.39953069178407075, "Cab31": 54.29151890647421, "Cw31": 0.015548153387212157, "xscale31": 0.620499770327058, "yscale31": 0.620499770327058, "zscale31": 0.620499770327058, "Cab32": 71.33576225266961, "Cw32": 0.012637684440584565, "xscale32": 0.40698983170575104, "yscale32": 0.40698983170575104, "zscale32": 0.40698983170575104, "Cab33": 38.76503825168493, "Cw33": 0.014909093551070214, "xscale33": 0.42826281147285394, "yscale33": 0.42826281147285394, "zscale33": 0.42826281147285394, "Cab34": 67.75695559680548, "Cw34": 0.024119145340965, "xscale34": 0.5169898486293654, "yscale34": 0.5169898486293654, "zscale34": 0.5169898486293654, "Cab35": 28.556210769289777, "Cw35": 0.0322062444631942, "xscale35": 0.4370540245227467, "yscale35": 0.4370540245227467, "zscale35": 0.4370540245227467, "Cab36": 72.80715623969695, "Cw36": 0.03458765888906785, "xscale36": 0.5999918594300488, "yscale36": 0.5999918594300488, "zscale36": 0.5999918594300488, "Cab37": 72.7315653741017, "Cw37": 0.02565565086414527, "xscale37": 0.47073552945879726, "yscale37": 0.47073552945879726, "zscale37": 0.47073552945879726, "Cab38": 61.38112754198918, "Cw38": 0.0398594973976862, "xscale38": 0.5381269206134676, "yscale38": 0.5381269206134676, "zscale38": 0.5381269206134676, "Cab39": 54.49982591515483, "Cw39": 0.04585271762773389, "xscale39": 0.6639912802680593, "yscale39": 0.6639912802680593, "zscale39": 0.6639912802680593, "Cab40": 43.28677765917559, "Cw40": 0.030929829128087963, "xscale40": 0.5834134794355568, "yscale40": 0.5834134794355568, "zscale40": 0.5834134794355568, "Cab41": 70.55474150849645, "Cw41": 0.014356458150274184, "xscale41": 0.5353846971929128, "yscale41": 0.5353846971929128, "zscale41": 0.5353846971929128, "Cab42": 69.52233375986935, "Cw42": 0.036939785912593635, "xscale42": 0.554663221489312, "yscale42": 0.554663221489312, "zscale42": 0.554663221489312, "Cab43": 36.367377709399264, "Cw43": 0.0348579479033239, "xscale43": 0.618170053689172, "yscale43": 0.618170053689172, "zscale43": 0.618170053689172, "Cab44": 61.65157671437454, "Cw44": 0.01218414646589933, "xscale44": 0.4947003961974886, "yscale44": 0.4947003961974886, "zscale44": 0.4947003961974886, "Cab45": 32.740831156273245, "Cw45": 0.013624197373882416, "xscale45": 0.38117921678438393, "yscale45": 0.38117921678438393, "zscale45": 0.38117921678438393, "Cab46": 76.78737212927315, "Cw46": 0.031438000962021394, "xscale46": 0.5127889950299451, "yscale46": 0.5127889950299451, "zscale46": 0.5127889950299451, "Cab47": 27.839746749710926, "Cw47": 0.02062660865346848, "xscale47": 0.565393027403873, "yscale47": 0.565393027403873, "zscale47": 0.565393027403873, "Cab48": 68.66387510763958, "Cw48": 0.010439417237344132, "xscale48": 0.7568330465793086, "yscale48": 0.7568330465793086, "zscale48": 0.7568330465793086, "Cab49": 62.255560966071734, "Cw49": 0.018237193708853024, "xscale49": 0.5413065779945077, "yscale49": 0.5413065779945077, "zscale49": 0.5413065779945077, "Cab50": 77.22904055257402, "Cw50": 0.023800048945196384, "xscale50": 0.5504739846482233, "yscale50": 0.5504739846482233, "zscale50": 0.5504739846482233, "Cab51": 67.00377028855152, "Cw51": 0.048266797002659484, "xscale51": 0.7708850771623037, "yscale51": 0.7708850771623037, "zscale51": 0.7708850771623037, "Cab52": 31.02045693866571, "Cw52": 0.021620346070317605,