{"Cab0": 82.72080226323234, "Cw0": 0.026178579663828215, "xscale0": 0.6669667637603687, "yscale0": 0.6669667637603687, "zscale0": 0.6669667637603687, "Cab1": 38.00391178439843, "Cw1": 0.015623096152138905, "xscale1": 0.532819839289001, "yscale1": 0.532819839289001, "zscale1": 0.532819839289001, "Cab2": 89.50505312266624, "Cw2": 0.049266327892534496, "xscale2": 0.7367590810110545, "yscale2": 0.7367590810110545, "zscale2": 0.7367590810110545, "Cab3": 73.05237928099623, "Cw3": 0.021396040616554327, "xscale3": 0.46805932995154714, "yscale3": 0.46805932995154714, "zscale3": 0.46805932995154714, "Cab4": 70.55850084158689, "Cw4": 0.03697162257072099, "xscale4": 0.6424449367171523, "yscale4": 0.6424449367171523, "zscale4": 0.6424449367171523, "Cab5": 59.54785481478876, "Cw5": 0.041880855405159956, "xscale5": 0.70505559047863, "yscale5": 0.70505559047863, "zscale5": 0.70505559047863, "Cab6": 80.93549787649715, "Cw6": 0.038794282699446375, "xscale6": 0.6053067574098171, "yscale6": 0.6053067574098171, "zscale6": 0.6053067574098171, "Cab7": 24.679891352409175, "Cw7": 0.0452845369658278, "xscale7": 0.6027655332977853, "yscale7": 0.6027655332977853, "zscale7": 0.6027655332977853, "Cab8": 54.11139886303184, "Cw8": 0.04342814944278354, "xscale8": 0.5854309646787279, "yscale8": 0.5854309646787279, "zscale8": 0.5854309646787279, "Cab9": 88.5259992256859, "Cw9": 0.03231515454735056, "xscale9": 0.6870390321656205, "yscale9": 0.6870390321656205, "zscale9": 0.6870390321656205, "Cab10": 69.92377776682352, "Cw10": 0.04280475260846144, "xscale10": 0.410743311960085, "yscale10": 0.410743311960085, "zscale10": 0.410743311960085, "Cab11": 76.32538687996347, "Cw11": 0.01159916476203994, "xscale11": 0.6777692698553618, "yscale11": 0.6777692698553618, "zscale11": 0.6777692698553618, "Cab12": 26.671733802016835, "Cw12": 0.04152818293350312, "xscale12": 0.5446216594810971, "yscale12": 0.5446216594810971, "zscale12": 0.5446216594810971, "Cab13": 42.56880472210426, "Cw13": 0.04236160527765855, "xscale13": 0.6151393863804344, "yscale13": 0.6151393863804344, "zscale13": 0.6151393863804344, "Cab14": 61.65983106003768, "Cw14": 0.03163896077539662, "xscale14": 0.5581948768068299, "yscale14": 0.5581948768068299, "zscale14": 0.5581948768068299, "Cab15": 75.27870966996178, "Cw15": 0.042350365822683124, "xscale15": 0.52512467507036, "yscale15": 0.52512467507036, "zscale15": 0.52512467507036, "Cab16": 84.62806968735958, "Cw16": 0.018562171091392535, "xscale16": 0.5558092777231093, "yscale16": 0.5558092777231093, "zscale16": 0.5558092777231093, "Cab17": 46.2603816564711, "Cw17": 0.014507892046278083, "xscale17": 0.4805707576918746, "yscale17": 0.4805707576918746, "zscale17": 0.4805707576918746, "Cab18": 24.6535970463503, "Cw18": 0.016673216772660968, "xscale18": 0.5500057365302488, "yscale18": 0.5500057365302488, "zscale18": 0.5500057365302488, "Cab19": 42.326602503858524, "Cw19": 0.040775778993356576, "xscale19": 0.6350640122256533, "yscale19": 0.6350640122256533, "zscale19": 0.6350640122256533, "Cab20": 32.381561939919955, "Cw20": 0.03790630091203998, "xscale20": 0.5461047862300111, "yscale20": 0.5461047862300111, "zscale20": 0.5461047862300111, "Cab21": 29.859442777306015, "Cw21": 0.013845050626622304, "xscale21": 0.5888386183211878, "yscale21": 0.5888386183211878, "zscale21": 0.5888386183211878, "Cab22": 65.76635329175039, "Cw22": 0.04455307605437843, "xscale22": 0.5830223180693739, "yscale22": 0.5830223180693739, "zscale22": 0.5830223180693739, "Cab23": 61.920734610869815, "Cw23": 0.019137014740553897, "xscale23": 0.6751380356868036, "yscale23": 0.6751380356868036, "zscale23": 0.6751380356868036, "Cab24": 61.54654731044125, "Cw24": 0.018726602850413384, "xscale24": 0.5801391479917708, "yscale24": 0.5801391479917708, "zscale24": 0.5801391479917708, "Cab25": 31.669622505926693, "Cw25": 0.013411075788332508, "xscale25": 0.5277302363332504, "yscale25": 0.5277302363332504, "zscale25": 0.5277302363332504, "Cab26": 72.63689000863147, "Cw26": 0.03465463310545472, "xscale26": 0.6640513529081213, "yscale26": 0.6640513529081213, "zscale26": 0.6640513529081213, "Cab27": 71.92506511165837, "Cw27": 0.02731751071091896, "xscale27": 0.3846307182190982, "yscale27": 0.3846307182190982, "zscale27": 0.3846307182190982, "Cab28": 87.70633395916424, "Cw28": 0.03697627896226495, "xscale28": 0.3712313309223177, "yscale28": 0.3712313309223177, "zscale28": 0.3712313309223177, "Cab29": 38.54215530461079, "Cw29": 0.04143247720239867, "xscale29": 0.6343302023627787, "yscale29": 0.6343302023627787, "zscale29": 0.6343302023627787, "Cab30": 59.3299766635927, "Cw30": 0.022258668739075956, "xscale30": 0.44302415398192574, "yscale30": 0.44302415398192574, "zscale30": 0.44302415398192574, "Cab31": 67.950032660447, "Cw31": 0.021012864428578124, "xscale31": 0.7307458591679002, "yscale31": 0.7307458591679002, "zscale31": 0.7307458591679002, "Cab32": 79.1830014750928, "Cw32": 0.03640288164325869, "xscale32": 0.4656298116226146, "yscale32": 0.4656298116226146, "zscale32": 0.4656298116226146, "Cab33": 66.72845771566645, "Cw33": 0.04639421110136927, "xscale33": 0.3866449350575955, "yscale33": 0.3866449350575955, "zscale33": 0.3866449350575955, "Cab34": 37.04652413820348, "Cw34": 0.04462434867292646, "xscale34": 0.4893039308865995, "yscale34": 0.4893039308865995, "zscale34": 0.4893039308865995, "Cab35": 29.775441299417132, "Cw35": 0.04935886431162401, "xscale35": 0.3975974649126128, "yscale35": 0.3975974649126128, "zscale35": 0.3975974649126128, "Cab36": 32.47435470943998, "Cw36": 0.010876207352941498, "xscale36": 0.5351855734740663, "yscale36": 0.5351855734740663, "zscale36": 0.5351855734740663, "Cab37": 43.79203338318419, "Cw37": 0.020092243160404206, "xscale37": 0.38385867946841173, "yscale37": 0.38385867946841173, "zscale37": 0.38385867946841173, "Cab38": 70.99473065659768, "Cw38": 0.0416661924224008, "xscale38": 0.5352611203799584, "yscale38": 0.5352611203799584, "zscale38": 0.5352611203799584, "Cab39": 67.86383611249303, "Cw39": 0.044647724961340826, "xscale39": 0.49097625052230215, "yscale39": 0.49097625052230215, "zscale39": 0.49097625052230215, "Cab40": 83.17772841723938, "Cw40": 0.03695048491573848, "xscale40": 0.5292727312543752, "yscale40": 0.5292727312543752, "zscale40": 0.5292727312543752, "Cab41": 61.25605537239649, "Cw41": 0.04258540054838347, "xscale41": 0.4948887713989276, "yscale41": 0.4948887713989276, "zscale41": 0.4948887713989276, "Cab42": 37.68252409769821, "Cw42": 0.035627423214889146, "xscale42": 0.4756857290056262, "yscale42": 0.4756857290056262, "zscale42": 0.4756857290056262, "Cab43": 77.86020301239736, "Cw43": 0.04562581258604104, "xscale43": 0.5684460061128949, "yscale43": 0.5684460061128949, "zscale43": 0.5684460061128949, "Cab44": 20.734790985835442, "Cw44": 0.022080406503005273, "xscale44": 0.4476879331488025, "yscale44": 0.4476879331488025, "zscale44": 0.4476879331488025, "Cab45": 84.00267950764074, "Cw45": 0.04129700504820815, "xscale45": 0.32301742783851084, "yscale45": 0.32301742783851084, "zscale45": 0.32301742783851084, "Cab46": 27.450187437424834, "Cw46": 0.04414331337486397, "xscale46": 0.41476322766701923, "yscale46": 0.41476322766701923, "zscale46": 0.41476322766701923, "Cab47": 39.98711724955461, "Cw47": 0.020657515397308007, "xscale47": 0.4201504914573783, "yscale47": 0.4201504914573783, "zscale47": 0.4201504914573783, "Cab48": 68.17997980759878, "Cw48": 0.03708104613677934, "xscale48": 0.5963456971744118, "yscale48": 0.5963456971744118, "zscale48": 0.5963456971744118, "Cab49": 71.89313673840628, "Cw49": 0.03716366775167184, "xscale49": 0.41776656702714954, "yscale49": 0.41776656702714954, "zscale49": 0.41776656702714954, "Cab50": 86.16174896909702, "Cw50": 0.012250644935250535, "xscale50": 0.6427079204727053, "yscale50": 0.6427079204727053, "zscale50": 0.6427079204727053, "Cab51": 61.11758209443033, "Cw51": 0.023421358253591602, "xscale51": 0.7725386702095287, "yscale51": 0.7725386702095287, "zscale51": 0.7725386702095287, "Cab52": 64.4660669644379, "Cw52": 0.024916647492309887,