{"Cab0": 61.645319845602714, "Cw0": 0.013030091917324604, "xscale0": 0.665893657094956, "yscale0": 0.665893657094956, "zscale0": 0.665893657094956, "Cab1": 66.8575676901105, "Cw1": 0.031748288279191905, "xscale1": 0.6259424606120189, "yscale1": 0.6259424606120189, "zscale1": 0.6259424606120189, "Cab2": 86.707902129225, "Cw2": 0.0408733770304531, "xscale2": 0.6816848696056184, "yscale2": 0.6816848696056184, "zscale2": 0.6816848696056184, "Cab3": 28.5768301600961, "Cw3": 0.014462274621095759, "xscale3": 0.4221134618269143, "yscale3": 0.4221134618269143, "zscale3": 0.4221134618269143, "Cab4": 76.67548084811726, "Cw4": 0.04235488839652233, "xscale4": 0.6817349546937616, "yscale4": 0.6817349546937616, "zscale4": 0.6817349546937616, "Cab5": 61.126379459403076, "Cw5": 0.04441529995040083, "xscale5": 0.7408787644082571, "yscale5": 0.7408787644082571, "zscale5": 0.7408787644082571, "Cab6": 21.536277111233208, "Cw6": 0.042608258049383584, "xscale6": 0.6430365082991966, "yscale6": 0.6430365082991966, "zscale6": 0.6430365082991966, "Cab7": 83.26529047886865, "Cw7": 0.023584182782418375, "xscale7": 0.6559791567698915, "yscale7": 0.6559791567698915, "zscale7": 0.6559791567698915, "Cab8": 50.901057090822306, "Cw8": 0.034572886078104895, "xscale8": 0.4633109188231428, "yscale8": 0.4633109188231428, "zscale8": 0.4633109188231428, "Cab9": 84.12422600308886, "Cw9": 0.029151481004755217, "xscale9": 0.5574219301915087, "yscale9": 0.5574219301915087, "zscale9": 0.5574219301915087, "Cab10": 87.93160698970672, "Cw10": 0.03112592361516757, "xscale10": 0.4122118709087343, "yscale10": 0.4122118709087343, "zscale10": 0.4122118709087343, "Cab11": 64.27183529295473, "Cw11": 0.044148092003038895, "xscale11": 0.5864595294396495, "yscale11": 0.5864595294396495, "zscale11": 0.5864595294396495, "Cab12": 43.35063300869806, "Cw12": 0.03471629600015755, "xscale12": 0.4909897597088145, "yscale12": 0.4909897597088145, "zscale12": 0.4909897597088145, "Cab13": 51.727580037968686, "Cw13": 0.018245307895576636, "xscale13": 0.6189265662394028, "yscale13": 0.6189265662394028, "zscale13": 0.6189265662394028, "Cab14": 35.700768458797114, "Cw14": 0.031225980768039036, "xscale14": 0.5366399138287283, "yscale14": 0.5366399138287283, "zscale14": 0.5366399138287283, "Cab15": 88.62370932575992, "Cw15": 0.012820152099263776, "xscale15": 0.5631518151229207, "yscale15": 0.5631518151229207, "zscale15": 0.5631518151229207, "Cab16": 68.23943429746868, "Cw16": 0.02781989356888776, "xscale16": 0.5660853772668374, "yscale16": 0.5660853772668374, "zscale16": 0.5660853772668374, "Cab17": 85.77982558408596, "Cw17": 0.03607338931514331, "xscale17": 0.4771173629330766, "yscale17": 0.4771173629330766, "zscale17": 0.4771173629330766, "Cab18": 36.70391907705071, "Cw18": 0.042756505067843384, "xscale18": 0.6247467704225591, "yscale18": 0.6247467704225591, "zscale18": 0.6247467704225591, "Cab19": 63.145991710942596, "Cw19": 0.027033819129399575, "xscale19": 0.5074468517912285, "yscale19": 0.5074468517912285, "zscale19": 0.5074468517912285, "Cab20": 37.933768591441094, "Cw20": 0.028649820902949638, "xscale20": 0.5829397141613227, "yscale20": 0.5829397141613227, "zscale20": 0.5829397141613227, "Cab21": 20.487110673610662, "Cw21": 0.028979120627228017, "xscale21": 0.4458700656980687, "yscale21": 0.4458700656980687, "zscale21": 0.4458700656980687, "Cab22": 62.22775254823182, "Cw22": 0.04319114838966975, "xscale22": 0.5438503261138345, "yscale22": 0.5438503261138345, "zscale22": 0.5438503261138345, "Cab23": 56.43306170341606, "Cw23": 0.024216734241855206, "xscale23": 0.679336271198791, "yscale23": 0.679336271198791, "zscale23": 0.679336271198791, "Cab24": 38.51298191753515, "Cw24": 0.03693842776722008, "xscale24": 0.5799602182416921, "yscale24": 0.5799602182416921, "zscale24": 0.5799602182416921, "Cab25": 86.0122664519547, "Cw25": 0.01933985945817015, "xscale25": 0.6166354734278643, "yscale25": 0.6166354734278643, "zscale25": 0.6166354734278643, "Cab26": 58.2685583280381, "Cw26": 0.044134672775524415, "xscale26": 0.6702423986129618, "yscale26": 0.6702423986129618, "zscale26": 0.6702423986129618, "Cab27": 51.06069417849157, "Cw27": 0.04493765574363638, "xscale27": 0.37501205528162906, "yscale27": 0.37501205528162906, "zscale27": 0.37501205528162906, "Cab28": 60.97553740439237, "Cw28": 0.03590339291129606, "xscale28": 0.46463255922285995, "yscale28": 0.46463255922285995, "zscale28": 0.46463255922285995, "Cab29": 43.39716744903811, "Cw29": 0.028912339924387853, "xscale29": 0.6719660593026571, "yscale29": 0.6719660593026571, "zscale29": 0.6719660593026571, "Cab30": 22.70202811351907, "Cw30": 0.03293713634056255, "xscale30": 0.39090660738263056, "yscale30": 0.39090660738263056, "zscale30": 0.39090660738263056, "Cab31": 66.59433473417894, "Cw31": 0.04222210776830656, "xscale31": 0.6166392461465944, "yscale31": 0.6166392461465944, "zscale31": 0.6166392461465944, "Cab32": 80.75319501942263, "Cw32": 0.04233774981422008, "xscale32": 0.4850273400545433, "yscale32": 0.4850273400545433, "zscale32": 0.4850273400545433, "Cab33": 72.55998835897142, "Cw33": 0.02824510382514854, "xscale33": 0.39199988954946013, "yscale33": 0.39199988954946013, "zscale33": 0.39199988954946013, "Cab34": 35.49462276926315, "Cw34": 0.026306914475631556, "xscale34": 0.5646950286648051, "yscale34": 0.5646950286648051, "zscale34": 0.5646950286648051, "Cab35": 88.6721837911939, "Cw35": 0.02838659370823722, "xscale35": 0.38900317884985924, "yscale35": 0.38900317884985924, "zscale35": 0.38900317884985924, "Cab36": 84.64980136160293, "Cw36": 0.020282039863260125, "xscale36": 0.7242616110125286, "yscale36": 0.7242616110125286, "zscale36": 0.7242616110125286, "Cab37": 28.416425827251835, "Cw37": 0.04859013542679546, "xscale37": 0.3990045960829504, "yscale37": 0.3990045960829504, "zscale37": 0.3990045960829504, "Cab38": 39.27174159784026, "Cw38": 0.022483955255458415, "xscale38": 0.4915598688565296, "yscale38": 0.4915598688565296, "zscale38": 0.4915598688565296, "Cab39": 85.14240835510346, "Cw39": 0.04070909315185094, "xscale39": 0.7195742175679546, "yscale39": 0.7195742175679546, "zscale39": 0.7195742175679546, "Cab40": 66.59972281365941, "Cw40": 0.021340595490568454, "xscale40": 0.48071803656361123, "yscale40": 0.48071803656361123, "zscale40": 0.48071803656361123, "Cab41": 21.84152866500737, "Cw41": 0.029489548006622207, "xscale41": 0.5023681953885546, "yscale41": 0.5023681953885546, "zscale41": 0.5023681953885546, "Cab42": 73.95186584048787, "Cw42": 0.014820733774192966, "xscale42": 0.6512786705966415, "yscale42": 0.6512786705966415, "zscale42": 0.6512786705966415, "Cab43": 35.89069382613621, "Cw43": 0.03437129389115162, "xscale43": 0.5430012589109541, "yscale43": 0.5430012589109541, "zscale43": 0.5430012589109541, "Cab44": 73.66436493923345, "Cw44": 0.012356503183203827, "xscale44": 0.5041306124012064, "yscale44": 0.5041306124012064, "zscale44": 0.5041306124012064, "Cab45": 37.49836389699028, "Cw45": 0.018083317122306222, "xscale45": 0.3629427063361681, "yscale45": 0.3629427063361681, "zscale45": 0.3629427063361681, "Cab46": 24.518186785262493, "Cw46": 0.0410907675009793, "xscale46": 0.505412920304878, "yscale46": 0.505412920304878, "zscale46": 0.505412920304878, "Cab47": 40.71997142997972, "Cw47": 0.023316359745293887, "xscale47": 0.5355382554366704, "yscale47": 0.5355382554366704, "zscale47": 0.5355382554366704, "Cab48": 47.03676505355854, "Cw48": 0.01145130034260447, "xscale48": 0.6296597072190263, "yscale48": 0.6296597072190263, "zscale48": 0.6296597072190263, "Cab49": 74.36822942767937, "Cw49": 0.029573005577053883, "xscale49": 0.5149581753139452, "yscale49": 0.5149581753139452, "zscale49": 0.5149581753139452, "Cab50": 71.5269425785524, "Cw50": 0.03834338624628044, "xscale50": 0.5432857766099536, "yscale50": 0.5432857766099536, "zscale50": 0.5432857766099536, "Cab51": 20.30052827198329, "Cw51": 0.024088908051212846, "xscale51": 0.7891103099374834, "yscale51": 0.7891103099374834, "zscale51": 0.7891103099374834, "Cab52": 60.823540211533796,