{"Cab0": 24.041774161651627, "Cw0": 0.04142440843408577, "xscale0": 0.7284407547185108, "yscale0": 0.7284407547185108, "zscale0": 0.7284407547185108, "Cab1": 55.41933221804298, "Cw1": 0.03427893514892825, "xscale1": 0.6702205584125506, "yscale1": 0.6702205584125506, "zscale1": 0.6702205584125506, "Cab2": 68.92833434141349, "Cw2": 0.03186174403686352, "xscale2": 0.5781196997344599, "yscale2": 0.5781196997344599, "zscale2": 0.5781196997344599, "Cab3": 51.8617797917882, "Cw3": 0.03552567136250538, "xscale3": 0.5389106715892824, "yscale3": 0.5389106715892824, "zscale3": 0.5389106715892824, "Cab4": 79.88391397292952, "Cw4": 0.03560875421206128, "xscale4": 0.6068258545526505, "yscale4": 0.6068258545526505, "zscale4": 0.6068258545526505, "Cab5": 27.988611872386826, "Cw5": 0.01627573761522888, "xscale5": 0.6179110845370042, "yscale5": 0.6179110845370042, "zscale5": 0.6179110845370042, "Cab6": 78.41789729835341, "Cw6": 0.03439720353749068, "xscale6": 0.5575969298811402, "yscale6": 0.5575969298811402, "zscale6": 0.5575969298811402, "Cab7": 43.829460345494795, "Cw7": 0.048646029863748545, "xscale7": 0.6038699459786777, "yscale7": 0.6038699459786777, "zscale7": 0.6038699459786777, "Cab8": 77.89026446987455, "Cw8": 0.026772114938814942, "xscale8": 0.5022400246119306, "yscale8": 0.5022400246119306, "zscale8": 0.5022400246119306, "Cab9": 23.94273793299036, "Cw9": 0.015682054819488745, "xscale9": 0.7339013916880577, "yscale9": 0.7339013916880577, "zscale9": 0.7339013916880577, "Cab10": 83.12155470762622, "Cw10": 0.032953233479410655, "xscale10": 0.5622355894345221, "yscale10": 0.5622355894345221, "zscale10": 0.5622355894345221, "Cab11": 47.12821335593078, "Cw11": 0.023587829736710666, "xscale11": 0.5484801177193986, "yscale11": 0.5484801177193986, "zscale11": 0.5484801177193986, "Cab12": 56.39528649337343, "Cw12": 0.030089366303320937, "xscale12": 0.5718035746910974, "yscale12": 0.5718035746910974, "zscale12": 0.5718035746910974, "Cab13": 30.38773252346973, "Cw13": 0.04013616852240203, "xscale13": 0.6682127920622882, "yscale13": 0.6682127920622882, "zscale13": 0.6682127920622882, "Cab14": 37.07155323198808, "Cw14": 0.035491108862904186, "xscale14": 0.4840976668694823, "yscale14": 0.4840976668694823, "zscale14": 0.4840976668694823, "Cab15": 88.09391404655827, "Cw15": 0.047629625509006346, "xscale15": 0.5408169394074998, "yscale15": 0.5408169394074998, "zscale15": 0.5408169394074998, "Cab16": 55.35814356936493, "Cw16": 0.03742143918851811, "xscale16": 0.6784562513348983, "yscale16": 0.6784562513348983, "zscale16": 0.6784562513348983, "Cab17": 89.02384462434793, "Cw17": 0.0493797067323184, "xscale17": 0.47555270816658873, "yscale17": 0.47555270816658873, "zscale17": 0.47555270816658873, "Cab18": 20.198105239189143, "Cw18": 0.02016912024268028, "xscale18": 0.59859954331113, "yscale18": 0.59859954331113, "zscale18": 0.59859954331113, "Cab19": 47.9418512751845, "Cw19": 0.03463476959352057, "xscale19": 0.6094522389697355, "yscale19": 0.6094522389697355, "zscale19": 0.6094522389697355, "Cab20": 87.76554470363432, "Cw20": 0.04154211116758153, "xscale20": 0.6533378257990778, "yscale20": 0.6533378257990778, "zscale20": 0.6533378257990778, "Cab21": 66.83631894346796, "Cw21": 0.03568556003239786, "xscale21": 0.5758784850908233, "yscale21": 0.5758784850908233, "zscale21": 0.5758784850908233, "Cab22": 50.670432991139315, "Cw22": 0.04384514481892481, "xscale22": 0.5371366104735769, "yscale22": 0.5371366104735769, "zscale22": 0.5371366104735769, "Cab23": 68.04803326227702, "Cw23": 0.021081179614350985, "xscale23": 0.5930409668617185, "yscale23": 0.5930409668617185, "zscale23": 0.5930409668617185, "Cab24": 28.681973917591897, "Cw24": 0.022771484500039692, "xscale24": 0.5891084394484046, "yscale24": 0.5891084394484046, "zscale24": 0.5891084394484046, "Cab25": 34.38192757364199, "Cw25": 0.017105306222691997, "xscale25": 0.6980520697579364, "yscale25": 0.6980520697579364, "zscale25": 0.6980520697579364, "Cab26": 37.40928901140216, "Cw26": 0.02974974609327971, "xscale26": 0.5063191746374388, "yscale26": 0.5063191746374388, "zscale26": 0.5063191746374388, "Cab27": 40.986082030267625, "Cw27": 0.014818350134545272, "xscale27": 0.4015953859125462, "yscale27": 0.4015953859125462, "zscale27": 0.4015953859125462, "Cab28": 33.89839306201272, "Cw28": 0.022308433034821197, "xscale28": 0.45041234813267617, "yscale28": 0.45041234813267617, "zscale28": 0.45041234813267617, "Cab29": 81.91742876052706, "Cw29": 0.015818525739147937, "xscale29": 0.7188554539758163, "yscale29": 0.7188554539758163, "zscale29": 0.7188554539758163, "Cab30": 20.40443571066885, "Cw30": 0.010403006208369462, "xscale30": 0.4553441378618676, "yscale30": 0.4553441378618676, "zscale30": 0.4553441378618676, "Cab31": 74.87008722231286, "Cw31": 0.02872275903210006, "xscale31": 0.7032874272706893, "yscale31": 0.7032874272706893, "zscale31": 0.7032874272706893, "Cab32": 84.32605202958175, "Cw32": 0.02404883946451382, "xscale32": 0.4567101946139786, "yscale32": 0.4567101946139786, "zscale32": 0.4567101946139786, "Cab33": 66.64179156587002, "Cw33": 0.03469667883851155, "xscale33": 0.4704687566678836, "yscale33": 0.4704687566678836, "zscale33": 0.4704687566678836, "Cab34": 51.44353609540386, "Cw34": 0.02591099920940136, "xscale34": 0.6021092996812536, "yscale34": 0.6021092996812536, "zscale34": 0.6021092996812536, "Cab35": 54.135657405647045, "Cw35": 0.016683424092314946, "xscale35": 0.3475038217268982, "yscale35": 0.3475038217268982, "zscale35": 0.3475038217268982, "Cab36": 85.60769782159238, "Cw36": 0.027352382706755538, "xscale36": 0.6107472178444471, "yscale36": 0.6107472178444471, "zscale36": 0.6107472178444471, "Cab37": 29.945145933306897, "Cw37": 0.048506946765736796, "xscale37": 0.5224410580161252, "yscale37": 0.5224410580161252, "zscale37": 0.5224410580161252, "Cab38": 79.47805692518716, "Cw38": 0.03176057580277001, "xscale38": 0.5594945216962063, "yscale38": 0.5594945216962063, "zscale38": 0.5594945216962063, "Cab39": 34.191000471976096, "Cw39": 0.011174351531227096, "xscale39": 0.5979628909428026, "yscale39": 0.5979628909428026, "zscale39": 0.5979628909428026, "Cab40": 52.837564464428844, "Cw40": 0.028989154340284762, "xscale40": 0.641491824241536, "yscale40": 0.641491824241536, "zscale40": 0.641491824241536, "Cab41": 63.68104166220273, "Cw41": 0.019452362908278134, "xscale41": 0.6232092985756015, "yscale41": 0.6232092985756015, "zscale41": 0.6232092985756015, "Cab42": 75.98854284742345, "Cw42": 0.03372151233528497, "xscale42": 0.48361535038633685, "yscale42": 0.48361535038633685, "zscale42": 0.48361535038633685, "Cab43": 20.224579614073534, "Cw43": 0.032437646024426184, "xscale43": 0.630855283061816, "yscale43": 0.630855283061816, "zscale43": 0.630855283061816, "Cab44": 58.10602749441504, "Cw44": 0.03449360180474399, "xscale44": 0.3934023727130386, "yscale44": 0.3934023727130386, "zscale44": 0.3934023727130386, "Cab45": 23.141219611865985, "Cw45": 0.02338623961934544, "xscale45": 0.3489291311021371, "yscale45": 0.3489291311021371, "zscale45": 0.3489291311021371, "Cab46": 87.82139285570298, "Cw46": 0.044419353916023106, "xscale46": 0.5026285657562671, "yscale46": 0.5026285657562671, "zscale46": 0.5026285657562671, "Cab47": 76.45140279824255, "Cw47": 0.02534442958415234, "xscale47": 0.5033988202312847, "yscale47": 0.5033988202312847, "zscale47": 0.5033988202312847, "Cab48": 75.91967877465122, "Cw48": 0.04311145494330117, "xscale48": 0.5516228848916588, "yscale48": 0.5516228848916588, "zscale48": 0.5516228848916588, "Cab49": 54.03055835999774, "Cw49": 0.03990643088120252, "xscale49": 0.49604073100090523, "yscale49": 0.49604073100090523, "zscale49": 0.49604073100090523, "Cab50": 67.40386807570869, "Cw50": 0.03842872116471033, "xscale50": 0.7729381965046378, "yscale50": 0.7729381965046378, "zscale50": 0.7729381965046378, "Cab51": 54.55062327503466, "Cw51": 0.0281047590236524, "xscale51": 0.6788177759987869, "yscale51": 0.6788177759987869, "zscale51": 0.6788177759987869, "Cab52": 49.880953868273444, "Cw52": 0.03035795784174468,