{"Cab0": 89.19406805387759, "Cw0": 0.04178939347131939, "xscale0": 0.818357045448356, "yscale0": 0.818357045448356, "zscale0": 0.818357045448356, "Cab1": 22.730979271238514, "Cw1": 0.021729114222964918, "xscale1": 0.5686841625308716, "yscale1": 0.5686841625308716, "zscale1": 0.5686841625308716, "Cab2": 60.834071691994794, "Cw2": 0.04716090071677251, "xscale2": 0.7036120253185336, "yscale2": 0.7036120253185336, "zscale2": 0.7036120253185336, "Cab3": 25.227471242209084, "Cw3": 0.02958202776481357, "xscale3": 0.4700350821829314, "yscale3": 0.4700350821829314, "zscale3": 0.4700350821829314, "Cab4": 60.07963500596103, "Cw4": 0.031162596873234992, "xscale4": 0.5894802302776706, "yscale4": 0.5894802302776706, "zscale4": 0.5894802302776706, "Cab5": 36.43484575108964, "Cw5": 0.017885499201406294, "xscale5": 0.6687444122422511, "yscale5": 0.6687444122422511, "zscale5": 0.6687444122422511, "Cab6": 35.0465293046497, "Cw6": 0.020560391761561592, "xscale6": 0.45498832634467185, "yscale6": 0.45498832634467185, "zscale6": 0.45498832634467185, "Cab7": 73.08959916345175, "Cw7": 0.0402799144245392, "xscale7": 0.6460810716339622, "yscale7": 0.6460810716339622, "zscale7": 0.6460810716339622, "Cab8": 69.12139077852237, "Cw8": 0.04572329200225379, "xscale8": 0.48438207433325986, "yscale8": 0.48438207433325986, "zscale8": 0.48438207433325986, "Cab9": 61.53514300356124, "Cw9": 0.03960828732942275, "xscale9": 0.6669685080531503, "yscale9": 0.6669685080531503, "zscale9": 0.6669685080531503, "Cab10": 84.57033871458022, "Cw10": 0.03520087078998883, "xscale10": 0.4743130746468771, "yscale10": 0.4743130746468771, "zscale10": 0.4743130746468771, "Cab11": 68.78952939160423, "Cw11": 0.04071972332584423, "xscale11": 0.520058638985667, "yscale11": 0.520058638985667, "zscale11": 0.520058638985667, "Cab12": 62.844693771246234, "Cw12": 0.04178516788437573, "xscale12": 0.45909354374376093, "yscale12": 0.45909354374376093, "zscale12": 0.45909354374376093, "Cab13": 80.7285104788703, "Cw13": 0.027045130418725062, "xscale13": 0.6006709584786442, "yscale13": 0.6006709584786442, "zscale13": 0.6006709584786442, "Cab14": 29.642920685693515, "Cw14": 0.011885808857973381, "xscale14": 0.6466994320305579, "yscale14": 0.6466994320305579, "zscale14": 0.6466994320305579, "Cab15": 49.48047169986505, "Cw15": 0.04055400064956423, "xscale15": 0.4642228143134181, "yscale15": 0.4642228143134181, "zscale15": 0.4642228143134181, "Cab16": 43.107810136333434, "Cw16": 0.03431886293293484, "xscale16": 0.5682983794624236, "yscale16": 0.5682983794624236, "zscale16": 0.5682983794624236, "Cab17": 80.24833414994768, "Cw17": 0.030971698171752174, "xscale17": 0.6650600579331052, "yscale17": 0.6650600579331052, "zscale17": 0.6650600579331052, "Cab18": 23.778209538090195, "Cw18": 0.035382855062336536, "xscale18": 0.6085334857003777, "yscale18": 0.6085334857003777, "zscale18": 0.6085334857003777, "Cab19": 67.13107654571056, "Cw19": 0.04071010322651066, "xscale19": 0.659497365200636, "yscale19": 0.659497365200636, "zscale19": 0.659497365200636, "Cab20": 74.43266985504565, "Cw20": 0.039356517491794744, "xscale20": 0.6243284884065865, "yscale20": 0.6243284884065865, "zscale20": 0.6243284884065865, "Cab21": 67.47957623442505, "Cw21": 0.040992375206427616, "xscale21": 0.6402316180906279, "yscale21": 0.6402316180906279, "zscale21": 0.6402316180906279, "Cab22": 26.876772330900483, "Cw22": 0.020856826396903037, "xscale22": 0.5491779305156385, "yscale22": 0.5491779305156385, "zscale22": 0.5491779305156385, "Cab23": 33.778061077211376, "Cw23": 0.029742180259560796, "xscale23": 0.5015853490289004, "yscale23": 0.5015853490289004, "zscale23": 0.5015853490289004, "Cab24": 24.801063634897172, "Cw24": 0.03907149751451127, "xscale24": 0.6138388023996261, "yscale24": 0.6138388023996261, "zscale24": 0.6138388023996261, "Cab25": 22.877704824942292, "Cw25": 0.017040317736278534, "xscale25": 0.6050735457279124, "yscale25": 0.6050735457279124, "zscale25": 0.6050735457279124, "Cab26": 41.873016357231265, "Cw26": 0.037734041192973945, "xscale26": 0.6629856723811959, "yscale26": 0.6629856723811959, "zscale26": 0.6629856723811959, "Cab27": 70.15607798825877, "Cw27": 0.017812293963705202, "xscale27": 0.42495246108419327, "yscale27": 0.42495246108419327, "zscale27": 0.42495246108419327, "Cab28": 73.35430721494512, "Cw28": 0.029592355718377567, "xscale28": 0.4077877924643057, "yscale28": 0.4077877924643057, "zscale28": 0.4077877924643057, "Cab29": 50.11925149470999, "Cw29": 0.011313684737358503, "xscale29": 0.715139010599595, "yscale29": 0.715139010599595, "zscale29": 0.715139010599595, "Cab30": 76.52635911892361, "Cw30": 0.023508955280959108, "xscale30": 0.4456129431319263, "yscale30": 0.4456129431319263, "zscale30": 0.4456129431319263, "Cab31": 77.1648477769042, "Cw31": 0.03853888487100492, "xscale31": 0.6198380967734686, "yscale31": 0.6198380967734686, "zscale31": 0.6198380967734686, "Cab32": 84.75817178529314, "Cw32": 0.019935520805757553, "xscale32": 0.5493170918275246, "yscale32": 0.5493170918275246, "zscale32": 0.5493170918275246, "Cab33": 36.120773393516686, "Cw33": 0.042110614611286186, "xscale33": 0.4884623439602401, "yscale33": 0.4884623439602401, "zscale33": 0.4884623439602401, "Cab34": 86.264289876256, "Cw34": 0.013374153185608112, "xscale34": 0.5345020686246278, "yscale34": 0.5345020686246278, "zscale34": 0.5345020686246278, "Cab35": 46.67111751936778, "Cw35": 0.03966171984429881, "xscale35": 0.437788953399367, "yscale35": 0.437788953399367, "zscale35": 0.437788953399367, "Cab36": 87.66876417254569, "Cw36": 0.017592195373985764, "xscale36": 0.6935051363844598, "yscale36": 0.6935051363844598, "zscale36": 0.6935051363844598, "Cab37": 40.19160463217288, "Cw37": 0.04962656137076276, "xscale37": 0.36831071530891524, "yscale37": 0.36831071530891524, "zscale37": 0.36831071530891524, "Cab38": 25.070156856668415, "Cw38": 0.021090586917990168, "xscale38": 0.4308233167374886, "yscale38": 0.4308233167374886, "zscale38": 0.4308233167374886, "Cab39": 78.25733590079328, "Cw39": 0.049380793393913235, "xscale39": 0.5820296795656237, "yscale39": 0.5820296795656237, "zscale39": 0.5820296795656237, "Cab40": 38.76922350608922, "Cw40": 0.020837647631961678, "xscale40": 0.47701823098513063, "yscale40": 0.47701823098513063, "zscale40": 0.47701823098513063, "Cab41": 34.7442571973962, "Cw41": 0.010901951014252412, "xscale41": 0.6099569870417519, "yscale41": 0.6099569870417519, "zscale41": 0.6099569870417519, "Cab42": 82.04305888369908, "Cw42": 0.04856278915698003, "xscale42": 0.5657424124784423, "yscale42": 0.5657424124784423, "zscale42": 0.5657424124784423, "Cab43": 36.06288045505998, "Cw43": 0.03955102394878895, "xscale43": 0.6228950514082431, "yscale43": 0.6228950514082431, "zscale43": 0.6228950514082431, "Cab44": 32.24251585807873, "Cw44": 0.022884056456329425, "xscale44": 0.3782860474720179, "yscale44": 0.3782860474720179, "zscale44": 0.3782860474720179, "Cab45": 72.87577632102045, "Cw45": 0.026256231958337928, "xscale45": 0.3945474076290644, "yscale45": 0.3945474076290644, "zscale45": 0.3945474076290644, "Cab46": 72.59541313822092, "Cw46": 0.02595842482618671, "xscale46": 0.4817282779345651, "yscale46": 0.4817282779345651, "zscale46": 0.4817282779345651, "Cab47": 72.04023733886721, "Cw47": 0.048022320344784306, "xscale47": 0.43196243333268297, "yscale47": 0.43196243333268297, "zscale47": 0.43196243333268297, "Cab48": 34.01248527701778, "Cw48": 0.038231358718635665, "xscale48": 0.613522290931126, "yscale48": 0.613522290931126, "zscale48": 0.613522290931126, "Cab49": 33.34565011411681, "Cw49": 0.03452199687445663, "xscale49": 0.4351266851614947, "yscale49": 0.4351266851614947, "zscale49": 0.4351266851614947, "Cab50": 77.32952592614069, "Cw50": 0.047303246129551044, "xscale50": 0.5945328824515599, "yscale50": 0.5945328824515599, "zscale50": 0.5945328824515599, "Cab51": 36.17424501906843, "Cw51": 0.02743663656042883, "xscale51": 0.6593748878019852, "yscale51": 0.6593748878019852, "zscale51": 0.6593748878019852, "Cab52": 36.51392336487761,