{"Cab0": 76.7381159375644, "Cw0": 0.049044859958679486, "xscale0": 0.7351779455605342, "yscale0": 0.7351779455605342, "zscale0": 0.7351779455605342, "Cab1": 22.25197441592682, "Cw1": 0.029144962906746813, "xscale1": 0.49064690179376436, "yscale1": 0.49064690179376436, "zscale1": 0.49064690179376436, "Cab2": 80.84882575890728, "Cw2": 0.029874050910066355, "xscale2": 0.5985318853307654, "yscale2": 0.5985318853307654, "zscale2": 0.5985318853307654, "Cab3": 78.85272548221101, "Cw3": 0.029485007155748408, "xscale3": 0.4160739715329422, "yscale3": 0.4160739715329422, "zscale3": 0.4160739715329422, "Cab4": 55.15369480990863, "Cw4": 0.01056255167091845, "xscale4": 0.6461544114336784, "yscale4": 0.6461544114336784, "zscale4": 0.6461544114336784, "Cab5": 51.580219955943065, "Cw5": 0.04205690466123482, "xscale5": 0.8071139607182526, "yscale5": 0.8071139607182526, "zscale5": 0.8071139607182526, "Cab6": 24.464219612973118, "Cw6": 0.02648406761247256, "xscale6": 0.49417649182502876, "yscale6": 0.49417649182502876, "zscale6": 0.49417649182502876, "Cab7": 45.08934604127879, "Cw7": 0.017169933861048634, "xscale7": 0.4527576262291276, "yscale7": 0.4527576262291276, "zscale7": 0.4527576262291276, "Cab8": 31.574182692549552, "Cw8": 0.028407823756083313, "xscale8": 0.4595274573325454, "yscale8": 0.4595274573325454, "zscale8": 0.4595274573325454, "Cab9": 24.10795757384058, "Cw9": 0.01842652651159403, "xscale9": 0.6637561339932854, "yscale9": 0.6637561339932854, "zscale9": 0.6637561339932854, "Cab10": 89.56659950737945, "Cw10": 0.035464712157033, "xscale10": 0.5902477643981526, "yscale10": 0.5902477643981526, "zscale10": 0.5902477643981526, "Cab11": 27.462516906203867, "Cw11": 0.036084316303971166, "xscale11": 0.6703646820059034, "yscale11": 0.6703646820059034, "zscale11": 0.6703646820059034, "Cab12": 38.022050737723276, "Cw12": 0.010617478975731603, "xscale12": 0.6372509458848867, "yscale12": 0.6372509458848867, "zscale12": 0.6372509458848867, "Cab13": 78.93671319416453, "Cw13": 0.04928957667986566, "xscale13": 0.7032975110863322, "yscale13": 0.7032975110863322, "zscale13": 0.7032975110863322, "Cab14": 54.978578686562926, "Cw14": 0.029494060101211347, "xscale14": 0.5017587384965584, "yscale14": 0.5017587384965584, "zscale14": 0.5017587384965584, "Cab15": 28.375522528448315, "Cw15": 0.01906813216187381, "xscale15": 0.49340895929724515, "yscale15": 0.49340895929724515, "zscale15": 0.49340895929724515, "Cab16": 24.902353664277573, "Cw16": 0.028856997921221643, "xscale16": 0.6909228915693826, "yscale16": 0.6909228915693826, "zscale16": 0.6909228915693826, "Cab17": 65.89136561641033, "Cw17": 0.04607870501501193, "xscale17": 0.48270549282987196, "yscale17": 0.48270549282987196, "zscale17": 0.48270549282987196, "Cab18": 66.6328459598352, "Cw18": 0.03180605652858332, "xscale18": 0.7738835750529535, "yscale18": 0.7738835750529535, "zscale18": 0.7738835750529535, "Cab19": 25.030266582473022, "Cw19": 0.04228580195982319, "xscale19": 0.45652032426813405, "yscale19": 0.45652032426813405, "zscale19": 0.45652032426813405, "Cab20": 36.608205308161374, "Cw20": 0.012067222520493918, "xscale20": 0.5631592698934945, "yscale20": 0.5631592698934945, "zscale20": 0.5631592698934945, "Cab21": 25.7401117497015, "Cw21": 0.022979586731345994, "xscale21": 0.48140849224641435, "yscale21": 0.48140849224641435, "zscale21": 0.48140849224641435, "Cab22": 89.21554471324299, "Cw22": 0.042701858138948064, "xscale22": 0.5526958783537832, "yscale22": 0.5526958783537832, "zscale22": 0.5526958783537832, "Cab23": 70.17608362370227, "Cw23": 0.033873929821525386, "xscale23": 0.5093862244773625, "yscale23": 0.5093862244773625, "zscale23": 0.5093862244773625, "Cab24": 70.31926008027222, "Cw24": 0.031417500188195814, "xscale24": 0.47438447406901846, "yscale24": 0.47438447406901846, "zscale24": 0.47438447406901846, "Cab25": 44.5730759812521, "Cw25": 0.014839795204357437, "xscale25": 0.6470850330590586, "yscale25": 0.6470850330590586, "zscale25": 0.6470850330590586, "Cab26": 47.89945407157721, "Cw26": 0.025011218299521767, "xscale26": 0.4969742856530055, "yscale26": 0.4969742856530055, "zscale26": 0.4969742856530055, "Cab27": 36.657953195710206, "Cw27": 0.01650898149194313, "xscale27": 0.3942210748932869, "yscale27": 0.3942210748932869, "zscale27": 0.3942210748932869, "Cab28": 39.87785639925315, "Cw28": 0.026896218521234846, "xscale28": 0.48668121291318794, "yscale28": 0.48668121291318794, "zscale28": 0.48668121291318794, "Cab29": 82.10197307567321, "Cw29": 0.044434834739152995, "xscale29": 0.640707716890028, "yscale29": 0.640707716890028, "zscale29": 0.640707716890028, "Cab30": 35.5163112792581, "Cw30": 0.0351605854856514, "xscale30": 0.3747761702401017, "yscale30": 0.3747761702401017, "zscale30": 0.3747761702401017, "Cab31": 25.156374722671302, "Cw31": 0.032658973479386816, "xscale31": 0.6380956545111177, "yscale31": 0.6380956545111177, "zscale31": 0.6380956545111177, "Cab32": 47.66145746838593, "Cw32": 0.033701718461336676, "xscale32": 0.4046083806820515, "yscale32": 0.4046083806820515, "zscale32": 0.4046083806820515, "Cab33": 21.074069799483837, "Cw33": 0.014460533313205253, "xscale33": 0.5198231890547761, "yscale33": 0.5198231890547761, "zscale33": 0.5198231890547761, "Cab34": 27.16272924661231, "Cw34": 0.04887395149675915, "xscale34": 0.5852062481269971, "yscale34": 0.5852062481269971, "zscale34": 0.5852062481269971, "Cab35": 53.66784433239583, "Cw35": 0.04531757180807554, "xscale35": 0.4448608476727377, "yscale35": 0.4448608476727377, "zscale35": 0.4448608476727377, "Cab36": 79.82386447459979, "Cw36": 0.01559452188635055, "xscale36": 0.5817877757953017, "yscale36": 0.5817877757953017, "zscale36": 0.5817877757953017, "Cab37": 47.402528668736636, "Cw37": 0.013996803702271441, "xscale37": 0.48227090609124346, "yscale37": 0.48227090609124346, "zscale37": 0.48227090609124346, "Cab38": 70.56505397655661, "Cw38": 0.0407918268022981, "xscale38": 0.3965707686455583, "yscale38": 0.3965707686455583, "zscale38": 0.3965707686455583, "Cab39": 64.11416869963176, "Cw39": 0.030443620500510242, "xscale39": 0.5155910004979686, "yscale39": 0.5155910004979686, "zscale39": 0.5155910004979686, "Cab40": 79.53069290755917, "Cw40": 0.04555923387639347, "xscale40": 0.5982240477602773, "yscale40": 0.5982240477602773, "zscale40": 0.5982240477602773, "Cab41": 71.58881994680274, "Cw41": 0.03993043030643564, "xscale41": 0.5316736156697626, "yscale41": 0.5316736156697626, "zscale41": 0.5316736156697626, "Cab42": 42.80140178839104, "Cw42": 0.04274544032935755, "xscale42": 0.5967953772864252, "yscale42": 0.5967953772864252, "zscale42": 0.5967953772864252, "Cab43": 67.40500929732806, "Cw43": 0.019383274492422387, "xscale43": 0.6172724561200016, "yscale43": 0.6172724561200016, "zscale43": 0.6172724561200016, "Cab44": 89.5599280964339, "Cw44": 0.029185868327217653, "xscale44": 0.4317456977580737, "yscale44": 0.4317456977580737, "zscale44": 0.4317456977580737, "Cab45": 23.11269721546465, "Cw45": 0.042440589483773404, "xscale45": 0.3064412671030667, "yscale45": 0.3064412671030667, "zscale45": 0.3064412671030667, "Cab46": 67.03306720789766, "Cw46": 0.02737256611456817, "xscale46": 0.4259382081889507, "yscale46": 0.4259382081889507, "zscale46": 0.4259382081889507, "Cab47": 37.08798024897228, "Cw47": 0.029042470968424994, "xscale47": 0.602663215158438, "yscale47": 0.602663215158438, "zscale47": 0.602663215158438, "Cab48": 46.684298779399654, "Cw48": 0.019036701898789504, "xscale48": 0.5890379923211624, "yscale48": 0.5890379923211624, "zscale48": 0.5890379923211624, "Cab49": 45.36408841315299, "Cw49": 0.013674652179069527, "xscale49": 0.5818184200810492, "yscale49": 0.5818184200810492, "zscale49": 0.5818184200810492, "Cab50": 36.17725709418153, "Cw50": 0.019674365536238102, "xscale50": 0.5806618610776878, "yscale50": 0.5806618610776878, "zscale50": 0.5806618610776878, "Cab51": 61.0440414951926, "Cw51": 0.0428190846986203, "xscale51": 0.8064389545658909, "yscale51": 0.8064389545658909, "zscale51": 0.8064389545658909, "Cab52": 84.3885834541319,