{"Cab0": 35.31899930819374, "Cw0": 0.01445152250072494, "xscale0": 0.7677622546619127, "yscale0": 0.7677622546619127, "zscale0": 0.7677622546619127, "Cab1": 58.41063034122746, "Cw1": 0.023528873543519936, "xscale1": 0.522963438007496, "yscale1": 0.522963438007496, "zscale1": 0.522963438007496, "Cab2": 78.77928846307802, "Cw2": 0.03225241449349248, "xscale2": 0.5761726389141462, "yscale2": 0.5761726389141462, "zscale2": 0.5761726389141462, "Cab3": 81.30602748986021, "Cw3": 0.036631983458918986, "xscale3": 0.449720247614049, "yscale3": 0.449720247614049, "zscale3": 0.449720247614049, "Cab4": 46.223179691939094, "Cw4": 0.011828907010125466, "xscale4": 0.5144232231390539, "yscale4": 0.5144232231390539, "zscale4": 0.5144232231390539, "Cab5": 61.463750531485694, "Cw5": 0.015238602619072759, "xscale5": 0.8906246922280512, "yscale5": 0.8906246922280512, "zscale5": 0.8906246922280512, "Cab6": 65.32359047170536, "Cw6": 0.014310419008272967, "xscale6": 0.6529026780065529, "yscale6": 0.6529026780065529, "zscale6": 0.6529026780065529, "Cab7": 29.59866223195106, "Cw7": 0.036887058286383556, "xscale7": 0.6120873354201819, "yscale7": 0.6120873354201819, "zscale7": 0.6120873354201819, "Cab8": 40.00028464970633, "Cw8": 0.015793806001017433, "xscale8": 0.4518781235790285, "yscale8": 0.4518781235790285, "zscale8": 0.4518781235790285, "Cab9": 28.840516898078988, "Cw9": 0.04914533460395043, "xscale9": 0.5494081677011822, "yscale9": 0.5494081677011822, "zscale9": 0.5494081677011822, "Cab10": 69.3386857806274, "Cw10": 0.019262762397549666, "xscale10": 0.5052981503767268, "yscale10": 0.5052981503767268, "zscale10": 0.5052981503767268, "Cab11": 49.052020066558505, "Cw11": 0.03233636778881417, "xscale11": 0.7514888138915289, "yscale11": 0.7514888138915289, "zscale11": 0.7514888138915289, "Cab12": 33.96031285802984, "Cw12": 0.04374070981976779, "xscale12": 0.6394889395878613, "yscale12": 0.6394889395878613, "zscale12": 0.6394889395878613, "Cab13": 48.894298397028884, "Cw13": 0.02394015130294748, "xscale13": 0.746272920577124, "yscale13": 0.746272920577124, "zscale13": 0.746272920577124, "Cab14": 68.54341635379637, "Cw14": 0.013416227783964736, "xscale14": 0.4473818725357474, "yscale14": 0.4473818725357474, "zscale14": 0.4473818725357474, "Cab15": 28.134745473879228, "Cw15": 0.017320545321334743, "xscale15": 0.5608407732434089, "yscale15": 0.5608407732434089, "zscale15": 0.5608407732434089, "Cab16": 87.72769770184624, "Cw16": 0.017072118830358515, "xscale16": 0.6707108268444523, "yscale16": 0.6707108268444523, "zscale16": 0.6707108268444523, "Cab17": 53.56441163975275, "Cw17": 0.012273806257895585, "xscale17": 0.4551166776191318, "yscale17": 0.4551166776191318, "zscale17": 0.4551166776191318, "Cab18": 42.31941127866965, "Cw18": 0.03746233487084372, "xscale18": 0.7108195787559173, "yscale18": 0.7108195787559173, "zscale18": 0.7108195787559173, "Cab19": 40.460921257744346, "Cw19": 0.026904487512879473, "xscale19": 0.5951008853729658, "yscale19": 0.5951008853729658, "zscale19": 0.5951008853729658, "Cab20": 42.42822511150264, "Cw20": 0.021041680368782446, "xscale20": 0.5560974634000165, "yscale20": 0.5560974634000165, "zscale20": 0.5560974634000165, "Cab21": 78.33587734887499, "Cw21": 0.03058583820872321, "xscale21": 0.5899627170792835, "yscale21": 0.5899627170792835, "zscale21": 0.5899627170792835, "Cab22": 40.5617966106404, "Cw22": 0.016476054012874348, "xscale22": 0.6043447822230787, "yscale22": 0.6043447822230787, "zscale22": 0.6043447822230787, "Cab23": 60.32371855373902, "Cw23": 0.04979078671269732, "xscale23": 0.6605703504324077, "yscale23": 0.6605703504324077, "zscale23": 0.6605703504324077, "Cab24": 55.45049539956364, "Cw24": 0.026381317591678832, "xscale24": 0.45926554515083723, "yscale24": 0.45926554515083723, "zscale24": 0.45926554515083723, "Cab25": 73.59705244210778, "Cw25": 0.03776149803028224, "xscale25": 0.6056341282131598, "yscale25": 0.6056341282131598, "zscale25": 0.6056341282131598, "Cab26": 84.66411591968492, "Cw26": 0.012367642094662807, "xscale26": 0.5346721707773895, "yscale26": 0.5346721707773895, "zscale26": 0.5346721707773895, "Cab27": 31.941772015365686, "Cw27": 0.013908942171087242, "xscale27": 0.3685319746226028, "yscale27": 0.3685319746226028, "zscale27": 0.3685319746226028, "Cab28": 49.1799923146456, "Cw28": 0.03838940411500631, "xscale28": 0.4438544926116317, "yscale28": 0.4438544926116317, "zscale28": 0.4438544926116317, "Cab29": 34.406424893292055, "Cw29": 0.01623900886475417, "xscale29": 0.6319637461775174, "yscale29": 0.6319637461775174, "zscale29": 0.6319637461775174, "Cab30": 58.12940983489511, "Cw30": 0.02855167370997784, "xscale30": 0.3342365677369962, "yscale30": 0.3342365677369962, "zscale30": 0.3342365677369962, "Cab31": 43.359331375723116, "Cw31": 0.03566569551858316, "xscale31": 0.5692370815583407, "yscale31": 0.5692370815583407, "zscale31": 0.5692370815583407, "Cab32": 81.41379831172927, "Cw32": 0.028917048582785966, "xscale32": 0.4661921039465966, "yscale32": 0.4661921039465966, "zscale32": 0.4661921039465966, "Cab33": 79.77386881176693, "Cw33": 0.028389450317496692, "xscale33": 0.5516521469839877, "yscale33": 0.5516521469839877, "zscale33": 0.5516521469839877, "Cab34": 47.95382952273269, "Cw34": 0.013784682084385361, "xscale34": 0.520372569872489, "yscale34": 0.520372569872489, "zscale34": 0.520372569872489, "Cab35": 74.96181932855994, "Cw35": 0.012789362250313374, "xscale35": 0.3468940831552822, "yscale35": 0.3468940831552822, "zscale35": 0.3468940831552822, "Cab36": 51.259448561686696, "Cw36": 0.04686534437598193, "xscale36": 0.660932259521459, "yscale36": 0.660932259521459, "zscale36": 0.660932259521459, "Cab37": 29.097131117948187, "Cw37": 0.01029999769219411, "xscale37": 0.4449561781812726, "yscale37": 0.4449561781812726, "zscale37": 0.4449561781812726, "Cab38": 41.2260344425888, "Cw38": 0.04632071441570622, "xscale38": 0.4013088720871995, "yscale38": 0.4013088720871995, "zscale38": 0.4013088720871995, "Cab39": 77.63864362550783, "Cw39": 0.025832048669927644, "xscale39": 0.5479604345173605, "yscale39": 0.5479604345173605, "zscale39": 0.5479604345173605, "Cab40": 77.89545415819646, "Cw40": 0.023276637935278482, "xscale40": 0.46704522232788276, "yscale40": 0.46704522232788276, "zscale40": 0.46704522232788276, "Cab41": 77.35567684287368, "Cw41": 0.03298125054554236, "xscale41": 0.639688935458174, "yscale41": 0.639688935458174, "zscale41": 0.639688935458174, "Cab42": 56.24638558160432, "Cw42": 0.02791268941060112, "xscale42": 0.47447574974629175, "yscale42": 0.47447574974629175, "zscale42": 0.47447574974629175, "Cab43": 76.41733156901246, "Cw43": 0.025092973211613544, "xscale43": 0.644365071487089, "yscale43": 0.644365071487089, "zscale43": 0.644365071487089, "Cab44": 58.36295444286975, "Cw44": 0.04036906383114081, "xscale44": 0.46211303908524237, "yscale44": 0.46211303908524237, "zscale44": 0.46211303908524237, "Cab45": 63.55742055732143, "Cw45": 0.033184685563265426, "xscale45": 0.3748957549382912, "yscale45": 0.3748957549382912, "zscale45": 0.3748957549382912, "Cab46": 88.32796229685597, "Cw46": 0.0339692276272594, "xscale46": 0.48678150612050275, "yscale46": 0.48678150612050275, "zscale46": 0.48678150612050275, "Cab47": 88.78407858292553, "Cw47": 0.033892735659796426, "xscale47": 0.4496866246606882, "yscale47": 0.4496866246606882, "zscale47": 0.4496866246606882, "Cab48": 78.94647233154221, "Cw48": 0.02411675083014059, "xscale48": 0.5518556664351748, "yscale48": 0.5518556664351748, "zscale48": 0.5518556664351748, "Cab49": 84.72351216225853, "Cw49": 0.027667048522001574, "xscale49": 0.5280475815694514, "yscale49": 0.5280475815694514, "zscale49": 0.5280475815694514, "Cab50": 79.29208247338354, "Cw50": 0.019061077098467886, "xscale50": 0.6676647821426497, "yscale50": 0.6676647821426497, "zscale50": 0.6676647821426497, "Cab51": 24.31171246892397, "Cw51": 0.03361413434863462, "xscale51": 0.5751124912516737, "yscale51": 0.5751124912516737, "zscale51": 0.5751124912516737, "Cab52": 66.83476911620406, "Cw52": 0.0451620115018903,