{"Cab0": 32.03616857149365, "Cw0": 0.025175001215632917, "xscale0": 0.7418491740277716, "yscale0": 0.7418491740277716, "zscale0": 0.7418491740277716, "Cab1": 27.65918040649936, "Cw1": 0.020602572741151286, "xscale1": 0.5531408204765594, "yscale1": 0.5531408204765594, "zscale1": 0.5531408204765594, "Cab2": 25.568570396356865, "Cw2": 0.026472213532724123, "xscale2": 0.6569376508844742, "yscale2": 0.6569376508844742, "zscale2": 0.6569376508844742, "Cab3": 83.43879219086489, "Cw3": 0.04033254094226957, "xscale3": 0.500696939857896, "yscale3": 0.500696939857896, "zscale3": 0.500696939857896, "Cab4": 72.9163786626516, "Cw4": 0.014101662421456137, "xscale4": 0.6637500735450951, "yscale4": 0.6637500735450951, "zscale4": 0.6637500735450951, "Cab5": 20.069518031968602, "Cw5": 0.04612860958342085, "xscale5": 0.910625081484893, "yscale5": 0.910625081484893, "zscale5": 0.910625081484893, "Cab6": 28.743133335846807, "Cw6": 0.032179743061654935, "xscale6": 0.5372626635391802, "yscale6": 0.5372626635391802, "zscale6": 0.5372626635391802, "Cab7": 55.22237791349825, "Cw7": 0.041322048584892204, "xscale7": 0.578002614804096, "yscale7": 0.578002614804096, "zscale7": 0.578002614804096, "Cab8": 62.575076642832336, "Cw8": 0.03610103731611467, "xscale8": 0.46159575660699054, "yscale8": 0.46159575660699054, "zscale8": 0.46159575660699054, "Cab9": 42.68537316153858, "Cw9": 0.010374750137966592, "xscale9": 0.6219533433284835, "yscale9": 0.6219533433284835, "zscale9": 0.6219533433284835, "Cab10": 61.17525151038183, "Cw10": 0.04203574345906975, "xscale10": 0.5585649763681694, "yscale10": 0.5585649763681694, "zscale10": 0.5585649763681694, "Cab11": 74.17746265320184, "Cw11": 0.04996042439449244, "xscale11": 0.5515657381470911, "yscale11": 0.5515657381470911, "zscale11": 0.5515657381470911, "Cab12": 72.08629818795772, "Cw12": 0.015247790951975468, "xscale12": 0.5722255843124759, "yscale12": 0.5722255843124759, "zscale12": 0.5722255843124759, "Cab13": 39.69928486010984, "Cw13": 0.0375819102362083, "xscale13": 0.6375017090285494, "yscale13": 0.6375017090285494, "zscale13": 0.6375017090285494, "Cab14": 50.9245962751705, "Cw14": 0.04141007149810451, "xscale14": 0.45177771979595116, "yscale14": 0.45177771979595116, "zscale14": 0.45177771979595116, "Cab15": 48.358114798399356, "Cw15": 0.04259274181282014, "xscale15": 0.4670417804387921, "yscale15": 0.4670417804387921, "zscale15": 0.4670417804387921, "Cab16": 55.04207833358437, "Cw16": 0.022633457208409265, "xscale16": 0.5683564992964766, "yscale16": 0.5683564992964766, "zscale16": 0.5683564992964766, "Cab17": 67.6235476436527, "Cw17": 0.025755635452038038, "xscale17": 0.5241385803957372, "yscale17": 0.5241385803957372, "zscale17": 0.5241385803957372, "Cab18": 29.242111041391446, "Cw18": 0.02438480886211252, "xscale18": 0.5708616482641634, "yscale18": 0.5708616482641634, "zscale18": 0.5708616482641634, "Cab19": 21.311345785465512, "Cw19": 0.02384312599290357, "xscale19": 0.5816353174094296, "yscale19": 0.5816353174094296, "zscale19": 0.5816353174094296, "Cab20": 69.88347373599177, "Cw20": 0.03239092485573857, "xscale20": 0.5290496376197661, "yscale20": 0.5290496376197661, "zscale20": 0.5290496376197661, "Cab21": 61.169420812746246, "Cw21": 0.021753805122093198, "xscale21": 0.5853726743722931, "yscale21": 0.5853726743722931, "zscale21": 0.5853726743722931, "Cab22": 77.27868049986688, "Cw22": 0.03249718180562359, "xscale22": 0.5212610979356628, "yscale22": 0.5212610979356628, "zscale22": 0.5212610979356628, "Cab23": 22.98331273530668, "Cw23": 0.01623454965682918, "xscale23": 0.7355162277386494, "yscale23": 0.7355162277386494, "zscale23": 0.7355162277386494, "Cab24": 73.71570783646591, "Cw24": 0.018535028351037222, "xscale24": 0.459525328053377, "yscale24": 0.459525328053377, "zscale24": 0.459525328053377, "Cab25": 68.6620302980339, "Cw25": 0.04091053012866884, "xscale25": 0.5379510677486257, "yscale25": 0.5379510677486257, "zscale25": 0.5379510677486257, "Cab26": 37.53036433956788, "Cw26": 0.012858012270334784, "xscale26": 0.7002427246936663, "yscale26": 0.7002427246936663, "zscale26": 0.7002427246936663, "Cab27": 81.30063631033572, "Cw27": 0.030039008773375904, "xscale27": 0.36842053368719935, "yscale27": 0.36842053368719935, "zscale27": 0.36842053368719935, "Cab28": 25.308554321860967, "Cw28": 0.03195029232475432, "xscale28": 0.4110095106656995, "yscale28": 0.4110095106656995, "zscale28": 0.4110095106656995, "Cab29": 36.93300844305158, "Cw29": 0.0282548784830925, "xscale29": 0.5438671519514445, "yscale29": 0.5438671519514445, "zscale29": 0.5438671519514445, "Cab30": 61.422116397438344, "Cw30": 0.0422283201101321, "xscale30": 0.35505458789995187, "yscale30": 0.35505458789995187, "zscale30": 0.35505458789995187, "Cab31": 83.5634036599401, "Cw31": 0.030286804178632477, "xscale31": 0.6749651988523042, "yscale31": 0.6749651988523042, "zscale31": 0.6749651988523042, "Cab32": 35.849360880285005, "Cw32": 0.045604215610559606, "xscale32": 0.4485554402284601, "yscale32": 0.4485554402284601, "zscale32": 0.4485554402284601, "Cab33": 29.665222027714123, "Cw33": 0.033593798478396275, "xscale33": 0.49052772326090166, "yscale33": 0.49052772326090166, "zscale33": 0.49052772326090166, "Cab34": 29.773777193200996, "Cw34": 0.014882553070184074, "xscale34": 0.43792549240214534, "yscale34": 0.43792549240214534, "zscale34": 0.43792549240214534, "Cab35": 77.2575683996067, "Cw35": 0.03836347220894016, "xscale35": 0.4745821412622294, "yscale35": 0.4745821412622294, "zscale35": 0.4745821412622294, "Cab36": 79.43014483140571, "Cw36": 0.049577740176827, "xscale36": 0.6030659683245468, "yscale36": 0.6030659683245468, "zscale36": 0.6030659683245468, "Cab37": 84.25859420489985, "Cw37": 0.04275460265678171, "xscale37": 0.5354195499087107, "yscale37": 0.5354195499087107, "zscale37": 0.5354195499087107, "Cab38": 46.92567246117669, "Cw38": 0.022753449052643496, "xscale38": 0.4526147790460696, "yscale38": 0.4526147790460696, "zscale38": 0.4526147790460696, "Cab39": 67.01067413195048, "Cw39": 0.014356874173130484, "xscale39": 0.6274261275102295, "yscale39": 0.6274261275102295, "zscale39": 0.6274261275102295, "Cab40": 34.18421496782106, "Cw40": 0.04785878743032284, "xscale40": 0.4435874780456157, "yscale40": 0.4435874780456157, "zscale40": 0.4435874780456157, "Cab41": 73.87755499391655, "Cw41": 0.01984045149332917, "xscale41": 0.6403045465187884, "yscale41": 0.6403045465187884, "zscale41": 0.6403045465187884, "Cab42": 64.13529832881358, "Cw42": 0.03955360556758457, "xscale42": 0.617590711165441, "yscale42": 0.617590711165441, "zscale42": 0.617590711165441, "Cab43": 88.32626264958348, "Cw43": 0.04655845165306165, "xscale43": 0.6810851541208309, "yscale43": 0.6810851541208309, "zscale43": 0.6810851541208309, "Cab44": 49.18972965448208, "Cw44": 0.017180360750508453, "xscale44": 0.493555471337488, "yscale44": 0.493555471337488, "zscale44": 0.493555471337488, "Cab45": 73.00500202941065, "Cw45": 0.011777377491276409, "xscale45": 0.330328263111423, "yscale45": 0.330328263111423, "zscale45": 0.330328263111423, "Cab46": 52.50646765837385, "Cw46": 0.02083806286607766, "xscale46": 0.45724912243218213, "yscale46": 0.45724912243218213, "zscale46": 0.45724912243218213, "Cab47": 77.35477755425939, "Cw47": 0.030265535526826322, "xscale47": 0.5051354811075084, "yscale47": 0.5051354811075084, "zscale47": 0.5051354811075084, "Cab48": 65.48408489482752, "Cw48": 0.03919082955054009, "xscale48": 0.593830131780737, "yscale48": 0.593830131780737, "zscale48": 0.593830131780737, "Cab49": 70.29898176237432, "Cw49": 0.02566393479821768, "xscale49": 0.49532356711132713, "yscale49": 0.49532356711132713, "zscale49": 0.49532356711132713, "Cab50": 45.97197995690982, "Cw50": 0.014859139975197687, "xscale50": 0.5841322744494948, "yscale50": 0.5841322744494948, "zscale50": 0.5841322744494948, "Cab51": 70.35130615671336, "Cw51": 0.014053684364652944, "xscale51": 0.761959078664099, "yscale51": 0.761959078664099, "zscale51": 0.761959078664099, "Cab52": 80.94026031159356, "Cw52": 0.04819418403240373,