{"Cab0": 66.16799645902285, "Cw0": 0.013758839854635965, "xscale0": 0.8581529067246265, "yscale0": 0.8581529067246265, "zscale0": 0.8581529067246265, "Cab1": 41.40806018880034, "Cw1": 0.011564274368948163, "xscale1": 0.5845884506215159, "yscale1": 0.5845884506215159, "zscale1": 0.5845884506215159, "Cab2": 78.07599919371049, "Cw2": 0.047361823067357214, "xscale2": 0.6908215576730997, "yscale2": 0.6908215576730997, "zscale2": 0.6908215576730997, "Cab3": 39.56139270354987, "Cw3": 0.020745284714381383, "xscale3": 0.5694735587353769, "yscale3": 0.5694735587353769, "zscale3": 0.5694735587353769, "Cab4": 81.8045850575552, "Cw4": 0.03234048343660434, "xscale4": 0.6484999243512523, "yscale4": 0.6484999243512523, "zscale4": 0.6484999243512523, "Cab5": 49.466128148494086, "Cw5": 0.04777286266036005, "xscale5": 0.8680865766590307, "yscale5": 0.8680865766590307, "zscale5": 0.8680865766590307, "Cab6": 43.64623299176394, "Cw6": 0.022932150788614575, "xscale6": 0.445221095208068, "yscale6": 0.445221095208068, "zscale6": 0.445221095208068, "Cab7": 69.37911481442663, "Cw7": 0.014688038864763957, "xscale7": 0.5527571090226444, "yscale7": 0.5527571090226444, "zscale7": 0.5527571090226444, "Cab8": 76.87918985883128, "Cw8": 0.01974063405878877, "xscale8": 0.5028643142264342, "yscale8": 0.5028643142264342, "zscale8": 0.5028643142264342, "Cab9": 64.65626771154179, "Cw9": 0.04106268497578924, "xscale9": 0.6573266310057072, "yscale9": 0.6573266310057072, "zscale9": 0.6573266310057072, "Cab10": 85.37750632750316, "Cw10": 0.026179655745039367, "xscale10": 0.4507323425704668, "yscale10": 0.4507323425704668, "zscale10": 0.4507323425704668, "Cab11": 57.21205325943242, "Cw11": 0.019164710919410674, "xscale11": 0.5481264550578698, "yscale11": 0.5481264550578698, "zscale11": 0.5481264550578698, "Cab12": 31.520895495816532, "Cw12": 0.02546177739034651, "xscale12": 0.47863093628013326, "yscale12": 0.47863093628013326, "zscale12": 0.47863093628013326, "Cab13": 60.91594394351375, "Cw13": 0.043149363286745644, "xscale13": 0.7154443695087573, "yscale13": 0.7154443695087573, "zscale13": 0.7154443695087573, "Cab14": 65.62531737165688, "Cw14": 0.032998135085972116, "xscale14": 0.5652713297542747, "yscale14": 0.5652713297542747, "zscale14": 0.5652713297542747, "Cab15": 47.99792692020186, "Cw15": 0.044964946674643506, "xscale15": 0.5819107784830015, "yscale15": 0.5819107784830015, "zscale15": 0.5819107784830015, "Cab16": 45.60926183330231, "Cw16": 0.03461112487447914, "xscale16": 0.4967211331706469, "yscale16": 0.4967211331706469, "zscale16": 0.4967211331706469, "Cab17": 75.0501900135639, "Cw17": 0.02779342653138571, "xscale17": 0.5435325148167037, "yscale17": 0.5435325148167037, "zscale17": 0.5435325148167037, "Cab18": 27.18165058243379, "Cw18": 0.04250059213873169, "xscale18": 0.5866263820877718, "yscale18": 0.5866263820877718, "zscale18": 0.5866263820877718, "Cab19": 88.00226868260354, "Cw19": 0.025641678905244977, "xscale19": 0.4544652763121526, "yscale19": 0.4544652763121526, "zscale19": 0.4544652763121526, "Cab20": 27.256918611337557, "Cw20": 0.015621126825598252, "xscale20": 0.70304795408854, "yscale20": 0.70304795408854, "zscale20": 0.70304795408854, "Cab21": 46.54904305605885, "Cw21": 0.03060723403033317, "xscale21": 0.5038955256927441, "yscale21": 0.5038955256927441, "zscale21": 0.5038955256927441, "Cab22": 55.3282961393845, "Cw22": 0.015505321140439347, "xscale22": 0.43714797809829525, "yscale22": 0.43714797809829525, "zscale22": 0.43714797809829525, "Cab23": 63.63868007788938, "Cw23": 0.018489223318759004, "xscale23": 0.7246217837238593, "yscale23": 0.7246217837238593, "zscale23": 0.7246217837238593, "Cab24": 59.37267493483008, "Cw24": 0.04871878213606774, "xscale24": 0.6094876439209519, "yscale24": 0.6094876439209519, "zscale24": 0.6094876439209519, "Cab25": 76.66091226339985, "Cw25": 0.029774471120394386, "xscale25": 0.5565284426625006, "yscale25": 0.5565284426625006, "zscale25": 0.5565284426625006, "Cab26": 29.392364488356243, "Cw26": 0.03668101414917178, "xscale26": 0.5075265161553298, "yscale26": 0.5075265161553298, "zscale26": 0.5075265161553298, "Cab27": 40.23904913064492, "Cw27": 0.030007276427179007, "xscale27": 0.42607940795472554, "yscale27": 0.42607940795472554, "zscale27": 0.42607940795472554, "Cab28": 22.691184848486397, "Cw28": 0.03307601787520073, "xscale28": 0.34438475544999975, "yscale28": 0.34438475544999975, "zscale28": 0.34438475544999975, "Cab29": 76.4505162025992, "Cw29": 0.03148460526419855, "xscale29": 0.4982557035449864, "yscale29": 0.4982557035449864, "zscale29": 0.4982557035449864, "Cab30": 20.548689672391557, "Cw30": 0.018173420448971488, "xscale30": 0.44440032126782997, "yscale30": 0.44440032126782997, "zscale30": 0.44440032126782997, "Cab31": 75.51837170774175, "Cw31": 0.011449855298633026, "xscale31": 0.6226255146360661, "yscale31": 0.6226255146360661, "zscale31": 0.6226255146360661, "Cab32": 41.26965434949581, "Cw32": 0.03436046378966153, "xscale32": 0.4910419977523925, "yscale32": 0.4910419977523925, "zscale32": 0.4910419977523925, "Cab33": 33.71766495429675, "Cw33": 0.045004404439240676, "xscale33": 0.43310677768363964, "yscale33": 0.43310677768363964, "zscale33": 0.43310677768363964, "Cab34": 46.717280279510234, "Cw34": 0.022460564094378715, "xscale34": 0.42825104708044986, "yscale34": 0.42825104708044986, "zscale34": 0.42825104708044986, "Cab35": 20.22872787896093, "Cw35": 0.017954514630465376, "xscale35": 0.36883495015945283, "yscale35": 0.36883495015945283, "zscale35": 0.36883495015945283, "Cab36": 22.612263033266654, "Cw36": 0.03621099760791655, "xscale36": 0.5622403816816702, "yscale36": 0.5622403816816702, "zscale36": 0.5622403816816702, "Cab37": 55.555449348268006, "Cw37": 0.04779020761572381, "xscale37": 0.537614124954119, "yscale37": 0.537614124954119, "zscale37": 0.537614124954119, "Cab38": 29.932313479426178, "Cw38": 0.03183132245300956, "xscale38": 0.5458865314591461, "yscale38": 0.5458865314591461, "zscale38": 0.5458865314591461, "Cab39": 43.114400306542876, "Cw39": 0.027884437943010362, "xscale39": 0.5656927618292398, "yscale39": 0.5656927618292398, "zscale39": 0.5656927618292398, "Cab40": 45.826140172002965, "Cw40": 0.017542648194398335, "xscale40": 0.5968719501376895, "yscale40": 0.5968719501376895, "zscale40": 0.5968719501376895, "Cab41": 60.9247488618242, "Cw41": 0.017331154697746074, "xscale41": 0.5870752262612463, "yscale41": 0.5870752262612463, "zscale41": 0.5870752262612463, "Cab42": 29.55742515068542, "Cw42": 0.02435643309953884, "xscale42": 0.6555454586652713, "yscale42": 0.6555454586652713, "zscale42": 0.6555454586652713, "Cab43": 48.346430020782776, "Cw43": 0.016914138929097794, "xscale43": 0.5264654156095886, "yscale43": 0.5264654156095886, "zscale43": 0.5264654156095886, "Cab44": 41.660273193170084, "Cw44": 0.010663538795621808, "xscale44": 0.39562287440796895, "yscale44": 0.39562287440796895, "zscale44": 0.39562287440796895, "Cab45": 64.04516472535676, "Cw45": 0.020012197703608337, "xscale45": 0.2865646254979912, "yscale45": 0.2865646254979912, "zscale45": 0.2865646254979912, "Cab46": 33.371396493380985, "Cw46": 0.01448510327142576, "xscale46": 0.5546055266607928, "yscale46": 0.5546055266607928, "zscale46": 0.5546055266607928, "Cab47": 74.4740736657176, "Cw47": 0.04313156415594728, "xscale47": 0.5042435121621024, "yscale47": 0.5042435121621024, "zscale47": 0.5042435121621024, "Cab48": 39.80073716544827, "Cw48": 0.038445264062782106, "xscale48": 0.6658822710648852, "yscale48": 0.6658822710648852, "zscale48": 0.6658822710648852, "Cab49": 75.44331895068467, "Cw49": 0.046426316012724934, "xscale49": 0.5478532322024628, "yscale49": 0.5478532322024628, "zscale49": 0.5478532322024628, "Cab50": 76.45007261500481, "Cw50": 0.035013488390468805, "xscale50": 0.7024480695900115, "yscale50": 0.7024480695900115, "zscale50": 0.7024480695900115, "Cab51": 70.30990186667674, "Cw51": 0.03801430773107913, "xscale51": 0.6338869235466696, "yscale51": 0.6338869235466696, "zscale51": 0.6338869235466696, "Cab52": 40.1146261950883,