{"Cab0": 60.04820216129643, "Cw0": 0.044634481410826994, "xscale0": 0.7882408318503205, "yscale0": 0.7882408318503205, "zscale0": 0.7882408318503205, "Cab1": 63.07066365059682, "Cw1": 0.03941136800473769, "xscale1": 0.5365812767184215, "yscale1": 0.5365812767184215, "zscale1": 0.5365812767184215, "Cab2": 25.5336352071936, "Cw2": 0.03368543718090795, "xscale2": 0.570314052577103, "yscale2": 0.570314052577103, "zscale2": 0.570314052577103, "Cab3": 61.10355759379055, "Cw3": 0.047810423634884476, "xscale3": 0.4492175644921266, "yscale3": 0.4492175644921266, "zscale3": 0.4492175644921266, "Cab4": 53.276494406519646, "Cw4": 0.03708172421268137, "xscale4": 0.6013138831909863, "yscale4": 0.6013138831909863, "zscale4": 0.6013138831909863, "Cab5": 42.52486762119532, "Cw5": 0.044009399118509034, "xscale5": 0.6460526705918751, "yscale5": 0.6460526705918751, "zscale5": 0.6460526705918751, "Cab6": 63.403155579578716, "Cw6": 0.015251995954279991, "xscale6": 0.4773703907009325, "yscale6": 0.4773703907009325, "zscale6": 0.4773703907009325, "Cab7": 69.36314467983644, "Cw7": 0.017027813723334614, "xscale7": 0.6356978964950948, "yscale7": 0.6356978964950948, "zscale7": 0.6356978964950948, "Cab8": 54.13741739287844, "Cw8": 0.02839961865961331, "xscale8": 0.564332320693409, "yscale8": 0.564332320693409, "zscale8": 0.564332320693409, "Cab9": 61.43641233914061, "Cw9": 0.042281678263389674, "xscale9": 0.5633292367738986, "yscale9": 0.5633292367738986, "zscale9": 0.5633292367738986, "Cab10": 30.742623866427355, "Cw10": 0.047133684902119916, "xscale10": 0.41983762020669624, "yscale10": 0.41983762020669624, "zscale10": 0.41983762020669624, "Cab11": 52.3832389784691, "Cw11": 0.026809528759645297, "xscale11": 0.7606320159344431, "yscale11": 0.7606320159344431, "zscale11": 0.7606320159344431, "Cab12": 21.44330303369432, "Cw12": 0.04093068200060169, "xscale12": 0.4789568149531712, "yscale12": 0.4789568149531712, "zscale12": 0.4789568149531712, "Cab13": 64.39403813822177, "Cw13": 0.035885663620606814, "xscale13": 0.6459241503616228, "yscale13": 0.6459241503616228, "zscale13": 0.6459241503616228, "Cab14": 37.5823546050928, "Cw14": 0.032416433207794894, "xscale14": 0.6048539858945217, "yscale14": 0.6048539858945217, "zscale14": 0.6048539858945217, "Cab15": 65.68741487780406, "Cw15": 0.02231931808272067, "xscale15": 0.6221260940244996, "yscale15": 0.6221260940244996, "zscale15": 0.6221260940244996, "Cab16": 59.914692704668184, "Cw16": 0.0190978049258171, "xscale16": 0.6519391133601036, "yscale16": 0.6519391133601036, "zscale16": 0.6519391133601036, "Cab17": 27.32474578668358, "Cw17": 0.027072348702123453, "xscale17": 0.5664468673893512, "yscale17": 0.5664468673893512, "zscale17": 0.5664468673893512, "Cab18": 33.27613304478235, "Cw18": 0.02193490408755011, "xscale18": 0.752844039064355, "yscale18": 0.752844039064355, "zscale18": 0.752844039064355, "Cab19": 85.58158969733661, "Cw19": 0.03810585550916183, "xscale19": 0.5689196849984058, "yscale19": 0.5689196849984058, "zscale19": 0.5689196849984058, "Cab20": 29.146863092138137, "Cw20": 0.024137252509517416, "xscale20": 0.7545407030573797, "yscale20": 0.7545407030573797, "zscale20": 0.7545407030573797, "Cab21": 74.38690586702639, "Cw21": 0.010036215874955956, "xscale21": 0.5710733483021144, "yscale21": 0.5710733483021144, "zscale21": 0.5710733483021144, "Cab22": 51.82956926451972, "Cw22": 0.047263441654427134, "xscale22": 0.4850291040231017, "yscale22": 0.4850291040231017, "zscale22": 0.4850291040231017, "Cab23": 24.805061202922694, "Cw23": 0.04310505813178415, "xscale23": 0.7153116994741272, "yscale23": 0.7153116994741272, "zscale23": 0.7153116994741272, "Cab24": 84.0471614004852, "Cw24": 0.0358102977469209, "xscale24": 0.6223061045532604, "yscale24": 0.6223061045532604, "zscale24": 0.6223061045532604, "Cab25": 80.01107554019472, "Cw25": 0.013674949326931368, "xscale25": 0.7078376118451923, "yscale25": 0.7078376118451923, "zscale25": 0.7078376118451923, "Cab26": 86.78616025004949, "Cw26": 0.02539199109967407, "xscale26": 0.6028766357496829, "yscale26": 0.6028766357496829, "zscale26": 0.6028766357496829, "Cab27": 25.784392445790683, "Cw27": 0.04630450331535478, "xscale27": 0.367773661790649, "yscale27": 0.367773661790649, "zscale27": 0.367773661790649, "Cab28": 22.172040076307816, "Cw28": 0.03783845591627188, "xscale28": 0.3835270429669473, "yscale28": 0.3835270429669473, "zscale28": 0.3835270429669473, "Cab29": 33.18666933518477, "Cw29": 0.04673640634030976, "xscale29": 0.704335436422669, "yscale29": 0.704335436422669, "zscale29": 0.704335436422669, "Cab30": 45.831673558225404, "Cw30": 0.018412462755844572, "xscale30": 0.32490075905880367, "yscale30": 0.32490075905880367, "zscale30": 0.32490075905880367, "Cab31": 51.350231179384934, "Cw31": 0.04192228177503784, "xscale31": 0.6768983873150686, "yscale31": 0.6768983873150686, "zscale31": 0.6768983873150686, "Cab32": 45.35661990823746, "Cw32": 0.02260530817178618, "xscale32": 0.45711419523788205, "yscale32": 0.45711419523788205, "zscale32": 0.45711419523788205, "Cab33": 83.84045775326388, "Cw33": 0.02493221649417783, "xscale33": 0.3872876439515668, "yscale33": 0.3872876439515668, "zscale33": 0.3872876439515668, "Cab34": 51.414263249861705, "Cw34": 0.016398987864755844, "xscale34": 0.5110343304046356, "yscale34": 0.5110343304046356, "zscale34": 0.5110343304046356, "Cab35": 86.61947994414386, "Cw35": 0.02803247421337196, "xscale35": 0.3587504153368954, "yscale35": 0.3587504153368954, "zscale35": 0.3587504153368954, "Cab36": 68.59646209284529, "Cw36": 0.027734199822469108, "xscale36": 0.7287069623117527, "yscale36": 0.7287069623117527, "zscale36": 0.7287069623117527, "Cab37": 60.50151099853947, "Cw37": 0.04744315955205561, "xscale37": 0.5175994796296041, "yscale37": 0.5175994796296041, "zscale37": 0.5175994796296041, "Cab38": 70.88755401956716, "Cw38": 0.04701938241685755, "xscale38": 0.4552433446383156, "yscale38": 0.4552433446383156, "zscale38": 0.4552433446383156, "Cab39": 20.05460413821193, "Cw39": 0.03611633153269337, "xscale39": 0.7036133412609888, "yscale39": 0.7036133412609888, "zscale39": 0.7036133412609888, "Cab40": 33.06181727141104, "Cw40": 0.03524794889589718, "xscale40": 0.4874547638765482, "yscale40": 0.4874547638765482, "zscale40": 0.4874547638765482, "Cab41": 36.85187299967957, "Cw41": 0.015966241053419025, "xscale41": 0.48124447962155464, "yscale41": 0.48124447962155464, "zscale41": 0.48124447962155464, "Cab42": 47.396745686819756, "Cw42": 0.03716106438557087, "xscale42": 0.5485965709991535, "yscale42": 0.5485965709991535, "zscale42": 0.5485965709991535, "Cab43": 83.00641291075556, "Cw43": 0.013720721339394814, "xscale43": 0.5009729939387808, "yscale43": 0.5009729939387808, "zscale43": 0.5009729939387808, "Cab44": 57.968441308713345, "Cw44": 0.024032987875019847, "xscale44": 0.44138102530533335, "yscale44": 0.44138102530533335, "zscale44": 0.44138102530533335, "Cab45": 68.88869884470829, "Cw45": 0.023992075322036052, "xscale45": 0.28062153895770053, "yscale45": 0.28062153895770053, "zscale45": 0.28062153895770053, "Cab46": 87.6651989713667, "Cw46": 0.01920237630464934, "xscale46": 0.39755087601462596, "yscale46": 0.39755087601462596, "zscale46": 0.39755087601462596, "Cab47": 29.308983492341575, "Cw47": 0.013295649708666294, "xscale47": 0.462647107268884, "yscale47": 0.462647107268884, "zscale47": 0.462647107268884, "Cab48": 74.89316822058649, "Cw48": 0.02214582938679575, "xscale48": 0.7226983724326859, "yscale48": 0.7226983724326859, "zscale48": 0.7226983724326859, "Cab49": 85.3696414912677, "Cw49": 0.048249251387507915, "xscale49": 0.5874265688459535, "yscale49": 0.5874265688459535, "zscale49": 0.5874265688459535, "Cab50": 45.170827877724506, "Cw50": 0.015543156357686145, "xscale50": 0.7805791137363033, "yscale50": 0.7805791137363033, "zscale50": 0.7805791137363033, "Cab51": 47.33489871661317, "Cw51": 0.01669676321449879, "xscale51": 0.7403963665317342, "yscale51": 0.7403963665317342, "zscale51": 0.7403963665317342, "Cab52": 32.87822398120732, "Cw52": 0.02593500547516854,