{"Cab0": 59.290504103654484, "Cw0": 0.04734760452656314, "xscale0": 0.8553821788754407, "yscale0": 0.8553821788754407, "zscale0": 0.8553821788754407, "Cab1": 54.107918979455086, "Cw1": 0.04266414095282278, "xscale1": 0.5658072829873981, "yscale1": 0.5658072829873981, "zscale1": 0.5658072829873981, "Cab2": 89.44578188580074, "Cw2": 0.015625710969550805, "xscale2": 0.7103288734876806, "yscale2": 0.7103288734876806, "zscale2": 0.7103288734876806, "Cab3": 38.43255595554294, "Cw3": 0.01381038111407662, "xscale3": 0.44976038677268865, "yscale3": 0.44976038677268865, "zscale3": 0.44976038677268865, "Cab4": 80.4249985959611, "Cw4": 0.014629736884901968, "xscale4": 0.5386222594017802, "yscale4": 0.5386222594017802, "zscale4": 0.5386222594017802, "Cab5": 24.456961337473203, "Cw5": 0.035581729228941573, "xscale5": 0.8087384117188896, "yscale5": 0.8087384117188896, "zscale5": 0.8087384117188896, "Cab6": 76.09497052789246, "Cw6": 0.041898046133756396, "xscale6": 0.6235255468436531, "yscale6": 0.6235255468436531, "zscale6": 0.6235255468436531, "Cab7": 43.59419057843524, "Cw7": 0.0194472892152135, "xscale7": 0.46958156888413866, "yscale7": 0.46958156888413866, "zscale7": 0.46958156888413866, "Cab8": 59.40131708341659, "Cw8": 0.044423620215046845, "xscale8": 0.5043424760038661, "yscale8": 0.5043424760038661, "zscale8": 0.5043424760038661, "Cab9": 64.43565593758291, "Cw9": 0.024009449745923346, "xscale9": 0.5457718609916851, "yscale9": 0.5457718609916851, "zscale9": 0.5457718609916851, "Cab10": 21.917056203227233, "Cw10": 0.028982157133304882, "xscale10": 0.507668021259741, "yscale10": 0.507668021259741, "zscale10": 0.507668021259741, "Cab11": 37.2044942748912, "Cw11": 0.04660416674953881, "xscale11": 0.6059743840805878, "yscale11": 0.6059743840805878, "zscale11": 0.6059743840805878, "Cab12": 60.423784471167025, "Cw12": 0.02871480101239044, "xscale12": 0.5333841818367984, "yscale12": 0.5333841818367984, "zscale12": 0.5333841818367984, "Cab13": 61.13644987581261, "Cw13": 0.030868880127397767, "xscale13": 0.6454380184464251, "yscale13": 0.6454380184464251, "zscale13": 0.6454380184464251, "Cab14": 30.475914869323418, "Cw14": 0.04837211269003708, "xscale14": 0.527755367344371, "yscale14": 0.527755367344371, "zscale14": 0.527755367344371, "Cab15": 82.40589270716936, "Cw15": 0.04177114428266913, "xscale15": 0.49629278939808424, "yscale15": 0.49629278939808424, "zscale15": 0.49629278939808424, "Cab16": 21.60918950980365, "Cw16": 0.027455214455435438, "xscale16": 0.5260504597911654, "yscale16": 0.5260504597911654, "zscale16": 0.5260504597911654, "Cab17": 87.1171716600417, "Cw17": 0.018751220226745698, "xscale17": 0.6120579570269559, "yscale17": 0.6120579570269559, "zscale17": 0.6120579570269559, "Cab18": 88.10384644108312, "Cw18": 0.01433308116619179, "xscale18": 0.5944279902813718, "yscale18": 0.5944279902813718, "zscale18": 0.5944279902813718, "Cab19": 52.37639119357225, "Cw19": 0.046439491867904845, "xscale19": 0.5899309828721306, "yscale19": 0.5899309828721306, "zscale19": 0.5899309828721306, "Cab20": 47.30978634569435, "Cw20": 0.030472223682839153, "xscale20": 0.5504325046526382, "yscale20": 0.5504325046526382, "zscale20": 0.5504325046526382, "Cab21": 63.962970760587496, "Cw21": 0.014820162623610252, "xscale21": 0.5655553042371638, "yscale21": 0.5655553042371638, "zscale21": 0.5655553042371638, "Cab22": 48.53783428926714, "Cw22": 0.03854734255902222, "xscale22": 0.4536860142869672, "yscale22": 0.4536860142869672, "zscale22": 0.4536860142869672, "Cab23": 69.75930103681632, "Cw23": 0.012715494867765846, "xscale23": 0.6243051475046, "yscale23": 0.6243051475046, "zscale23": 0.6243051475046, "Cab24": 36.32611989497122, "Cw24": 0.04127847748057389, "xscale24": 0.6359293342226513, "yscale24": 0.6359293342226513, "zscale24": 0.6359293342226513, "Cab25": 21.048752469132705, "Cw25": 0.01849100063089784, "xscale25": 0.6950558838492713, "yscale25": 0.6950558838492713, "zscale25": 0.6950558838492713, "Cab26": 21.741033003073603, "Cw26": 0.04122505730976915, "xscale26": 0.5780885654143326, "yscale26": 0.5780885654143326, "zscale26": 0.5780885654143326, "Cab27": 65.93102262319431, "Cw27": 0.0480311669209341, "xscale27": 0.5051152596354513, "yscale27": 0.5051152596354513, "zscale27": 0.5051152596354513, "Cab28": 46.221562348511824, "Cw28": 0.04030588264857176, "xscale28": 0.39969177484631496, "yscale28": 0.39969177484631496, "zscale28": 0.39969177484631496, "Cab29": 54.36784915610941, "Cw29": 0.03302786183312795, "xscale29": 0.6521878223675367, "yscale29": 0.6521878223675367, "zscale29": 0.6521878223675367, "Cab30": 36.06242123325805, "Cw30": 0.048034263338419356, "xscale30": 0.4158690455634056, "yscale30": 0.4158690455634056, "zscale30": 0.4158690455634056, "Cab31": 75.03298203877628, "Cw31": 0.047826372530054964, "xscale31": 0.6627733799449864, "yscale31": 0.6627733799449864, "zscale31": 0.6627733799449864, "Cab32": 63.18195472403394, "Cw32": 0.024926149687874603, "xscale32": 0.44884615257892607, "yscale32": 0.44884615257892607, "zscale32": 0.44884615257892607, "Cab33": 83.38258063086245, "Cw33": 0.015176790180911094, "xscale33": 0.5580195204245684, "yscale33": 0.5580195204245684, "zscale33": 0.5580195204245684, "Cab34": 40.99293349363656, "Cw34": 0.04028570356865861, "xscale34": 0.4751348796797398, "yscale34": 0.4751348796797398, "zscale34": 0.4751348796797398, "Cab35": 42.36076049670004, "Cw35": 0.0106925728380144, "xscale35": 0.4439694829940116, "yscale35": 0.4439694829940116, "zscale35": 0.4439694829940116, "Cab36": 46.60393018913727, "Cw36": 0.040449052871464226, "xscale36": 0.7595271621204085, "yscale36": 0.7595271621204085, "zscale36": 0.7595271621204085, "Cab37": 30.35830859933032, "Cw37": 0.045735634765872536, "xscale37": 0.4519042104315097, "yscale37": 0.4519042104315097, "zscale37": 0.4519042104315097, "Cab38": 79.85577572931018, "Cw38": 0.02556257433129177, "xscale38": 0.5091901113388526, "yscale38": 0.5091901113388526, "zscale38": 0.5091901113388526, "Cab39": 47.850274395563844, "Cw39": 0.04480001555872029, "xscale39": 0.5544735567555255, "yscale39": 0.5544735567555255, "zscale39": 0.5544735567555255, "Cab40": 66.03324558352173, "Cw40": 0.033970124397595294, "xscale40": 0.6296653687987999, "yscale40": 0.6296653687987999, "zscale40": 0.6296653687987999, "Cab41": 53.747754418155836, "Cw41": 0.04862409008626906, "xscale41": 0.5739956303127981, "yscale41": 0.5739956303127981, "zscale41": 0.5739956303127981, "Cab42": 77.5102454548142, "Cw42": 0.04943424576943632, "xscale42": 0.593214702514991, "yscale42": 0.593214702514991, "zscale42": 0.593214702514991, "Cab43": 43.86582103590088, "Cw43": 0.033618815253013384, "xscale43": 0.5884401169476978, "yscale43": 0.5884401169476978, "zscale43": 0.5884401169476978, "Cab44": 73.8157749795914, "Cw44": 0.01937706305014012, "xscale44": 0.38958008770929436, "yscale44": 0.38958008770929436, "zscale44": 0.38958008770929436, "Cab45": 86.42731332836274, "Cw45": 0.03396650819877084, "xscale45": 0.37721326500182695, "yscale45": 0.37721326500182695, "zscale45": 0.37721326500182695, "Cab46": 84.76265705568541, "Cw46": 0.010159756885861952, "xscale46": 0.5176263544922161, "yscale46": 0.5176263544922161, "zscale46": 0.5176263544922161, "Cab47": 21.443391777594787, "Cw47": 0.02709149607419358, "xscale47": 0.48680841243330525, "yscale47": 0.48680841243330525, "zscale47": 0.48680841243330525, "Cab48": 37.67331085559678, "Cw48": 0.03991634053336047, "xscale48": 0.5666209075059417, "yscale48": 0.5666209075059417, "zscale48": 0.5666209075059417, "Cab49": 76.5939342556328, "Cw49": 0.01406468452569813, "xscale49": 0.47660112209081623, "yscale49": 0.47660112209081623, "zscale49": 0.47660112209081623, "Cab50": 72.62591970296123, "Cw50": 0.014551474281523973, "xscale50": 0.601503078650884, "yscale50": 0.601503078650884, "zscale50": 0.601503078650884, "Cab51": 84.40183942784455, "Cw51": 0.03519271242777581, "xscale51": 0.6267192396257879, "yscale51": 0.6267192396257879, "zscale51": 0.6267192396257879, "Cab52": 31.502847813160695, "Cw52": 0.016388988321705766,