{"Cab0": 61.25964003368162, "Cw0": 0.03516434353539988, "xscale0": 0.7680959672386978, "yscale0": 0.7680959672386978, "zscale0": 0.7680959672386978, "Cab1": 26.743243792484524, "Cw1": 0.03889842334423923, "xscale1": 0.597731996442539, "yscale1": 0.597731996442539, "zscale1": 0.597731996442539, "Cab2": 81.80377711486591, "Cw2": 0.035930661697599356, "xscale2": 0.5817408442166832, "yscale2": 0.5817408442166832, "zscale2": 0.5817408442166832, "Cab3": 50.40205722354467, "Cw3": 0.02308900551864796, "xscale3": 0.4970927810389561, "yscale3": 0.4970927810389561, "zscale3": 0.4970927810389561, "Cab4": 55.77167545010424, "Cw4": 0.04018225274139319, "xscale4": 0.6350767672927521, "yscale4": 0.6350767672927521, "zscale4": 0.6350767672927521, "Cab5": 59.05003046505212, "Cw5": 0.021536561689917702, "xscale5": 0.7537384515058702, "yscale5": 0.7537384515058702, "zscale5": 0.7537384515058702, "Cab6": 62.13922397074317, "Cw6": 0.02409756581594852, "xscale6": 0.55200195795272, "yscale6": 0.55200195795272, "zscale6": 0.55200195795272, "Cab7": 30.93864441968888, "Cw7": 0.015668056357303804, "xscale7": 0.6460319531122642, "yscale7": 0.6460319531122642, "zscale7": 0.6460319531122642, "Cab8": 43.90675550280052, "Cw8": 0.04793836178108044, "xscale8": 0.6727599858423033, "yscale8": 0.6727599858423033, "zscale8": 0.6727599858423033, "Cab9": 29.24768922337452, "Cw9": 0.04581760036104622, "xscale9": 0.6666764786491448, "yscale9": 0.6666764786491448, "zscale9": 0.6666764786491448, "Cab10": 40.3011089094947, "Cw10": 0.031373587984356334, "xscale10": 0.5076346910952702, "yscale10": 0.5076346910952702, "zscale10": 0.5076346910952702, "Cab11": 68.84526181543204, "Cw11": 0.03219064934734012, "xscale11": 0.5320138996639229, "yscale11": 0.5320138996639229, "zscale11": 0.5320138996639229, "Cab12": 50.26364030423069, "Cw12": 0.013959653962393227, "xscale12": 0.6128461384203985, "yscale12": 0.6128461384203985, "zscale12": 0.6128461384203985, "Cab13": 77.006485689845, "Cw13": 0.014546841430633922, "xscale13": 0.6699313797117, "yscale13": 0.6699313797117, "zscale13": 0.6699313797117, "Cab14": 24.595518356559133, "Cw14": 0.0301899711783045, "xscale14": 0.5856659163617315, "yscale14": 0.5856659163617315, "zscale14": 0.5856659163617315, "Cab15": 70.47133179109494, "Cw15": 0.013015613494550125, "xscale15": 0.6839019352867506, "yscale15": 0.6839019352867506, "zscale15": 0.6839019352867506, "Cab16": 53.33231821597459, "Cw16": 0.041522719438677344, "xscale16": 0.6085014311226351, "yscale16": 0.6085014311226351, "zscale16": 0.6085014311226351, "Cab17": 76.31418772383955, "Cw17": 0.04631291588367971, "xscale17": 0.4634413658725804, "yscale17": 0.4634413658725804, "zscale17": 0.4634413658725804, "Cab18": 59.850393289352695, "Cw18": 0.02619938583741402, "xscale18": 0.7036601976560073, "yscale18": 0.7036601976560073, "zscale18": 0.7036601976560073, "Cab19": 32.66903045252247, "Cw19": 0.03537666031197287, "xscale19": 0.5102264594066479, "yscale19": 0.5102264594066479, "zscale19": 0.5102264594066479, "Cab20": 65.52004304924807, "Cw20": 0.03651485255032795, "xscale20": 0.5174583297408031, "yscale20": 0.5174583297408031, "zscale20": 0.5174583297408031, "Cab21": 33.60380309180327, "Cw21": 0.03164698834944638, "xscale21": 0.5971652094441521, "yscale21": 0.5971652094441521, "zscale21": 0.5971652094441521, "Cab22": 45.88826115227607, "Cw22": 0.04632683339369963, "xscale22": 0.5861319797982966, "yscale22": 0.5861319797982966, "zscale22": 0.5861319797982966, "Cab23": 53.538652668810265, "Cw23": 0.012442069010353394, "xscale23": 0.5168319598825531, "yscale23": 0.5168319598825531, "zscale23": 0.5168319598825531, "Cab24": 65.72445398401896, "Cw24": 0.04987134187276891, "xscale24": 0.5690855219931602, "yscale24": 0.5690855219931602, "zscale24": 0.5690855219931602, "Cab25": 27.598090819734146, "Cw25": 0.029297616748873573, "xscale25": 0.6942161781919061, "yscale25": 0.6942161781919061, "zscale25": 0.6942161781919061, "Cab26": 47.87756322877529, "Cw26": 0.026145355931904868, "xscale26": 0.6257811983911588, "yscale26": 0.6257811983911588, "zscale26": 0.6257811983911588, "Cab27": 34.91453115282983, "Cw27": 0.035812700727391164, "xscale27": 0.49663469980522174, "yscale27": 0.49663469980522174, "zscale27": 0.49663469980522174, "Cab28": 51.71491413862289, "Cw28": 0.04793089353881265, "xscale28": 0.3694765103103924, "yscale28": 0.3694765103103924, "zscale28": 0.3694765103103924, "Cab29": 38.86391521932417, "Cw29": 0.03426571147638379, "xscale29": 0.6874121929085895, "yscale29": 0.6874121929085895, "zscale29": 0.6874121929085895, "Cab30": 45.816653715509645, "Cw30": 0.025795523546283103, "xscale30": 0.41094392731248597, "yscale30": 0.41094392731248597, "zscale30": 0.41094392731248597, "Cab31": 77.21772506276145, "Cw31": 0.045882924344222295, "xscale31": 0.621817789285497, "yscale31": 0.621817789285497, "zscale31": 0.621817789285497, "Cab32": 34.92318575493484, "Cw32": 0.042043614474661185, "xscale32": 0.5483783553348459, "yscale32": 0.5483783553348459, "zscale32": 0.5483783553348459, "Cab33": 37.43412362608473, "Cw33": 0.040003326311380975, "xscale33": 0.4190284248385238, "yscale33": 0.4190284248385238, "zscale33": 0.4190284248385238, "Cab34": 75.45010898190972, "Cw34": 0.032740788590855566, "xscale34": 0.49395976166111194, "yscale34": 0.49395976166111194, "zscale34": 0.49395976166111194, "Cab35": 55.809357441481296, "Cw35": 0.04187463633220236, "xscale35": 0.4557404003684263, "yscale35": 0.4557404003684263, "zscale35": 0.4557404003684263, "Cab36": 35.640312179074414, "Cw36": 0.038959580874405694, "xscale36": 0.5582751634801046, "yscale36": 0.5582751634801046, "zscale36": 0.5582751634801046, "Cab37": 35.315031712419284, "Cw37": 0.02529136273634016, "xscale37": 0.5154959530710818, "yscale37": 0.5154959530710818, "zscale37": 0.5154959530710818, "Cab38": 72.81086201809028, "Cw38": 0.04226808280377416, "xscale38": 0.5088372529473916, "yscale38": 0.5088372529473916, "zscale38": 0.5088372529473916, "Cab39": 83.77718015126533, "Cw39": 0.017620589246875356, "xscale39": 0.6946652309517487, "yscale39": 0.6946652309517487, "zscale39": 0.6946652309517487, "Cab40": 52.36398071802576, "Cw40": 0.022100361029285608, "xscale40": 0.5886010015049851, "yscale40": 0.5886010015049851, "zscale40": 0.5886010015049851, "Cab41": 69.14717856330839, "Cw41": 0.04252305534289145, "xscale41": 0.5295671332906069, "yscale41": 0.5295671332906069, "zscale41": 0.5295671332906069, "Cab42": 82.85344746087674, "Cw42": 0.022837497166337165, "xscale42": 0.4870979127299715, "yscale42": 0.4870979127299715, "zscale42": 0.4870979127299715, "Cab43": 73.84991892583875, "Cw43": 0.026458131453167597, "xscale43": 0.7323161213186731, "yscale43": 0.7323161213186731, "zscale43": 0.7323161213186731, "Cab44": 80.9464498552608, "Cw44": 0.012782313062144227, "xscale44": 0.48656618687890385, "yscale44": 0.48656618687890385, "zscale44": 0.48656618687890385, "Cab45": 22.39019590446682, "Cw45": 0.04876887256937906, "xscale45": 0.4052589998137615, "yscale45": 0.4052589998137615, "zscale45": 0.4052589998137615, "Cab46": 36.792994959117166, "Cw46": 0.02141473803405876, "xscale46": 0.4768776799158229, "yscale46": 0.4768776799158229, "zscale46": 0.4768776799158229, "Cab47": 59.78786477790331, "Cw47": 0.046713707862488074, "xscale47": 0.43900174497875316, "yscale47": 0.43900174497875316, "zscale47": 0.43900174497875316, "Cab48": 42.07761595350054, "Cw48": 0.024944757096056022, "xscale48": 0.5264473108283488, "yscale48": 0.5264473108283488, "zscale48": 0.5264473108283488, "Cab49": 42.81620377344637, "Cw49": 0.04993542927528987, "xscale49": 0.5955288974851763, "yscale49": 0.5955288974851763, "zscale49": 0.5955288974851763, "Cab50": 30.882694147838368, "Cw50": 0.01658336309660831, "xscale50": 0.5584055833639234, "yscale50": 0.5584055833639234, "zscale50": 0.5584055833639234, "Cab51": 44.50471067522936, "Cw51": 0.029039378071938612, "xscale51": 0.7957237093212549, "yscale51": 0.7957237093212549, "zscale51": 0.7957237093212549, "Cab52": 46.0136246744337, "Cw52": 0.04622726535596323,