{"Cab0": 34.19850632931965, "Cw0": 0.016025705453508426, "xscale0": 0.7692991556452848, "yscale0": 0.7692991556452848, "zscale0": 0.7692991556452848, "Cab1": 58.87538971812451, "Cw1": 0.03524500363649606, "xscale1": 0.49403971475456054, "yscale1": 0.49403971475456054, "zscale1": 0.49403971475456054, "Cab2": 38.60986097074739, "Cw2": 0.028208436486990195, "xscale2": 0.5353283524473439, "yscale2": 0.5353283524473439, "zscale2": 0.5353283524473439, "Cab3": 28.553510038652405, "Cw3": 0.038250818902163836, "xscale3": 0.4606057330706585, "yscale3": 0.4606057330706585, "zscale3": 0.4606057330706585, "Cab4": 41.903541814936276, "Cw4": 0.021028252064610155, "xscale4": 0.5276542047657852, "yscale4": 0.5276542047657852, "zscale4": 0.5276542047657852, "Cab5": 34.032803253458866, "Cw5": 0.011780213490505597, "xscale5": 0.8489228600048576, "yscale5": 0.8489228600048576, "zscale5": 0.8489228600048576, "Cab6": 85.56611862719981, "Cw6": 0.03667537097749926, "xscale6": 0.6180085046926185, "yscale6": 0.6180085046926185, "zscale6": 0.6180085046926185, "Cab7": 71.73887711846488, "Cw7": 0.041245597130869, "xscale7": 0.6036152236881331, "yscale7": 0.6036152236881331, "zscale7": 0.6036152236881331, "Cab8": 58.23848232056922, "Cw8": 0.028166593869851625, "xscale8": 0.6690897139389057, "yscale8": 0.6690897139389057, "zscale8": 0.6690897139389057, "Cab9": 27.318602263907408, "Cw9": 0.03772338697051667, "xscale9": 0.7297450800830981, "yscale9": 0.7297450800830981, "zscale9": 0.7297450800830981, "Cab10": 45.593406283614044, "Cw10": 0.011963201667049669, "xscale10": 0.4635101615622157, "yscale10": 0.4635101615622157, "zscale10": 0.4635101615622157, "Cab11": 58.486788387493775, "Cw11": 0.015309030744067753, "xscale11": 0.5564609760769539, "yscale11": 0.5564609760769539, "zscale11": 0.5564609760769539, "Cab12": 83.0298907453565, "Cw12": 0.013864631262915119, "xscale12": 0.6180501542312138, "yscale12": 0.6180501542312138, "zscale12": 0.6180501542312138, "Cab13": 34.066926875017984, "Cw13": 0.03298400203430124, "xscale13": 0.5598496497063848, "yscale13": 0.5598496497063848, "zscale13": 0.5598496497063848, "Cab14": 43.75590575481046, "Cw14": 0.017558810201812443, "xscale14": 0.6168166471950114, "yscale14": 0.6168166471950114, "zscale14": 0.6168166471950114, "Cab15": 86.92082109796898, "Cw15": 0.030899161455348288, "xscale15": 0.6060247778758864, "yscale15": 0.6060247778758864, "zscale15": 0.6060247778758864, "Cab16": 64.87986329381116, "Cw16": 0.04758487663773588, "xscale16": 0.5367448947109363, "yscale16": 0.5367448947109363, "zscale16": 0.5367448947109363, "Cab17": 87.6754726697533, "Cw17": 0.044250945508438895, "xscale17": 0.48265503366486356, "yscale17": 0.48265503366486356, "zscale17": 0.48265503366486356, "Cab18": 74.32098043076454, "Cw18": 0.015430960014636832, "xscale18": 0.5235004259225643, "yscale18": 0.5235004259225643, "zscale18": 0.5235004259225643, "Cab19": 34.68114627889884, "Cw19": 0.01585717384964011, "xscale19": 0.5018401119474758, "yscale19": 0.5018401119474758, "zscale19": 0.5018401119474758, "Cab20": 67.04574006880429, "Cw20": 0.01251185139597089, "xscale20": 0.578439098660871, "yscale20": 0.578439098660871, "zscale20": 0.578439098660871, "Cab21": 65.39871049398977, "Cw21": 0.03334907837863454, "xscale21": 0.5266629408794988, "yscale21": 0.5266629408794988, "zscale21": 0.5266629408794988, "Cab22": 43.64643035301472, "Cw22": 0.04121873813375611, "xscale22": 0.4281609707077152, "yscale22": 0.4281609707077152, "zscale22": 0.4281609707077152, "Cab23": 70.3362271527449, "Cw23": 0.024622838193310466, "xscale23": 0.699633610906742, "yscale23": 0.699633610906742, "zscale23": 0.699633610906742, "Cab24": 75.61365510208677, "Cw24": 0.030392037619787468, "xscale24": 0.5756838312070427, "yscale24": 0.5756838312070427, "zscale24": 0.5756838312070427, "Cab25": 27.629744691972284, "Cw25": 0.041676738874334346, "xscale25": 0.49224367700515886, "yscale25": 0.49224367700515886, "zscale25": 0.49224367700515886, "Cab26": 88.45570428664718, "Cw26": 0.019276408526408953, "xscale26": 0.5130001672846665, "yscale26": 0.5130001672846665, "zscale26": 0.5130001672846665, "Cab27": 49.40865652885326, "Cw27": 0.01796378030586202, "xscale27": 0.3524460440220069, "yscale27": 0.3524460440220069, "zscale27": 0.3524460440220069, "Cab28": 49.73952670208185, "Cw28": 0.040874883565808234, "xscale28": 0.3810647625706271, "yscale28": 0.3810647625706271, "zscale28": 0.3810647625706271, "Cab29": 40.194678208660335, "Cw29": 0.033405316699413684, "xscale29": 0.5403659802883705, "yscale29": 0.5403659802883705, "zscale29": 0.5403659802883705, "Cab30": 60.10033247678143, "Cw30": 0.02854517519858705, "xscale30": 0.3174765332887813, "yscale30": 0.3174765332887813, "zscale30": 0.3174765332887813, "Cab31": 89.63621412924583, "Cw31": 0.024908489670570078, "xscale31": 0.5902868663872426, "yscale31": 0.5902868663872426, "zscale31": 0.5902868663872426, "Cab32": 85.08847798369229, "Cw32": 0.027161166448104485, "xscale32": 0.3859853252653134, "yscale32": 0.3859853252653134, "zscale32": 0.3859853252653134, "Cab33": 44.111376575888556, "Cw33": 0.04003669705678801, "xscale33": 0.541110314479533, "yscale33": 0.541110314479533, "zscale33": 0.541110314479533, "Cab34": 40.42183649978893, "Cw34": 0.0499979497040639, "xscale34": 0.530061887993638, "yscale34": 0.530061887993638, "zscale34": 0.530061887993638, "Cab35": 40.712741125535736, "Cw35": 0.04287233714165233, "xscale35": 0.35667203126725977, "yscale35": 0.35667203126725977, "zscale35": 0.35667203126725977, "Cab36": 45.80455079961692, "Cw36": 0.013333327123842081, "xscale36": 0.5378230709768793, "yscale36": 0.5378230709768793, "zscale36": 0.5378230709768793, "Cab37": 78.69171237726435, "Cw37": 0.047060046105383405, "xscale37": 0.4725656611744966, "yscale37": 0.4725656611744966, "zscale37": 0.4725656611744966, "Cab38": 72.02519758940858, "Cw38": 0.04287683580954708, "xscale38": 0.4612260406640168, "yscale38": 0.4612260406640168, "zscale38": 0.4612260406640168, "Cab39": 76.86119756741297, "Cw39": 0.029001126708700593, "xscale39": 0.48301298405140874, "yscale39": 0.48301298405140874, "zscale39": 0.48301298405140874, "Cab40": 59.332797264465505, "Cw40": 0.012465110975253327, "xscale40": 0.6428313706063805, "yscale40": 0.6428313706063805, "zscale40": 0.6428313706063805, "Cab41": 86.52912736648334, "Cw41": 0.04120705844970037, "xscale41": 0.4454660130712726, "yscale41": 0.4454660130712726, "zscale41": 0.4454660130712726, "Cab42": 48.08247494968674, "Cw42": 0.020699719681255915, "xscale42": 0.5225805493546641, "yscale42": 0.5225805493546641, "zscale42": 0.5225805493546641, "Cab43": 23.970408880916533, "Cw43": 0.047318260385694845, "xscale43": 0.6957844339279005, "yscale43": 0.6957844339279005, "zscale43": 0.6957844339279005, "Cab44": 81.13641933489109, "Cw44": 0.03259345589931006, "xscale44": 0.4198044401225664, "yscale44": 0.4198044401225664, "zscale44": 0.4198044401225664, "Cab45": 67.79703114207152, "Cw45": 0.029511213258789394, "xscale45": 0.3814963253599501, "yscale45": 0.3814963253599501, "zscale45": 0.3814963253599501, "Cab46": 28.585379819009944, "Cw46": 0.04178764739096647, "xscale46": 0.42236465305894844, "yscale46": 0.42236465305894844, "zscale46": 0.42236465305894844, "Cab47": 76.44042686489048, "Cw47": 0.03530729018436082, "xscale47": 0.508216094101925, "yscale47": 0.508216094101925, "zscale47": 0.508216094101925, "Cab48": 33.74616232987031, "Cw48": 0.0379374168482031, "xscale48": 0.6797852785694756, "yscale48": 0.6797852785694756, "zscale48": 0.6797852785694756, "Cab49": 72.68355282581672, "Cw49": 0.01457701012918054, "xscale49": 0.4741431272030802, "yscale49": 0.4741431272030802, "zscale49": 0.4741431272030802, "Cab50": 44.336721532514936, "Cw50": 0.044073868763640126, "xscale50": 0.7091269504245836, "yscale50": 0.7091269504245836, "zscale50": 0.7091269504245836, "Cab51": 21.06454333857264, "Cw51": 0.04768937792048018, "xscale51": 0.765243784166361, "yscale51": 0.765243784166361, "zscale51": 0.765243784166361, "Cab52": 75.2984050135471, "Cw52": 0.029951335118172405,