{"Cab0": 47.17871360729024, "Cw0": 0.02256887656061633, "xscale0": 0.7690625076523605, "yscale0": 0.7690625076523605, "zscale0": 0.7690625076523605, "Cab1": 65.99427294930442, "Cw1": 0.01955851111143761, "xscale1": 0.6302799178562178, "yscale1": 0.6302799178562178, "zscale1": 0.6302799178562178, "Cab2": 57.987851740613436, "Cw2": 0.04914309620661637, "xscale2": 0.6770042506605141, "yscale2": 0.6770042506605141, "zscale2": 0.6770042506605141, "Cab3": 54.04846007598888, "Cw3": 0.041768443966687566, "xscale3": 0.4140125990278936, "yscale3": 0.4140125990278936, "zscale3": 0.4140125990278936, "Cab4": 39.61012385448926, "Cw4": 0.04476798078959892, "xscale4": 0.6496121741069713, "yscale4": 0.6496121741069713, "zscale4": 0.6496121741069713, "Cab5": 33.52125438859951, "Cw5": 0.028196094732243, "xscale5": 0.7323855520979672, "yscale5": 0.7323855520979672, "zscale5": 0.7323855520979672, "Cab6": 29.697908415632114, "Cw6": 0.03912845406391711, "xscale6": 0.4644737083868775, "yscale6": 0.4644737083868775, "zscale6": 0.4644737083868775, "Cab7": 38.45031310741571, "Cw7": 0.03934886862326064, "xscale7": 0.5181302203898275, "yscale7": 0.5181302203898275, "zscale7": 0.5181302203898275, "Cab8": 65.35928639709266, "Cw8": 0.024374171734220608, "xscale8": 0.4840541854329729, "yscale8": 0.4840541854329729, "zscale8": 0.4840541854329729, "Cab9": 33.574420183913745, "Cw9": 0.013141422164168883, "xscale9": 0.5646626872239042, "yscale9": 0.5646626872239042, "zscale9": 0.5646626872239042, "Cab10": 65.16808722098051, "Cw10": 0.031470086894691635, "xscale10": 0.5709728306131344, "yscale10": 0.5709728306131344, "zscale10": 0.5709728306131344, "Cab11": 85.76033876162722, "Cw11": 0.010276578422010263, "xscale11": 0.5563118803427458, "yscale11": 0.5563118803427458, "zscale11": 0.5563118803427458, "Cab12": 29.955975007779678, "Cw12": 0.023544814281209085, "xscale12": 0.498165647757471, "yscale12": 0.498165647757471, "zscale12": 0.498165647757471, "Cab13": 84.89991422619231, "Cw13": 0.036401235454195935, "xscale13": 0.7262498368324097, "yscale13": 0.7262498368324097, "zscale13": 0.7262498368324097, "Cab14": 58.9467324376978, "Cw14": 0.046221771815124414, "xscale14": 0.5889724346466406, "yscale14": 0.5889724346466406, "zscale14": 0.5889724346466406, "Cab15": 79.73097757454512, "Cw15": 0.016101190456096735, "xscale15": 0.5365062932860792, "yscale15": 0.5365062932860792, "zscale15": 0.5365062932860792, "Cab16": 74.55763806853204, "Cw16": 0.01439333485301194, "xscale16": 0.6916982108277585, "yscale16": 0.6916982108277585, "zscale16": 0.6916982108277585, "Cab17": 54.57293291165252, "Cw17": 0.036380927359322905, "xscale17": 0.5518907280534299, "yscale17": 0.5518907280534299, "zscale17": 0.5518907280534299, "Cab18": 28.38078794582848, "Cw18": 0.02180565941437865, "xscale18": 0.7369985002814553, "yscale18": 0.7369985002814553, "zscale18": 0.7369985002814553, "Cab19": 36.09398269762994, "Cw19": 0.026413141021744788, "xscale19": 0.5683453504047631, "yscale19": 0.5683453504047631, "zscale19": 0.5683453504047631, "Cab20": 43.98382507499776, "Cw20": 0.01842867631390283, "xscale20": 0.7282235330323212, "yscale20": 0.7282235330323212, "zscale20": 0.7282235330323212, "Cab21": 88.79940970417103, "Cw21": 0.045548980643400704, "xscale21": 0.5291368370905956, "yscale21": 0.5291368370905956, "zscale21": 0.5291368370905956, "Cab22": 77.0825470522131, "Cw22": 0.04752202746444499, "xscale22": 0.5145806191382085, "yscale22": 0.5145806191382085, "zscale22": 0.5145806191382085, "Cab23": 32.12636260287357, "Cw23": 0.034705888421910046, "xscale23": 0.6261766772254056, "yscale23": 0.6261766772254056, "zscale23": 0.6261766772254056, "Cab24": 85.53966818382234, "Cw24": 0.03759412947817229, "xscale24": 0.5888195669145139, "yscale24": 0.5888195669145139, "zscale24": 0.5888195669145139, "Cab25": 35.023655933510184, "Cw25": 0.021067685616545342, "xscale25": 0.5378943429480777, "yscale25": 0.5378943429480777, "zscale25": 0.5378943429480777, "Cab26": 35.09090852316359, "Cw26": 0.03662966671843276, "xscale26": 0.6049844338581841, "yscale26": 0.6049844338581841, "zscale26": 0.6049844338581841, "Cab27": 67.58344878634456, "Cw27": 0.029205782481512996, "xscale27": 0.5115003376105539, "yscale27": 0.5115003376105539, "zscale27": 0.5115003376105539, "Cab28": 87.90028860061904, "Cw28": 0.04515325515318026, "xscale28": 0.4873244684966601, "yscale28": 0.4873244684966601, "zscale28": 0.4873244684966601, "Cab29": 53.72285391833658, "Cw29": 0.03511516731975082, "xscale29": 0.7196090031742671, "yscale29": 0.7196090031742671, "zscale29": 0.7196090031742671, "Cab30": 68.02978338850656, "Cw30": 0.0361036001617989, "xscale30": 0.391395232308408, "yscale30": 0.391395232308408, "zscale30": 0.391395232308408, "Cab31": 27.4272249472631, "Cw31": 0.024353481464504625, "xscale31": 0.6661834399898857, "yscale31": 0.6661834399898857, "zscale31": 0.6661834399898857, "Cab32": 63.81335878559806, "Cw32": 0.04450537646805535, "xscale32": 0.4931830662052043, "yscale32": 0.4931830662052043, "zscale32": 0.4931830662052043, "Cab33": 78.87889164995136, "Cw33": 0.012659788839452282, "xscale33": 0.5138734750347518, "yscale33": 0.5138734750347518, "zscale33": 0.5138734750347518, "Cab34": 23.410990364812747, "Cw34": 0.014134965146003112, "xscale34": 0.434181478166924, "yscale34": 0.434181478166924, "zscale34": 0.434181478166924, "Cab35": 24.368473669401713, "Cw35": 0.026869661745030783, "xscale35": 0.42683785490468557, "yscale35": 0.42683785490468557, "zscale35": 0.42683785490468557, "Cab36": 46.18296477551135, "Cw36": 0.02894140444501052, "xscale36": 0.5205392566320675, "yscale36": 0.5205392566320675, "zscale36": 0.5205392566320675, "Cab37": 84.82413818553272, "Cw37": 0.048300879161536164, "xscale37": 0.4782738435571863, "yscale37": 0.4782738435571863, "zscale37": 0.4782738435571863, "Cab38": 41.38219984793604, "Cw38": 0.04279169902006274, "xscale38": 0.406954586864987, "yscale38": 0.406954586864987, "zscale38": 0.406954586864987, "Cab39": 66.33012783392344, "Cw39": 0.03638806476311763, "xscale39": 0.6594174547556398, "yscale39": 0.6594174547556398, "zscale39": 0.6594174547556398, "Cab40": 32.1449859773623, "Cw40": 0.03896509870682556, "xscale40": 0.5851069531536531, "yscale40": 0.5851069531536531, "zscale40": 0.5851069531536531, "Cab41": 34.86865541853913, "Cw41": 0.020077968620579804, "xscale41": 0.4479357767292537, "yscale41": 0.4479357767292537, "zscale41": 0.4479357767292537, "Cab42": 75.90760058984372, "Cw42": 0.033667896179771534, "xscale42": 0.6201078429810569, "yscale42": 0.6201078429810569, "zscale42": 0.6201078429810569, "Cab43": 38.13188959156082, "Cw43": 0.010029718007190316, "xscale43": 0.6290396331043219, "yscale43": 0.6290396331043219, "zscale43": 0.6290396331043219, "Cab44": 85.58852941582732, "Cw44": 0.03272744739618656, "xscale44": 0.5135256561301981, "yscale44": 0.5135256561301981, "zscale44": 0.5135256561301981, "Cab45": 75.32172476089849, "Cw45": 0.03672370894523429, "xscale45": 0.3460010171379194, "yscale45": 0.3460010171379194, "zscale45": 0.3460010171379194, "Cab46": 42.21113702626313, "Cw46": 0.038102817325083554, "xscale46": 0.44647825412715775, "yscale46": 0.44647825412715775, "zscale46": 0.44647825412715775, "Cab47": 60.435626397650076, "Cw47": 0.016669951838827773, "xscale47": 0.5963499875752566, "yscale47": 0.5963499875752566, "zscale47": 0.5963499875752566, "Cab48": 34.56864677498774, "Cw48": 0.04241664973508937, "xscale48": 0.730445493473318, "yscale48": 0.730445493473318, "zscale48": 0.730445493473318, "Cab49": 40.08913174874513, "Cw49": 0.040262120302118606, "xscale49": 0.4800501872876635, "yscale49": 0.4800501872876635, "zscale49": 0.4800501872876635, "Cab50": 80.44189173965427, "Cw50": 0.04179910199510575, "xscale50": 0.5889610339153806, "yscale50": 0.5889610339153806, "zscale50": 0.5889610339153806, "Cab51": 65.46697650654875, "Cw51": 0.013819606800499679, "xscale51": 0.794719392154448, "yscale51": 0.794719392154448, "zscale51": 0.794719392154448, "Cab52": 31.606398207625816, "Cw52": 0.010799910395981912,