{"Cab0": 48.73908262018883, "Cw0": 0.04670718665636971, "xscale0": 0.7721045266353959, "yscale0": 0.7721045266353959, "zscale0": 0.7721045266353959, "Cab1": 23.74165949657162, "Cw1": 0.026809982176994915, "xscale1": 0.6165031056095034, "yscale1": 0.6165031056095034, "zscale1": 0.6165031056095034, "Cab2": 21.55734596600345, "Cw2": 0.047345568764976156, "xscale2": 0.7129627576688238, "yscale2": 0.7129627576688238, "zscale2": 0.7129627576688238, "Cab3": 24.096992410182104, "Cw3": 0.03174749069892365, "xscale3": 0.5939162855445571, "yscale3": 0.5939162855445571, "zscale3": 0.5939162855445571, "Cab4": 64.12750055718189, "Cw4": 0.04232208996727098, "xscale4": 0.6260359718619636, "yscale4": 0.6260359718619636, "zscale4": 0.6260359718619636, "Cab5": 36.09413847799, "Cw5": 0.039115371805300586, "xscale5": 0.6587720907662918, "yscale5": 0.6587720907662918, "zscale5": 0.6587720907662918, "Cab6": 40.20030205364453, "Cw6": 0.03258329586915349, "xscale6": 0.5239355233039209, "yscale6": 0.5239355233039209, "zscale6": 0.5239355233039209, "Cab7": 71.6136894574827, "Cw7": 0.02517404977001178, "xscale7": 0.5355858714517208, "yscale7": 0.5355858714517208, "zscale7": 0.5355858714517208, "Cab8": 84.07998435781569, "Cw8": 0.019204299982459226, "xscale8": 0.562940135668734, "yscale8": 0.562940135668734, "zscale8": 0.562940135668734, "Cab9": 57.487237491282166, "Cw9": 0.03794961466128037, "xscale9": 0.6542765175770984, "yscale9": 0.6542765175770984, "zscale9": 0.6542765175770984, "Cab10": 64.29248359382578, "Cw10": 0.01680205876683013, "xscale10": 0.5763249218961616, "yscale10": 0.5763249218961616, "zscale10": 0.5763249218961616, "Cab11": 57.49415586939403, "Cw11": 0.03707390952797377, "xscale11": 0.5175024702500334, "yscale11": 0.5175024702500334, "zscale11": 0.5175024702500334, "Cab12": 41.367056918478156, "Cw12": 0.0365586561370274, "xscale12": 0.6194639838004262, "yscale12": 0.6194639838004262, "zscale12": 0.6194639838004262, "Cab13": 35.047728602016264, "Cw13": 0.011300539360430389, "xscale13": 0.7273411093307638, "yscale13": 0.7273411093307638, "zscale13": 0.7273411093307638, "Cab14": 46.43730577317893, "Cw14": 0.028038025596561753, "xscale14": 0.6388817145818868, "yscale14": 0.6388817145818868, "zscale14": 0.6388817145818868, "Cab15": 67.69876177381477, "Cw15": 0.018039553401801293, "xscale15": 0.6517861800426488, "yscale15": 0.6517861800426488, "zscale15": 0.6517861800426488, "Cab16": 47.48968238692814, "Cw16": 0.020654533306665397, "xscale16": 0.5026832646118902, "yscale16": 0.5026832646118902, "zscale16": 0.5026832646118902, "Cab17": 59.68048652151237, "Cw17": 0.04648299006469923, "xscale17": 0.5577369700774266, "yscale17": 0.5577369700774266, "zscale17": 0.5577369700774266, "Cab18": 29.566966420189388, "Cw18": 0.04878696096514467, "xscale18": 0.6456587641696894, "yscale18": 0.6456587641696894, "zscale18": 0.6456587641696894, "Cab19": 86.27731077405075, "Cw19": 0.030216345620452195, "xscale19": 0.4867208757241678, "yscale19": 0.4867208757241678, "zscale19": 0.4867208757241678, "Cab20": 83.12225099435639, "Cw20": 0.015144125898022996, "xscale20": 0.7592793484476279, "yscale20": 0.7592793484476279, "zscale20": 0.7592793484476279, "Cab21": 45.08067211558783, "Cw21": 0.025161629319757982, "xscale21": 0.5883833819933193, "yscale21": 0.5883833819933193, "zscale21": 0.5883833819933193, "Cab22": 75.38625646101454, "Cw22": 0.033833635499239255, "xscale22": 0.4929628804172738, "yscale22": 0.4929628804172738, "zscale22": 0.4929628804172738, "Cab23": 74.62341885507482, "Cw23": 0.046842748005418634, "xscale23": 0.7225384632006026, "yscale23": 0.7225384632006026, "zscale23": 0.7225384632006026, "Cab24": 43.95299910426186, "Cw24": 0.021888513432425226, "xscale24": 0.6235153049261266, "yscale24": 0.6235153049261266, "zscale24": 0.6235153049261266, "Cab25": 54.77782580971671, "Cw25": 0.042290199478201326, "xscale25": 0.6692543434943108, "yscale25": 0.6692543434943108, "zscale25": 0.6692543434943108, "Cab26": 46.24309472874224, "Cw26": 0.04767120312105815, "xscale26": 0.6647976685175898, "yscale26": 0.6647976685175898, "zscale26": 0.6647976685175898, "Cab27": 79.19118326192878, "Cw27": 0.04087062819560223, "xscale27": 0.493659605475747, "yscale27": 0.493659605475747, "zscale27": 0.493659605475747, "Cab28": 66.96747449033231, "Cw28": 0.02213887500668315, "xscale28": 0.4051119356471313, "yscale28": 0.4051119356471313, "zscale28": 0.4051119356471313, "Cab29": 42.20146978240166, "Cw29": 0.022691041264680675, "xscale29": 0.5185878567653465, "yscale29": 0.5185878567653465, "zscale29": 0.5185878567653465, "Cab30": 49.013005737060624, "Cw30": 0.0164559632304091, "xscale30": 0.4418709431968334, "yscale30": 0.4418709431968334, "zscale30": 0.4418709431968334, "Cab31": 29.761732800472885, "Cw31": 0.010933174891594658, "xscale31": 0.5372175413614529, "yscale31": 0.5372175413614529, "zscale31": 0.5372175413614529, "Cab32": 62.93573380851765, "Cw32": 0.018316286783621263, "xscale32": 0.42665079128030825, "yscale32": 0.42665079128030825, "zscale32": 0.42665079128030825, "Cab33": 65.98229430232406, "Cw33": 0.041480182197564275, "xscale33": 0.5714640863263017, "yscale33": 0.5714640863263017, "zscale33": 0.5714640863263017, "Cab34": 25.45055997346781, "Cw34": 0.03853403956214715, "xscale34": 0.6055551276091298, "yscale34": 0.6055551276091298, "zscale34": 0.6055551276091298, "Cab35": 71.9286899450307, "Cw35": 0.025738541206658326, "xscale35": 0.4972694499312455, "yscale35": 0.4972694499312455, "zscale35": 0.4972694499312455, "Cab36": 83.21127081728383, "Cw36": 0.03774349135954164, "xscale36": 0.7229671405632669, "yscale36": 0.7229671405632669, "zscale36": 0.7229671405632669, "Cab37": 56.074607398565334, "Cw37": 0.04714044090976858, "xscale37": 0.4158396595077529, "yscale37": 0.4158396595077529, "zscale37": 0.4158396595077529, "Cab38": 85.59118030690087, "Cw38": 0.029661701421434636, "xscale38": 0.552079894685559, "yscale38": 0.552079894685559, "zscale38": 0.552079894685559, "Cab39": 65.44693312192692, "Cw39": 0.036396946681834484, "xscale39": 0.6471452967091451, "yscale39": 0.6471452967091451, "zscale39": 0.6471452967091451, "Cab40": 56.78956554643035, "Cw40": 0.01113711765778112, "xscale40": 0.5850033525750706, "yscale40": 0.5850033525750706, "zscale40": 0.5850033525750706, "Cab41": 87.19625527015377, "Cw41": 0.02330235714088437, "xscale41": 0.4417834374030297, "yscale41": 0.4417834374030297, "zscale41": 0.4417834374030297, "Cab42": 27.781807086901846, "Cw42": 0.03836475861783856, "xscale42": 0.6548051252882549, "yscale42": 0.6548051252882549, "zscale42": 0.6548051252882549, "Cab43": 61.73090199493186, "Cw43": 0.03336104204413261, "xscale43": 0.5041151138500317, "yscale43": 0.5041151138500317, "zscale43": 0.5041151138500317, "Cab44": 73.86396530201729, "Cw44": 0.010449832146357424, "xscale44": 0.5030638493257599, "yscale44": 0.5030638493257599, "zscale44": 0.5030638493257599, "Cab45": 32.28925568364725, "Cw45": 0.023521158551005554, "xscale45": 0.3408940775021376, "yscale45": 0.3408940775021376, "zscale45": 0.3408940775021376, "Cab46": 54.746517203903544, "Cw46": 0.027782881299090498, "xscale46": 0.5217829810105117, "yscale46": 0.5217829810105117, "zscale46": 0.5217829810105117, "Cab47": 20.250301955355027, "Cw47": 0.02077729215880282, "xscale47": 0.5128989325394786, "yscale47": 0.5128989325394786, "zscale47": 0.5128989325394786, "Cab48": 25.764942258437408, "Cw48": 0.04796363237228459, "xscale48": 0.7752863403070313, "yscale48": 0.7752863403070313, "zscale48": 0.7752863403070313, "Cab49": 27.27566645802285, "Cw49": 0.03954455829887457, "xscale49": 0.5546043478405719, "yscale49": 0.5546043478405719, "zscale49": 0.5546043478405719, "Cab50": 51.22201051789848, "Cw50": 0.0442660553466007, "xscale50": 0.5680034585515431, "yscale50": 0.5680034585515431, "zscale50": 0.5680034585515431, "Cab51": 73.68140901055376, "Cw51": 0.017547860990148302, "xscale51": 0.8081557626342787, "yscale51": 0.8081557626342787, "zscale51": 0.8081557626342787, "Cab52": 54.18525839962352, "Cw52": 0.02818043724789271,