{"Cab0": 26.417502457203117, "Cw0": 0.02673495447247539, "xscale0": 0.6811214320515981, "yscale0": 0.6811214320515981, "zscale0": 0.6811214320515981, "Cab1": 64.27602662297241, "Cw1": 0.04237234868762324, "xscale1": 0.6942645535392887, "yscale1": 0.6942645535392887, "zscale1": 0.6942645535392887, "Cab2": 45.20126832809585, "Cw2": 0.04466219509473592, "xscale2": 0.7369806388299451, "yscale2": 0.7369806388299451, "zscale2": 0.7369806388299451, "Cab3": 38.23705713155348, "Cw3": 0.0214219225863962, "xscale3": 0.5394249405867207, "yscale3": 0.5394249405867207, "zscale3": 0.5394249405867207, "Cab4": 34.232351176162666, "Cw4": 0.046824899719821726, "xscale4": 0.6324143640507507, "yscale4": 0.6324143640507507, "zscale4": 0.6324143640507507, "Cab5": 73.0085352069066, "Cw5": 0.010986154903644194, "xscale5": 0.6398307335425375, "yscale5": 0.6398307335425375, "zscale5": 0.6398307335425375, "Cab6": 79.47578636723402, "Cw6": 0.04775300123126991, "xscale6": 0.53997856661547, "yscale6": 0.53997856661547, "zscale6": 0.53997856661547, "Cab7": 34.95846329103736, "Cw7": 0.024081053526669317, "xscale7": 0.6291527901531766, "yscale7": 0.6291527901531766, "zscale7": 0.6291527901531766, "Cab8": 36.4366218193788, "Cw8": 0.04942810570718985, "xscale8": 0.5277286668862513, "yscale8": 0.5277286668862513, "zscale8": 0.5277286668862513, "Cab9": 32.50187342074255, "Cw9": 0.04448913879969478, "xscale9": 0.7996893607872022, "yscale9": 0.7996893607872022, "zscale9": 0.7996893607872022, "Cab10": 61.951874773259064, "Cw10": 0.0253335401808365, "xscale10": 0.49992275861060675, "yscale10": 0.49992275861060675, "zscale10": 0.49992275861060675, "Cab11": 58.3110907036156, "Cw11": 0.02350798744677804, "xscale11": 0.5262688840128142, "yscale11": 0.5262688840128142, "zscale11": 0.5262688840128142, "Cab12": 80.99234898311454, "Cw12": 0.01831765595316804, "xscale12": 0.5584989285780672, "yscale12": 0.5584989285780672, "zscale12": 0.5584989285780672, "Cab13": 33.699176668643325, "Cw13": 0.0425698420484527, "xscale13": 0.5899044184918675, "yscale13": 0.5899044184918675, "zscale13": 0.5899044184918675, "Cab14": 80.39627860191172, "Cw14": 0.03176227356972308, "xscale14": 0.5274155957043247, "yscale14": 0.5274155957043247, "zscale14": 0.5274155957043247, "Cab15": 62.77308058454531, "Cw15": 0.014599843449339534, "xscale15": 0.5652294745026685, "yscale15": 0.5652294745026685, "zscale15": 0.5652294745026685, "Cab16": 28.707730656446458, "Cw16": 0.034456476379053524, "xscale16": 0.6820045769593462, "yscale16": 0.6820045769593462, "zscale16": 0.6820045769593462, "Cab17": 24.205035951361282, "Cw17": 0.022683726588041457, "xscale17": 0.47158173801217784, "yscale17": 0.47158173801217784, "zscale17": 0.47158173801217784, "Cab18": 38.262463827559685, "Cw18": 0.010190178211238705, "xscale18": 0.7582483551854816, "yscale18": 0.7582483551854816, "zscale18": 0.7582483551854816, "Cab19": 22.32105920330196, "Cw19": 0.02823721071852804, "xscale19": 0.6142648123999406, "yscale19": 0.6142648123999406, "zscale19": 0.6142648123999406, "Cab20": 67.35282064984831, "Cw20": 0.03884891473875414, "xscale20": 0.623388095925483, "yscale20": 0.623388095925483, "zscale20": 0.623388095925483, "Cab21": 39.466042841762466, "Cw21": 0.04338431202072533, "xscale21": 0.5558358947966549, "yscale21": 0.5558358947966549, "zscale21": 0.5558358947966549, "Cab22": 79.57032615420621, "Cw22": 0.02084194682225681, "xscale22": 0.45349807493206273, "yscale22": 0.45349807493206273, "zscale22": 0.45349807493206273, "Cab23": 32.38895648547545, "Cw23": 0.0316995290728803, "xscale23": 0.7079255752517256, "yscale23": 0.7079255752517256, "zscale23": 0.7079255752517256, "Cab24": 54.656454609001564, "Cw24": 0.02279010766523891, "xscale24": 0.5339449402575536, "yscale24": 0.5339449402575536, "zscale24": 0.5339449402575536, "Cab25": 86.82812492086633, "Cw25": 0.03653229034509261, "xscale25": 0.5472873584547668, "yscale25": 0.5472873584547668, "zscale25": 0.5472873584547668, "Cab26": 40.235477342606515, "Cw26": 0.03712250341451602, "xscale26": 0.6978931209823723, "yscale26": 0.6978931209823723, "zscale26": 0.6978931209823723, "Cab27": 48.71989104993938, "Cw27": 0.024574153088766267, "xscale27": 0.48234472031217585, "yscale27": 0.48234472031217585, "zscale27": 0.48234472031217585, "Cab28": 29.71148201528755, "Cw28": 0.023658159491628493, "xscale28": 0.3713653867400099, "yscale28": 0.3713653867400099, "zscale28": 0.3713653867400099, "Cab29": 39.06181956172017, "Cw29": 0.04817779736514517, "xscale29": 0.5868751306503591, "yscale29": 0.5868751306503591, "zscale29": 0.5868751306503591, "Cab30": 65.71606573907269, "Cw30": 0.02748603068447994, "xscale30": 0.31214149127881075, "yscale30": 0.31214149127881075, "zscale30": 0.31214149127881075, "Cab31": 26.974330988578046, "Cw31": 0.02238792724612016, "xscale31": 0.5541271682717879, "yscale31": 0.5541271682717879, "zscale31": 0.5541271682717879, "Cab32": 66.97049464904, "Cw32": 0.01849388337251389, "xscale32": 0.4082309424397968, "yscale32": 0.4082309424397968, "zscale32": 0.4082309424397968, "Cab33": 55.947828655631405, "Cw33": 0.011790889798825255, "xscale33": 0.3912431976518626, "yscale33": 0.3912431976518626, "zscale33": 0.3912431976518626, "Cab34": 68.5782407001285, "Cw34": 0.015697138158523284, "xscale34": 0.4138507736093973, "yscale34": 0.4138507736093973, "zscale34": 0.4138507736093973, "Cab35": 83.49128398320231, "Cw35": 0.04169498433948165, "xscale35": 0.4860687443012001, "yscale35": 0.4860687443012001, "zscale35": 0.4860687443012001, "Cab36": 70.036849824618, "Cw36": 0.04864941623559904, "xscale36": 0.7556062841637996, "yscale36": 0.7556062841637996, "zscale36": 0.7556062841637996, "Cab37": 21.103798811626742, "Cw37": 0.04663643098713185, "xscale37": 0.5159965984859693, "yscale37": 0.5159965984859693, "zscale37": 0.5159965984859693, "Cab38": 61.48608003683849, "Cw38": 0.049936486775814755, "xscale38": 0.5657736776446405, "yscale38": 0.5657736776446405, "zscale38": 0.5657736776446405, "Cab39": 64.10958192094081, "Cw39": 0.021363630797999408, "xscale39": 0.5856477681213001, "yscale39": 0.5856477681213001, "zscale39": 0.5856477681213001, "Cab40": 41.50438749643873, "Cw40": 0.03567894292072741, "xscale40": 0.46186839319018347, "yscale40": 0.46186839319018347, "zscale40": 0.46186839319018347, "Cab41": 31.99483694327882, "Cw41": 0.0382919614879185, "xscale41": 0.5649504727087747, "yscale41": 0.5649504727087747, "zscale41": 0.5649504727087747, "Cab42": 86.82901092972968, "Cw42": 0.018524769311992314, "xscale42": 0.6304528275318436, "yscale42": 0.6304528275318436, "zscale42": 0.6304528275318436, "Cab43": 38.212395925352915, "Cw43": 0.033362730182893825, "xscale43": 0.5904732000089247, "yscale43": 0.5904732000089247, "zscale43": 0.5904732000089247, "Cab44": 89.2080002886018, "Cw44": 0.030806040116880415, "xscale44": 0.4230302339746836, "yscale44": 0.4230302339746836, "zscale44": 0.4230302339746836, "Cab45": 33.27584959567452, "Cw45": 0.044916513147657273, "xscale45": 0.32567744929106424, "yscale45": 0.32567744929106424, "zscale45": 0.32567744929106424, "Cab46": 29.98272497094924, "Cw46": 0.0455678263066512, "xscale46": 0.4415643860313751, "yscale46": 0.4415643860313751, "zscale46": 0.4415643860313751, "Cab47": 80.21014408505064, "Cw47": 0.031727946939579685, "xscale47": 0.5545255236559472, "yscale47": 0.5545255236559472, "zscale47": 0.5545255236559472, "Cab48": 52.82949460170626, "Cw48": 0.034644127073500695, "xscale48": 0.6885282358227379, "yscale48": 0.6885282358227379, "zscale48": 0.6885282358227379, "Cab49": 74.18664101888682, "Cw49": 0.03867789070299328, "xscale49": 0.5285056889355415, "yscale49": 0.5285056889355415, "zscale49": 0.5285056889355415, "Cab50": 83.16308185924387, "Cw50": 0.04731647568677833, "xscale50": 0.7529173273740777, "yscale50": 0.7529173273740777, "zscale50": 0.7529173273740777, "Cab51": 30.703132174562974, "Cw51": 0.020194886679464733, "xscale51": 0.7211453836011499, "yscale51": 0.7211453836011499, "zscale51": 0.7211453836011499, "Cab52": 79.18337317501815, "Cw52": 0.026772580668770564,