{"Cab0": 86.90747123356476, "Cw0": 0.02206494661319217, "xscale0": 0.6565755334442293, "yscale0": 0.6565755334442293, "zscale0": 0.6565755334442293, "Cab1": 30.792089842294526, "Cw1": 0.02572407646498103, "xscale1": 0.4715314369173511, "yscale1": 0.4715314369173511, "zscale1": 0.4715314369173511, "Cab2": 45.193065901067584, "Cw2": 0.04052803740613213, "xscale2": 0.53050774447949, "yscale2": 0.53050774447949, "zscale2": 0.53050774447949, "Cab3": 82.3891323886878, "Cw3": 0.04672944510311043, "xscale3": 0.5693356205585944, "yscale3": 0.5693356205585944, "zscale3": 0.5693356205585944, "Cab4": 73.81927930380552, "Cw4": 0.0321661643660854, "xscale4": 0.4935582059100571, "yscale4": 0.4935582059100571, "zscale4": 0.4935582059100571, "Cab5": 32.29804624553793, "Cw5": 0.021409667715100108, "xscale5": 0.6467892555258594, "yscale5": 0.6467892555258594, "zscale5": 0.6467892555258594, "Cab6": 22.558563354495064, "Cw6": 0.048428487101179384, "xscale6": 0.5834718668852151, "yscale6": 0.5834718668852151, "zscale6": 0.5834718668852151, "Cab7": 38.864438051493224, "Cw7": 0.020890084078395488, "xscale7": 0.4505433715888956, "yscale7": 0.4505433715888956, "zscale7": 0.4505433715888956, "Cab8": 81.49333946417052, "Cw8": 0.014144568929245097, "xscale8": 0.493543194042021, "yscale8": 0.493543194042021, "zscale8": 0.493543194042021, "Cab9": 47.7401169063956, "Cw9": 0.03502322326865819, "xscale9": 0.648232943713378, "yscale9": 0.648232943713378, "zscale9": 0.648232943713378, "Cab10": 29.093749799400783, "Cw10": 0.045536777352118966, "xscale10": 0.5495060245138096, "yscale10": 0.5495060245138096, "zscale10": 0.5495060245138096, "Cab11": 61.96028911566245, "Cw11": 0.017196667333393593, "xscale11": 0.6027762057644888, "yscale11": 0.6027762057644888, "zscale11": 0.6027762057644888, "Cab12": 50.97631983688318, "Cw12": 0.025430976420293752, "xscale12": 0.6359040843966958, "yscale12": 0.6359040843966958, "zscale12": 0.6359040843966958, "Cab13": 85.04959053928711, "Cw13": 0.03900364690675682, "xscale13": 0.577917230822996, "yscale13": 0.577917230822996, "zscale13": 0.577917230822996, "Cab14": 70.9787088085038, "Cw14": 0.029001553026183555, "xscale14": 0.4918428926278247, "yscale14": 0.4918428926278247, "zscale14": 0.4918428926278247, "Cab15": 66.98597220808071, "Cw15": 0.040653308032485645, "xscale15": 0.5362968780897536, "yscale15": 0.5362968780897536, "zscale15": 0.5362968780897536, "Cab16": 75.8576575937035, "Cw16": 0.016620777659956863, "xscale16": 0.48249207641673497, "yscale16": 0.48249207641673497, "zscale16": 0.48249207641673497, "Cab17": 34.162100184967954, "Cw17": 0.026977852045951906, "xscale17": 0.5491361093340631, "yscale17": 0.5491361093340631, "zscale17": 0.5491361093340631, "Cab18": 87.77118659739217, "Cw18": 0.019268168448749748, "xscale18": 0.5688633450822443, "yscale18": 0.5688633450822443, "zscale18": 0.5688633450822443, "Cab19": 83.22653799924669, "Cw19": 0.03984430813999836, "xscale19": 0.5655672875725147, "yscale19": 0.5655672875725147, "zscale19": 0.5655672875725147, "Cab20": 68.95200092992513, "Cw20": 0.016385585102652814, "xscale20": 0.5179241737350734, "yscale20": 0.5179241737350734, "zscale20": 0.5179241737350734, "Cab21": 77.24384020848623, "Cw21": 0.023948134212819872, "xscale21": 0.601801730229659, "yscale21": 0.601801730229659, "zscale21": 0.601801730229659, "Cab22": 53.61313931952622, "Cw22": 0.014600206143899407, "xscale22": 0.4110276815561557, "yscale22": 0.4110276815561557, "zscale22": 0.4110276815561557, "Cab23": 66.33092981020027, "Cw23": 0.02653628377806716, "xscale23": 0.5102152001854137, "yscale23": 0.5102152001854137, "zscale23": 0.5102152001854137, "Cab24": 55.30208429356504, "Cw24": 0.019413020729720877, "xscale24": 0.6063378856744284, "yscale24": 0.6063378856744284, "zscale24": 0.6063378856744284, "Cab25": 89.39084707430887, "Cw25": 0.042847376895902387, "xscale25": 0.7099057793638274, "yscale25": 0.7099057793638274, "zscale25": 0.7099057793638274, "Cab26": 40.28057941261338, "Cw26": 0.045948179626706075, "xscale26": 0.526820076231776, "yscale26": 0.526820076231776, "zscale26": 0.526820076231776, "Cab27": 74.39877858373191, "Cw27": 0.033742569583548224, "xscale27": 0.49329418713218354, "yscale27": 0.49329418713218354, "zscale27": 0.49329418713218354, "Cab28": 39.6510830663924, "Cw28": 0.03286348294395692, "xscale28": 0.43032559041822876, "yscale28": 0.43032559041822876, "zscale28": 0.43032559041822876, "Cab29": 29.511356595593888, "Cw29": 0.016264956769460916, "xscale29": 0.5125810938810758, "yscale29": 0.5125810938810758, "zscale29": 0.5125810938810758, "Cab30": 79.92137164350284, "Cw30": 0.03028613854710773, "xscale30": 0.3339952492788657, "yscale30": 0.3339952492788657, "zscale30": 0.3339952492788657, "Cab31": 62.15373027773059, "Cw31": 0.010245934611399088, "xscale31": 0.6068391371161053, "yscale31": 0.6068391371161053, "zscale31": 0.6068391371161053, "Cab32": 29.971652894576824, "Cw32": 0.013745012575991438, "xscale32": 0.5456165458093015, "yscale32": 0.5456165458093015, "zscale32": 0.5456165458093015, "Cab33": 63.783287006013246, "Cw33": 0.012436503150276952, "xscale33": 0.427824625352124, "yscale33": 0.427824625352124, "zscale33": 0.427824625352124, "Cab34": 84.45919153936282, "Cw34": 0.048608648958077226, "xscale34": 0.5668075176716597, "yscale34": 0.5668075176716597, "zscale34": 0.5668075176716597, "Cab35": 82.35007919294289, "Cw35": 0.03526696239026609, "xscale35": 0.3985265965291999, "yscale35": 0.3985265965291999, "zscale35": 0.3985265965291999, "Cab36": 66.45430062253216, "Cw36": 0.0306956371887636, "xscale36": 0.6217091661461568, "yscale36": 0.6217091661461568, "zscale36": 0.6217091661461568, "Cab37": 73.15491382142962, "Cw37": 0.03640027530295474, "xscale37": 0.4972007696922265, "yscale37": 0.4972007696922265, "zscale37": 0.4972007696922265, "Cab38": 83.60135768715529, "Cw38": 0.03890786402434827, "xscale38": 0.39582942869082655, "yscale38": 0.39582942869082655, "zscale38": 0.39582942869082655, "Cab39": 31.22846066213411, "Cw39": 0.014324012138400767, "xscale39": 0.5700401048739501, "yscale39": 0.5700401048739501, "zscale39": 0.5700401048739501, "Cab40": 79.3663265494317, "Cw40": 0.020000275892151094, "xscale40": 0.45991286002380044, "yscale40": 0.45991286002380044, "zscale40": 0.45991286002380044, "Cab41": 39.443960215943264, "Cw41": 0.037579738091438095, "xscale41": 0.44559246306226563, "yscale41": 0.44559246306226563, "zscale41": 0.44559246306226563, "Cab42": 81.92419511958371, "Cw42": 0.011793712385682031, "xscale42": 0.5832226460184942, "yscale42": 0.5832226460184942, "zscale42": 0.5832226460184942, "Cab43": 54.158681172408144, "Cw43": 0.01572353823816931, "xscale43": 0.7107735641174171, "yscale43": 0.7107735641174171, "zscale43": 0.7107735641174171, "Cab44": 31.54891915659415, "Cw44": 0.016330347386489953, "xscale44": 0.46976523163247536, "yscale44": 0.46976523163247536, "zscale44": 0.46976523163247536, "Cab45": 61.71423387353859, "Cw45": 0.02319031456279168, "xscale45": 0.3492718600271104, "yscale45": 0.3492718600271104, "zscale45": 0.3492718600271104, "Cab46": 46.32252138426351, "Cw46": 0.019658121239029, "xscale46": 0.42443259645152054, "yscale46": 0.42443259645152054, "zscale46": 0.42443259645152054, "Cab47": 31.024438259875076, "Cw47": 0.027493786329943024, "xscale47": 0.4674102296827415, "yscale47": 0.4674102296827415, "zscale47": 0.4674102296827415, "Cab48": 72.87640842436528, "Cw48": 0.03043036871521853, "xscale48": 0.7285344398233154, "yscale48": 0.7285344398233154, "zscale48": 0.7285344398233154, "Cab49": 89.26334372085888, "Cw49": 0.023040431122449696, "xscale49": 0.531865599409528, "yscale49": 0.531865599409528, "zscale49": 0.531865599409528, "Cab50": 59.73737378949702, "Cw50": 0.02213570074031654, "xscale50": 0.7797388653938269, "yscale50": 0.7797388653938269, "zscale50": 0.7797388653938269, "Cab51": 72.40441216336252, "Cw51": 0.01869610208867723, "xscale51": 0.7418971007791463, "yscale51": 0.7418971007791463, "zscale51": 0.7418971007791463, "Cab52": 56.30056428449272, "Cw52": 0.04571556876319412,