{"Cab0": 29.110549182455493, "Cw0": 0.010312737700031134, "xscale0": 0.6941331865029955, "yscale0": 0.6941331865029955, "zscale0": 0.6941331865029955, "Cab1": 85.67714269689607, "Cw1": 0.04766976884459399, "xscale1": 0.5547201163085437, "yscale1": 0.5547201163085437, "zscale1": 0.5547201163085437, "Cab2": 22.896484033617938, "Cw2": 0.035543031557280114, "xscale2": 0.6405776322098862, "yscale2": 0.6405776322098862, "zscale2": 0.6405776322098862, "Cab3": 42.96454291060131, "Cw3": 0.0241157964827843, "xscale3": 0.5813411338276656, "yscale3": 0.5813411338276656, "zscale3": 0.5813411338276656, "Cab4": 80.31728992979332, "Cw4": 0.016887677433710318, "xscale4": 0.6424802892333528, "yscale4": 0.6424802892333528, "zscale4": 0.6424802892333528, "Cab5": 75.77711291524412, "Cw5": 0.013427975579807128, "xscale5": 0.7622433517117391, "yscale5": 0.7622433517117391, "zscale5": 0.7622433517117391, "Cab6": 63.46467422006461, "Cw6": 0.01568340521690536, "xscale6": 0.6512556700217533, "yscale6": 0.6512556700217533, "zscale6": 0.6512556700217533, "Cab7": 88.37054175409028, "Cw7": 0.019906175867763228, "xscale7": 0.46481603459353615, "yscale7": 0.46481603459353615, "zscale7": 0.46481603459353615, "Cab8": 38.94028424784844, "Cw8": 0.019119920297843984, "xscale8": 0.45508206526138106, "yscale8": 0.45508206526138106, "zscale8": 0.45508206526138106, "Cab9": 33.28358869457253, "Cw9": 0.04649015804587466, "xscale9": 0.5965094573079586, "yscale9": 0.5965094573079586, "zscale9": 0.5965094573079586, "Cab10": 29.305742008130455, "Cw10": 0.01948643552859172, "xscale10": 0.4233532268199446, "yscale10": 0.4233532268199446, "zscale10": 0.4233532268199446, "Cab11": 75.03228891455134, "Cw11": 0.02359517586594216, "xscale11": 0.7564346994594703, "yscale11": 0.7564346994594703, "zscale11": 0.7564346994594703, "Cab12": 83.89196690549032, "Cw12": 0.0471043062179346, "xscale12": 0.603900548129951, "yscale12": 0.603900548129951, "zscale12": 0.603900548129951, "Cab13": 89.94826051091204, "Cw13": 0.03880179664959427, "xscale13": 0.5794997355220681, "yscale13": 0.5794997355220681, "zscale13": 0.5794997355220681, "Cab14": 53.98546969371933, "Cw14": 0.04923796622823844, "xscale14": 0.5281994190869312, "yscale14": 0.5281994190869312, "zscale14": 0.5281994190869312, "Cab15": 87.30912576053092, "Cw15": 0.01390988040540861, "xscale15": 0.5750614571359364, "yscale15": 0.5750614571359364, "zscale15": 0.5750614571359364, "Cab16": 30.198635921412702, "Cw16": 0.020573868708609562, "xscale16": 0.5637086592772524, "yscale16": 0.5637086592772524, "zscale16": 0.5637086592772524, "Cab17": 50.84747456246794, "Cw17": 0.03055520418776321, "xscale17": 0.4837115877501365, "yscale17": 0.4837115877501365, "zscale17": 0.4837115877501365, "Cab18": 83.14345168526174, "Cw18": 0.0387540163576682, "xscale18": 0.5590589693427143, "yscale18": 0.5590589693427143, "zscale18": 0.5590589693427143, "Cab19": 31.036190806129042, "Cw19": 0.02588942102685937, "xscale19": 0.5534897439043224, "yscale19": 0.5534897439043224, "zscale19": 0.5534897439043224, "Cab20": 59.154433284678554, "Cw20": 0.037811963755514204, "xscale20": 0.6700738194555524, "yscale20": 0.6700738194555524, "zscale20": 0.6700738194555524, "Cab21": 81.2326687187942, "Cw21": 0.01830844901022819, "xscale21": 0.6103633619973167, "yscale21": 0.6103633619973167, "zscale21": 0.6103633619973167, "Cab22": 69.74627724312737, "Cw22": 0.014837984126552453, "xscale22": 0.43259847658831685, "yscale22": 0.43259847658831685, "zscale22": 0.43259847658831685, "Cab23": 23.70196145124973, "Cw23": 0.014799279105579837, "xscale23": 0.6206993376653042, "yscale23": 0.6206993376653042, "zscale23": 0.6206993376653042, "Cab24": 40.89301524236002, "Cw24": 0.01712788381027252, "xscale24": 0.6383978334584267, "yscale24": 0.6383978334584267, "zscale24": 0.6383978334584267, "Cab25": 40.06684568988328, "Cw25": 0.02353276864961485, "xscale25": 0.7193604193530784, "yscale25": 0.7193604193530784, "zscale25": 0.7193604193530784, "Cab26": 51.781674928173814, "Cw26": 0.01723923762926106, "xscale26": 0.6893379399584547, "yscale26": 0.6893379399584547, "zscale26": 0.6893379399584547, "Cab27": 41.78186275767943, "Cw27": 0.04531957503121019, "xscale27": 0.37082055034124595, "yscale27": 0.37082055034124595, "zscale27": 0.37082055034124595, "Cab28": 32.337381499037484, "Cw28": 0.02114610108638948, "xscale28": 0.3954148506158533, "yscale28": 0.3954148506158533, "zscale28": 0.3954148506158533, "Cab29": 81.83238506889515, "Cw29": 0.01145700745598456, "xscale29": 0.6218535122519016, "yscale29": 0.6218535122519016, "zscale29": 0.6218535122519016, "Cab30": 71.21565164644477, "Cw30": 0.039798052572711545, "xscale30": 0.33557958823321765, "yscale30": 0.33557958823321765, "zscale30": 0.33557958823321765, "Cab31": 73.91401528484283, "Cw31": 0.03505176820326452, "xscale31": 0.5355333249418482, "yscale31": 0.5355333249418482, "zscale31": 0.5355333249418482, "Cab32": 79.74589242179565, "Cw32": 0.018597106426311523, "xscale32": 0.5084790520866004, "yscale32": 0.5084790520866004, "zscale32": 0.5084790520866004, "Cab33": 63.373278571628866, "Cw33": 0.018302063546975215, "xscale33": 0.4360523358111859, "yscale33": 0.4360523358111859, "zscale33": 0.4360523358111859, "Cab34": 78.8731165414251, "Cw34": 0.015399429388867847, "xscale34": 0.544636209503209, "yscale34": 0.544636209503209, "zscale34": 0.544636209503209, "Cab35": 40.326380934638266, "Cw35": 0.021843030765356215, "xscale35": 0.4561796986168484, "yscale35": 0.4561796986168484, "zscale35": 0.4561796986168484, "Cab36": 28.65408426648954, "Cw36": 0.04538172282998876, "xscale36": 0.7238138422965059, "yscale36": 0.7238138422965059, "zscale36": 0.7238138422965059, "Cab37": 64.78801011990765, "Cw37": 0.01824396928089088, "xscale37": 0.3774590969018959, "yscale37": 0.3774590969018959, "zscale37": 0.3774590969018959, "Cab38": 24.26103058486737, "Cw38": 0.02307931298545752, "xscale38": 0.5133096777640672, "yscale38": 0.5133096777640672, "zscale38": 0.5133096777640672, "Cab39": 62.12590173246268, "Cw39": 0.013723758600630109, "xscale39": 0.6522392455817878, "yscale39": 0.6522392455817878, "zscale39": 0.6522392455817878, "Cab40": 75.87974063579034, "Cw40": 0.0183180331092941, "xscale40": 0.445863572568243, "yscale40": 0.445863572568243, "zscale40": 0.445863572568243, "Cab41": 32.74934936770354, "Cw41": 0.013448823363425655, "xscale41": 0.6009232167202693, "yscale41": 0.6009232167202693, "zscale41": 0.6009232167202693, "Cab42": 41.838452223530965, "Cw42": 0.04486041360917386, "xscale42": 0.5522963717094357, "yscale42": 0.5522963717094357, "zscale42": 0.5522963717094357, "Cab43": 83.83010009817684, "Cw43": 0.04574211238038484, "xscale43": 0.5841340233094479, "yscale43": 0.5841340233094479, "zscale43": 0.5841340233094479, "Cab44": 75.39604510717741, "Cw44": 0.029953144301865194, "xscale44": 0.39020291245847405, "yscale44": 0.39020291245847405, "zscale44": 0.39020291245847405, "Cab45": 60.29452049909575, "Cw45": 0.04165375711443786, "xscale45": 0.31259002542359265, "yscale45": 0.31259002542359265, "zscale45": 0.31259002542359265, "Cab46": 49.34538432041213, "Cw46": 0.03558830494349512, "xscale46": 0.5353007962609809, "yscale46": 0.5353007962609809, "zscale46": 0.5353007962609809, "Cab47": 33.26417907322417, "Cw47": 0.045255175155367096, "xscale47": 0.512970168582876, "yscale47": 0.512970168582876, "zscale47": 0.512970168582876, "Cab48": 57.745704598312145, "Cw48": 0.013536655921108176, "xscale48": 0.6300669552275707, "yscale48": 0.6300669552275707, "zscale48": 0.6300669552275707, "Cab49": 77.68564139921112, "Cw49": 0.04905945606778643, "xscale49": 0.6004282807613638, "yscale49": 0.6004282807613638, "zscale49": 0.6004282807613638, "Cab50": 49.5076703868314, "Cw50": 0.026421103794016555, "xscale50": 0.7047769879647967, "yscale50": 0.7047769879647967, "zscale50": 0.7047769879647967, "Cab51": 88.27266947515028, "Cw51": 0.01004758436753038, "xscale51": 0.8399024618586045, "yscale51": 0.8399024618586045, "zscale51": 0.8399024618586045, "Cab52": 43.11648951023709, "Cw52": 0.024372458121076364,