{"Cab0": 61.66983410527779, "Cw0": 0.011670705223673519, "xscale0": 0.7938158259778453, "yscale0": 0.7938158259778453, "zscale0": 0.7938158259778453, "Cab1": 45.978020765539284, "Cw1": 0.03051920262882253, "xscale1": 0.5444191669943449, "yscale1": 0.5444191669943449, "zscale1": 0.5444191669943449, "Cab2": 71.79678439176888, "Cw2": 0.01423901161294221, "xscale2": 0.726420086719813, "yscale2": 0.726420086719813, "zscale2": 0.726420086719813, "Cab3": 46.72025149135362, "Cw3": 0.03957713264545781, "xscale3": 0.4787242934963882, "yscale3": 0.4787242934963882, "zscale3": 0.4787242934963882, "Cab4": 54.49800461220088, "Cw4": 0.04859697907058936, "xscale4": 0.560839726909888, "yscale4": 0.560839726909888, "zscale4": 0.560839726909888, "Cab5": 25.976180412474378, "Cw5": 0.037419745437148946, "xscale5": 0.8642310630482869, "yscale5": 0.8642310630482869, "zscale5": 0.8642310630482869, "Cab6": 63.68857005912223, "Cw6": 0.02278685543167671, "xscale6": 0.45663419539548566, "yscale6": 0.45663419539548566, "zscale6": 0.45663419539548566, "Cab7": 37.177429776611824, "Cw7": 0.021641679935185253, "xscale7": 0.5970588363758946, "yscale7": 0.5970588363758946, "zscale7": 0.5970588363758946, "Cab8": 20.876611864435276, "Cw8": 0.011140674609116382, "xscale8": 0.6641606045009076, "yscale8": 0.6641606045009076, "zscale8": 0.6641606045009076, "Cab9": 71.76388543678215, "Cw9": 0.016911073275260015, "xscale9": 0.7273050479127886, "yscale9": 0.7273050479127886, "zscale9": 0.7273050479127886, "Cab10": 27.060850567642994, "Cw10": 0.046208654378242064, "xscale10": 0.40987478986323045, "yscale10": 0.40987478986323045, "zscale10": 0.40987478986323045, "Cab11": 79.96987583108196, "Cw11": 0.03266681077867249, "xscale11": 0.7650792958126363, "yscale11": 0.7650792958126363, "zscale11": 0.7650792958126363, "Cab12": 83.25670961391411, "Cw12": 0.010946839816199505, "xscale12": 0.5860775190002545, "yscale12": 0.5860775190002545, "zscale12": 0.5860775190002545, "Cab13": 55.944716625336284, "Cw13": 0.04485795668654058, "xscale13": 0.5983372504132399, "yscale13": 0.5983372504132399, "zscale13": 0.5983372504132399, "Cab14": 48.728232890828096, "Cw14": 0.02154758034706041, "xscale14": 0.6303819658419949, "yscale14": 0.6303819658419949, "zscale14": 0.6303819658419949, "Cab15": 58.015910859244656, "Cw15": 0.012888918494181296, "xscale15": 0.6684401210357007, "yscale15": 0.6684401210357007, "zscale15": 0.6684401210357007, "Cab16": 78.96906711935884, "Cw16": 0.017500452447786585, "xscale16": 0.5424214149197146, "yscale16": 0.5424214149197146, "zscale16": 0.5424214149197146, "Cab17": 21.72102849671859, "Cw17": 0.017864474866920697, "xscale17": 0.49390902434060097, "yscale17": 0.49390902434060097, "zscale17": 0.49390902434060097, "Cab18": 67.51397330314015, "Cw18": 0.04609236173290425, "xscale18": 0.5210242429203099, "yscale18": 0.5210242429203099, "zscale18": 0.5210242429203099, "Cab19": 27.889008652494276, "Cw19": 0.04586806094446136, "xscale19": 0.5121721514672346, "yscale19": 0.5121721514672346, "zscale19": 0.5121721514672346, "Cab20": 80.60582338022326, "Cw20": 0.033523875031486954, "xscale20": 0.6982068769077714, "yscale20": 0.6982068769077714, "zscale20": 0.6982068769077714, "Cab21": 42.87869130768227, "Cw21": 0.01978644001964342, "xscale21": 0.47207561369738205, "yscale21": 0.47207561369738205, "zscale21": 0.47207561369738205, "Cab22": 39.82069191277367, "Cw22": 0.031226978284972326, "xscale22": 0.5016588194831132, "yscale22": 0.5016588194831132, "zscale22": 0.5016588194831132, "Cab23": 79.43332480633829, "Cw23": 0.02751061678738568, "xscale23": 0.580929542834997, "yscale23": 0.580929542834997, "zscale23": 0.580929542834997, "Cab24": 83.51053856601177, "Cw24": 0.029461836954962378, "xscale24": 0.600948216275012, "yscale24": 0.600948216275012, "zscale24": 0.600948216275012, "Cab25": 37.833424459021515, "Cw25": 0.033724247012320435, "xscale25": 0.6793305293490303, "yscale25": 0.6793305293490303, "zscale25": 0.6793305293490303, "Cab26": 51.686184862465964, "Cw26": 0.01863122012381257, "xscale26": 0.5307780108182742, "yscale26": 0.5307780108182742, "zscale26": 0.5307780108182742, "Cab27": 87.47132192501502, "Cw27": 0.012889758366786928, "xscale27": 0.3889667900780882, "yscale27": 0.3889667900780882, "zscale27": 0.3889667900780882, "Cab28": 51.02611277898934, "Cw28": 0.0254320359609385, "xscale28": 0.39574119021989457, "yscale28": 0.39574119021989457, "zscale28": 0.39574119021989457, "Cab29": 78.73490456683356, "Cw29": 0.010154257337256514, "xscale29": 0.5300262850504301, "yscale29": 0.5300262850504301, "zscale29": 0.5300262850504301, "Cab30": 42.790130729663574, "Cw30": 0.021123618234172754, "xscale30": 0.3886744118717861, "yscale30": 0.3886744118717861, "zscale30": 0.3886744118717861, "Cab31": 65.49040100996916, "Cw31": 0.019900746442070148, "xscale31": 0.7375636861359218, "yscale31": 0.7375636861359218, "zscale31": 0.7375636861359218, "Cab32": 24.043278293491447, "Cw32": 0.04624894563989174, "xscale32": 0.5084373576840033, "yscale32": 0.5084373576840033, "zscale32": 0.5084373576840033, "Cab33": 53.02795374491765, "Cw33": 0.01746780859826724, "xscale33": 0.5029575395945493, "yscale33": 0.5029575395945493, "zscale33": 0.5029575395945493, "Cab34": 28.50314421425805, "Cw34": 0.04852748911747349, "xscale34": 0.4952782121985798, "yscale34": 0.4952782121985798, "zscale34": 0.4952782121985798, "Cab35": 70.55936461609214, "Cw35": 0.02116841963085747, "xscale35": 0.4781040383548568, "yscale35": 0.4781040383548568, "zscale35": 0.4781040383548568, "Cab36": 73.0980933550739, "Cw36": 0.027904848874700197, "xscale36": 0.7581833063686941, "yscale36": 0.7581833063686941, "zscale36": 0.7581833063686941, "Cab37": 44.03907007956176, "Cw37": 0.0462140180788332, "xscale37": 0.501108870078582, "yscale37": 0.501108870078582, "zscale37": 0.501108870078582, "Cab38": 51.34434969622192, "Cw38": 0.026640052449218868, "xscale38": 0.42802342244713676, "yscale38": 0.42802342244713676, "zscale38": 0.42802342244713676, "Cab39": 88.03204430019639, "Cw39": 0.03793748691334706, "xscale39": 0.4906471371240211, "yscale39": 0.4906471371240211, "zscale39": 0.4906471371240211, "Cab40": 87.02794241029099, "Cw40": 0.01671089731451363, "xscale40": 0.4856927195002972, "yscale40": 0.4856927195002972, "zscale40": 0.4856927195002972, "Cab41": 83.45503470093593, "Cw41": 0.036250045433070484, "xscale41": 0.5537360714929234, "yscale41": 0.5537360714929234, "zscale41": 0.5537360714929234, "Cab42": 73.44551789026818, "Cw42": 0.03987075233331124, "xscale42": 0.5507749693427585, "yscale42": 0.5507749693427585, "zscale42": 0.5507749693427585, "Cab43": 68.88959623980527, "Cw43": 0.042909345534631334, "xscale43": 0.6200184168735892, "yscale43": 0.6200184168735892, "zscale43": 0.6200184168735892, "Cab44": 30.594953628393554, "Cw44": 0.031634726491948165, "xscale44": 0.4119752825841287, "yscale44": 0.4119752825841287, "zscale44": 0.4119752825841287, "Cab45": 85.10272745789916, "Cw45": 0.0374556066800639, "xscale45": 0.31456427584270996, "yscale45": 0.31456427584270996, "zscale45": 0.31456427584270996, "Cab46": 34.984495936697655, "Cw46": 0.016782307363187515, "xscale46": 0.4810363467755998, "yscale46": 0.4810363467755998, "zscale46": 0.4810363467755998, "Cab47": 37.553447840051646, "Cw47": 0.017969437983340296, "xscale47": 0.44968047975448217, "yscale47": 0.44968047975448217, "zscale47": 0.44968047975448217, "Cab48": 48.87127251829938, "Cw48": 0.03815681289016158, "xscale48": 0.6591433778036524, "yscale48": 0.6591433778036524, "zscale48": 0.6591433778036524, "Cab49": 83.37533807283448, "Cw49": 0.04770937734631831, "xscale49": 0.4409138076561553, "yscale49": 0.4409138076561553, "zscale49": 0.4409138076561553, "Cab50": 22.3152636810585, "Cw50": 0.047471999139160455, "xscale50": 0.6839564368606262, "yscale50": 0.6839564368606262, "zscale50": 0.6839564368606262, "Cab51": 41.66571655799905, "Cw51": 0.02080252714127566, "xscale51": 0.6357143222790982, "yscale51": 0.6357143222790982, "zscale51": 0.6357143222790982, "Cab52": 39.50336217763622,