{"Cab0": 53.81362475493739, "Cw0": 0.01975751379872103, "xscale0": 0.868124358943546, "yscale0": 0.868124358943546, "zscale0": 0.868124358943546, "Cab1": 76.75306794173868, "Cw1": 0.03390556794931753, "xscale1": 0.5056008161147129, "yscale1": 0.5056008161147129, "zscale1": 0.5056008161147129, "Cab2": 55.92379461118571, "Cw2": 0.014841334532072077, "xscale2": 0.6626452771931588, "yscale2": 0.6626452771931588, "zscale2": 0.6626452771931588, "Cab3": 70.61163213964423, "Cw3": 0.025176214093731372, "xscale3": 0.396641583347135, "yscale3": 0.396641583347135, "zscale3": 0.396641583347135, "Cab4": 41.546844144450745, "Cw4": 0.04835859263658569, "xscale4": 0.670650297569446, "yscale4": 0.670650297569446, "zscale4": 0.670650297569446, "Cab5": 29.965581799973418, "Cw5": 0.025234368838433337, "xscale5": 0.652661140972939, "yscale5": 0.652661140972939, "zscale5": 0.652661140972939, "Cab6": 43.781256858620964, "Cw6": 0.015398382088626579, "xscale6": 0.4910160298398564, "yscale6": 0.4910160298398564, "zscale6": 0.4910160298398564, "Cab7": 28.779074995073863, "Cw7": 0.035590526216227596, "xscale7": 0.6282773917193205, "yscale7": 0.6282773917193205, "zscale7": 0.6282773917193205, "Cab8": 89.6698574104394, "Cw8": 0.04788187567456802, "xscale8": 0.5256563509538319, "yscale8": 0.5256563509538319, "zscale8": 0.5256563509538319, "Cab9": 72.93277463095072, "Cw9": 0.013594687620514016, "xscale9": 0.7429983071086379, "yscale9": 0.7429983071086379, "zscale9": 0.7429983071086379, "Cab10": 78.97849006013705, "Cw10": 0.023973504099621415, "xscale10": 0.560381783964755, "yscale10": 0.560381783964755, "zscale10": 0.560381783964755, "Cab11": 33.876019448419704, "Cw11": 0.042500872294767796, "xscale11": 0.7358969437156898, "yscale11": 0.7358969437156898, "zscale11": 0.7358969437156898, "Cab12": 42.94178082930196, "Cw12": 0.04874908559998601, "xscale12": 0.5747458688841227, "yscale12": 0.5747458688841227, "zscale12": 0.5747458688841227, "Cab13": 69.07499582958795, "Cw13": 0.023451502926160255, "xscale13": 0.7092607169061346, "yscale13": 0.7092607169061346, "zscale13": 0.7092607169061346, "Cab14": 35.61207483374791, "Cw14": 0.03275636276877227, "xscale14": 0.5398141646343347, "yscale14": 0.5398141646343347, "zscale14": 0.5398141646343347, "Cab15": 46.79276337148228, "Cw15": 0.027269300649609883, "xscale15": 0.5437352210539926, "yscale15": 0.5437352210539926, "zscale15": 0.5437352210539926, "Cab16": 25.695465363333533, "Cw16": 0.018194894374300854, "xscale16": 0.5604069360727479, "yscale16": 0.5604069360727479, "zscale16": 0.5604069360727479, "Cab17": 59.15826284594166, "Cw17": 0.023098619305580666, "xscale17": 0.5654575523257438, "yscale17": 0.5654575523257438, "zscale17": 0.5654575523257438, "Cab18": 43.79961972336646, "Cw18": 0.04929678178852714, "xscale18": 0.5869473440701904, "yscale18": 0.5869473440701904, "zscale18": 0.5869473440701904, "Cab19": 80.94593713267548, "Cw19": 0.012404111311735928, "xscale19": 0.5164308033010987, "yscale19": 0.5164308033010987, "zscale19": 0.5164308033010987, "Cab20": 25.29105704943754, "Cw20": 0.029015475591951764, "xscale20": 0.6206708856523647, "yscale20": 0.6206708856523647, "zscale20": 0.6206708856523647, "Cab21": 44.98399747087615, "Cw21": 0.04474685180951182, "xscale21": 0.5454363832595018, "yscale21": 0.5454363832595018, "zscale21": 0.5454363832595018, "Cab22": 85.62611002835075, "Cw22": 0.024899191667652767, "xscale22": 0.5772580571650702, "yscale22": 0.5772580571650702, "zscale22": 0.5772580571650702, "Cab23": 44.930981699894005, "Cw23": 0.04303323365153641, "xscale23": 0.5792426617663279, "yscale23": 0.5792426617663279, "zscale23": 0.5792426617663279, "Cab24": 56.822756220545465, "Cw24": 0.02063756699627583, "xscale24": 0.5215453391522928, "yscale24": 0.5215453391522928, "zscale24": 0.5215453391522928, "Cab25": 47.32742207477682, "Cw25": 0.02234570807334578, "xscale25": 0.4934923693160181, "yscale25": 0.4934923693160181, "zscale25": 0.4934923693160181, "Cab26": 42.919705187024064, "Cw26": 0.016582731737548227, "xscale26": 0.5509413756357044, "yscale26": 0.5509413756357044, "zscale26": 0.5509413756357044, "Cab27": 63.85425224372227, "Cw27": 0.029028455063388775, "xscale27": 0.4698305039472644, "yscale27": 0.4698305039472644, "zscale27": 0.4698305039472644, "Cab28": 45.73862634324557, "Cw28": 0.03844376228679528, "xscale28": 0.36274535623376125, "yscale28": 0.36274535623376125, "zscale28": 0.36274535623376125, "Cab29": 85.68545799379922, "Cw29": 0.018111394497277347, "xscale29": 0.6387789051533871, "yscale29": 0.6387789051533871, "zscale29": 0.6387789051533871, "Cab30": 21.731500103088734, "Cw30": 0.031995338011050194, "xscale30": 0.30558699806301665, "yscale30": 0.30558699806301665, "zscale30": 0.30558699806301665, "Cab31": 67.59880701261297, "Cw31": 0.020096041805179224, "xscale31": 0.6153348752881952, "yscale31": 0.6153348752881952, "zscale31": 0.6153348752881952, "Cab32": 86.61929725118864, "Cw32": 0.01535535497038152, "xscale32": 0.5465811725968499, "yscale32": 0.5465811725968499, "zscale32": 0.5465811725968499, "Cab33": 72.50869625706765, "Cw33": 0.046150203262934036, "xscale33": 0.42778114176798226, "yscale33": 0.42778114176798226, "zscale33": 0.42778114176798226, "Cab34": 70.06746738876069, "Cw34": 0.03003770140101597, "xscale34": 0.5618600717798993, "yscale34": 0.5618600717798993, "zscale34": 0.5618600717798993, "Cab35": 21.61770047420145, "Cw35": 0.031013468165175848, "xscale35": 0.4511151263580741, "yscale35": 0.4511151263580741, "zscale35": 0.4511151263580741, "Cab36": 24.117945237684555, "Cw36": 0.0387645232211583, "xscale36": 0.698289673887295, "yscale36": 0.698289673887295, "zscale36": 0.698289673887295, "Cab37": 87.53848284375474, "Cw37": 0.04812121350733332, "xscale37": 0.40670841382590506, "yscale37": 0.40670841382590506, "zscale37": 0.40670841382590506, "Cab38": 58.630116425144315, "Cw38": 0.035756790222807366, "xscale38": 0.429087416367722, "yscale38": 0.429087416367722, "zscale38": 0.429087416367722, "Cab39": 26.82995746582312, "Cw39": 0.03011471620547413, "xscale39": 0.6300834917099718, "yscale39": 0.6300834917099718, "zscale39": 0.6300834917099718, "Cab40": 82.0033010500467, "Cw40": 0.01644786124905417, "xscale40": 0.5467686528677399, "yscale40": 0.5467686528677399, "zscale40": 0.5467686528677399, "Cab41": 37.74620982625349, "Cw41": 0.039032265942478626, "xscale41": 0.4524287395480003, "yscale41": 0.4524287395480003, "zscale41": 0.4524287395480003, "Cab42": 48.59809628638062, "Cw42": 0.016779764289046185, "xscale42": 0.6492400218342169, "yscale42": 0.6492400218342169, "zscale42": 0.6492400218342169, "Cab43": 44.934339995217144, "Cw43": 0.03107637528954428, "xscale43": 0.6851200484910273, "yscale43": 0.6851200484910273, "zscale43": 0.6851200484910273, "Cab44": 65.1817790106158, "Cw44": 0.03154309547185098, "xscale44": 0.39989545666560133, "yscale44": 0.39989545666560133, "zscale44": 0.39989545666560133, "Cab45": 72.89368339547696, "Cw45": 0.04000469451346199, "xscale45": 0.39286720126499164, "yscale45": 0.39286720126499164, "zscale45": 0.39286720126499164, "Cab46": 33.839869240712495, "Cw46": 0.022865510697588638, "xscale46": 0.40126895279550584, "yscale46": 0.40126895279550584, "zscale46": 0.40126895279550584, "Cab47": 87.28671724650276, "Cw47": 0.017416939200311787, "xscale47": 0.5053601469229425, "yscale47": 0.5053601469229425, "zscale47": 0.5053601469229425, "Cab48": 45.36318281162475, "Cw48": 0.022214668991207224, "xscale48": 0.5923058812237997, "yscale48": 0.5923058812237997, "zscale48": 0.5923058812237997, "Cab49": 43.831612249704335, "Cw49": 0.03293090457874502, "xscale49": 0.478290775457175, "yscale49": 0.478290775457175, "zscale49": 0.478290775457175, "Cab50": 55.22091057251339, "Cw50": 0.0359407423792455, "xscale50": 0.7127053375246459, "yscale50": 0.7127053375246459, "zscale50": 0.7127053375246459, "Cab51": 33.175072265297516, "Cw51": 0.02360895709036384, "xscale51": 0.5928727481868404, "yscale51": 0.5928727481868404, "zscale51": 0.5928727481868404, "Cab52": 34.61385587524592, "Cw52": 0.021433155888663312,