{"Cab0": 76.95814797980807, "Cw0": 0.030045763484468815, "xscale0": 0.7062852399843932, "yscale0": 0.7062852399843932, "zscale0": 0.7062852399843932, "Cab1": 49.83616767464256, "Cw1": 0.03438029576420482, "xscale1": 0.4810315452945039, "yscale1": 0.4810315452945039, "zscale1": 0.4810315452945039, "Cab2": 24.391870119564423, "Cw2": 0.044357535129324686, "xscale2": 0.6065958485068569, "yscale2": 0.6065958485068569, "zscale2": 0.6065958485068569, "Cab3": 22.864143734219322, "Cw3": 0.019417983400651963, "xscale3": 0.5391462983002596, "yscale3": 0.5391462983002596, "zscale3": 0.5391462983002596, "Cab4": 26.991867510007523, "Cw4": 0.03209560052024473, "xscale4": 0.6776921220439591, "yscale4": 0.6776921220439591, "zscale4": 0.6776921220439591, "Cab5": 27.602744880064424, "Cw5": 0.02386338539600379, "xscale5": 0.6672449201824135, "yscale5": 0.6672449201824135, "zscale5": 0.6672449201824135, "Cab6": 79.16223004849176, "Cw6": 0.011098611761256852, "xscale6": 0.5998774981585545, "yscale6": 0.5998774981585545, "zscale6": 0.5998774981585545, "Cab7": 38.13527814502292, "Cw7": 0.013165975769208629, "xscale7": 0.6003660431324828, "yscale7": 0.6003660431324828, "zscale7": 0.6003660431324828, "Cab8": 41.021726644871215, "Cw8": 0.047844569981335995, "xscale8": 0.5911513676517425, "yscale8": 0.5911513676517425, "zscale8": 0.5911513676517425, "Cab9": 46.11959667053056, "Cw9": 0.018702707271682002, "xscale9": 0.5478677184951903, "yscale9": 0.5478677184951903, "zscale9": 0.5478677184951903, "Cab10": 70.04139568435454, "Cw10": 0.027989077831163764, "xscale10": 0.4068520688454669, "yscale10": 0.4068520688454669, "zscale10": 0.4068520688454669, "Cab11": 53.9824305313153, "Cw11": 0.024693592383742118, "xscale11": 0.7046438714645565, "yscale11": 0.7046438714645565, "zscale11": 0.7046438714645565, "Cab12": 24.791407281338863, "Cw12": 0.03539777048723122, "xscale12": 0.6024445213171881, "yscale12": 0.6024445213171881, "zscale12": 0.6024445213171881, "Cab13": 69.16435157763951, "Cw13": 0.044674240918636345, "xscale13": 0.623087704177782, "yscale13": 0.623087704177782, "zscale13": 0.623087704177782, "Cab14": 84.0930857481042, "Cw14": 0.02558091154644508, "xscale14": 0.5181843310924904, "yscale14": 0.5181843310924904, "zscale14": 0.5181843310924904, "Cab15": 29.135513988861337, "Cw15": 0.0412150104319152, "xscale15": 0.5525487937051122, "yscale15": 0.5525487937051122, "zscale15": 0.5525487937051122, "Cab16": 31.479812138751505, "Cw16": 0.04925458997377298, "xscale16": 0.6241986613336482, "yscale16": 0.6241986613336482, "zscale16": 0.6241986613336482, "Cab17": 61.77096266110724, "Cw17": 0.044076255917879385, "xscale17": 0.5698864949604272, "yscale17": 0.5698864949604272, "zscale17": 0.5698864949604272, "Cab18": 65.41758683239132, "Cw18": 0.04523298945983724, "xscale18": 0.5376950379358555, "yscale18": 0.5376950379358555, "zscale18": 0.5376950379358555, "Cab19": 36.09633628040873, "Cw19": 0.030832142842710707, "xscale19": 0.6546494260939776, "yscale19": 0.6546494260939776, "zscale19": 0.6546494260939776, "Cab20": 35.19984649379117, "Cw20": 0.012849905127532169, "xscale20": 0.5902977435973433, "yscale20": 0.5902977435973433, "zscale20": 0.5902977435973433, "Cab21": 24.219225773829464, "Cw21": 0.014662677765386701, "xscale21": 0.43556961124995824, "yscale21": 0.43556961124995824, "zscale21": 0.43556961124995824, "Cab22": 82.19632225788729, "Cw22": 0.030160518649654876, "xscale22": 0.5330641766638052, "yscale22": 0.5330641766638052, "zscale22": 0.5330641766638052, "Cab23": 54.79849117628397, "Cw23": 0.01998429930601137, "xscale23": 0.6482881520727708, "yscale23": 0.6482881520727708, "zscale23": 0.6482881520727708, "Cab24": 84.62455828492533, "Cw24": 0.014912363879081233, "xscale24": 0.43210776537190626, "yscale24": 0.43210776537190626, "zscale24": 0.43210776537190626, "Cab25": 87.53979996003542, "Cw25": 0.020582912481166487, "xscale25": 0.5304309398533579, "yscale25": 0.5304309398533579, "zscale25": 0.5304309398533579, "Cab26": 33.30702255407223, "Cw26": 0.038003630704631405, "xscale26": 0.5520988406983676, "yscale26": 0.5520988406983676, "zscale26": 0.5520988406983676, "Cab27": 48.6724835942047, "Cw27": 0.04568862324904424, "xscale27": 0.4006670157921167, "yscale27": 0.4006670157921167, "zscale27": 0.4006670157921167, "Cab28": 81.03524521225154, "Cw28": 0.026556105800346765, "xscale28": 0.40175434123767, "yscale28": 0.40175434123767, "zscale28": 0.40175434123767, "Cab29": 73.20429888589962, "Cw29": 0.022121666944609056, "xscale29": 0.576643395983026, "yscale29": 0.576643395983026, "zscale29": 0.576643395983026, "Cab30": 73.07985832913482, "Cw30": 0.015021509008726595, "xscale30": 0.3791720322521023, "yscale30": 0.3791720322521023, "zscale30": 0.3791720322521023, "Cab31": 36.91359388691146, "Cw31": 0.011242150236188108, "xscale31": 0.6651863062715059, "yscale31": 0.6651863062715059, "zscale31": 0.6651863062715059, "Cab32": 55.05411106225964, "Cw32": 0.03117972999093034, "xscale32": 0.5351998394268195, "yscale32": 0.5351998394268195, "zscale32": 0.5351998394268195, "Cab33": 47.563258803285336, "Cw33": 0.020747407462618554, "xscale33": 0.4189628230224486, "yscale33": 0.4189628230224486, "zscale33": 0.4189628230224486, "Cab34": 34.59218822990609, "Cw34": 0.022318297831511905, "xscale34": 0.5650007912720533, "yscale34": 0.5650007912720533, "zscale34": 0.5650007912720533, "Cab35": 70.35386451993168, "Cw35": 0.04012333953652254, "xscale35": 0.3962736792143473, "yscale35": 0.3962736792143473, "zscale35": 0.3962736792143473, "Cab36": 63.0519920486234, "Cw36": 0.010592689776021449, "xscale36": 0.7241713615991706, "yscale36": 0.7241713615991706, "zscale36": 0.7241713615991706, "Cab37": 25.34975345280003, "Cw37": 0.04465420187247475, "xscale37": 0.5118802966800786, "yscale37": 0.5118802966800786, "zscale37": 0.5118802966800786, "Cab38": 42.10771821220746, "Cw38": 0.037507379891643614, "xscale38": 0.5285559270571569, "yscale38": 0.5285559270571569, "zscale38": 0.5285559270571569, "Cab39": 61.57831683225367, "Cw39": 0.03690892614878088, "xscale39": 0.6324496491888186, "yscale39": 0.6324496491888186, "zscale39": 0.6324496491888186, "Cab40": 55.273687402976755, "Cw40": 0.013718821204509117, "xscale40": 0.49340818176802076, "yscale40": 0.49340818176802076, "zscale40": 0.49340818176802076, "Cab41": 23.001773723641836, "Cw41": 0.01065128359123376, "xscale41": 0.4804623522639026, "yscale41": 0.4804623522639026, "zscale41": 0.4804623522639026, "Cab42": 28.678443323790262, "Cw42": 0.03800484795004954, "xscale42": 0.5265698224329463, "yscale42": 0.5265698224329463, "zscale42": 0.5265698224329463, "Cab43": 22.1407708585959, "Cw43": 0.043304430572682, "xscale43": 0.7245743887568818, "yscale43": 0.7245743887568818, "zscale43": 0.7245743887568818, "Cab44": 42.53630125641837, "Cw44": 0.013802688952318967, "xscale44": 0.39302706421793704, "yscale44": 0.39302706421793704, "zscale44": 0.39302706421793704, "Cab45": 42.583838088777014, "Cw45": 0.035364270996641925, "xscale45": 0.3498019382361927, "yscale45": 0.3498019382361927, "zscale45": 0.3498019382361927, "Cab46": 63.88956442747337, "Cw46": 0.04022257765357279, "xscale46": 0.4175786311284894, "yscale46": 0.4175786311284894, "zscale46": 0.4175786311284894, "Cab47": 63.05620617258297, "Cw47": 0.0249413938601371, "xscale47": 0.5193496329450499, "yscale47": 0.5193496329450499, "zscale47": 0.5193496329450499, "Cab48": 46.867983463827315, "Cw48": 0.04698389294922632, "xscale48": 0.7664109576472117, "yscale48": 0.7664109576472117, "zscale48": 0.7664109576472117, "Cab49": 61.42273535731958, "Cw49": 0.03002806442850773, "xscale49": 0.4927323774780093, "yscale49": 0.4927323774780093, "zscale49": 0.4927323774780093, "Cab50": 75.73003175513611, "Cw50": 0.01346191706638015, "xscale50": 0.6652117150022872, "yscale50": 0.6652117150022872, "zscale50": 0.6652117150022872, "Cab51": 37.27085922481719, "Cw51": 0.029656462462309505, "xscale51": 0.5682861620950017, "yscale51": 0.5682861620950017, "zscale51": 0.5682861620950017, "Cab52": 86.96975325922097, "Cw52": 0.04601404897723885,