{"Cab0": 45.743304072700646, "Cw0": 0.031006631667744686, "xscale0": 0.6053183221527507, "yscale0": 0.6053183221527507, "zscale0": 0.6053183221527507, "Cab1": 77.46064398622528, "Cw1": 0.01518623732073006, "xscale1": 0.5963746130643257, "yscale1": 0.5963746130643257, "zscale1": 0.5963746130643257, "Cab2": 80.74897341081186, "Cw2": 0.034753658294487705, "xscale2": 0.5307056996439528, "yscale2": 0.5307056996439528, "zscale2": 0.5307056996439528, "Cab3": 75.68597745733214, "Cw3": 0.03945479475895589, "xscale3": 0.4324988201827956, "yscale3": 0.4324988201827956, "zscale3": 0.4324988201827956, "Cab4": 59.873050920749286, "Cw4": 0.03649017946281972, "xscale4": 0.7035672377880337, "yscale4": 0.7035672377880337, "zscale4": 0.7035672377880337, "Cab5": 45.052440285044824, "Cw5": 0.036485673050351254, "xscale5": 0.7116051746817322, "yscale5": 0.7116051746817322, "zscale5": 0.7116051746817322, "Cab6": 39.698138406923036, "Cw6": 0.031436917901696074, "xscale6": 0.4406701724725883, "yscale6": 0.4406701724725883, "zscale6": 0.4406701724725883, "Cab7": 41.68098593669576, "Cw7": 0.01850110930443808, "xscale7": 0.45227889197367505, "yscale7": 0.45227889197367505, "zscale7": 0.45227889197367505, "Cab8": 21.172561434641377, "Cw8": 0.01704986439928312, "xscale8": 0.629699949975807, "yscale8": 0.629699949975807, "zscale8": 0.629699949975807, "Cab9": 89.90072835088051, "Cw9": 0.034985463224732685, "xscale9": 0.6506954367580832, "yscale9": 0.6506954367580832, "zscale9": 0.6506954367580832, "Cab10": 57.75344155471301, "Cw10": 0.031138131129420966, "xscale10": 0.5127505821190237, "yscale10": 0.5127505821190237, "zscale10": 0.5127505821190237, "Cab11": 57.62866245753994, "Cw11": 0.019154376361450152, "xscale11": 0.7154735253282019, "yscale11": 0.7154735253282019, "zscale11": 0.7154735253282019, "Cab12": 60.00840513231192, "Cw12": 0.04541127631792252, "xscale12": 0.5300796191147877, "yscale12": 0.5300796191147877, "zscale12": 0.5300796191147877, "Cab13": 81.47412309708902, "Cw13": 0.03764988391121505, "xscale13": 0.5859374081126799, "yscale13": 0.5859374081126799, "zscale13": 0.5859374081126799, "Cab14": 62.318981994518055, "Cw14": 0.03622676098832439, "xscale14": 0.5322154970943529, "yscale14": 0.5322154970943529, "zscale14": 0.5322154970943529, "Cab15": 23.950278014982892, "Cw15": 0.013322040595058291, "xscale15": 0.6134435070512616, "yscale15": 0.6134435070512616, "zscale15": 0.6134435070512616, "Cab16": 22.156031675509354, "Cw16": 0.04401867218319052, "xscale16": 0.7006347659173779, "yscale16": 0.7006347659173779, "zscale16": 0.7006347659173779, "Cab17": 79.13937060395183, "Cw17": 0.02085886398542157, "xscale17": 0.4573699538159967, "yscale17": 0.4573699538159967, "zscale17": 0.4573699538159967, "Cab18": 51.84847507924116, "Cw18": 0.037892829294421254, "xscale18": 0.7031691042268925, "yscale18": 0.7031691042268925, "zscale18": 0.7031691042268925, "Cab19": 49.93904417957908, "Cw19": 0.02013757569244777, "xscale19": 0.5749386318325791, "yscale19": 0.5749386318325791, "zscale19": 0.5749386318325791, "Cab20": 20.726384120828776, "Cw20": 0.019583470291001645, "xscale20": 0.5650518036912583, "yscale20": 0.5650518036912583, "zscale20": 0.5650518036912583, "Cab21": 27.737100676194345, "Cw21": 0.026486299408541643, "xscale21": 0.5964515423188447, "yscale21": 0.5964515423188447, "zscale21": 0.5964515423188447, "Cab22": 30.46287540003699, "Cw22": 0.02721235631307249, "xscale22": 0.5400606184377051, "yscale22": 0.5400606184377051, "zscale22": 0.5400606184377051, "Cab23": 79.04114544479275, "Cw23": 0.040316723681192976, "xscale23": 0.7214567801098758, "yscale23": 0.7214567801098758, "zscale23": 0.7214567801098758, "Cab24": 30.101937604004952, "Cw24": 0.013481647548101638, "xscale24": 0.6358873959627513, "yscale24": 0.6358873959627513, "zscale24": 0.6358873959627513, "Cab25": 83.24222029575122, "Cw25": 0.047886458774622644, "xscale25": 0.5961265078485005, "yscale25": 0.5961265078485005, "zscale25": 0.5961265078485005, "Cab26": 77.83866656407457, "Cw26": 0.029762969716969796, "xscale26": 0.5370827313249059, "yscale26": 0.5370827313249059, "zscale26": 0.5370827313249059, "Cab27": 25.006866931453995, "Cw27": 0.046475775734467165, "xscale27": 0.4975318820098993, "yscale27": 0.4975318820098993, "zscale27": 0.4975318820098993, "Cab28": 55.018522356063905, "Cw28": 0.04944011297802165, "xscale28": 0.3420396474957866, "yscale28": 0.3420396474957866, "zscale28": 0.3420396474957866, "Cab29": 85.3444666439085, "Cw29": 0.015865804684589098, "xscale29": 0.5578397833937837, "yscale29": 0.5578397833937837, "zscale29": 0.5578397833937837, "Cab30": 50.98330068437167, "Cw30": 0.045726191650157365, "xscale30": 0.3835228094077494, "yscale30": 0.3835228094077494, "zscale30": 0.3835228094077494, "Cab31": 60.046771327066686, "Cw31": 0.034604564192499326, "xscale31": 0.708342711509274, "yscale31": 0.708342711509274, "zscale31": 0.708342711509274, "Cab32": 51.103202392005315, "Cw32": 0.031600274437836716, "xscale32": 0.42293223750299236, "yscale32": 0.42293223750299236, "zscale32": 0.42293223750299236, "Cab33": 88.75635411517396, "Cw33": 0.03443625198892605, "xscale33": 0.5630850699648436, "yscale33": 0.5630850699648436, "zscale33": 0.5630850699648436, "Cab34": 60.40240186568598, "Cw34": 0.04469790138667235, "xscale34": 0.5899974716105127, "yscale34": 0.5899974716105127, "zscale34": 0.5899974716105127, "Cab35": 65.63468565640693, "Cw35": 0.04179054062932682, "xscale35": 0.41209226621626377, "yscale35": 0.41209226621626377, "zscale35": 0.41209226621626377, "Cab36": 21.500928173960936, "Cw36": 0.04093874243664596, "xscale36": 0.7142154433805423, "yscale36": 0.7142154433805423, "zscale36": 0.7142154433805423, "Cab37": 46.49575718955261, "Cw37": 0.011184573740252191, "xscale37": 0.38206273232752064, "yscale37": 0.38206273232752064, "zscale37": 0.38206273232752064, "Cab38": 31.893412587921368, "Cw38": 0.01038322028825825, "xscale38": 0.5260519851310701, "yscale38": 0.5260519851310701, "zscale38": 0.5260519851310701, "Cab39": 42.763266855478946, "Cw39": 0.039753582129110406, "xscale39": 0.6699068660338974, "yscale39": 0.6699068660338974, "zscale39": 0.6699068660338974, "Cab40": 32.95966698307268, "Cw40": 0.021208532551519478, "xscale40": 0.4834845492283863, "yscale40": 0.4834845492283863, "zscale40": 0.4834845492283863, "Cab41": 25.30436764965347, "Cw41": 0.021377665189441772, "xscale41": 0.473298836260419, "yscale41": 0.473298836260419, "zscale41": 0.473298836260419, "Cab42": 63.85846928896509, "Cw42": 0.03954225500875735, "xscale42": 0.6226230366173993, "yscale42": 0.6226230366173993, "zscale42": 0.6226230366173993, "Cab43": 26.555181372912976, "Cw43": 0.014705096441033252, "xscale43": 0.5594519458434718, "yscale43": 0.5594519458434718, "zscale43": 0.5594519458434718, "Cab44": 67.15846215154205, "Cw44": 0.04833329926638527, "xscale44": 0.39053950927051295, "yscale44": 0.39053950927051295, "zscale44": 0.39053950927051295, "Cab45": 39.342403936826486, "Cw45": 0.03550249909138845, "xscale45": 0.3161623807339529, "yscale45": 0.3161623807339529, "zscale45": 0.3161623807339529, "Cab46": 29.77797865194926, "Cw46": 0.042334031213941845, "xscale46": 0.5344804954749305, "yscale46": 0.5344804954749305, "zscale46": 0.5344804954749305, "Cab47": 57.8224131594084, "Cw47": 0.033925144842309844, "xscale47": 0.45651792306283073, "yscale47": 0.45651792306283073, "zscale47": 0.45651792306283073, "Cab48": 87.99906741756003, "Cw48": 0.04761285214494131, "xscale48": 0.6926100896111507, "yscale48": 0.6926100896111507, "zscale48": 0.6926100896111507, "Cab49": 66.81776595718495, "Cw49": 0.01708284854152976, "xscale49": 0.4717093029500686, "yscale49": 0.4717093029500686, "zscale49": 0.4717093029500686, "Cab50": 88.6905085816404, "Cw50": 0.04665026689610488, "xscale50": 0.7159462433088709, "yscale50": 0.7159462433088709, "zscale50": 0.7159462433088709, "Cab51": 86.7464648269264, "Cw51": 0.012275415671722181, "xscale51": 0.8203400329836004, "yscale51": 0.8203400329836004, "zscale51": 0.8203400329836004, "Cab52": 62.11015445292636,