{"Cab0": 29.652604328309394, "Cw0": 0.049918655467033536, "xscale0": 0.6477784455514365, "yscale0": 0.6477784455514365, "zscale0": 0.6477784455514365, "Cab1": 78.37050011427057, "Cw1": 0.04286895112165621, "xscale1": 0.6725373232912079, "yscale1": 0.6725373232912079, "zscale1": 0.6725373232912079, "Cab2": 49.392318799825674, "Cw2": 0.02609941947376586, "xscale2": 0.7690047657469772, "yscale2": 0.7690047657469772, "zscale2": 0.7690047657469772, "Cab3": 48.642726344187196, "Cw3": 0.02167798899743778, "xscale3": 0.49092352235306025, "yscale3": 0.49092352235306025, "zscale3": 0.49092352235306025, "Cab4": 54.42169453764525, "Cw4": 0.027352434020623775, "xscale4": 0.5763579117494471, "yscale4": 0.5763579117494471, "zscale4": 0.5763579117494471, "Cab5": 59.335517456056934, "Cw5": 0.04627707174830964, "xscale5": 0.6166741595417219, "yscale5": 0.6166741595417219, "zscale5": 0.6166741595417219, "Cab6": 37.642187007111815, "Cw6": 0.03795017335559351, "xscale6": 0.5261254411755968, "yscale6": 0.5261254411755968, "zscale6": 0.5261254411755968, "Cab7": 63.22577732514089, "Cw7": 0.04988185593763915, "xscale7": 0.5037381466128522, "yscale7": 0.5037381466128522, "zscale7": 0.5037381466128522, "Cab8": 55.565307533110726, "Cw8": 0.02858234025722871, "xscale8": 0.5454447146236757, "yscale8": 0.5454447146236757, "zscale8": 0.5454447146236757, "Cab9": 49.117042863861016, "Cw9": 0.032932011936582656, "xscale9": 0.6058120694170421, "yscale9": 0.6058120694170421, "zscale9": 0.6058120694170421, "Cab10": 37.72501311729752, "Cw10": 0.03641632733830857, "xscale10": 0.5587020859194544, "yscale10": 0.5587020859194544, "zscale10": 0.5587020859194544, "Cab11": 67.93761715302116, "Cw11": 0.01810215483915953, "xscale11": 0.6441736479716211, "yscale11": 0.6441736479716211, "zscale11": 0.6441736479716211, "Cab12": 27.569167905785147, "Cw12": 0.021954270740251025, "xscale12": 0.6425875140678116, "yscale12": 0.6425875140678116, "zscale12": 0.6425875140678116, "Cab13": 66.55554624304362, "Cw13": 0.04262055236421249, "xscale13": 0.5836194974471587, "yscale13": 0.5836194974471587, "zscale13": 0.5836194974471587, "Cab14": 40.72031568520396, "Cw14": 0.03146120801175189, "xscale14": 0.6127022776575146, "yscale14": 0.6127022776575146, "zscale14": 0.6127022776575146, "Cab15": 85.07079426454554, "Cw15": 0.016199772294586218, "xscale15": 0.6762330546286913, "yscale15": 0.6762330546286913, "zscale15": 0.6762330546286913, "Cab16": 34.459082682195586, "Cw16": 0.048863029284048676, "xscale16": 0.6936741996460727, "yscale16": 0.6936741996460727, "zscale16": 0.6936741996460727, "Cab17": 79.58368160003454, "Cw17": 0.046393626239748076, "xscale17": 0.6201321880752304, "yscale17": 0.6201321880752304, "zscale17": 0.6201321880752304, "Cab18": 82.52624698005874, "Cw18": 0.0393343932775436, "xscale18": 0.7532462765263267, "yscale18": 0.7532462765263267, "zscale18": 0.7532462765263267, "Cab19": 27.037429843791866, "Cw19": 0.029219609970245537, "xscale19": 0.5485968336065263, "yscale19": 0.5485968336065263, "zscale19": 0.5485968336065263, "Cab20": 54.08561087960497, "Cw20": 0.023531349783611606, "xscale20": 0.5951156469453115, "yscale20": 0.5951156469453115, "zscale20": 0.5951156469453115, "Cab21": 78.2930180939282, "Cw21": 0.04349377224709798, "xscale21": 0.5078176566917111, "yscale21": 0.5078176566917111, "zscale21": 0.5078176566917111, "Cab22": 26.255523316818298, "Cw22": 0.026666988503811835, "xscale22": 0.5381317916116718, "yscale22": 0.5381317916116718, "zscale22": 0.5381317916116718, "Cab23": 57.192482655028996, "Cw23": 0.027117244297041168, "xscale23": 0.7107312080710371, "yscale23": 0.7107312080710371, "zscale23": 0.7107312080710371, "Cab24": 47.63081944095242, "Cw24": 0.025325299148236554, "xscale24": 0.6232839126125199, "yscale24": 0.6232839126125199, "zscale24": 0.6232839126125199, "Cab25": 38.66988570709958, "Cw25": 0.028532315715830633, "xscale25": 0.6642164930472615, "yscale25": 0.6642164930472615, "zscale25": 0.6642164930472615, "Cab26": 36.796358377829016, "Cw26": 0.04584676998457395, "xscale26": 0.5024482712654971, "yscale26": 0.5024482712654971, "zscale26": 0.5024482712654971, "Cab27": 26.957230197077696, "Cw27": 0.03294324749707957, "xscale27": 0.4047085981239114, "yscale27": 0.4047085981239114, "zscale27": 0.4047085981239114, "Cab28": 45.31436066224063, "Cw28": 0.04645952332041888, "xscale28": 0.4391263977796938, "yscale28": 0.4391263977796938, "zscale28": 0.4391263977796938, "Cab29": 87.20186310673947, "Cw29": 0.024940932480939725, "xscale29": 0.6400442845347746, "yscale29": 0.6400442845347746, "zscale29": 0.6400442845347746, "Cab30": 67.06907086881313, "Cw30": 0.027653988943887764, "xscale30": 0.3540423052724573, "yscale30": 0.3540423052724573, "zscale30": 0.3540423052724573, "Cab31": 69.03558011398755, "Cw31": 0.03701782998657929, "xscale31": 0.5774712081534988, "yscale31": 0.5774712081534988, "zscale31": 0.5774712081534988, "Cab32": 26.04289936451403, "Cw32": 0.028504184903325153, "xscale32": 0.47198963002704264, "yscale32": 0.47198963002704264, "zscale32": 0.47198963002704264, "Cab33": 44.444370255231476, "Cw33": 0.03253923708201465, "xscale33": 0.483205892849166, "yscale33": 0.483205892849166, "zscale33": 0.483205892849166, "Cab34": 30.1084196642761, "Cw34": 0.045747553275498426, "xscale34": 0.4750720870323684, "yscale34": 0.4750720870323684, "zscale34": 0.4750720870323684, "Cab35": 63.49162526225237, "Cw35": 0.010700416045514097, "xscale35": 0.4380275529952099, "yscale35": 0.4380275529952099, "zscale35": 0.4380275529952099, "Cab36": 26.83472747444403, "Cw36": 0.0486731656047502, "xscale36": 0.599468020930623, "yscale36": 0.599468020930623, "zscale36": 0.599468020930623, "Cab37": 68.05982570105809, "Cw37": 0.034995609250115696, "xscale37": 0.4726892934635506, "yscale37": 0.4726892934635506, "zscale37": 0.4726892934635506, "Cab38": 53.22286684808476, "Cw38": 0.01279142114212747, "xscale38": 0.49745379794159006, "yscale38": 0.49745379794159006, "zscale38": 0.49745379794159006, "Cab39": 83.79755757306083, "Cw39": 0.040201198542020256, "xscale39": 0.6468824246958474, "yscale39": 0.6468824246958474, "zscale39": 0.6468824246958474, "Cab40": 81.49051781954975, "Cw40": 0.027123104508244483, "xscale40": 0.4340017810400016, "yscale40": 0.4340017810400016, "zscale40": 0.4340017810400016, "Cab41": 33.1734760362701, "Cw41": 0.04059077802099973, "xscale41": 0.5572911840902085, "yscale41": 0.5572911840902085, "zscale41": 0.5572911840902085, "Cab42": 24.67077205872858, "Cw42": 0.03569121379517085, "xscale42": 0.6363959439597615, "yscale42": 0.6363959439597615, "zscale42": 0.6363959439597615, "Cab43": 45.98230846899097, "Cw43": 0.03160465207381639, "xscale43": 0.5354047400978432, "yscale43": 0.5354047400978432, "zscale43": 0.5354047400978432, "Cab44": 83.19606435717981, "Cw44": 0.03204995797906882, "xscale44": 0.37513925280572097, "yscale44": 0.37513925280572097, "zscale44": 0.37513925280572097, "Cab45": 26.176541922153035, "Cw45": 0.034748752677772936, "xscale45": 0.40471174702495694, "yscale45": 0.40471174702495694, "zscale45": 0.40471174702495694, "Cab46": 81.23712615673873, "Cw46": 0.022442127459447216, "xscale46": 0.3815497161999654, "yscale46": 0.3815497161999654, "zscale46": 0.3815497161999654, "Cab47": 70.27055435827234, "Cw47": 0.016415150797775405, "xscale47": 0.5007796206114435, "yscale47": 0.5007796206114435, "zscale47": 0.5007796206114435, "Cab48": 74.73023622317362, "Cw48": 0.023653722670354652, "xscale48": 0.7396028088069319, "yscale48": 0.7396028088069319, "zscale48": 0.7396028088069319, "Cab49": 52.50225565253359, "Cw49": 0.016794344319357953, "xscale49": 0.42461032969375195, "yscale49": 0.42461032969375195, "zscale49": 0.42461032969375195, "Cab50": 21.420588413941154, "Cw50": 0.0325740984680594, "xscale50": 0.5863419558382577, "yscale50": 0.5863419558382577, "zscale50": 0.5863419558382577, "Cab51": 56.51055204701745, "Cw51": 0.03582530778890284, "xscale51": 0.8165366268561263, "yscale51": 0.8165366268561263, "zscale51": 0.8165366268561263, "Cab52": 40.77676831389486,