{"Cab0": 66.89187092159156, "Cw0": 0.01035657721196286, "xscale0": 0.6339434640315211, "yscale0": 0.6339434640315211, "zscale0": 0.6339434640315211, "Cab1": 86.30865016142616, "Cw1": 0.01400536839372717, "xscale1": 0.5980706847844535, "yscale1": 0.5980706847844535, "zscale1": 0.5980706847844535, "Cab2": 25.89842237750718, "Cw2": 0.012169906865450534, "xscale2": 0.6107637255581287, "yscale2": 0.6107637255581287, "zscale2": 0.6107637255581287, "Cab3": 21.285586983176483, "Cw3": 0.018699662519655096, "xscale3": 0.5044810532810965, "yscale3": 0.5044810532810965, "zscale3": 0.5044810532810965, "Cab4": 46.398973355434016, "Cw4": 0.024763142295297864, "xscale4": 0.49862773475492733, "yscale4": 0.49862773475492733, "zscale4": 0.49862773475492733, "Cab5": 30.770190062851473, "Cw5": 0.041452884683392845, "xscale5": 0.9073724474602831, "yscale5": 0.9073724474602831, "zscale5": 0.9073724474602831, "Cab6": 48.12415557445526, "Cw6": 0.03334459224992504, "xscale6": 0.5293482427656897, "yscale6": 0.5293482427656897, "zscale6": 0.5293482427656897, "Cab7": 20.849146580450533, "Cw7": 0.030952781946784302, "xscale7": 0.4984228052058938, "yscale7": 0.4984228052058938, "zscale7": 0.4984228052058938, "Cab8": 75.1004642201897, "Cw8": 0.036221376204669385, "xscale8": 0.5694811734130842, "yscale8": 0.5694811734130842, "zscale8": 0.5694811734130842, "Cab9": 35.37831143973452, "Cw9": 0.03697964533831506, "xscale9": 0.5999872401489955, "yscale9": 0.5999872401489955, "zscale9": 0.5999872401489955, "Cab10": 82.12136297251216, "Cw10": 0.029172013447388456, "xscale10": 0.4235041535018711, "yscale10": 0.4235041535018711, "zscale10": 0.4235041535018711, "Cab11": 24.13553694233725, "Cw11": 0.016436459413025375, "xscale11": 0.7079167317221099, "yscale11": 0.7079167317221099, "zscale11": 0.7079167317221099, "Cab12": 77.78974327562966, "Cw12": 0.024762684775127178, "xscale12": 0.46708277661586106, "yscale12": 0.46708277661586106, "zscale12": 0.46708277661586106, "Cab13": 70.47736744860475, "Cw13": 0.020204271302761163, "xscale13": 0.5376158814462931, "yscale13": 0.5376158814462931, "zscale13": 0.5376158814462931, "Cab14": 40.691778972420394, "Cw14": 0.033412879899071934, "xscale14": 0.6010594784276081, "yscale14": 0.6010594784276081, "zscale14": 0.6010594784276081, "Cab15": 81.9462480076539, "Cw15": 0.03807748392435924, "xscale15": 0.513726488293182, "yscale15": 0.513726488293182, "zscale15": 0.513726488293182, "Cab16": 44.983236169368524, "Cw16": 0.049002534959109556, "xscale16": 0.6565317711454678, "yscale16": 0.6565317711454678, "zscale16": 0.6565317711454678, "Cab17": 31.52571115008336, "Cw17": 0.018708169000665093, "xscale17": 0.627751048605327, "yscale17": 0.627751048605327, "zscale17": 0.627751048605327, "Cab18": 33.27693336905923, "Cw18": 0.03689173762952314, "xscale18": 0.6570877591588329, "yscale18": 0.6570877591588329, "zscale18": 0.6570877591588329, "Cab19": 50.59973913760647, "Cw19": 0.01824776415819193, "xscale19": 0.4825291869485284, "yscale19": 0.4825291869485284, "zscale19": 0.4825291869485284, "Cab20": 24.01158753927026, "Cw20": 0.010087105946035622, "xscale20": 0.7535972158392471, "yscale20": 0.7535972158392471, "zscale20": 0.7535972158392471, "Cab21": 79.08623841668557, "Cw21": 0.03645831695719006, "xscale21": 0.4678741478765797, "yscale21": 0.4678741478765797, "zscale21": 0.4678741478765797, "Cab22": 73.37419271643373, "Cw22": 0.03687304508697952, "xscale22": 0.5930382220370047, "yscale22": 0.5930382220370047, "zscale22": 0.5930382220370047, "Cab23": 81.93717377581487, "Cw23": 0.04534474100617376, "xscale23": 0.5921911038810668, "yscale23": 0.5921911038810668, "zscale23": 0.5921911038810668, "Cab24": 78.15829059250024, "Cw24": 0.02560973610943522, "xscale24": 0.4868728355994502, "yscale24": 0.4868728355994502, "zscale24": 0.4868728355994502, "Cab25": 65.29603024640585, "Cw25": 0.025303742747452826, "xscale25": 0.6602701636214745, "yscale25": 0.6602701636214745, "zscale25": 0.6602701636214745, "Cab26": 28.341440789798803, "Cw26": 0.017370131712317223, "xscale26": 0.5554409107415718, "yscale26": 0.5554409107415718, "zscale26": 0.5554409107415718, "Cab27": 69.94787652607178, "Cw27": 0.02452277435751236, "xscale27": 0.49166572552119037, "yscale27": 0.49166572552119037, "zscale27": 0.49166572552119037, "Cab28": 78.23649735628241, "Cw28": 0.019961991106278703, "xscale28": 0.4080413995452083, "yscale28": 0.4080413995452083, "zscale28": 0.4080413995452083, "Cab29": 46.95714839426799, "Cw29": 0.029362677817306698, "xscale29": 0.5678609860062422, "yscale29": 0.5678609860062422, "zscale29": 0.5678609860062422, "Cab30": 47.30157301315829, "Cw30": 0.013589671281277381, "xscale30": 0.39292663529926747, "yscale30": 0.39292663529926747, "zscale30": 0.39292663529926747, "Cab31": 60.992546851339554, "Cw31": 0.040464358252916, "xscale31": 0.6606929013470334, "yscale31": 0.6606929013470334, "zscale31": 0.6606929013470334, "Cab32": 40.49120302725975, "Cw32": 0.02904182040846867, "xscale32": 0.4274534962692028, "yscale32": 0.4274534962692028, "zscale32": 0.4274534962692028, "Cab33": 44.18996611686666, "Cw33": 0.021791389846171565, "xscale33": 0.4434749163178463, "yscale33": 0.4434749163178463, "zscale33": 0.4434749163178463, "Cab34": 62.38915264031696, "Cw34": 0.016013332228742315, "xscale34": 0.605896367136829, "yscale34": 0.605896367136829, "zscale34": 0.605896367136829, "Cab35": 33.47023292998155, "Cw35": 0.04891954841849211, "xscale35": 0.4404646716219816, "yscale35": 0.4404646716219816, "zscale35": 0.4404646716219816, "Cab36": 20.503523318651542, "Cw36": 0.03505497999107954, "xscale36": 0.5820932921266389, "yscale36": 0.5820932921266389, "zscale36": 0.5820932921266389, "Cab37": 55.956930037823774, "Cw37": 0.027338072225933006, "xscale37": 0.4598520621530879, "yscale37": 0.4598520621530879, "zscale37": 0.4598520621530879, "Cab38": 87.89099731999272, "Cw38": 0.030825915615148844, "xscale38": 0.5084257203689909, "yscale38": 0.5084257203689909, "zscale38": 0.5084257203689909, "Cab39": 58.57870453454005, "Cw39": 0.02321674506611006, "xscale39": 0.4868395684877411, "yscale39": 0.4868395684877411, "zscale39": 0.4868395684877411, "Cab40": 63.79181589098839, "Cw40": 0.012748733028008044, "xscale40": 0.5447499844604411, "yscale40": 0.5447499844604411, "zscale40": 0.5447499844604411, "Cab41": 49.18341172761727, "Cw41": 0.026494261932490958, "xscale41": 0.5874704849778665, "yscale41": 0.5874704849778665, "zscale41": 0.5874704849778665, "Cab42": 78.26816400791844, "Cw42": 0.04370547148936557, "xscale42": 0.5452267845600488, "yscale42": 0.5452267845600488, "zscale42": 0.5452267845600488, "Cab43": 40.17891131540229, "Cw43": 0.022709284954925555, "xscale43": 0.7022801067363571, "yscale43": 0.7022801067363571, "zscale43": 0.7022801067363571, "Cab44": 64.54631130644557, "Cw44": 0.049659117541614416, "xscale44": 0.4945623958704305, "yscale44": 0.4945623958704305, "zscale44": 0.4945623958704305, "Cab45": 73.34272389084929, "Cw45": 0.02430669456187938, "xscale45": 0.31263073985834156, "yscale45": 0.31263073985834156, "zscale45": 0.31263073985834156, "Cab46": 42.913440566161945, "Cw46": 0.03984467560850261, "xscale46": 0.4976620252675606, "yscale46": 0.4976620252675606, "zscale46": 0.4976620252675606, "Cab47": 31.37204084927226, "Cw47": 0.042506000885450965, "xscale47": 0.4207691661163301, "yscale47": 0.4207691661163301, "zscale47": 0.4207691661163301, "Cab48": 75.51693203136749, "Cw48": 0.030057024561261254, "xscale48": 0.7034887727087573, "yscale48": 0.7034887727087573, "zscale48": 0.7034887727087573, "Cab49": 51.45475119506946, "Cw49": 0.046278062356804296, "xscale49": 0.42433339253526037, "yscale49": 0.42433339253526037, "zscale49": 0.42433339253526037, "Cab50": 43.89390628698445, "Cw50": 0.040952495367598, "xscale50": 0.7692886324491445, "yscale50": 0.7692886324491445, "zscale50": 0.7692886324491445, "Cab51": 71.19993319687586, "Cw51": 0.02520095572579022, "xscale51": 0.8050091863709709, "yscale51": 0.8050091863709709, "zscale51": 0.8050091863709709, "Cab52": 58.47544386588077,