{"Cab0": 45.575766440761356, "Cw0": 0.041915196462251454, "xscale0": 0.8159897743776983, "yscale0": 0.8159897743776983, "zscale0": 0.8159897743776983, "Cab1": 46.89260705000515, "Cw1": 0.036937862889883634, "xscale1": 0.6488904177572546, "yscale1": 0.6488904177572546, "zscale1": 0.6488904177572546, "Cab2": 36.19066190026497, "Cw2": 0.049669274312726594, "xscale2": 0.561076619139284, "yscale2": 0.561076619139284, "zscale2": 0.561076619139284, "Cab3": 48.631161281297445, "Cw3": 0.04043030487567441, "xscale3": 0.4564552283477004, "yscale3": 0.4564552283477004, "zscale3": 0.4564552283477004, "Cab4": 62.62157154569594, "Cw4": 0.031715495665366834, "xscale4": 0.5690627764801524, "yscale4": 0.5690627764801524, "zscale4": 0.5690627764801524, "Cab5": 57.773653528015906, "Cw5": 0.012444658549900992, "xscale5": 0.6635303402926596, "yscale5": 0.6635303402926596, "zscale5": 0.6635303402926596, "Cab6": 27.1108506014309, "Cw6": 0.025398945468854635, "xscale6": 0.5123798286115289, "yscale6": 0.5123798286115289, "zscale6": 0.5123798286115289, "Cab7": 63.23681377657696, "Cw7": 0.04698133428738354, "xscale7": 0.44840089577060865, "yscale7": 0.44840089577060865, "zscale7": 0.44840089577060865, "Cab8": 23.7415513179169, "Cw8": 0.02492958079243296, "xscale8": 0.49215881465491135, "yscale8": 0.49215881465491135, "zscale8": 0.49215881465491135, "Cab9": 84.14547642509152, "Cw9": 0.02628601011617205, "xscale9": 0.6515274181619714, "yscale9": 0.6515274181619714, "zscale9": 0.6515274181619714, "Cab10": 74.71543308757319, "Cw10": 0.028175140139056837, "xscale10": 0.42719153915001373, "yscale10": 0.42719153915001373, "zscale10": 0.42719153915001373, "Cab11": 88.77019041346811, "Cw11": 0.036520221062997564, "xscale11": 0.6470918000025778, "yscale11": 0.6470918000025778, "zscale11": 0.6470918000025778, "Cab12": 61.56866827680347, "Cw12": 0.0419391229765232, "xscale12": 0.5040264586913523, "yscale12": 0.5040264586913523, "zscale12": 0.5040264586913523, "Cab13": 25.11946842883491, "Cw13": 0.035921337921837763, "xscale13": 0.6120956704245911, "yscale13": 0.6120956704245911, "zscale13": 0.6120956704245911, "Cab14": 76.70977179954161, "Cw14": 0.032379364522099253, "xscale14": 0.49156480696782767, "yscale14": 0.49156480696782767, "zscale14": 0.49156480696782767, "Cab15": 52.58129783391058, "Cw15": 0.04615508058447322, "xscale15": 0.6109485620179977, "yscale15": 0.6109485620179977, "zscale15": 0.6109485620179977, "Cab16": 65.74735926058426, "Cw16": 0.01224689847758024, "xscale16": 0.5170123458432673, "yscale16": 0.5170123458432673, "zscale16": 0.5170123458432673, "Cab17": 72.74323095257964, "Cw17": 0.01758812664283804, "xscale17": 0.5490799051699253, "yscale17": 0.5490799051699253, "zscale17": 0.5490799051699253, "Cab18": 74.10264272797778, "Cw18": 0.03252165931227468, "xscale18": 0.5843038892546084, "yscale18": 0.5843038892546084, "zscale18": 0.5843038892546084, "Cab19": 81.47410885966579, "Cw19": 0.04348878211334552, "xscale19": 0.545812812191324, "yscale19": 0.545812812191324, "zscale19": 0.545812812191324, "Cab20": 40.4502768033951, "Cw20": 0.017899395659927472, "xscale20": 0.7059742381897591, "yscale20": 0.7059742381897591, "zscale20": 0.7059742381897591, "Cab21": 48.83768378733683, "Cw21": 0.022682550224763974, "xscale21": 0.5869359155795002, "yscale21": 0.5869359155795002, "zscale21": 0.5869359155795002, "Cab22": 23.35688171995496, "Cw22": 0.035104368532050415, "xscale22": 0.5037007416761988, "yscale22": 0.5037007416761988, "zscale22": 0.5037007416761988, "Cab23": 50.98673376471908, "Cw23": 0.02788661162430133, "xscale23": 0.6558335363080375, "yscale23": 0.6558335363080375, "zscale23": 0.6558335363080375, "Cab24": 54.587913180018525, "Cw24": 0.012142402412622296, "xscale24": 0.5949627514562388, "yscale24": 0.5949627514562388, "zscale24": 0.5949627514562388, "Cab25": 67.37497510579111, "Cw25": 0.013791230228541411, "xscale25": 0.7281487704533709, "yscale25": 0.7281487704533709, "zscale25": 0.7281487704533709, "Cab26": 69.2663373340921, "Cw26": 0.020468539184999277, "xscale26": 0.5670961377622918, "yscale26": 0.5670961377622918, "zscale26": 0.5670961377622918, "Cab27": 37.795170591815385, "Cw27": 0.02865022293856749, "xscale27": 0.39847443051124615, "yscale27": 0.39847443051124615, "zscale27": 0.39847443051124615, "Cab28": 76.57969645499782, "Cw28": 0.04852823314832078, "xscale28": 0.3389922510035436, "yscale28": 0.3389922510035436, "zscale28": 0.3389922510035436, "Cab29": 79.57704286760995, "Cw29": 0.026168023507980184, "xscale29": 0.6226043456308388, "yscale29": 0.6226043456308388, "zscale29": 0.6226043456308388, "Cab30": 36.75295859959115, "Cw30": 0.018492402983442888, "xscale30": 0.3979626037841488, "yscale30": 0.3979626037841488, "zscale30": 0.3979626037841488, "Cab31": 69.77930449806493, "Cw31": 0.03308306206084944, "xscale31": 0.5820284238831083, "yscale31": 0.5820284238831083, "zscale31": 0.5820284238831083, "Cab32": 58.610283433674155, "Cw32": 0.01523598778880694, "xscale32": 0.3844767390086336, "yscale32": 0.3844767390086336, "zscale32": 0.3844767390086336, "Cab33": 62.79402369993727, "Cw33": 0.02249233280696669, "xscale33": 0.5433189513918912, "yscale33": 0.5433189513918912, "zscale33": 0.5433189513918912, "Cab34": 52.05979131909551, "Cw34": 0.03364575161166437, "xscale34": 0.53170874085071, "yscale34": 0.53170874085071, "zscale34": 0.53170874085071, "Cab35": 70.70183282390809, "Cw35": 0.04664046789488598, "xscale35": 0.4823745566216019, "yscale35": 0.4823745566216019, "zscale35": 0.4823745566216019, "Cab36": 53.12998648136484, "Cw36": 0.04090698571441419, "xscale36": 0.6847763772789921, "yscale36": 0.6847763772789921, "zscale36": 0.6847763772789921, "Cab37": 23.416489909564625, "Cw37": 0.046846724056573384, "xscale37": 0.3826755779239122, "yscale37": 0.3826755779239122, "zscale37": 0.3826755779239122, "Cab38": 35.72675989341332, "Cw38": 0.01587322050940763, "xscale38": 0.4204391163705389, "yscale38": 0.4204391163705389, "zscale38": 0.4204391163705389, "Cab39": 76.0694286026696, "Cw39": 0.013971880513596484, "xscale39": 0.5490462214282124, "yscale39": 0.5490462214282124, "zscale39": 0.5490462214282124, "Cab40": 68.0060169745498, "Cw40": 0.043265628391363865, "xscale40": 0.5381484703255369, "yscale40": 0.5381484703255369, "zscale40": 0.5381484703255369, "Cab41": 71.02540708863697, "Cw41": 0.010229637654213622, "xscale41": 0.6444008856384146, "yscale41": 0.6444008856384146, "zscale41": 0.6444008856384146, "Cab42": 54.45832268108078, "Cw42": 0.01764695355121807, "xscale42": 0.648103890470999, "yscale42": 0.648103890470999, "zscale42": 0.648103890470999, "Cab43": 32.65327803267561, "Cw43": 0.04843014647080776, "xscale43": 0.5864268772644095, "yscale43": 0.5864268772644095, "zscale43": 0.5864268772644095, "Cab44": 69.03286003575613, "Cw44": 0.021845249562070512, "xscale44": 0.398305339432846, "yscale44": 0.398305339432846, "zscale44": 0.398305339432846, "Cab45": 38.761005859369405, "Cw45": 0.016200712235973035, "xscale45": 0.3253811896273355, "yscale45": 0.3253811896273355, "zscale45": 0.3253811896273355, "Cab46": 59.87461686161326, "Cw46": 0.029306942989404866, "xscale46": 0.42325325509815853, "yscale46": 0.42325325509815853, "zscale46": 0.42325325509815853, "Cab47": 32.52063920456474, "Cw47": 0.018198142932599498, "xscale47": 0.4559659819540904, "yscale47": 0.4559659819540904, "zscale47": 0.4559659819540904, "Cab48": 84.14425778940601, "Cw48": 0.039174216747773584, "xscale48": 0.5886753485811301, "yscale48": 0.5886753485811301, "zscale48": 0.5886753485811301, "Cab49": 66.82414616887995, "Cw49": 0.027725387639735505, "xscale49": 0.5445192676543148, "yscale49": 0.5445192676543148, "zscale49": 0.5445192676543148, "Cab50": 59.858458551160055, "Cw50": 0.013552096788704896, "xscale50": 0.7535486106856865, "yscale50": 0.7535486106856865, "zscale50": 0.7535486106856865, "Cab51": 62.45817297992662, "Cw51": 0.04824949924654752, "xscale51": 0.707202357931114, "yscale51": 0.707202357931114, "zscale51": 0.707202357931114, "Cab52": 20.090667948608797, "Cw52": 0.04501412397076814,