{"Cab0": 58.15966529088986, "Cw0": 0.04750017018280961, "xscale0": 0.5956598133763615, "yscale0": 0.5956598133763615, "zscale0": 0.5956598133763615, "Cab1": 41.88091311474537, "Cw1": 0.01851494826338651, "xscale1": 0.5697772050744395, "yscale1": 0.5697772050744395, "zscale1": 0.5697772050744395, "Cab2": 25.360761030837438, "Cw2": 0.04833646855702637, "xscale2": 0.6534249333143455, "yscale2": 0.6534249333143455, "zscale2": 0.6534249333143455, "Cab3": 52.21804180286633, "Cw3": 0.021754115072844804, "xscale3": 0.4272681066696465, "yscale3": 0.4272681066696465, "zscale3": 0.4272681066696465, "Cab4": 70.77873836362642, "Cw4": 0.028211413660696877, "xscale4": 0.6940588360044195, "yscale4": 0.6940588360044195, "zscale4": 0.6940588360044195, "Cab5": 63.08918277519927, "Cw5": 0.032800116935979735, "xscale5": 0.6319145911498536, "yscale5": 0.6319145911498536, "zscale5": 0.6319145911498536, "Cab6": 87.17932875435372, "Cw6": 0.04814872408171605, "xscale6": 0.5285294548709982, "yscale6": 0.5285294548709982, "zscale6": 0.5285294548709982, "Cab7": 38.346266075590364, "Cw7": 0.02019905692599326, "xscale7": 0.6023861640683676, "yscale7": 0.6023861640683676, "zscale7": 0.6023861640683676, "Cab8": 61.648781918219846, "Cw8": 0.020456407272885245, "xscale8": 0.665157228659533, "yscale8": 0.665157228659533, "zscale8": 0.665157228659533, "Cab9": 75.8100779059661, "Cw9": 0.03377455066039237, "xscale9": 0.6132290181858027, "yscale9": 0.6132290181858027, "zscale9": 0.6132290181858027, "Cab10": 69.4077084505926, "Cw10": 0.028549409413586385, "xscale10": 0.5827099888614337, "yscale10": 0.5827099888614337, "zscale10": 0.5827099888614337, "Cab11": 41.00891000700014, "Cw11": 0.014911462210783856, "xscale11": 0.5891083694517391, "yscale11": 0.5891083694517391, "zscale11": 0.5891083694517391, "Cab12": 36.767399885144236, "Cw12": 0.04993096207420604, "xscale12": 0.47217958033388335, "yscale12": 0.47217958033388335, "zscale12": 0.47217958033388335, "Cab13": 64.11611499336954, "Cw13": 0.026516551455913348, "xscale13": 0.6548507401626718, "yscale13": 0.6548507401626718, "zscale13": 0.6548507401626718, "Cab14": 86.96885524869765, "Cw14": 0.010499262488600367, "xscale14": 0.5289322513830905, "yscale14": 0.5289322513830905, "zscale14": 0.5289322513830905, "Cab15": 32.28452909526875, "Cw15": 0.025365609092139037, "xscale15": 0.6279193955330737, "yscale15": 0.6279193955330737, "zscale15": 0.6279193955330737, "Cab16": 50.40278380372848, "Cw16": 0.015788042096873442, "xscale16": 0.5129596118301725, "yscale16": 0.5129596118301725, "zscale16": 0.5129596118301725, "Cab17": 44.62895837569152, "Cw17": 0.04970865938392016, "xscale17": 0.6116305092800828, "yscale17": 0.6116305092800828, "zscale17": 0.6116305092800828, "Cab18": 63.10744999827077, "Cw18": 0.03785527139998469, "xscale18": 0.6659723740213754, "yscale18": 0.6659723740213754, "zscale18": 0.6659723740213754, "Cab19": 72.563130869092, "Cw19": 0.04582218384716213, "xscale19": 0.4602878236823242, "yscale19": 0.4602878236823242, "zscale19": 0.4602878236823242, "Cab20": 83.00334148942395, "Cw20": 0.023758487302653206, "xscale20": 0.7389844257196603, "yscale20": 0.7389844257196603, "zscale20": 0.7389844257196603, "Cab21": 41.074176516609654, "Cw21": 0.038297980857586456, "xscale21": 0.6259115258144222, "yscale21": 0.6259115258144222, "zscale21": 0.6259115258144222, "Cab22": 37.357588655557294, "Cw22": 0.012981351926108133, "xscale22": 0.4615059989629675, "yscale22": 0.4615059989629675, "zscale22": 0.4615059989629675, "Cab23": 39.29303588497051, "Cw23": 0.03540660051320738, "xscale23": 0.7332634319787228, "yscale23": 0.7332634319787228, "zscale23": 0.7332634319787228, "Cab24": 30.70755949506623, "Cw24": 0.03988949709916502, "xscale24": 0.5385788248960012, "yscale24": 0.5385788248960012, "zscale24": 0.5385788248960012, "Cab25": 26.176855037798443, "Cw25": 0.010968417011265021, "xscale25": 0.7014118517557966, "yscale25": 0.7014118517557966, "zscale25": 0.7014118517557966, "Cab26": 66.6062464051379, "Cw26": 0.02234991358979546, "xscale26": 0.616106014801899, "yscale26": 0.616106014801899, "zscale26": 0.616106014801899, "Cab27": 64.07871137207498, "Cw27": 0.032070214329343635, "xscale27": 0.5136801806400932, "yscale27": 0.5136801806400932, "zscale27": 0.5136801806400932, "Cab28": 79.15272589214213, "Cw28": 0.02789069108967175, "xscale28": 0.4160350379138744, "yscale28": 0.4160350379138744, "zscale28": 0.4160350379138744, "Cab29": 33.24598862004531, "Cw29": 0.022029750586610608, "xscale29": 0.5389250302930624, "yscale29": 0.5389250302930624, "zscale29": 0.5389250302930624, "Cab30": 68.30719417472312, "Cw30": 0.03992600562748515, "xscale30": 0.4050163890840538, "yscale30": 0.4050163890840538, "zscale30": 0.4050163890840538, "Cab31": 29.805886895613085, "Cw31": 0.020468227509079687, "xscale31": 0.6407323754929741, "yscale31": 0.6407323754929741, "zscale31": 0.6407323754929741, "Cab32": 27.83983043732367, "Cw32": 0.02124086175680471, "xscale32": 0.45636586548191704, "yscale32": 0.45636586548191704, "zscale32": 0.45636586548191704, "Cab33": 51.78467518714122, "Cw33": 0.03728706018758123, "xscale33": 0.512623722789788, "yscale33": 0.512623722789788, "zscale33": 0.512623722789788, "Cab34": 43.10267190482722, "Cw34": 0.038448998468864695, "xscale34": 0.47808999550122355, "yscale34": 0.47808999550122355, "zscale34": 0.47808999550122355, "Cab35": 43.81715196807341, "Cw35": 0.019095141169071107, "xscale35": 0.38877947224719195, "yscale35": 0.38877947224719195, "zscale35": 0.38877947224719195, "Cab36": 44.26369857197401, "Cw36": 0.01578157277860668, "xscale36": 0.5451954131460488, "yscale36": 0.5451954131460488, "zscale36": 0.5451954131460488, "Cab37": 73.61863062720522, "Cw37": 0.04268823766757184, "xscale37": 0.39547949861371245, "yscale37": 0.39547949861371245, "zscale37": 0.39547949861371245, "Cab38": 27.997577228719404, "Cw38": 0.027627542956033584, "xscale38": 0.40744852017529615, "yscale38": 0.40744852017529615, "zscale38": 0.40744852017529615, "Cab39": 47.033684519556445, "Cw39": 0.023582389744246604, "xscale39": 0.6048538380202683, "yscale39": 0.6048538380202683, "zscale39": 0.6048538380202683, "Cab40": 49.69733298806175, "Cw40": 0.029023853168242193, "xscale40": 0.4746120809493376, "yscale40": 0.4746120809493376, "zscale40": 0.4746120809493376, "Cab41": 48.18595229236659, "Cw41": 0.01448379550912536, "xscale41": 0.4423706241609588, "yscale41": 0.4423706241609588, "zscale41": 0.4423706241609588, "Cab42": 34.38892550204619, "Cw42": 0.0330205983511493, "xscale42": 0.5157148618770455, "yscale42": 0.5157148618770455, "zscale42": 0.5157148618770455, "Cab43": 49.76028989637395, "Cw43": 0.01595386740579976, "xscale43": 0.5023571360940995, "yscale43": 0.5023571360940995, "zscale43": 0.5023571360940995, "Cab44": 43.6277138775764, "Cw44": 0.046197836176098045, "xscale44": 0.5031405110916635, "yscale44": 0.5031405110916635, "zscale44": 0.5031405110916635, "Cab45": 58.378730468711794, "Cw45": 0.026229004455792897, "xscale45": 0.374115981834229, "yscale45": 0.374115981834229, "zscale45": 0.374115981834229, "Cab46": 74.06422240475953, "Cw46": 0.028693350021511736, "xscale46": 0.5282738020613147, "yscale46": 0.5282738020613147, "zscale46": 0.5282738020613147, "Cab47": 67.05495910799405, "Cw47": 0.02069844581662337, "xscale47": 0.42986713909550656, "yscale47": 0.42986713909550656, "zscale47": 0.42986713909550656, "Cab48": 36.85813246929247, "Cw48": 0.011277535768097896, "xscale48": 0.5339749052647795, "yscale48": 0.5339749052647795, "zscale48": 0.5339749052647795, "Cab49": 36.792438052432935, "Cw49": 0.012477511783921065, "xscale49": 0.4192823747851291, "yscale49": 0.4192823747851291, "zscale49": 0.4192823747851291, "Cab50": 47.31352172712078, "Cw50": 0.011209347865047032, "xscale50": 0.659664659891083, "yscale50": 0.659664659891083, "zscale50": 0.659664659891083, "Cab51": 86.33656250786225, "Cw51": 0.04316041199701271, "xscale51": 0.6271990885828947, "yscale51": 0.6271990885828947, "zscale51": 0.6271990885828947, "Cab52": 79.53567778958347,