{"Cab0": 53.32739833734774, "Cw0": 0.03215250170311005, "xscale0": 0.8469199152135182, "yscale0": 0.8469199152135182, "zscale0": 0.8469199152135182, "Cab1": 29.720008535939936, "Cw1": 0.040166463210495856, "xscale1": 0.6702718061939156, "yscale1": 0.6702718061939156, "zscale1": 0.6702718061939156, "Cab2": 89.04937386110618, "Cw2": 0.03313860226619059, "xscale2": 0.5496342456857419, "yscale2": 0.5496342456857419, "zscale2": 0.5496342456857419, "Cab3": 35.88725007150369, "Cw3": 0.03608448827770279, "xscale3": 0.412178863272129, "yscale3": 0.412178863272129, "zscale3": 0.412178863272129, "Cab4": 57.28743217521411, "Cw4": 0.030052866944635263, "xscale4": 0.533789143305638, "yscale4": 0.533789143305638, "zscale4": 0.533789143305638, "Cab5": 81.47294163208815, "Cw5": 0.04517920184062499, "xscale5": 0.6944074724275692, "yscale5": 0.6944074724275692, "zscale5": 0.6944074724275692, "Cab6": 75.00421383954172, "Cw6": 0.02560994024317702, "xscale6": 0.6307694626783437, "yscale6": 0.6307694626783437, "zscale6": 0.6307694626783437, "Cab7": 41.18191246578135, "Cw7": 0.01448414725533136, "xscale7": 0.5521190269355565, "yscale7": 0.5521190269355565, "zscale7": 0.5521190269355565, "Cab8": 42.077139340237764, "Cw8": 0.038788893592175966, "xscale8": 0.6696622035551661, "yscale8": 0.6696622035551661, "zscale8": 0.6696622035551661, "Cab9": 51.57678663239683, "Cw9": 0.034302022686107554, "xscale9": 0.5980923177664799, "yscale9": 0.5980923177664799, "zscale9": 0.5980923177664799, "Cab10": 26.79993769675483, "Cw10": 0.02786487148589241, "xscale10": 0.5068138299677918, "yscale10": 0.5068138299677918, "zscale10": 0.5068138299677918, "Cab11": 83.69609788398103, "Cw11": 0.04640297153671075, "xscale11": 0.6228584011607131, "yscale11": 0.6228584011607131, "zscale11": 0.6228584011607131, "Cab12": 26.287648096264824, "Cw12": 0.024350528844366996, "xscale12": 0.5830386429557749, "yscale12": 0.5830386429557749, "zscale12": 0.5830386429557749, "Cab13": 69.46188924278766, "Cw13": 0.03979346173472573, "xscale13": 0.5706922891380222, "yscale13": 0.5706922891380222, "zscale13": 0.5706922891380222, "Cab14": 88.56110144258135, "Cw14": 0.028467220769804076, "xscale14": 0.600654445090666, "yscale14": 0.600654445090666, "zscale14": 0.600654445090666, "Cab15": 21.560660088022743, "Cw15": 0.02965751165953432, "xscale15": 0.5828033103284899, "yscale15": 0.5828033103284899, "zscale15": 0.5828033103284899, "Cab16": 31.007525223935712, "Cw16": 0.03466803209275491, "xscale16": 0.6778425896163293, "yscale16": 0.6778425896163293, "zscale16": 0.6778425896163293, "Cab17": 37.645129594728076, "Cw17": 0.041113837503201085, "xscale17": 0.6418373275237653, "yscale17": 0.6418373275237653, "zscale17": 0.6418373275237653, "Cab18": 56.887834186583156, "Cw18": 0.04385068249571746, "xscale18": 0.6296081397695892, "yscale18": 0.6296081397695892, "zscale18": 0.6296081397695892, "Cab19": 72.94666795597496, "Cw19": 0.032076444329645855, "xscale19": 0.6122237469880712, "yscale19": 0.6122237469880712, "zscale19": 0.6122237469880712, "Cab20": 86.48965154635954, "Cw20": 0.022871214398582845, "xscale20": 0.6435522909560878, "yscale20": 0.6435522909560878, "zscale20": 0.6435522909560878, "Cab21": 21.601178565731104, "Cw21": 0.02920818936710913, "xscale21": 0.611288034452469, "yscale21": 0.611288034452469, "zscale21": 0.611288034452469, "Cab22": 84.4783532723969, "Cw22": 0.047954964067917036, "xscale22": 0.49872856105826363, "yscale22": 0.49872856105826363, "zscale22": 0.49872856105826363, "Cab23": 73.65035488884062, "Cw23": 0.011659636306587364, "xscale23": 0.5464795767329619, "yscale23": 0.5464795767329619, "zscale23": 0.5464795767329619, "Cab24": 75.56616771577242, "Cw24": 0.037309941969365004, "xscale24": 0.43713299276808204, "yscale24": 0.43713299276808204, "zscale24": 0.43713299276808204, "Cab25": 45.523483654577916, "Cw25": 0.01123068066883683, "xscale25": 0.5139823339832353, "yscale25": 0.5139823339832353, "zscale25": 0.5139823339832353, "Cab26": 44.95642948158523, "Cw26": 0.030851642946235415, "xscale26": 0.6914042083649461, "yscale26": 0.6914042083649461, "zscale26": 0.6914042083649461, "Cab27": 34.01699082198497, "Cw27": 0.029745617906943154, "xscale27": 0.48834748830981084, "yscale27": 0.48834748830981084, "zscale27": 0.48834748830981084, "Cab28": 25.64594838463172, "Cw28": 0.026438129620373035, "xscale28": 0.3591736031822906, "yscale28": 0.3591736031822906, "zscale28": 0.3591736031822906, "Cab29": 35.280848427287495, "Cw29": 0.02960349395934897, "xscale29": 0.499238570513936, "yscale29": 0.499238570513936, "zscale29": 0.499238570513936, "Cab30": 58.3683624982227, "Cw30": 0.01381566570217065, "xscale30": 0.4233368009447094, "yscale30": 0.4233368009447094, "zscale30": 0.4233368009447094, "Cab31": 42.22239035629344, "Cw31": 0.02317605031905251, "xscale31": 0.6898029296015552, "yscale31": 0.6898029296015552, "zscale31": 0.6898029296015552, "Cab32": 58.664007422689416, "Cw32": 0.027098796496611108, "xscale32": 0.47972992682012183, "yscale32": 0.47972992682012183, "zscale32": 0.47972992682012183, "Cab33": 79.41538858594353, "Cw33": 0.042035059439064826, "xscale33": 0.49174828929974246, "yscale33": 0.49174828929974246, "zscale33": 0.49174828929974246, "Cab34": 82.18211033739598, "Cw34": 0.03972172738682462, "xscale34": 0.5887776696486703, "yscale34": 0.5887776696486703, "zscale34": 0.5887776696486703, "Cab35": 37.378990486423604, "Cw35": 0.01435290740673513, "xscale35": 0.41799124219617734, "yscale35": 0.41799124219617734, "zscale35": 0.41799124219617734, "Cab36": 60.940216773992944, "Cw36": 0.02317902882010789, "xscale36": 0.6349421429409922, "yscale36": 0.6349421429409922, "zscale36": 0.6349421429409922, "Cab37": 62.44304234200544, "Cw37": 0.04670715310536753, "xscale37": 0.45367891026337454, "yscale37": 0.45367891026337454, "zscale37": 0.45367891026337454, "Cab38": 77.9339985224715, "Cw38": 0.01887494426038105, "xscale38": 0.4916671592360595, "yscale38": 0.4916671592360595, "zscale38": 0.4916671592360595, "Cab39": 47.76422664644524, "Cw39": 0.033831607605788745, "xscale39": 0.6896044022653199, "yscale39": 0.6896044022653199, "zscale39": 0.6896044022653199, "Cab40": 32.59452166767323, "Cw40": 0.016113440091668388, "xscale40": 0.5400006621746062, "yscale40": 0.5400006621746062, "zscale40": 0.5400006621746062, "Cab41": 45.2640810798475, "Cw41": 0.03050870659672033, "xscale41": 0.5800737536063264, "yscale41": 0.5800737536063264, "zscale41": 0.5800737536063264, "Cab42": 65.5985891712971, "Cw42": 0.04081313393810067, "xscale42": 0.600835507602874, "yscale42": 0.600835507602874, "zscale42": 0.600835507602874, "Cab43": 85.02159052839447, "Cw43": 0.04036623402744092, "xscale43": 0.5796914608689197, "yscale43": 0.5796914608689197, "zscale43": 0.5796914608689197, "Cab44": 24.467354481991876, "Cw44": 0.02913247895732339, "xscale44": 0.49914857762335496, "yscale44": 0.49914857762335496, "zscale44": 0.49914857762335496, "Cab45": 22.765826076180346, "Cw45": 0.029414663285098293, "xscale45": 0.3927061071097901, "yscale45": 0.3927061071097901, "zscale45": 0.3927061071097901, "Cab46": 71.36570735424021, "Cw46": 0.022457201543620083, "xscale46": 0.46989185257128185, "yscale46": 0.46989185257128185, "zscale46": 0.46989185257128185, "Cab47": 26.059778316960283, "Cw47": 0.043113203904740396, "xscale47": 0.48325629380824764, "yscale47": 0.48325629380824764, "zscale47": 0.48325629380824764, "Cab48": 47.27566119454377, "Cw48": 0.029138750638996777, "xscale48": 0.5618053137912661, "yscale48": 0.5618053137912661, "zscale48": 0.5618053137912661, "Cab49": 28.038384770331255, "Cw49": 0.013179811179515246, "xscale49": 0.5350391106175458, "yscale49": 0.5350391106175458, "zscale49": 0.5350391106175458, "Cab50": 24.988772152275693, "Cw50": 0.03837962578327013, "xscale50": 0.7075794739676642, "yscale50": 0.7075794739676642, "zscale50": 0.7075794739676642, "Cab51": 76.05868380247465, "Cw51": 0.04830960595499212, "xscale51": 0.7315007385451409, "yscale51": 0.7315007385451409, "zscale51": 0.7315007385451409, "Cab52": 72.16874671075556,