{"Cab0": 71.05810506374101, "Cw0": 0.042913917520626024, "xscale0": 0.7250152143285319, "yscale0": 0.7250152143285319, "zscale0": 0.7250152143285319, "Cab1": 69.93459812423475, "Cw1": 0.0470208371479609, "xscale1": 0.6380425701837384, "yscale1": 0.6380425701837384, "zscale1": 0.6380425701837384, "Cab2": 62.374771014048875, "Cw2": 0.01576758924277935, "xscale2": 0.6133210665600939, "yscale2": 0.6133210665600939, "zscale2": 0.6133210665600939, "Cab3": 46.22689721577507, "Cw3": 0.038328821996406796, "xscale3": 0.5403154199541198, "yscale3": 0.5403154199541198, "zscale3": 0.5403154199541198, "Cab4": 66.08783124386622, "Cw4": 0.02036446064582243, "xscale4": 0.527230563238196, "yscale4": 0.527230563238196, "zscale4": 0.527230563238196, "Cab5": 41.04678568831578, "Cw5": 0.029926320630883914, "xscale5": 0.777425639858318, "yscale5": 0.777425639858318, "zscale5": 0.777425639858318, "Cab6": 48.84587166393644, "Cw6": 0.040691743035424895, "xscale6": 0.4633305903186792, "yscale6": 0.4633305903186792, "zscale6": 0.4633305903186792, "Cab7": 26.755632906701727, "Cw7": 0.015924477067149792, "xscale7": 0.6518355805621014, "yscale7": 0.6518355805621014, "zscale7": 0.6518355805621014, "Cab8": 57.62721687487357, "Cw8": 0.01875216392535514, "xscale8": 0.6591704528527577, "yscale8": 0.6591704528527577, "zscale8": 0.6591704528527577, "Cab9": 78.06808223411062, "Cw9": 0.0324278622676987, "xscale9": 0.6899178157382455, "yscale9": 0.6899178157382455, "zscale9": 0.6899178157382455, "Cab10": 83.07466608768009, "Cw10": 0.023526153818603984, "xscale10": 0.5726575832796441, "yscale10": 0.5726575832796441, "zscale10": 0.5726575832796441, "Cab11": 70.56399999818686, "Cw11": 0.033775348442788865, "xscale11": 0.6536426240819416, "yscale11": 0.6536426240819416, "zscale11": 0.6536426240819416, "Cab12": 46.408318446352595, "Cw12": 0.04682010509263501, "xscale12": 0.616789536313092, "yscale12": 0.616789536313092, "zscale12": 0.616789536313092, "Cab13": 65.44208824301177, "Cw13": 0.018288963929897983, "xscale13": 0.6206821353291306, "yscale13": 0.6206821353291306, "zscale13": 0.6206821353291306, "Cab14": 36.38978992607634, "Cw14": 0.04836173875989864, "xscale14": 0.5243205332192895, "yscale14": 0.5243205332192895, "zscale14": 0.5243205332192895, "Cab15": 64.22437046864425, "Cw15": 0.017690535778300057, "xscale15": 0.6356757274956661, "yscale15": 0.6356757274956661, "zscale15": 0.6356757274956661, "Cab16": 25.787470505509297, "Cw16": 0.03731770484166157, "xscale16": 0.6634134264279656, "yscale16": 0.6634134264279656, "zscale16": 0.6634134264279656, "Cab17": 27.928217335737592, "Cw17": 0.020570928280540253, "xscale17": 0.5458630091390853, "yscale17": 0.5458630091390853, "zscale17": 0.5458630091390853, "Cab18": 21.534939625237257, "Cw18": 0.010055745357486602, "xscale18": 0.6339297085155053, "yscale18": 0.6339297085155053, "zscale18": 0.6339297085155053, "Cab19": 68.72669469634005, "Cw19": 0.02115224640457499, "xscale19": 0.5906429158215161, "yscale19": 0.5906429158215161, "zscale19": 0.5906429158215161, "Cab20": 21.41574843376383, "Cw20": 0.014182440048061969, "xscale20": 0.6520206643944001, "yscale20": 0.6520206643944001, "zscale20": 0.6520206643944001, "Cab21": 58.43718690047292, "Cw21": 0.02481532275705343, "xscale21": 0.616708005174909, "yscale21": 0.616708005174909, "zscale21": 0.616708005174909, "Cab22": 81.29186840730802, "Cw22": 0.03401396973500458, "xscale22": 0.5286671492218716, "yscale22": 0.5286671492218716, "zscale22": 0.5286671492218716, "Cab23": 55.1838663689256, "Cw23": 0.03419531576490887, "xscale23": 0.7399095464814975, "yscale23": 0.7399095464814975, "zscale23": 0.7399095464814975, "Cab24": 22.14907062363258, "Cw24": 0.04416947912408199, "xscale24": 0.47918878492726963, "yscale24": 0.47918878492726963, "zscale24": 0.47918878492726963, "Cab25": 64.3739895920927, "Cw25": 0.03588829075705578, "xscale25": 0.7287072943156107, "yscale25": 0.7287072943156107, "zscale25": 0.7287072943156107, "Cab26": 81.73182013184424, "Cw26": 0.0435779582243232, "xscale26": 0.5618942457419107, "yscale26": 0.5618942457419107, "zscale26": 0.5618942457419107, "Cab27": 64.02758670227121, "Cw27": 0.0299790137312876, "xscale27": 0.4824873983847484, "yscale27": 0.4824873983847484, "zscale27": 0.4824873983847484, "Cab28": 40.6430465061851, "Cw28": 0.012323643396623316, "xscale28": 0.47635543345103204, "yscale28": 0.47635543345103204, "zscale28": 0.47635543345103204, "Cab29": 69.20986170092354, "Cw29": 0.039046088692096574, "xscale29": 0.7033476922819619, "yscale29": 0.7033476922819619, "zscale29": 0.7033476922819619, "Cab30": 73.30476878082409, "Cw30": 0.012272077279835099, "xscale30": 0.4396073835149284, "yscale30": 0.4396073835149284, "zscale30": 0.4396073835149284, "Cab31": 68.80954829141194, "Cw31": 0.036066198753490895, "xscale31": 0.5758496329560784, "yscale31": 0.5758496329560784, "zscale31": 0.5758496329560784, "Cab32": 59.0279492322704, "Cw32": 0.04072664758602614, "xscale32": 0.47747156219793274, "yscale32": 0.47747156219793274, "zscale32": 0.47747156219793274, "Cab33": 22.361340264032712, "Cw33": 0.013007197258375895, "xscale33": 0.5508514936167446, "yscale33": 0.5508514936167446, "zscale33": 0.5508514936167446, "Cab34": 52.80191612072837, "Cw34": 0.04199012344936567, "xscale34": 0.45910208704842703, "yscale34": 0.45910208704842703, "zscale34": 0.45910208704842703, "Cab35": 77.81459437134009, "Cw35": 0.04446602657892258, "xscale35": 0.3473762540979417, "yscale35": 0.3473762540979417, "zscale35": 0.3473762540979417, "Cab36": 86.895929704727, "Cw36": 0.0390309283574139, "xscale36": 0.7258659348554874, "yscale36": 0.7258659348554874, "zscale36": 0.7258659348554874, "Cab37": 60.66335885002365, "Cw37": 0.043711551588878676, "xscale37": 0.370941292055825, "yscale37": 0.370941292055825, "zscale37": 0.370941292055825, "Cab38": 82.70343906847722, "Cw38": 0.022256731927774734, "xscale38": 0.5598723319498767, "yscale38": 0.5598723319498767, "zscale38": 0.5598723319498767, "Cab39": 78.92336129671233, "Cw39": 0.027575183123754822, "xscale39": 0.5853832182270555, "yscale39": 0.5853832182270555, "zscale39": 0.5853832182270555, "Cab40": 49.35373808113935, "Cw40": 0.02788400235942158, "xscale40": 0.43557503460260893, "yscale40": 0.43557503460260893, "zscale40": 0.43557503460260893, "Cab41": 45.27192281558789, "Cw41": 0.02264315421688625, "xscale41": 0.4456225141222131, "yscale41": 0.4456225141222131, "zscale41": 0.4456225141222131, "Cab42": 82.32783306387043, "Cw42": 0.02872368575989366, "xscale42": 0.6222902113302407, "yscale42": 0.6222902113302407, "zscale42": 0.6222902113302407, "Cab43": 83.03034018398729, "Cw43": 0.02077608110029998, "xscale43": 0.5238633126061699, "yscale43": 0.5238633126061699, "zscale43": 0.5238633126061699, "Cab44": 82.9398238258931, "Cw44": 0.043694131262741166, "xscale44": 0.34820099862626475, "yscale44": 0.34820099862626475, "zscale44": 0.34820099862626475, "Cab45": 31.16508508238329, "Cw45": 0.02741671947711173, "xscale45": 0.34560756399319653, "yscale45": 0.34560756399319653, "zscale45": 0.34560756399319653, "Cab46": 34.10459882688613, "Cw46": 0.0430396997803858, "xscale46": 0.5084600321522139, "yscale46": 0.5084600321522139, "zscale46": 0.5084600321522139, "Cab47": 29.725622527949714, "Cw47": 0.038988060691716134, "xscale47": 0.5637750574871837, "yscale47": 0.5637750574871837, "zscale47": 0.5637750574871837, "Cab48": 70.36937064329994, "Cw48": 0.01134270702428409, "xscale48": 0.724423326678212, "yscale48": 0.724423326678212, "zscale48": 0.724423326678212, "Cab49": 33.65805529589038, "Cw49": 0.03867388666797694, "xscale49": 0.4653552015528031, "yscale49": 0.4653552015528031, "zscale49": 0.4653552015528031, "Cab50": 39.02576315073192, "Cw50": 0.014768516569615354, "xscale50": 0.7675605622267078, "yscale50": 0.7675605622267078, "zscale50": 0.7675605622267078, "Cab51": 48.74963240214019, "Cw51": 0.022254639145594807, "xscale51": 0.6468080192841659, "yscale51": 0.6468080192841659, "zscale51": 0.6468080192841659, "Cab52": 79.00253229656671, "Cw52": 0.04337025886038683,