{"Cab0": 43.89198192191682, "Cw0": 0.029909429884878998, "xscale0": 0.6707354328026929, "yscale0": 0.6707354328026929, "zscale0": 0.6707354328026929, "Cab1": 40.726612959956185, "Cw1": 0.04099368757353863, "xscale1": 0.4889330164241954, "yscale1": 0.4889330164241954, "zscale1": 0.4889330164241954, "Cab2": 80.00764076050157, "Cw2": 0.013897305605080663, "xscale2": 0.6210108436132509, "yscale2": 0.6210108436132509, "zscale2": 0.6210108436132509, "Cab3": 40.847006604668465, "Cw3": 0.04610687916518837, "xscale3": 0.5716484946139658, "yscale3": 0.5716484946139658, "zscale3": 0.5716484946139658, "Cab4": 38.732127984266015, "Cw4": 0.030683494612616352, "xscale4": 0.5122237815642288, "yscale4": 0.5122237815642288, "zscale4": 0.5122237815642288, "Cab5": 25.87651600891125, "Cw5": 0.032861333768917284, "xscale5": 0.8072875748776286, "yscale5": 0.8072875748776286, "zscale5": 0.8072875748776286, "Cab6": 38.46325888574106, "Cw6": 0.03996151619545142, "xscale6": 0.5607840949987107, "yscale6": 0.5607840949987107, "zscale6": 0.5607840949987107, "Cab7": 53.957828808801494, "Cw7": 0.04691892143091059, "xscale7": 0.6070230262378915, "yscale7": 0.6070230262378915, "zscale7": 0.6070230262378915, "Cab8": 85.37050532367911, "Cw8": 0.010832164819862485, "xscale8": 0.6088013041419226, "yscale8": 0.6088013041419226, "zscale8": 0.6088013041419226, "Cab9": 46.896606343055076, "Cw9": 0.036489089898513474, "xscale9": 0.6033716114713924, "yscale9": 0.6033716114713924, "zscale9": 0.6033716114713924, "Cab10": 56.55529339830452, "Cw10": 0.026587563206014457, "xscale10": 0.42073009584158855, "yscale10": 0.42073009584158855, "zscale10": 0.42073009584158855, "Cab11": 69.32559119559457, "Cw11": 0.04198870073303418, "xscale11": 0.5289923638869156, "yscale11": 0.5289923638869156, "zscale11": 0.5289923638869156, "Cab12": 73.70058412024444, "Cw12": 0.04167170182526536, "xscale12": 0.49620000651872115, "yscale12": 0.49620000651872115, "zscale12": 0.49620000651872115, "Cab13": 55.34608144238291, "Cw13": 0.03061478833974452, "xscale13": 0.7467537936991403, "yscale13": 0.7467537936991403, "zscale13": 0.7467537936991403, "Cab14": 37.59061984249985, "Cw14": 0.016711149111228833, "xscale14": 0.5418589952601366, "yscale14": 0.5418589952601366, "zscale14": 0.5418589952601366, "Cab15": 76.88847007788387, "Cw15": 0.03456559861963035, "xscale15": 0.5764617355214731, "yscale15": 0.5764617355214731, "zscale15": 0.5764617355214731, "Cab16": 22.298089638400285, "Cw16": 0.03013137851790778, "xscale16": 0.5080739237553745, "yscale16": 0.5080739237553745, "zscale16": 0.5080739237553745, "Cab17": 38.63673075073653, "Cw17": 0.0216309067050329, "xscale17": 0.523662941554177, "yscale17": 0.523662941554177, "zscale17": 0.523662941554177, "Cab18": 63.327493452522994, "Cw18": 0.02946604328566737, "xscale18": 0.7297844455879887, "yscale18": 0.7297844455879887, "zscale18": 0.7297844455879887, "Cab19": 76.84483487338451, "Cw19": 0.022625611147815895, "xscale19": 0.48420543295023255, "yscale19": 0.48420543295023255, "zscale19": 0.48420543295023255, "Cab20": 29.576207877656365, "Cw20": 0.036888008023570985, "xscale20": 0.6289841454034167, "yscale20": 0.6289841454034167, "zscale20": 0.6289841454034167, "Cab21": 85.29101594661299, "Cw21": 0.01767289932089251, "xscale21": 0.5186937035366669, "yscale21": 0.5186937035366669, "zscale21": 0.5186937035366669, "Cab22": 87.1822703265117, "Cw22": 0.03843250818900745, "xscale22": 0.5953320891147609, "yscale22": 0.5953320891147609, "zscale22": 0.5953320891147609, "Cab23": 71.85312338845003, "Cw23": 0.01967960569817308, "xscale23": 0.5765904157179631, "yscale23": 0.5765904157179631, "zscale23": 0.5765904157179631, "Cab24": 37.65342280250274, "Cw24": 0.03359304070407077, "xscale24": 0.46182579050756234, "yscale24": 0.46182579050756234, "zscale24": 0.46182579050756234, "Cab25": 23.772177537131032, "Cw25": 0.03136080140501566, "xscale25": 0.5487868479951162, "yscale25": 0.5487868479951162, "zscale25": 0.5487868479951162, "Cab26": 26.14654547447354, "Cw26": 0.04271077671669552, "xscale26": 0.5075760348962968, "yscale26": 0.5075760348962968, "zscale26": 0.5075760348962968, "Cab27": 47.27615022299416, "Cw27": 0.012044019634759864, "xscale27": 0.4232567948957083, "yscale27": 0.4232567948957083, "zscale27": 0.4232567948957083, "Cab28": 67.09632800806772, "Cw28": 0.029252066801925936, "xscale28": 0.40815662400667374, "yscale28": 0.40815662400667374, "zscale28": 0.40815662400667374, "Cab29": 76.24655104165049, "Cw29": 0.0428177270421195, "xscale29": 0.6417751318158443, "yscale29": 0.6417751318158443, "zscale29": 0.6417751318158443, "Cab30": 78.21639426622284, "Cw30": 0.0298641611727296, "xscale30": 0.4014202444134157, "yscale30": 0.4014202444134157, "zscale30": 0.4014202444134157, "Cab31": 79.89621426413993, "Cw31": 0.04840224510116467, "xscale31": 0.5675016481515724, "yscale31": 0.5675016481515724, "zscale31": 0.5675016481515724, "Cab32": 66.07118733830771, "Cw32": 0.01741557316945002, "xscale32": 0.569069589025976, "yscale32": 0.569069589025976, "zscale32": 0.569069589025976, "Cab33": 41.260926614967204, "Cw33": 0.03151321942640368, "xscale33": 0.5223299330063322, "yscale33": 0.5223299330063322, "zscale33": 0.5223299330063322, "Cab34": 42.78525296654853, "Cw34": 0.017842515820014504, "xscale34": 0.5680266799765379, "yscale34": 0.5680266799765379, "zscale34": 0.5680266799765379, "Cab35": 48.44022461805372, "Cw35": 0.0267845127274709, "xscale35": 0.36744033134049436, "yscale35": 0.36744033134049436, "zscale35": 0.36744033134049436, "Cab36": 21.703215919967263, "Cw36": 0.025233483869115968, "xscale36": 0.6399429020112516, "yscale36": 0.6399429020112516, "zscale36": 0.6399429020112516, "Cab37": 82.88977497569385, "Cw37": 0.017545391931024258, "xscale37": 0.5190393229630089, "yscale37": 0.5190393229630089, "zscale37": 0.5190393229630089, "Cab38": 31.846872840734658, "Cw38": 0.021828280025396676, "xscale38": 0.5144624635655893, "yscale38": 0.5144624635655893, "zscale38": 0.5144624635655893, "Cab39": 38.430852000935865, "Cw39": 0.019568340138312927, "xscale39": 0.6787833821568183, "yscale39": 0.6787833821568183, "zscale39": 0.6787833821568183, "Cab40": 64.20533992095935, "Cw40": 0.022166619433238336, "xscale40": 0.47495233817486693, "yscale40": 0.47495233817486693, "zscale40": 0.47495233817486693, "Cab41": 37.133872471850125, "Cw41": 0.02380059156149912, "xscale41": 0.6363810896181576, "yscale41": 0.6363810896181576, "zscale41": 0.6363810896181576, "Cab42": 42.8786451028698, "Cw42": 0.026256655082445693, "xscale42": 0.5675839000527824, "yscale42": 0.5675839000527824, "zscale42": 0.5675839000527824, "Cab43": 25.282161161407107, "Cw43": 0.04617045073054467, "xscale43": 0.6588516297984762, "yscale43": 0.6588516297984762, "zscale43": 0.6588516297984762, "Cab44": 41.67379156871935, "Cw44": 0.04797648487211624, "xscale44": 0.37236475742771713, "yscale44": 0.37236475742771713, "zscale44": 0.37236475742771713, "Cab45": 68.67953923970359, "Cw45": 0.02139384710673605, "xscale45": 0.2990654855828546, "yscale45": 0.2990654855828546, "zscale45": 0.2990654855828546, "Cab46": 36.10678092362956, "Cw46": 0.03417955161999297, "xscale46": 0.48961353915024103, "yscale46": 0.48961353915024103, "zscale46": 0.48961353915024103, "Cab47": 66.22239697099724, "Cw47": 0.011014742638100046, "xscale47": 0.5499893191112096, "yscale47": 0.5499893191112096, "zscale47": 0.5499893191112096, "Cab48": 50.044768254097676, "Cw48": 0.0258640025353686, "xscale48": 0.5944738950205344, "yscale48": 0.5944738950205344, "zscale48": 0.5944738950205344, "Cab49": 30.12348521570891, "Cw49": 0.02771247762303549, "xscale49": 0.4328720311550644, "yscale49": 0.4328720311550644, "zscale49": 0.4328720311550644, "Cab50": 69.43971031579343, "Cw50": 0.023870106864888094, "xscale50": 0.6835968507007167, "yscale50": 0.6835968507007167, "zscale50": 0.6835968507007167, "Cab51": 77.20578035427378, "Cw51": 0.04772301236436165, "xscale51": 0.820818880184466, "yscale51": 0.820818880184466, "zscale51": 0.820818880184466, "Cab52": 78.47004950504393,