{"Cab0": 84.63081857296606, "Cw0": 0.04133162239632257, "xscale0": 0.7269543556585967, "yscale0": 0.7269543556585967, "zscale0": 0.7269543556585967, "Cab1": 78.38287658406686, "Cw1": 0.036997406340304476, "xscale1": 0.5367926708363392, "yscale1": 0.5367926708363392, "zscale1": 0.5367926708363392, "Cab2": 39.435427582776306, "Cw2": 0.04016312164879688, "xscale2": 0.7716890297350762, "yscale2": 0.7716890297350762, "zscale2": 0.7716890297350762, "Cab3": 72.40736277684533, "Cw3": 0.019065054230567154, "xscale3": 0.5637020177257493, "yscale3": 0.5637020177257493, "zscale3": 0.5637020177257493, "Cab4": 73.9441419258585, "Cw4": 0.032172379383756264, "xscale4": 0.5763954564714212, "yscale4": 0.5763954564714212, "zscale4": 0.5763954564714212, "Cab5": 57.77243667883317, "Cw5": 0.048174418587467197, "xscale5": 0.7494209043167651, "yscale5": 0.7494209043167651, "zscale5": 0.7494209043167651, "Cab6": 49.19700170834958, "Cw6": 0.03821430422306617, "xscale6": 0.4785669677227066, "yscale6": 0.4785669677227066, "zscale6": 0.4785669677227066, "Cab7": 27.603532192678493, "Cw7": 0.02851348305122864, "xscale7": 0.5414049914911524, "yscale7": 0.5414049914911524, "zscale7": 0.5414049914911524, "Cab8": 61.744092577019345, "Cw8": 0.01297721246617559, "xscale8": 0.47001562376602446, "yscale8": 0.47001562376602446, "zscale8": 0.47001562376602446, "Cab9": 63.984058271239036, "Cw9": 0.04620415701559766, "xscale9": 0.7837508377503472, "yscale9": 0.7837508377503472, "zscale9": 0.7837508377503472, "Cab10": 56.481206276788015, "Cw10": 0.0321081698375744, "xscale10": 0.5351133790161525, "yscale10": 0.5351133790161525, "zscale10": 0.5351133790161525, "Cab11": 85.01443491564183, "Cw11": 0.023503222612388224, "xscale11": 0.6651437370406753, "yscale11": 0.6651437370406753, "zscale11": 0.6651437370406753, "Cab12": 82.97930356025338, "Cw12": 0.013156113227704713, "xscale12": 0.6088770843909587, "yscale12": 0.6088770843909587, "zscale12": 0.6088770843909587, "Cab13": 20.99352872575921, "Cw13": 0.029428339990089133, "xscale13": 0.5448718629478093, "yscale13": 0.5448718629478093, "zscale13": 0.5448718629478093, "Cab14": 48.64070422225831, "Cw14": 0.020578125637492995, "xscale14": 0.6172413082149661, "yscale14": 0.6172413082149661, "zscale14": 0.6172413082149661, "Cab15": 87.43700754244746, "Cw15": 0.012302607222706445, "xscale15": 0.6824600584804716, "yscale15": 0.6824600584804716, "zscale15": 0.6824600584804716, "Cab16": 39.110454714957385, "Cw16": 0.018675093453749902, "xscale16": 0.49761241891219404, "yscale16": 0.49761241891219404, "zscale16": 0.49761241891219404, "Cab17": 60.00104788813347, "Cw17": 0.04005971747163779, "xscale17": 0.5897905230499789, "yscale17": 0.5897905230499789, "zscale17": 0.5897905230499789, "Cab18": 77.98948691315891, "Cw18": 0.033190130824563555, "xscale18": 0.6947006050600584, "yscale18": 0.6947006050600584, "zscale18": 0.6947006050600584, "Cab19": 85.66088293331443, "Cw19": 0.010567890377533692, "xscale19": 0.5171858774271381, "yscale19": 0.5171858774271381, "zscale19": 0.5171858774271381, "Cab20": 45.21822104681903, "Cw20": 0.02924811881768173, "xscale20": 0.6775451138801262, "yscale20": 0.6775451138801262, "zscale20": 0.6775451138801262, "Cab21": 53.73038113812312, "Cw21": 0.016402119469725106, "xscale21": 0.6385214735736299, "yscale21": 0.6385214735736299, "zscale21": 0.6385214735736299, "Cab22": 32.97652921304788, "Cw22": 0.021915418473957574, "xscale22": 0.5878218768989747, "yscale22": 0.5878218768989747, "zscale22": 0.5878218768989747, "Cab23": 41.432287134770576, "Cw23": 0.034445793287254715, "xscale23": 0.6353273840995997, "yscale23": 0.6353273840995997, "zscale23": 0.6353273840995997, "Cab24": 83.63576339240731, "Cw24": 0.028655380897969547, "xscale24": 0.5601528084737164, "yscale24": 0.5601528084737164, "zscale24": 0.5601528084737164, "Cab25": 42.90262666941639, "Cw25": 0.016820964038430995, "xscale25": 0.515954605331349, "yscale25": 0.515954605331349, "zscale25": 0.515954605331349, "Cab26": 58.67626374220447, "Cw26": 0.023821656868265043, "xscale26": 0.5856397031643749, "yscale26": 0.5856397031643749, "zscale26": 0.5856397031643749, "Cab27": 32.031367040618846, "Cw27": 0.048822013290409215, "xscale27": 0.4161618306161854, "yscale27": 0.4161618306161854, "zscale27": 0.4161618306161854, "Cab28": 59.732954513533834, "Cw28": 0.02345282733612303, "xscale28": 0.45216523923549456, "yscale28": 0.45216523923549456, "zscale28": 0.45216523923549456, "Cab29": 66.732019646103, "Cw29": 0.03558703903420062, "xscale29": 0.5833244481446697, "yscale29": 0.5833244481446697, "zscale29": 0.5833244481446697, "Cab30": 50.83060144291139, "Cw30": 0.04483524057992706, "xscale30": 0.36044074708912216, "yscale30": 0.36044074708912216, "zscale30": 0.36044074708912216, "Cab31": 48.20151160386484, "Cw31": 0.04494116592431314, "xscale31": 0.5964149841587044, "yscale31": 0.5964149841587044, "zscale31": 0.5964149841587044, "Cab32": 59.507778921933316, "Cw32": 0.030380171229619155, "xscale32": 0.5486157738276879, "yscale32": 0.5486157738276879, "zscale32": 0.5486157738276879, "Cab33": 54.003015151971304, "Cw33": 0.013300781167586661, "xscale33": 0.4477950408517975, "yscale33": 0.4477950408517975, "zscale33": 0.4477950408517975, "Cab34": 25.540678214517534, "Cw34": 0.01476149645894362, "xscale34": 0.44068030577788486, "yscale34": 0.44068030577788486, "zscale34": 0.44068030577788486, "Cab35": 83.4756725494399, "Cw35": 0.01084027185755713, "xscale35": 0.40822769087739935, "yscale35": 0.40822769087739935, "zscale35": 0.40822769087739935, "Cab36": 31.51317504861146, "Cw36": 0.04411345598788136, "xscale36": 0.7011062366057761, "yscale36": 0.7011062366057761, "zscale36": 0.7011062366057761, "Cab37": 34.24009469322553, "Cw37": 0.028583551299618065, "xscale37": 0.38298339873687104, "yscale37": 0.38298339873687104, "zscale37": 0.38298339873687104, "Cab38": 61.50676543664999, "Cw38": 0.0457460273445243, "xscale38": 0.5674083691984642, "yscale38": 0.5674083691984642, "zscale38": 0.5674083691984642, "Cab39": 48.209528851686144, "Cw39": 0.03977169832898517, "xscale39": 0.6838187557234165, "yscale39": 0.6838187557234165, "zscale39": 0.6838187557234165, "Cab40": 25.061011899413938, "Cw40": 0.010963958161371412, "xscale40": 0.6327201228242527, "yscale40": 0.6327201228242527, "zscale40": 0.6327201228242527, "Cab41": 24.426676121281275, "Cw41": 0.043387354442891275, "xscale41": 0.6449740772037666, "yscale41": 0.6449740772037666, "zscale41": 0.6449740772037666, "Cab42": 45.96611195928082, "Cw42": 0.04487287223902915, "xscale42": 0.5330987861779773, "yscale42": 0.5330987861779773, "zscale42": 0.5330987861779773, "Cab43": 35.37646934691622, "Cw43": 0.031438658415678174, "xscale43": 0.5152272808575242, "yscale43": 0.5152272808575242, "zscale43": 0.5152272808575242, "Cab44": 24.88204772691938, "Cw44": 0.014539991703312261, "xscale44": 0.388585721364631, "yscale44": 0.388585721364631, "zscale44": 0.388585721364631, "Cab45": 77.44635788102116, "Cw45": 0.03531338623307076, "xscale45": 0.2802191349547902, "yscale45": 0.2802191349547902, "zscale45": 0.2802191349547902, "Cab46": 48.62160891750442, "Cw46": 0.04506007696649934, "xscale46": 0.5563450628292282, "yscale46": 0.5563450628292282, "zscale46": 0.5563450628292282, "Cab47": 48.92294451259228, "Cw47": 0.03858702479665277, "xscale47": 0.5772546196189161, "yscale47": 0.5772546196189161, "zscale47": 0.5772546196189161, "Cab48": 88.33795243483013, "Cw48": 0.031816752353237006, "xscale48": 0.5739491352954587, "yscale48": 0.5739491352954587, "zscale48": 0.5739491352954587, "Cab49": 33.21071881504863, "Cw49": 0.019956115391545917, "xscale49": 0.5510437559993644, "yscale49": 0.5510437559993644, "zscale49": 0.5510437559993644, "Cab50": 68.94717286154702, "Cw50": 0.02979026498176312, "xscale50": 0.6352325875272159, "yscale50": 0.6352325875272159, "zscale50": 0.6352325875272159, "Cab51": 60.37410164309424, "Cw51": 0.018156769190094586, "xscale51": 0.5693310223239693, "yscale51": 0.5693310223239693, "zscale51": 0.5693310223239693, "Cab52": 48.36756072046701,