{"Cab0": 41.00359675216885, "Cw0": 0.016978110964207434, "xscale0": 0.8548320001708034, "yscale0": 0.8548320001708034, "zscale0": 0.8548320001708034, "Cab1": 86.73355929379099, "Cw1": 0.04619036264960175, "xscale1": 0.6030988390761853, "yscale1": 0.6030988390761853, "zscale1": 0.6030988390761853, "Cab2": 85.88997609590596, "Cw2": 0.027480343016113462, "xscale2": 0.6757695290609927, "yscale2": 0.6757695290609927, "zscale2": 0.6757695290609927, "Cab3": 88.98529724300664, "Cw3": 0.012674824943752924, "xscale3": 0.5535550393968893, "yscale3": 0.5535550393968893, "zscale3": 0.5535550393968893, "Cab4": 74.11050171142489, "Cw4": 0.038763240041741004, "xscale4": 0.5839195446224761, "yscale4": 0.5839195446224761, "zscale4": 0.5839195446224761, "Cab5": 53.42565060010719, "Cw5": 0.01684194515763374, "xscale5": 0.7558613293222145, "yscale5": 0.7558613293222145, "zscale5": 0.7558613293222145, "Cab6": 20.006404575497008, "Cw6": 0.031472909767217144, "xscale6": 0.5330107009289521, "yscale6": 0.5330107009289521, "zscale6": 0.5330107009289521, "Cab7": 21.578997758530484, "Cw7": 0.01593978163484782, "xscale7": 0.46182681174225676, "yscale7": 0.46182681174225676, "zscale7": 0.46182681174225676, "Cab8": 83.65301306495165, "Cw8": 0.02081211844672355, "xscale8": 0.6265733079367519, "yscale8": 0.6265733079367519, "zscale8": 0.6265733079367519, "Cab9": 55.54275236739645, "Cw9": 0.031113969780534594, "xscale9": 0.6427040904373273, "yscale9": 0.6427040904373273, "zscale9": 0.6427040904373273, "Cab10": 29.870690986918987, "Cw10": 0.017524749276935748, "xscale10": 0.5290156856570629, "yscale10": 0.5290156856570629, "zscale10": 0.5290156856570629, "Cab11": 63.288943008731316, "Cw11": 0.02455027354070281, "xscale11": 0.6040374883143823, "yscale11": 0.6040374883143823, "zscale11": 0.6040374883143823, "Cab12": 46.59076694445494, "Cw12": 0.046340816004327635, "xscale12": 0.5729510903289747, "yscale12": 0.5729510903289747, "zscale12": 0.5729510903289747, "Cab13": 30.957426800304944, "Cw13": 0.01538738933274157, "xscale13": 0.536689130296619, "yscale13": 0.536689130296619, "zscale13": 0.536689130296619, "Cab14": 41.77376263163491, "Cw14": 0.04575546069994988, "xscale14": 0.5338312784172647, "yscale14": 0.5338312784172647, "zscale14": 0.5338312784172647, "Cab15": 70.38288561248612, "Cw15": 0.021413081596955853, "xscale15": 0.5573905932927945, "yscale15": 0.5573905932927945, "zscale15": 0.5573905932927945, "Cab16": 42.688903072499286, "Cw16": 0.030215241262445056, "xscale16": 0.6687660611518336, "yscale16": 0.6687660611518336, "zscale16": 0.6687660611518336, "Cab17": 39.21310566548448, "Cw17": 0.03988305173163288, "xscale17": 0.47480951105737423, "yscale17": 0.47480951105737423, "zscale17": 0.47480951105737423, "Cab18": 61.0130064010058, "Cw18": 0.027903501968716896, "xscale18": 0.6863078931829788, "yscale18": 0.6863078931829788, "zscale18": 0.6863078931829788, "Cab19": 78.85716833823079, "Cw19": 0.03212932578784645, "xscale19": 0.6131655884387435, "yscale19": 0.6131655884387435, "zscale19": 0.6131655884387435, "Cab20": 66.035314114919, "Cw20": 0.016966902048057796, "xscale20": 0.6784298554606004, "yscale20": 0.6784298554606004, "zscale20": 0.6784298554606004, "Cab21": 66.36640987403666, "Cw21": 0.048569369791726894, "xscale21": 0.6177951849608642, "yscale21": 0.6177951849608642, "zscale21": 0.6177951849608642, "Cab22": 47.952500313039955, "Cw22": 0.02057567168791042, "xscale22": 0.44485021617491877, "yscale22": 0.44485021617491877, "zscale22": 0.44485021617491877, "Cab23": 49.365821992768474, "Cw23": 0.018419884913299076, "xscale23": 0.5221855345842923, "yscale23": 0.5221855345842923, "zscale23": 0.5221855345842923, "Cab24": 35.98802916626054, "Cw24": 0.047033837132050595, "xscale24": 0.455811526447402, "yscale24": 0.455811526447402, "zscale24": 0.455811526447402, "Cab25": 40.10266438544241, "Cw25": 0.04030586632935025, "xscale25": 0.6733968098935731, "yscale25": 0.6733968098935731, "zscale25": 0.6733968098935731, "Cab26": 37.12298720649548, "Cw26": 0.010541791707042517, "xscale26": 0.5616960658122518, "yscale26": 0.5616960658122518, "zscale26": 0.5616960658122518, "Cab27": 57.165788405267314, "Cw27": 0.03227468545065872, "xscale27": 0.513037984217169, "yscale27": 0.513037984217169, "zscale27": 0.513037984217169, "Cab28": 75.77119936444052, "Cw28": 0.045022442997571584, "xscale28": 0.36040879675382786, "yscale28": 0.36040879675382786, "zscale28": 0.36040879675382786, "Cab29": 71.42753124079371, "Cw29": 0.020511583102003808, "xscale29": 0.5458249508114776, "yscale29": 0.5458249508114776, "zscale29": 0.5458249508114776, "Cab30": 64.10096673349905, "Cw30": 0.014462862093833535, "xscale30": 0.4034216345982417, "yscale30": 0.4034216345982417, "zscale30": 0.4034216345982417, "Cab31": 76.07917564273586, "Cw31": 0.03795712785998552, "xscale31": 0.5959895665728168, "yscale31": 0.5959895665728168, "zscale31": 0.5959895665728168, "Cab32": 25.78815672783781, "Cw32": 0.03428700811188606, "xscale32": 0.5726864432157686, "yscale32": 0.5726864432157686, "zscale32": 0.5726864432157686, "Cab33": 56.26345184296357, "Cw33": 0.029749222982633605, "xscale33": 0.512454124862447, "yscale33": 0.512454124862447, "zscale33": 0.512454124862447, "Cab34": 74.9747037441893, "Cw34": 0.027193225289613633, "xscale34": 0.4091913412114129, "yscale34": 0.4091913412114129, "zscale34": 0.4091913412114129, "Cab35": 51.78272832403188, "Cw35": 0.042754494458856276, "xscale35": 0.34217049400558047, "yscale35": 0.34217049400558047, "zscale35": 0.34217049400558047, "Cab36": 41.9123963919312, "Cw36": 0.044275138352034636, "xscale36": 0.6152449094415021, "yscale36": 0.6152449094415021, "zscale36": 0.6152449094415021, "Cab37": 22.372415669882788, "Cw37": 0.01159099959657937, "xscale37": 0.4233204907393929, "yscale37": 0.4233204907393929, "zscale37": 0.4233204907393929, "Cab38": 84.62859107950287, "Cw38": 0.01822616675735319, "xscale38": 0.39476825451494996, "yscale38": 0.39476825451494996, "zscale38": 0.39476825451494996, "Cab39": 45.35226143893764, "Cw39": 0.0334690887389268, "xscale39": 0.6891658399747799, "yscale39": 0.6891658399747799, "zscale39": 0.6891658399747799, "Cab40": 44.52978134097481, "Cw40": 0.012742307293716313, "xscale40": 0.5333425105317897, "yscale40": 0.5333425105317897, "zscale40": 0.5333425105317897, "Cab41": 48.60047839364118, "Cw41": 0.03524434250144054, "xscale41": 0.4629990329272377, "yscale41": 0.4629990329272377, "zscale41": 0.4629990329272377, "Cab42": 54.59628407456922, "Cw42": 0.010038204010469839, "xscale42": 0.6214626096135532, "yscale42": 0.6214626096135532, "zscale42": 0.6214626096135532, "Cab43": 39.75432818389076, "Cw43": 0.013310052318718794, "xscale43": 0.5630514290001273, "yscale43": 0.5630514290001273, "zscale43": 0.5630514290001273, "Cab44": 50.952629291705385, "Cw44": 0.043307645776757143, "xscale44": 0.4147314017873329, "yscale44": 0.4147314017873329, "zscale44": 0.4147314017873329, "Cab45": 68.82366508860883, "Cw45": 0.045278241774696616, "xscale45": 0.3397227737695958, "yscale45": 0.3397227737695958, "zscale45": 0.3397227737695958, "Cab46": 68.18192467726439, "Cw46": 0.02119002258633443, "xscale46": 0.5064383729357793, "yscale46": 0.5064383729357793, "zscale46": 0.5064383729357793, "Cab47": 79.04202252731449, "Cw47": 0.029504241621683858, "xscale47": 0.4592741861339724, "yscale47": 0.4592741861339724, "zscale47": 0.4592741861339724, "Cab48": 81.14967975717482, "Cw48": 0.01656780381181224, "xscale48": 0.7302396893674283, "yscale48": 0.7302396893674283, "zscale48": 0.7302396893674283, "Cab49": 68.05741089920521, "Cw49": 0.02511647226741352, "xscale49": 0.46565934736667336, "yscale49": 0.46565934736667336, "zscale49": 0.46565934736667336, "Cab50": 60.72293789571261, "Cw50": 0.020377051251602493, "xscale50": 0.5576660009230509, "yscale50": 0.5576660009230509, "zscale50": 0.5576660009230509, "Cab51": 24.314438035714076, "Cw51": 0.041469221738491074, "xscale51": 0.6017529681710188, "yscale51": 0.6017529681710188, "zscale51": 0.6017529681710188, "Cab52": 48.89667351148571,