{"Cab0": 46.109397593027396, "Cw0": 0.022961824237994775, "xscale0": 0.7507649110483745, "yscale0": 0.7507649110483745, "zscale0": 0.7507649110483745, "Cab1": 32.200612976430065, "Cw1": 0.03018392146593682, "xscale1": 0.6439774539897404, "yscale1": 0.6439774539897404, "zscale1": 0.6439774539897404, "Cab2": 35.98675573670615, "Cw2": 0.034318959126333086, "xscale2": 0.5809528972610148, "yscale2": 0.5809528972610148, "zscale2": 0.5809528972610148, "Cab3": 73.55489190951312, "Cw3": 0.023722882417227108, "xscale3": 0.5380009870388331, "yscale3": 0.5380009870388331, "zscale3": 0.5380009870388331, "Cab4": 49.18386806885201, "Cw4": 0.047397882698681455, "xscale4": 0.5529845984796217, "yscale4": 0.5529845984796217, "zscale4": 0.5529845984796217, "Cab5": 74.2008457801414, "Cw5": 0.02884738617667626, "xscale5": 0.877888612201516, "yscale5": 0.877888612201516, "zscale5": 0.877888612201516, "Cab6": 84.78252910081405, "Cw6": 0.023545719242639068, "xscale6": 0.5042233143428557, "yscale6": 0.5042233143428557, "zscale6": 0.5042233143428557, "Cab7": 40.1236891637569, "Cw7": 0.04507008094074894, "xscale7": 0.5212712945610869, "yscale7": 0.5212712945610869, "zscale7": 0.5212712945610869, "Cab8": 76.04811685008676, "Cw8": 0.010944290493563682, "xscale8": 0.5580344766798744, "yscale8": 0.5580344766798744, "zscale8": 0.5580344766798744, "Cab9": 23.162573173778107, "Cw9": 0.043531036002278777, "xscale9": 0.6596022382443734, "yscale9": 0.6596022382443734, "zscale9": 0.6596022382443734, "Cab10": 26.085749690591857, "Cw10": 0.014080493014007241, "xscale10": 0.5369584480947328, "yscale10": 0.5369584480947328, "zscale10": 0.5369584480947328, "Cab11": 24.73130447968562, "Cw11": 0.04162921046630136, "xscale11": 0.6610029785111866, "yscale11": 0.6610029785111866, "zscale11": 0.6610029785111866, "Cab12": 57.89945237183211, "Cw12": 0.04120196682786539, "xscale12": 0.5284509499233165, "yscale12": 0.5284509499233165, "zscale12": 0.5284509499233165, "Cab13": 26.70096566496698, "Cw13": 0.026272435096984126, "xscale13": 0.5024666458138866, "yscale13": 0.5024666458138866, "zscale13": 0.5024666458138866, "Cab14": 67.35838433558081, "Cw14": 0.026935706054341646, "xscale14": 0.4774460142525016, "yscale14": 0.4774460142525016, "zscale14": 0.4774460142525016, "Cab15": 43.6553130356879, "Cw15": 0.041559956530262586, "xscale15": 0.6211906256172124, "yscale15": 0.6211906256172124, "zscale15": 0.6211906256172124, "Cab16": 68.20722684503396, "Cw16": 0.03327108520651017, "xscale16": 0.6920425625469119, "yscale16": 0.6920425625469119, "zscale16": 0.6920425625469119, "Cab17": 83.34496185486549, "Cw17": 0.0407954894588198, "xscale17": 0.6303082470950695, "yscale17": 0.6303082470950695, "zscale17": 0.6303082470950695, "Cab18": 43.82275893892485, "Cw18": 0.02039027122584799, "xscale18": 0.6197139596201129, "yscale18": 0.6197139596201129, "zscale18": 0.6197139596201129, "Cab19": 23.79840136584214, "Cw19": 0.020225711984509162, "xscale19": 0.5563028616461667, "yscale19": 0.5563028616461667, "zscale19": 0.5563028616461667, "Cab20": 78.39608674879085, "Cw20": 0.027156005537377015, "xscale20": 0.7223755572226142, "yscale20": 0.7223755572226142, "zscale20": 0.7223755572226142, "Cab21": 59.566075756884004, "Cw21": 0.020290489474850605, "xscale21": 0.48480129185659715, "yscale21": 0.48480129185659715, "zscale21": 0.48480129185659715, "Cab22": 27.957431547083676, "Cw22": 0.04899750910848594, "xscale22": 0.48550977095575926, "yscale22": 0.48550977095575926, "zscale22": 0.48550977095575926, "Cab23": 67.989069007555, "Cw23": 0.04551119411192102, "xscale23": 0.6780331050986831, "yscale23": 0.6780331050986831, "zscale23": 0.6780331050986831, "Cab24": 41.372760477410736, "Cw24": 0.01693797260300637, "xscale24": 0.48846322807913906, "yscale24": 0.48846322807913906, "zscale24": 0.48846322807913906, "Cab25": 60.52814831714182, "Cw25": 0.01479700036689259, "xscale25": 0.5930931732490905, "yscale25": 0.5930931732490905, "zscale25": 0.5930931732490905, "Cab26": 88.65122068110078, "Cw26": 0.011336330223385703, "xscale26": 0.7250067340701406, "yscale26": 0.7250067340701406, "zscale26": 0.7250067340701406, "Cab27": 51.075388893058175, "Cw27": 0.044727803487748664, "xscale27": 0.4621346485911003, "yscale27": 0.4621346485911003, "zscale27": 0.4621346485911003, "Cab28": 68.12317897578009, "Cw28": 0.044297313461956624, "xscale28": 0.40785967497425907, "yscale28": 0.40785967497425907, "zscale28": 0.40785967497425907, "Cab29": 26.221724681594484, "Cw29": 0.01115202848101263, "xscale29": 0.6868774156559591, "yscale29": 0.6868774156559591, "zscale29": 0.6868774156559591, "Cab30": 69.93173585613445, "Cw30": 0.04987994490937205, "xscale30": 0.4135674240669406, "yscale30": 0.4135674240669406, "zscale30": 0.4135674240669406, "Cab31": 43.24946051792382, "Cw31": 0.042883004296806325, "xscale31": 0.5553580644140309, "yscale31": 0.5553580644140309, "zscale31": 0.5553580644140309, "Cab32": 81.99431013458513, "Cw32": 0.04704215185523598, "xscale32": 0.3845749034022527, "yscale32": 0.3845749034022527, "zscale32": 0.3845749034022527, "Cab33": 42.26902053653476, "Cw33": 0.03703851253183913, "xscale33": 0.49365194874392526, "yscale33": 0.49365194874392526, "zscale33": 0.49365194874392526, "Cab34": 43.370841233456645, "Cw34": 0.035417127090684564, "xscale34": 0.4093164363507057, "yscale34": 0.4093164363507057, "zscale34": 0.4093164363507057, "Cab35": 66.53958174002966, "Cw35": 0.0472821985522817, "xscale35": 0.4077250402859895, "yscale35": 0.4077250402859895, "zscale35": 0.4077250402859895, "Cab36": 47.11498099236272, "Cw36": 0.01957922798582888, "xscale36": 0.7031864995010905, "yscale36": 0.7031864995010905, "zscale36": 0.7031864995010905, "Cab37": 53.360329067865784, "Cw37": 0.04212342927389233, "xscale37": 0.3991424902214297, "yscale37": 0.3991424902214297, "zscale37": 0.3991424902214297, "Cab38": 62.2428913047545, "Cw38": 0.040437274155926434, "xscale38": 0.5054335198167675, "yscale38": 0.5054335198167675, "zscale38": 0.5054335198167675, "Cab39": 44.58101779130896, "Cw39": 0.04186760324415986, "xscale39": 0.537245051319313, "yscale39": 0.537245051319313, "zscale39": 0.537245051319313, "Cab40": 71.80429588118767, "Cw40": 0.03982805855821347, "xscale40": 0.5940674670141305, "yscale40": 0.5940674670141305, "zscale40": 0.5940674670141305, "Cab41": 33.689553932015656, "Cw41": 0.023263971346389592, "xscale41": 0.5998145821247604, "yscale41": 0.5998145821247604, "zscale41": 0.5998145821247604, "Cab42": 24.190445841386886, "Cw42": 0.021304494408700664, "xscale42": 0.6087786800103104, "yscale42": 0.6087786800103104, "zscale42": 0.6087786800103104, "Cab43": 77.5115085863704, "Cw43": 0.017081898188422335, "xscale43": 0.6839641379890622, "yscale43": 0.6839641379890622, "zscale43": 0.6839641379890622, "Cab44": 44.48880744023235, "Cw44": 0.04808927288830795, "xscale44": 0.5106296683804301, "yscale44": 0.5106296683804301, "zscale44": 0.5106296683804301, "Cab45": 58.27822357059772, "Cw45": 0.039274268892084026, "xscale45": 0.30157966419386645, "yscale45": 0.30157966419386645, "zscale45": 0.30157966419386645, "Cab46": 50.21079126368737, "Cw46": 0.025258273007956265, "xscale46": 0.4349096266077214, "yscale46": 0.4349096266077214, "zscale46": 0.4349096266077214, "Cab47": 55.43094795251182, "Cw47": 0.0200986462005471, "xscale47": 0.5134480480287107, "yscale47": 0.5134480480287107, "zscale47": 0.5134480480287107, "Cab48": 33.034702481728395, "Cw48": 0.02304881050284383, "xscale48": 0.7580618427110604, "yscale48": 0.7580618427110604, "zscale48": 0.7580618427110604, "Cab49": 40.31137223670483, "Cw49": 0.02741850505085837, "xscale49": 0.5314417775710681, "yscale49": 0.5314417775710681, "zscale49": 0.5314417775710681, "Cab50": 41.015001455048136, "Cw50": 0.013246792341165103, "xscale50": 0.5657078899864874, "yscale50": 0.5657078899864874, "zscale50": 0.5657078899864874, "Cab51": 84.19541218493511, "Cw51": 0.010124238693984244, "xscale51": 0.6175664498138365, "yscale51": 0.6175664498138365, "zscale51": 0.6175664498138365, "Cab52": 45.36925883533884,