{"Cab0": 67.39150103898828, "Cw0": 0.021486029741367665, "xscale0": 0.7149764440587504, "yscale0": 0.7149764440587504, "zscale0": 0.7149764440587504, "Cab1": 57.31401315766583, "Cw1": 0.014778767978569508, "xscale1": 0.704719264950152, "yscale1": 0.704719264950152, "zscale1": 0.704719264950152, "Cab2": 53.72449450952267, "Cw2": 0.03648366588777208, "xscale2": 0.6598487299326782, "yscale2": 0.6598487299326782, "zscale2": 0.6598487299326782, "Cab3": 84.72208620767452, "Cw3": 0.04664466719289471, "xscale3": 0.5402981094923708, "yscale3": 0.5402981094923708, "zscale3": 0.5402981094923708, "Cab4": 51.212674238494884, "Cw4": 0.02370541116705097, "xscale4": 0.6559562927178977, "yscale4": 0.6559562927178977, "zscale4": 0.6559562927178977, "Cab5": 45.90255623765647, "Cw5": 0.037840910467392026, "xscale5": 0.8228471921454192, "yscale5": 0.8228471921454192, "zscale5": 0.8228471921454192, "Cab6": 47.8851803902357, "Cw6": 0.019258764414908053, "xscale6": 0.5193400073277864, "yscale6": 0.5193400073277864, "zscale6": 0.5193400073277864, "Cab7": 84.40870658938316, "Cw7": 0.024723722611685907, "xscale7": 0.5019151413686912, "yscale7": 0.5019151413686912, "zscale7": 0.5019151413686912, "Cab8": 35.058038609284786, "Cw8": 0.0345231346211545, "xscale8": 0.6700538993795688, "yscale8": 0.6700538993795688, "zscale8": 0.6700538993795688, "Cab9": 40.32575136090672, "Cw9": 0.010902728475410827, "xscale9": 0.7554007423250435, "yscale9": 0.7554007423250435, "zscale9": 0.7554007423250435, "Cab10": 68.04505797506569, "Cw10": 0.04311849588387205, "xscale10": 0.4354676144494981, "yscale10": 0.4354676144494981, "zscale10": 0.4354676144494981, "Cab11": 35.86224214956977, "Cw11": 0.03614779967065201, "xscale11": 0.7525640014046444, "yscale11": 0.7525640014046444, "zscale11": 0.7525640014046444, "Cab12": 88.56080245546441, "Cw12": 0.012661725126469538, "xscale12": 0.48443629300772373, "yscale12": 0.48443629300772373, "zscale12": 0.48443629300772373, "Cab13": 46.61456008259803, "Cw13": 0.02108682245958427, "xscale13": 0.691920500578887, "yscale13": 0.691920500578887, "zscale13": 0.691920500578887, "Cab14": 49.679125060452094, "Cw14": 0.02754619874398126, "xscale14": 0.48974677791798044, "yscale14": 0.48974677791798044, "zscale14": 0.48974677791798044, "Cab15": 69.23364446289393, "Cw15": 0.04771647360148829, "xscale15": 0.5771885903716323, "yscale15": 0.5771885903716323, "zscale15": 0.5771885903716323, "Cab16": 81.81613426183421, "Cw16": 0.03842196509202738, "xscale16": 0.479640538162072, "yscale16": 0.479640538162072, "zscale16": 0.479640538162072, "Cab17": 32.84183695304229, "Cw17": 0.013423687155899748, "xscale17": 0.5917613752054038, "yscale17": 0.5917613752054038, "zscale17": 0.5917613752054038, "Cab18": 77.49607950220818, "Cw18": 0.02003993602205266, "xscale18": 0.769800900321964, "yscale18": 0.769800900321964, "zscale18": 0.769800900321964, "Cab19": 54.61967603511669, "Cw19": 0.031662381108799924, "xscale19": 0.4981845097284268, "yscale19": 0.4981845097284268, "zscale19": 0.4981845097284268, "Cab20": 28.036651373665855, "Cw20": 0.021437633174439343, "xscale20": 0.6080352793746158, "yscale20": 0.6080352793746158, "zscale20": 0.6080352793746158, "Cab21": 46.503547267804464, "Cw21": 0.037096054089267985, "xscale21": 0.46118622437910767, "yscale21": 0.46118622437910767, "zscale21": 0.46118622437910767, "Cab22": 25.709545940542025, "Cw22": 0.021785939410052288, "xscale22": 0.5222160255918988, "yscale22": 0.5222160255918988, "zscale22": 0.5222160255918988, "Cab23": 63.99783307714464, "Cw23": 0.013918378765280074, "xscale23": 0.7399433074813437, "yscale23": 0.7399433074813437, "zscale23": 0.7399433074813437, "Cab24": 87.60911065631004, "Cw24": 0.030014659885953685, "xscale24": 0.44908400558046674, "yscale24": 0.44908400558046674, "zscale24": 0.44908400558046674, "Cab25": 86.11548973571381, "Cw25": 0.03175256987499814, "xscale25": 0.662706636541863, "yscale25": 0.662706636541863, "zscale25": 0.662706636541863, "Cab26": 81.47631109064642, "Cw26": 0.035697477126110426, "xscale26": 0.6281627143343389, "yscale26": 0.6281627143343389, "zscale26": 0.6281627143343389, "Cab27": 56.44434294784885, "Cw27": 0.022090705732004157, "xscale27": 0.5132208207589748, "yscale27": 0.5132208207589748, "zscale27": 0.5132208207589748, "Cab28": 55.93906155276736, "Cw28": 0.049950970289974236, "xscale28": 0.43374338245651073, "yscale28": 0.43374338245651073, "zscale28": 0.43374338245651073, "Cab29": 80.17485992295016, "Cw29": 0.025497097116367065, "xscale29": 0.6234970216150979, "yscale29": 0.6234970216150979, "zscale29": 0.6234970216150979, "Cab30": 45.75746611887692, "Cw30": 0.01663967079271846, "xscale30": 0.36932556934586097, "yscale30": 0.36932556934586097, "zscale30": 0.36932556934586097, "Cab31": 28.26291794502574, "Cw31": 0.017176314800442925, "xscale31": 0.6851136388511581, "yscale31": 0.6851136388511581, "zscale31": 0.6851136388511581, "Cab32": 30.968134208162123, "Cw32": 0.04125527625790441, "xscale32": 0.4605828549998358, "yscale32": 0.4605828549998358, "zscale32": 0.4605828549998358, "Cab33": 30.66407588212178, "Cw33": 0.029099664272679585, "xscale33": 0.4874546913275206, "yscale33": 0.4874546913275206, "zscale33": 0.4874546913275206, "Cab34": 69.72280773606798, "Cw34": 0.012527152181576975, "xscale34": 0.4751079336553547, "yscale34": 0.4751079336553547, "zscale34": 0.4751079336553547, "Cab35": 42.131250919254036, "Cw35": 0.03921959760143677, "xscale35": 0.3520510143021176, "yscale35": 0.3520510143021176, "zscale35": 0.3520510143021176, "Cab36": 26.971152784364627, "Cw36": 0.03465689312959679, "xscale36": 0.6132327184775506, "yscale36": 0.6132327184775506, "zscale36": 0.6132327184775506, "Cab37": 26.480162104859044, "Cw37": 0.04017873561239794, "xscale37": 0.47916915243535674, "yscale37": 0.47916915243535674, "zscale37": 0.47916915243535674, "Cab38": 21.299423619322326, "Cw38": 0.03738854461108526, "xscale38": 0.43205725473626183, "yscale38": 0.43205725473626183, "zscale38": 0.43205725473626183, "Cab39": 53.93498437157878, "Cw39": 0.04566480120066023, "xscale39": 0.492698681615397, "yscale39": 0.492698681615397, "zscale39": 0.492698681615397, "Cab40": 31.509156115731614, "Cw40": 0.04485779849023857, "xscale40": 0.4497897972163287, "yscale40": 0.4497897972163287, "zscale40": 0.4497897972163287, "Cab41": 38.215902608189225, "Cw41": 0.018280760125935915, "xscale41": 0.4505087501476176, "yscale41": 0.4505087501476176, "zscale41": 0.4505087501476176, "Cab42": 69.46836871382037, "Cw42": 0.045556475674896325, "xscale42": 0.5820644751923864, "yscale42": 0.5820644751923864, "zscale42": 0.5820644751923864, "Cab43": 82.78015082370239, "Cw43": 0.011743116265914205, "xscale43": 0.6982855999962373, "yscale43": 0.6982855999962373, "zscale43": 0.6982855999962373, "Cab44": 60.860627568700934, "Cw44": 0.0336201628459389, "xscale44": 0.4467845230229118, "yscale44": 0.4467845230229118, "zscale44": 0.4467845230229118, "Cab45": 59.84037105119535, "Cw45": 0.026516353994035277, "xscale45": 0.2939348682167365, "yscale45": 0.2939348682167365, "zscale45": 0.2939348682167365, "Cab46": 39.65141860546546, "Cw46": 0.022602335182523733, "xscale46": 0.40589302918960124, "yscale46": 0.40589302918960124, "zscale46": 0.40589302918960124, "Cab47": 59.52939136405199, "Cw47": 0.020574662672004695, "xscale47": 0.4745569545171819, "yscale47": 0.4745569545171819, "zscale47": 0.4745569545171819, "Cab48": 37.84061801114578, "Cw48": 0.02364142127795814, "xscale48": 0.6522146284487929, "yscale48": 0.6522146284487929, "zscale48": 0.6522146284487929, "Cab49": 30.975246532617057, "Cw49": 0.017517956891790663, "xscale49": 0.4080048165523317, "yscale49": 0.4080048165523317, "zscale49": 0.4080048165523317, "Cab50": 73.1468675629882, "Cw50": 0.032025290192422715, "xscale50": 0.6845545457861789, "yscale50": 0.6845545457861789, "zscale50": 0.6845545457861789, "Cab51": 40.70070556118094, "Cw51": 0.01916332223972428, "xscale51": 0.7687056548020728, "yscale51": 0.7687056548020728, "zscale51": 0.7687056548020728, "Cab52": 60.38169994362185,