{"Cab0": 48.794413811906196, "Cw0": 0.018810622396976635, "xscale0": 0.8416535507919425, "yscale0": 0.8416535507919425, "zscale0": 0.8416535507919425, "Cab1": 88.09962848855986, "Cw1": 0.045127172983443896, "xscale1": 0.613844203230464, "yscale1": 0.613844203230464, "zscale1": 0.613844203230464, "Cab2": 74.3857749802294, "Cw2": 0.02368741315286472, "xscale2": 0.7659231239475737, "yscale2": 0.7659231239475737, "zscale2": 0.7659231239475737, "Cab3": 37.16575840919597, "Cw3": 0.02400708454711461, "xscale3": 0.4876709258911052, "yscale3": 0.4876709258911052, "zscale3": 0.4876709258911052, "Cab4": 82.69215137834334, "Cw4": 0.03700539369583271, "xscale4": 0.5653581877530004, "yscale4": 0.5653581877530004, "zscale4": 0.5653581877530004, "Cab5": 68.38860474612181, "Cw5": 0.03209987068141837, "xscale5": 0.7370833377940009, "yscale5": 0.7370833377940009, "zscale5": 0.7370833377940009, "Cab6": 64.11578864823153, "Cw6": 0.01947243553603533, "xscale6": 0.5242563896687216, "yscale6": 0.5242563896687216, "zscale6": 0.5242563896687216, "Cab7": 22.562888812883745, "Cw7": 0.023089158734477474, "xscale7": 0.5519783802324951, "yscale7": 0.5519783802324951, "zscale7": 0.5519783802324951, "Cab8": 40.942670419327044, "Cw8": 0.03694817810545837, "xscale8": 0.5979686247568351, "yscale8": 0.5979686247568351, "zscale8": 0.5979686247568351, "Cab9": 42.273326063614405, "Cw9": 0.02099430257126413, "xscale9": 0.5996264970728439, "yscale9": 0.5996264970728439, "zscale9": 0.5996264970728439, "Cab10": 68.85079886744919, "Cw10": 0.015024977758492746, "xscale10": 0.4145738065884266, "yscale10": 0.4145738065884266, "zscale10": 0.4145738065884266, "Cab11": 89.17428398404432, "Cw11": 0.02874902979296947, "xscale11": 0.5691246547569802, "yscale11": 0.5691246547569802, "zscale11": 0.5691246547569802, "Cab12": 74.21259461939832, "Cw12": 0.027374166074132775, "xscale12": 0.5880696339392663, "yscale12": 0.5880696339392663, "zscale12": 0.5880696339392663, "Cab13": 66.44969057704364, "Cw13": 0.03412219607245153, "xscale13": 0.7450945322042082, "yscale13": 0.7450945322042082, "zscale13": 0.7450945322042082, "Cab14": 39.01275414435905, "Cw14": 0.029340551357133038, "xscale14": 0.5456280698315856, "yscale14": 0.5456280698315856, "zscale14": 0.5456280698315856, "Cab15": 51.3867000653033, "Cw15": 0.03960393392348237, "xscale15": 0.6862626958252239, "yscale15": 0.6862626958252239, "zscale15": 0.6862626958252239, "Cab16": 40.14596890711012, "Cw16": 0.04280029521478533, "xscale16": 0.7040066764137599, "yscale16": 0.7040066764137599, "zscale16": 0.7040066764137599, "Cab17": 83.14809346457444, "Cw17": 0.03617186478591045, "xscale17": 0.5885699158480246, "yscale17": 0.5885699158480246, "zscale17": 0.5885699158480246, "Cab18": 22.268149914855254, "Cw18": 0.028223705280003585, "xscale18": 0.7628547489560678, "yscale18": 0.7628547489560678, "zscale18": 0.7628547489560678, "Cab19": 59.99406626651759, "Cw19": 0.042186714519455736, "xscale19": 0.4511299187566412, "yscale19": 0.4511299187566412, "zscale19": 0.4511299187566412, "Cab20": 39.369956644775584, "Cw20": 0.01808259188500194, "xscale20": 0.7028467631666449, "yscale20": 0.7028467631666449, "zscale20": 0.7028467631666449, "Cab21": 49.324388726052405, "Cw21": 0.04914109827452254, "xscale21": 0.5476204479956038, "yscale21": 0.5476204479956038, "zscale21": 0.5476204479956038, "Cab22": 61.94313115057191, "Cw22": 0.041738040015753285, "xscale22": 0.44334647288339507, "yscale22": 0.44334647288339507, "zscale22": 0.44334647288339507, "Cab23": 73.0061480738658, "Cw23": 0.02830677749509282, "xscale23": 0.7400011924930563, "yscale23": 0.7400011924930563, "zscale23": 0.7400011924930563, "Cab24": 43.30217867033012, "Cw24": 0.019829941036734272, "xscale24": 0.49017872480971214, "yscale24": 0.49017872480971214, "zscale24": 0.49017872480971214, "Cab25": 24.289095743542592, "Cw25": 0.028051428305284044, "xscale25": 0.596559065020383, "yscale25": 0.596559065020383, "zscale25": 0.596559065020383, "Cab26": 23.0322723663732, "Cw26": 0.037893208169316246, "xscale26": 0.6819683726266453, "yscale26": 0.6819683726266453, "zscale26": 0.6819683726266453, "Cab27": 50.8573649903903, "Cw27": 0.0453457304146507, "xscale27": 0.4466925854684018, "yscale27": 0.4466925854684018, "zscale27": 0.4466925854684018, "Cab28": 56.730343858834104, "Cw28": 0.022681323853499497, "xscale28": 0.34661824644585637, "yscale28": 0.34661824644585637, "zscale28": 0.34661824644585637, "Cab29": 65.27063155524769, "Cw29": 0.017783195136992218, "xscale29": 0.5765514291009708, "yscale29": 0.5765514291009708, "zscale29": 0.5765514291009708, "Cab30": 28.064263572360147, "Cw30": 0.01440680485809736, "xscale30": 0.45475020732198496, "yscale30": 0.45475020732198496, "zscale30": 0.45475020732198496, "Cab31": 48.29447939156667, "Cw31": 0.028401172619483113, "xscale31": 0.6254328521636979, "yscale31": 0.6254328521636979, "zscale31": 0.6254328521636979, "Cab32": 76.75904555614082, "Cw32": 0.019979761514344586, "xscale32": 0.436273066436681, "yscale32": 0.436273066436681, "zscale32": 0.436273066436681, "Cab33": 79.44168596601159, "Cw33": 0.0265110556314649, "xscale33": 0.5519438084297463, "yscale33": 0.5519438084297463, "zscale33": 0.5519438084297463, "Cab34": 38.803405614348605, "Cw34": 0.026973316655050393, "xscale34": 0.47623121231136034, "yscale34": 0.47623121231136034, "zscale34": 0.47623121231136034, "Cab35": 51.637825561669175, "Cw35": 0.035117286451709834, "xscale35": 0.49627942025192023, "yscale35": 0.49627942025192023, "zscale35": 0.49627942025192023, "Cab36": 38.372283253983554, "Cw36": 0.011667306618037578, "xscale36": 0.6401161257037745, "yscale36": 0.6401161257037745, "zscale36": 0.6401161257037745, "Cab37": 29.941761952506962, "Cw37": 0.022963401461911205, "xscale37": 0.49395711280125326, "yscale37": 0.49395711280125326, "zscale37": 0.49395711280125326, "Cab38": 36.66151335684965, "Cw38": 0.04775841685915288, "xscale38": 0.47442166244090006, "yscale38": 0.47442166244090006, "zscale38": 0.47442166244090006, "Cab39": 53.58821564898572, "Cw39": 0.018519076337980216, "xscale39": 0.5492492293816065, "yscale39": 0.5492492293816065, "zscale39": 0.5492492293816065, "Cab40": 41.12115960799089, "Cw40": 0.02016664753007167, "xscale40": 0.4600510953248319, "yscale40": 0.4600510953248319, "zscale40": 0.4600510953248319, "Cab41": 61.091062054173705, "Cw41": 0.02500980275344944, "xscale41": 0.6590231284781585, "yscale41": 0.6590231284781585, "zscale41": 0.6590231284781585, "Cab42": 88.2101020545192, "Cw42": 0.03465216168700105, "xscale42": 0.5133801604563992, "yscale42": 0.5133801604563992, "zscale42": 0.5133801604563992, "Cab43": 84.38757279722567, "Cw43": 0.03544889807969077, "xscale43": 0.709816967891536, "yscale43": 0.709816967891536, "zscale43": 0.709816967891536, "Cab44": 57.546164923075644, "Cw44": 0.038650155530986864, "xscale44": 0.3613767773789033, "yscale44": 0.3613767773789033, "zscale44": 0.3613767773789033, "Cab45": 89.50802400072033, "Cw45": 0.01603889254265569, "xscale45": 0.34010516371828564, "yscale45": 0.34010516371828564, "zscale45": 0.34010516371828564, "Cab46": 77.66424710044242, "Cw46": 0.03375674372915522, "xscale46": 0.5329901152239142, "yscale46": 0.5329901152239142, "zscale46": 0.5329901152239142, "Cab47": 29.32895770050589, "Cw47": 0.027047136719406215, "xscale47": 0.4811072315543812, "yscale47": 0.4811072315543812, "zscale47": 0.4811072315543812, "Cab48": 83.55275393565148, "Cw48": 0.013703528216032143, "xscale48": 0.6672436070058022, "yscale48": 0.6672436070058022, "zscale48": 0.6672436070058022, "Cab49": 72.83829806654725, "Cw49": 0.030485099832618948, "xscale49": 0.4835101857977999, "yscale49": 0.4835101857977999, "zscale49": 0.4835101857977999, "Cab50": 21.283261215374548, "Cw50": 0.02164454962964834, "xscale50": 0.5709869408426974, "yscale50": 0.5709869408426974, "zscale50": 0.5709869408426974, "Cab51": 77.36349839252958, "Cw51": 0.0324454569939313, "xscale51": 0.7522127858433035, "yscale51": 0.7522127858433035, "zscale51": 0.7522127858433035, "Cab52": 46.35095377861795,