{"Cab0": 30.315375027864967, "Cw0": 0.0489732642210293, "xscale0": 0.8139606279899404, "yscale0": 0.8139606279899404, "zscale0": 0.8139606279899404, "Cab1": 57.21757039650298, "Cw1": 0.037513666500869895, "xscale1": 0.6963914362915754, "yscale1": 0.6963914362915754, "zscale1": 0.6963914362915754, "Cab2": 69.80952672413764, "Cw2": 0.018480874025381573, "xscale2": 0.6173493833694679, "yscale2": 0.6173493833694679, "zscale2": 0.6173493833694679, "Cab3": 61.79608954009901, "Cw3": 0.010284876777523691, "xscale3": 0.5653096016935163, "yscale3": 0.5653096016935163, "zscale3": 0.5653096016935163, "Cab4": 55.31839369843804, "Cw4": 0.048185263953024346, "xscale4": 0.7178190119047737, "yscale4": 0.7178190119047737, "zscale4": 0.7178190119047737, "Cab5": 57.0115033214402, "Cw5": 0.042014071023047474, "xscale5": 0.7586556898354823, "yscale5": 0.7586556898354823, "zscale5": 0.7586556898354823, "Cab6": 51.690184674500856, "Cw6": 0.014709534281145215, "xscale6": 0.46455239675927873, "yscale6": 0.46455239675927873, "zscale6": 0.46455239675927873, "Cab7": 70.96848409808642, "Cw7": 0.018318059697702734, "xscale7": 0.5433182555353905, "yscale7": 0.5433182555353905, "zscale7": 0.5433182555353905, "Cab8": 51.0806511912318, "Cw8": 0.02986634770079013, "xscale8": 0.5758202415140504, "yscale8": 0.5758202415140504, "zscale8": 0.5758202415140504, "Cab9": 67.43240966164484, "Cw9": 0.01848800253507838, "xscale9": 0.7247296688313092, "yscale9": 0.7247296688313092, "zscale9": 0.7247296688313092, "Cab10": 85.97186309968255, "Cw10": 0.032574916265118097, "xscale10": 0.4806871449738029, "yscale10": 0.4806871449738029, "zscale10": 0.4806871449738029, "Cab11": 28.206541027313257, "Cw11": 0.04127972666984911, "xscale11": 0.7269006700843779, "yscale11": 0.7269006700843779, "zscale11": 0.7269006700843779, "Cab12": 62.01692321246618, "Cw12": 0.04396514370015222, "xscale12": 0.47421932065848993, "yscale12": 0.47421932065848993, "zscale12": 0.47421932065848993, "Cab13": 56.81721804476158, "Cw13": 0.01606599999154488, "xscale13": 0.6287312965887026, "yscale13": 0.6287312965887026, "zscale13": 0.6287312965887026, "Cab14": 34.001147500484365, "Cw14": 0.03572886318741523, "xscale14": 0.6264690031191756, "yscale14": 0.6264690031191756, "zscale14": 0.6264690031191756, "Cab15": 76.13842428329622, "Cw15": 0.018040427406302725, "xscale15": 0.5085932170566527, "yscale15": 0.5085932170566527, "zscale15": 0.5085932170566527, "Cab16": 55.68973819435614, "Cw16": 0.046960636190906055, "xscale16": 0.6104942513731216, "yscale16": 0.6104942513731216, "zscale16": 0.6104942513731216, "Cab17": 41.85557008944353, "Cw17": 0.03287203696194928, "xscale17": 0.6290513442760455, "yscale17": 0.6290513442760455, "zscale17": 0.6290513442760455, "Cab18": 86.29265464305134, "Cw18": 0.03765002439279198, "xscale18": 0.683115766146009, "yscale18": 0.683115766146009, "zscale18": 0.683115766146009, "Cab19": 45.121072954764216, "Cw19": 0.03617319168197381, "xscale19": 0.44716208549498393, "yscale19": 0.44716208549498393, "zscale19": 0.44716208549498393, "Cab20": 59.832547368578076, "Cw20": 0.021133327197057784, "xscale20": 0.6488668298428518, "yscale20": 0.6488668298428518, "zscale20": 0.6488668298428518, "Cab21": 28.1760639950159, "Cw21": 0.047123862264475125, "xscale21": 0.6086930643675443, "yscale21": 0.6086930643675443, "zscale21": 0.6086930643675443, "Cab22": 50.14672382757505, "Cw22": 0.025247811504049943, "xscale22": 0.550999109292466, "yscale22": 0.550999109292466, "zscale22": 0.550999109292466, "Cab23": 77.84279991617154, "Cw23": 0.04170820011857915, "xscale23": 0.5969119479552496, "yscale23": 0.5969119479552496, "zscale23": 0.5969119479552496, "Cab24": 25.702468659743587, "Cw24": 0.024015699317408774, "xscale24": 0.5453424941499208, "yscale24": 0.5453424941499208, "zscale24": 0.5453424941499208, "Cab25": 48.51131948261347, "Cw25": 0.020033985306132977, "xscale25": 0.7308243106486071, "yscale25": 0.7308243106486071, "zscale25": 0.7308243106486071, "Cab26": 61.36386032194217, "Cw26": 0.02119061714945149, "xscale26": 0.5667571920337161, "yscale26": 0.5667571920337161, "zscale26": 0.5667571920337161, "Cab27": 31.537213073609767, "Cw27": 0.018731789101816512, "xscale27": 0.3778471440848158, "yscale27": 0.3778471440848158, "zscale27": 0.3778471440848158, "Cab28": 81.37779050902265, "Cw28": 0.02987256883418586, "xscale28": 0.4099073663394224, "yscale28": 0.4099073663394224, "zscale28": 0.4099073663394224, "Cab29": 83.61474213799028, "Cw29": 0.0409661918764656, "xscale29": 0.7147630201694661, "yscale29": 0.7147630201694661, "zscale29": 0.7147630201694661, "Cab30": 64.28007567883252, "Cw30": 0.0231483963514374, "xscale30": 0.37923145700033883, "yscale30": 0.37923145700033883, "zscale30": 0.37923145700033883, "Cab31": 62.64456264382914, "Cw31": 0.028820552871192916, "xscale31": 0.604229930640514, "yscale31": 0.604229930640514, "zscale31": 0.604229930640514, "Cab32": 43.617212780957715, "Cw32": 0.02851026416968601, "xscale32": 0.4025745545264005, "yscale32": 0.4025745545264005, "zscale32": 0.4025745545264005, "Cab33": 57.52097727863146, "Cw33": 0.042797128139035356, "xscale33": 0.3994544100978116, "yscale33": 0.3994544100978116, "zscale33": 0.3994544100978116, "Cab34": 89.83191391555721, "Cw34": 0.03773834369454371, "xscale34": 0.5110688073330392, "yscale34": 0.5110688073330392, "zscale34": 0.5110688073330392, "Cab35": 31.96052089352642, "Cw35": 0.04773136197760433, "xscale35": 0.3728448479768648, "yscale35": 0.3728448479768648, "zscale35": 0.3728448479768648, "Cab36": 84.42279359621979, "Cw36": 0.03789110854858847, "xscale36": 0.6044691841193012, "yscale36": 0.6044691841193012, "zscale36": 0.6044691841193012, "Cab37": 36.98496352642626, "Cw37": 0.04599381768973581, "xscale37": 0.4740317881456707, "yscale37": 0.4740317881456707, "zscale37": 0.4740317881456707, "Cab38": 75.8865467125137, "Cw38": 0.025990368416272377, "xscale38": 0.4327366280560874, "yscale38": 0.4327366280560874, "zscale38": 0.4327366280560874, "Cab39": 85.18189779191363, "Cw39": 0.024107688995472235, "xscale39": 0.6987605407869245, "yscale39": 0.6987605407869245, "zscale39": 0.6987605407869245, "Cab40": 44.18766790607184, "Cw40": 0.044750716971348005, "xscale40": 0.4623561293388745, "yscale40": 0.4623561293388745, "zscale40": 0.4623561293388745, "Cab41": 58.18472019263906, "Cw41": 0.012582498344203876, "xscale41": 0.591838477094619, "yscale41": 0.591838477094619, "zscale41": 0.591838477094619, "Cab42": 64.74794735890111, "Cw42": 0.0193683315136892, "xscale42": 0.5700780926873696, "yscale42": 0.5700780926873696, "zscale42": 0.5700780926873696, "Cab43": 37.33904054230247, "Cw43": 0.02558048662859748, "xscale43": 0.5232834379970398, "yscale43": 0.5232834379970398, "zscale43": 0.5232834379970398, "Cab44": 87.48670877251247, "Cw44": 0.04080784763968171, "xscale44": 0.44668386546252004, "yscale44": 0.44668386546252004, "zscale44": 0.44668386546252004, "Cab45": 22.347322715141207, "Cw45": 0.03499563167684359, "xscale45": 0.32730060684915724, "yscale45": 0.32730060684915724, "zscale45": 0.32730060684915724, "Cab46": 21.174168270498928, "Cw46": 0.027997532138855863, "xscale46": 0.5358887782681963, "yscale46": 0.5358887782681963, "zscale46": 0.5358887782681963, "Cab47": 86.71350776173395, "Cw47": 0.03950383217340452, "xscale47": 0.5449038462531308, "yscale47": 0.5449038462531308, "zscale47": 0.5449038462531308, "Cab48": 67.25194170067228, "Cw48": 0.03507941536116982, "xscale48": 0.6136019220650026, "yscale48": 0.6136019220650026, "zscale48": 0.6136019220650026, "Cab49": 75.8743001447547, "Cw49": 0.04292600222610864, "xscale49": 0.4627913809552235, "yscale49": 0.4627913809552235, "zscale49": 0.4627913809552235, "Cab50": 71.51103399107501, "Cw50": 0.021422884163070532, "xscale50": 0.6118307964974857, "yscale50": 0.6118307964974857, "zscale50": 0.6118307964974857, "Cab51": 21.53878001522419, "Cw51": 0.04456507470424739, "xscale51": 0.8061188278112665, "yscale51": 0.8061188278112665, "zscale51": 0.8061188278112665, "Cab52": 48.61436176849349, "Cw52": 0.03351925222148543,