{"Cab0": 21.880206355038663, "Cw0": 0.015158809700190692, "xscale0": 0.7121439972521062, "yscale0": 0.7121439972521062, "zscale0": 0.7121439972521062, "Cab1": 54.42064751361277, "Cw1": 0.028953788844568472, "xscale1": 0.6296412304324069, "yscale1": 0.6296412304324069, "zscale1": 0.6296412304324069, "Cab2": 33.71131440033261, "Cw2": 0.04448079871586836, "xscale2": 0.5533930647109295, "yscale2": 0.5533930647109295, "zscale2": 0.5533930647109295, "Cab3": 52.89205248360274, "Cw3": 0.01011803005094373, "xscale3": 0.4819030670941164, "yscale3": 0.4819030670941164, "zscale3": 0.4819030670941164, "Cab4": 51.64667413997399, "Cw4": 0.011246813070847189, "xscale4": 0.6030214166370659, "yscale4": 0.6030214166370659, "zscale4": 0.6030214166370659, "Cab5": 23.132790692428692, "Cw5": 0.038220188232919075, "xscale5": 0.6637452729702327, "yscale5": 0.6637452729702327, "zscale5": 0.6637452729702327, "Cab6": 21.798270226715815, "Cw6": 0.0402904622867227, "xscale6": 0.569907576439665, "yscale6": 0.569907576439665, "zscale6": 0.569907576439665, "Cab7": 20.454510139532534, "Cw7": 0.04000007609181728, "xscale7": 0.4757824950917248, "yscale7": 0.4757824950917248, "zscale7": 0.4757824950917248, "Cab8": 55.80256749326005, "Cw8": 0.011197563651202627, "xscale8": 0.47204093762738186, "yscale8": 0.47204093762738186, "zscale8": 0.47204093762738186, "Cab9": 28.700336086882555, "Cw9": 0.016651874753362793, "xscale9": 0.6947654407079676, "yscale9": 0.6947654407079676, "zscale9": 0.6947654407079676, "Cab10": 82.63152585507169, "Cw10": 0.010503124047334276, "xscale10": 0.49344284872228283, "yscale10": 0.49344284872228283, "zscale10": 0.49344284872228283, "Cab11": 66.38654149496247, "Cw11": 0.016270959647528904, "xscale11": 0.530796492566891, "yscale11": 0.530796492566891, "zscale11": 0.530796492566891, "Cab12": 34.63155662804074, "Cw12": 0.013421316263853261, "xscale12": 0.5686259643617813, "yscale12": 0.5686259643617813, "zscale12": 0.5686259643617813, "Cab13": 67.37009868443542, "Cw13": 0.04507104875102899, "xscale13": 0.7160619527153658, "yscale13": 0.7160619527153658, "zscale13": 0.7160619527153658, "Cab14": 72.41602271581398, "Cw14": 0.020055130015266976, "xscale14": 0.44366904959193154, "yscale14": 0.44366904959193154, "zscale14": 0.44366904959193154, "Cab15": 75.31468901045635, "Cw15": 0.011050947340779146, "xscale15": 0.4808633314499709, "yscale15": 0.4808633314499709, "zscale15": 0.4808633314499709, "Cab16": 63.88035892622852, "Cw16": 0.048811811916265546, "xscale16": 0.48415217609114064, "yscale16": 0.48415217609114064, "zscale16": 0.48415217609114064, "Cab17": 49.34593001587906, "Cw17": 0.025745497209262766, "xscale17": 0.5097548088691651, "yscale17": 0.5097548088691651, "zscale17": 0.5097548088691651, "Cab18": 80.62509475052084, "Cw18": 0.030754422918962736, "xscale18": 0.5211850957047628, "yscale18": 0.5211850957047628, "zscale18": 0.5211850957047628, "Cab19": 49.55060717629915, "Cw19": 0.044034667635924396, "xscale19": 0.5232447413569135, "yscale19": 0.5232447413569135, "zscale19": 0.5232447413569135, "Cab20": 36.05162479839293, "Cw20": 0.03156821027898096, "xscale20": 0.5625429674061679, "yscale20": 0.5625429674061679, "zscale20": 0.5625429674061679, "Cab21": 70.93973612903247, "Cw21": 0.022266656979319843, "xscale21": 0.5388766296423023, "yscale21": 0.5388766296423023, "zscale21": 0.5388766296423023, "Cab22": 80.85592429748051, "Cw22": 0.014766129778323079, "xscale22": 0.5650880025912117, "yscale22": 0.5650880025912117, "zscale22": 0.5650880025912117, "Cab23": 52.34087838996261, "Cw23": 0.01932980150559522, "xscale23": 0.5807304877239046, "yscale23": 0.5807304877239046, "zscale23": 0.5807304877239046, "Cab24": 52.63929703252476, "Cw24": 0.02232259312430335, "xscale24": 0.5872349841405374, "yscale24": 0.5872349841405374, "zscale24": 0.5872349841405374, "Cab25": 78.72772082308057, "Cw25": 0.03715772341323089, "xscale25": 0.5123337567512191, "yscale25": 0.5123337567512191, "zscale25": 0.5123337567512191, "Cab26": 62.52010429537112, "Cw26": 0.01871168210902381, "xscale26": 0.5608334565177185, "yscale26": 0.5608334565177185, "zscale26": 0.5608334565177185, "Cab27": 77.45707187343586, "Cw27": 0.043734015384377434, "xscale27": 0.40424647357392485, "yscale27": 0.40424647357392485, "zscale27": 0.40424647357392485, "Cab28": 22.680373816967265, "Cw28": 0.04896075439368176, "xscale28": 0.37792718730720537, "yscale28": 0.37792718730720537, "zscale28": 0.37792718730720537, "Cab29": 35.35107240720126, "Cw29": 0.017974861763798956, "xscale29": 0.5474607834301852, "yscale29": 0.5474607834301852, "zscale29": 0.5474607834301852, "Cab30": 64.26578189601712, "Cw30": 0.04369010588450995, "xscale30": 0.36080129077298184, "yscale30": 0.36080129077298184, "zscale30": 0.36080129077298184, "Cab31": 25.554899306859227, "Cw31": 0.030908834120123505, "xscale31": 0.7067595441269566, "yscale31": 0.7067595441269566, "zscale31": 0.7067595441269566, "Cab32": 56.48149467839936, "Cw32": 0.03347456437113964, "xscale32": 0.3943042468675691, "yscale32": 0.3943042468675691, "zscale32": 0.3943042468675691, "Cab33": 54.52242620821681, "Cw33": 0.02804286652852822, "xscale33": 0.575777782661049, "yscale33": 0.575777782661049, "zscale33": 0.575777782661049, "Cab34": 61.532153411922124, "Cw34": 0.03381549519595043, "xscale34": 0.5419889569898324, "yscale34": 0.5419889569898324, "zscale34": 0.5419889569898324, "Cab35": 28.726536047962597, "Cw35": 0.02908873218241275, "xscale35": 0.45714937978777415, "yscale35": 0.45714937978777415, "zscale35": 0.45714937978777415, "Cab36": 58.603517544642806, "Cw36": 0.03849471712156993, "xscale36": 0.7685325000246921, "yscale36": 0.7685325000246921, "zscale36": 0.7685325000246921, "Cab37": 53.36426201380156, "Cw37": 0.031094767659796387, "xscale37": 0.41161056721599176, "yscale37": 0.41161056721599176, "zscale37": 0.41161056721599176, "Cab38": 67.1138177470425, "Cw38": 0.02568928486420767, "xscale38": 0.4197431817898271, "yscale38": 0.4197431817898271, "zscale38": 0.4197431817898271, "Cab39": 43.15140561042976, "Cw39": 0.012249186541057711, "xscale39": 0.6266861687064289, "yscale39": 0.6266861687064289, "zscale39": 0.6266861687064289, "Cab40": 20.885259313801672, "Cw40": 0.04250094489527761, "xscale40": 0.6316656590290725, "yscale40": 0.6316656590290725, "zscale40": 0.6316656590290725, "Cab41": 51.70106174653389, "Cw41": 0.019453874509336097, "xscale41": 0.6594430286134358, "yscale41": 0.6594430286134358, "zscale41": 0.6594430286134358, "Cab42": 44.047798520655036, "Cw42": 0.015323962449918259, "xscale42": 0.53272443265635, "yscale42": 0.53272443265635, "zscale42": 0.53272443265635, "Cab43": 88.21934881036566, "Cw43": 0.022487705608156442, "xscale43": 0.5954279084342164, "yscale43": 0.5954279084342164, "zscale43": 0.5954279084342164, "Cab44": 53.99620883067302, "Cw44": 0.04034273417121767, "xscale44": 0.4267791413468065, "yscale44": 0.4267791413468065, "zscale44": 0.4267791413468065, "Cab45": 22.211443397078742, "Cw45": 0.02041129737237464, "xscale45": 0.3855041580926936, "yscale45": 0.3855041580926936, "zscale45": 0.3855041580926936, "Cab46": 63.91974866634699, "Cw46": 0.02671141494117881, "xscale46": 0.47677971004916997, "yscale46": 0.47677971004916997, "zscale46": 0.47677971004916997, "Cab47": 47.3573114270243, "Cw47": 0.025642100011241065, "xscale47": 0.5482346669724629, "yscale47": 0.5482346669724629, "zscale47": 0.5482346669724629, "Cab48": 81.80571792882137, "Cw48": 0.02074181843110904, "xscale48": 0.5899762390823767, "yscale48": 0.5899762390823767, "zscale48": 0.5899762390823767, "Cab49": 48.91071783354538, "Cw49": 0.031302838995472836, "xscale49": 0.604254992445797, "yscale49": 0.604254992445797, "zscale49": 0.604254992445797, "Cab50": 37.51533164555594, "Cw50": 0.04665078170949026, "xscale50": 0.6934407188853831, "yscale50": 0.6934407188853831, "zscale50": 0.6934407188853831, "Cab51": 40.463919977456186, "Cw51": 0.039305700001474105, "xscale51": 0.5817265414418302, "yscale51": 0.5817265414418302, "zscale51": 0.5817265414418302, "Cab52": 22.406822620312642,