{"Cab0": 53.15751165333153, "Cw0": 0.039766155717342745, "xscale0": 0.8570238661680911, "yscale0": 0.8570238661680911, "zscale0": 0.8570238661680911, "Cab1": 39.40671702258615, "Cw1": 0.029557040910115732, "xscale1": 0.6822852053839362, "yscale1": 0.6822852053839362, "zscale1": 0.6822852053839362, "Cab2": 71.12544387465132, "Cw2": 0.048738133441930266, "xscale2": 0.6475190515469528, "yscale2": 0.6475190515469528, "zscale2": 0.6475190515469528, "Cab3": 83.90140087655612, "Cw3": 0.02651373358274902, "xscale3": 0.548752482922509, "yscale3": 0.548752482922509, "zscale3": 0.548752482922509, "Cab4": 84.85608924728524, "Cw4": 0.026692883223737453, "xscale4": 0.5395409889207152, "yscale4": 0.5395409889207152, "zscale4": 0.5395409889207152, "Cab5": 24.985964283488734, "Cw5": 0.0378990605880344, "xscale5": 0.8794347845037237, "yscale5": 0.8794347845037237, "zscale5": 0.8794347845037237, "Cab6": 35.27898916197469, "Cw6": 0.0317775006179211, "xscale6": 0.465247364828578, "yscale6": 0.465247364828578, "zscale6": 0.465247364828578, "Cab7": 30.02062382732621, "Cw7": 0.043134075463705825, "xscale7": 0.5402906491335169, "yscale7": 0.5402906491335169, "zscale7": 0.5402906491335169, "Cab8": 54.51488610495042, "Cw8": 0.01883558310382254, "xscale8": 0.4624580268843108, "yscale8": 0.4624580268843108, "zscale8": 0.4624580268843108, "Cab9": 33.64034726139138, "Cw9": 0.013655776300520608, "xscale9": 0.6840875366755151, "yscale9": 0.6840875366755151, "zscale9": 0.6840875366755151, "Cab10": 71.67420107365993, "Cw10": 0.03407907881034982, "xscale10": 0.5151773398010282, "yscale10": 0.5151773398010282, "zscale10": 0.5151773398010282, "Cab11": 27.98277024833731, "Cw11": 0.017679006203615875, "xscale11": 0.5867440432052712, "yscale11": 0.5867440432052712, "zscale11": 0.5867440432052712, "Cab12": 24.529882803208693, "Cw12": 0.04925218153450104, "xscale12": 0.4992394766455661, "yscale12": 0.4992394766455661, "zscale12": 0.4992394766455661, "Cab13": 42.092548200973255, "Cw13": 0.04195862780600933, "xscale13": 0.5610276333742419, "yscale13": 0.5610276333742419, "zscale13": 0.5610276333742419, "Cab14": 85.57407031377836, "Cw14": 0.03993764718482105, "xscale14": 0.46420827648658786, "yscale14": 0.46420827648658786, "zscale14": 0.46420827648658786, "Cab15": 25.681181462827674, "Cw15": 0.018438119576216876, "xscale15": 0.5380953921730292, "yscale15": 0.5380953921730292, "zscale15": 0.5380953921730292, "Cab16": 51.911604132166445, "Cw16": 0.02283356852076713, "xscale16": 0.5136086399505436, "yscale16": 0.5136086399505436, "zscale16": 0.5136086399505436, "Cab17": 76.54099408749963, "Cw17": 0.03024912755961018, "xscale17": 0.6279258793822955, "yscale17": 0.6279258793822955, "zscale17": 0.6279258793822955, "Cab18": 36.04800505928634, "Cw18": 0.04605843258263745, "xscale18": 0.5978922421453781, "yscale18": 0.5978922421453781, "zscale18": 0.5978922421453781, "Cab19": 80.58469867161489, "Cw19": 0.04890586145689454, "xscale19": 0.5598656253919994, "yscale19": 0.5598656253919994, "zscale19": 0.5598656253919994, "Cab20": 41.943671191850974, "Cw20": 0.015159575484717198, "xscale20": 0.5298611389177647, "yscale20": 0.5298611389177647, "zscale20": 0.5298611389177647, "Cab21": 45.644471266738435, "Cw21": 0.03304051373396477, "xscale21": 0.6391409527848395, "yscale21": 0.6391409527848395, "zscale21": 0.6391409527848395, "Cab22": 69.68942642109249, "Cw22": 0.0337686189878701, "xscale22": 0.603740237136197, "yscale22": 0.603740237136197, "zscale22": 0.603740237136197, "Cab23": 38.76350049374375, "Cw23": 0.03371931098122334, "xscale23": 0.5305512806913036, "yscale23": 0.5305512806913036, "zscale23": 0.5305512806913036, "Cab24": 78.84475599407881, "Cw24": 0.013710641165485288, "xscale24": 0.6276741261456475, "yscale24": 0.6276741261456475, "zscale24": 0.6276741261456475, "Cab25": 36.790619997818446, "Cw25": 0.01814771064887374, "xscale25": 0.5096321678280864, "yscale25": 0.5096321678280864, "zscale25": 0.5096321678280864, "Cab26": 78.7203987228921, "Cw26": 0.030926550202582163, "xscale26": 0.7009611683223906, "yscale26": 0.7009611683223906, "zscale26": 0.7009611683223906, "Cab27": 49.378447188926266, "Cw27": 0.025151689609163093, "xscale27": 0.39182107918513476, "yscale27": 0.39182107918513476, "zscale27": 0.39182107918513476, "Cab28": 44.24138491944056, "Cw28": 0.03528869157258147, "xscale28": 0.473142571568792, "yscale28": 0.473142571568792, "zscale28": 0.473142571568792, "Cab29": 62.37099999518734, "Cw29": 0.03361635924463628, "xscale29": 0.6473721562261552, "yscale29": 0.6473721562261552, "zscale29": 0.6473721562261552, "Cab30": 46.5861860544471, "Cw30": 0.049251753598363056, "xscale30": 0.33634989471986054, "yscale30": 0.33634989471986054, "zscale30": 0.33634989471986054, "Cab31": 32.8878960557544, "Cw31": 0.012502709359872828, "xscale31": 0.5976966080889033, "yscale31": 0.5976966080889033, "zscale31": 0.5976966080889033, "Cab32": 59.533932740589776, "Cw32": 0.02755483322726133, "xscale32": 0.5479531184840953, "yscale32": 0.5479531184840953, "zscale32": 0.5479531184840953, "Cab33": 42.935521875584456, "Cw33": 0.04158480238125248, "xscale33": 0.5045513144960821, "yscale33": 0.5045513144960821, "zscale33": 0.5045513144960821, "Cab34": 29.363410059882746, "Cw34": 0.022942203822106984, "xscale34": 0.5755812478922538, "yscale34": 0.5755812478922538, "zscale34": 0.5755812478922538, "Cab35": 72.8498709948966, "Cw35": 0.023639522472822666, "xscale35": 0.35712547927360333, "yscale35": 0.35712547927360333, "zscale35": 0.35712547927360333, "Cab36": 74.86847189819994, "Cw36": 0.03558688072560292, "xscale36": 0.7485539143501454, "yscale36": 0.7485539143501454, "zscale36": 0.7485539143501454, "Cab37": 29.048270774545685, "Cw37": 0.017096389871711845, "xscale37": 0.44157888108054244, "yscale37": 0.44157888108054244, "zscale37": 0.44157888108054244, "Cab38": 73.55458665051862, "Cw38": 0.03693616353845235, "xscale38": 0.5437901145597797, "yscale38": 0.5437901145597797, "zscale38": 0.5437901145597797, "Cab39": 83.53357523742977, "Cw39": 0.04314206992490899, "xscale39": 0.5841362833504632, "yscale39": 0.5841362833504632, "zscale39": 0.5841362833504632, "Cab40": 22.45743454855576, "Cw40": 0.03190071289819314, "xscale40": 0.5387881089303721, "yscale40": 0.5387881089303721, "zscale40": 0.5387881089303721, "Cab41": 41.776947667463915, "Cw41": 0.030731994371449994, "xscale41": 0.4652600446743306, "yscale41": 0.4652600446743306, "zscale41": 0.4652600446743306, "Cab42": 32.44065684161169, "Cw42": 0.029271069520234817, "xscale42": 0.4500977326335612, "yscale42": 0.4500977326335612, "zscale42": 0.4500977326335612, "Cab43": 71.2747734208005, "Cw43": 0.012364906454338093, "xscale43": 0.594067760994615, "yscale43": 0.594067760994615, "zscale43": 0.594067760994615, "Cab44": 89.85470976427678, "Cw44": 0.03873390150176411, "xscale44": 0.3646610156126656, "yscale44": 0.3646610156126656, "zscale44": 0.3646610156126656, "Cab45": 44.16718784383853, "Cw45": 0.0484073518489108, "xscale45": 0.2859866659523784, "yscale45": 0.2859866659523784, "zscale45": 0.2859866659523784, "Cab46": 39.98623391985935, "Cw46": 0.030483524776393087, "xscale46": 0.4730780616836763, "yscale46": 0.4730780616836763, "zscale46": 0.4730780616836763, "Cab47": 76.43751029984895, "Cw47": 0.04783539420372936, "xscale47": 0.5831424657045228, "yscale47": 0.5831424657045228, "zscale47": 0.5831424657045228, "Cab48": 45.042854752394746, "Cw48": 0.02868602241993097, "xscale48": 0.5298320992376832, "yscale48": 0.5298320992376832, "zscale48": 0.5298320992376832, "Cab49": 58.79202269876377, "Cw49": 0.04585550274724736, "xscale49": 0.4833672751447223, "yscale49": 0.4833672751447223, "zscale49": 0.4833672751447223, "Cab50": 77.91689588504622, "Cw50": 0.027626051930556582, "xscale50": 0.63012806619962, "yscale50": 0.63012806619962, "zscale50": 0.63012806619962, "Cab51": 81.90773442057002, "Cw51": 0.03326405209715745, "xscale51": 0.6225953444455764, "yscale51": 0.6225953444455764, "zscale51": 0.6225953444455764, "Cab52": 85.95788218378563, "Cw52": 0.038354995902270365,