{"Cab0": 46.17753375991768, "Cw0": 0.020467813155340145, "xscale0": 0.6409969297392959, "yscale0": 0.6409969297392959, "zscale0": 0.6409969297392959, "Cab1": 54.61180182492828, "Cw1": 0.04984503743793654, "xscale1": 0.7007353997424551, "yscale1": 0.7007353997424551, "zscale1": 0.7007353997424551, "Cab2": 43.90842104957879, "Cw2": 0.02267595818728537, "xscale2": 0.7691042440487993, "yscale2": 0.7691042440487993, "zscale2": 0.7691042440487993, "Cab3": 28.11310262938253, "Cw3": 0.04968279478606871, "xscale3": 0.5443963059137928, "yscale3": 0.5443963059137928, "zscale3": 0.5443963059137928, "Cab4": 84.68045059086954, "Cw4": 0.03557225103258472, "xscale4": 0.5093920974807309, "yscale4": 0.5093920974807309, "zscale4": 0.5093920974807309, "Cab5": 48.51043426174115, "Cw5": 0.04199723041149412, "xscale5": 0.9068395259177251, "yscale5": 0.9068395259177251, "zscale5": 0.9068395259177251, "Cab6": 52.93572975323116, "Cw6": 0.04096298618274492, "xscale6": 0.5693124714048332, "yscale6": 0.5693124714048332, "zscale6": 0.5693124714048332, "Cab7": 62.055605094617704, "Cw7": 0.03973386759917649, "xscale7": 0.5871158808917918, "yscale7": 0.5871158808917918, "zscale7": 0.5871158808917918, "Cab8": 36.26506224704193, "Cw8": 0.04437727568557475, "xscale8": 0.6448600331080074, "yscale8": 0.6448600331080074, "zscale8": 0.6448600331080074, "Cab9": 66.78712717460559, "Cw9": 0.011070226692912098, "xscale9": 0.5978413949483378, "yscale9": 0.5978413949483378, "zscale9": 0.5978413949483378, "Cab10": 26.65777394944407, "Cw10": 0.028074021951572138, "xscale10": 0.4073855440545036, "yscale10": 0.4073855440545036, "zscale10": 0.4073855440545036, "Cab11": 47.33109137928518, "Cw11": 0.020499320490804843, "xscale11": 0.5311946984113911, "yscale11": 0.5311946984113911, "zscale11": 0.5311946984113911, "Cab12": 83.72942651633561, "Cw12": 0.025811435157002294, "xscale12": 0.5483264360820427, "yscale12": 0.5483264360820427, "zscale12": 0.5483264360820427, "Cab13": 64.12311202393488, "Cw13": 0.03086644808675769, "xscale13": 0.6049988212457952, "yscale13": 0.6049988212457952, "zscale13": 0.6049988212457952, "Cab14": 78.03856135740281, "Cw14": 0.04756482778777868, "xscale14": 0.6345247868158882, "yscale14": 0.6345247868158882, "zscale14": 0.6345247868158882, "Cab15": 80.1458749309559, "Cw15": 0.022304423426680153, "xscale15": 0.6293754832885822, "yscale15": 0.6293754832885822, "zscale15": 0.6293754832885822, "Cab16": 22.065411001237727, "Cw16": 0.022785793608724354, "xscale16": 0.527965060107177, "yscale16": 0.527965060107177, "zscale16": 0.527965060107177, "Cab17": 41.67000423133109, "Cw17": 0.04993305182014163, "xscale17": 0.577796836599754, "yscale17": 0.577796836599754, "zscale17": 0.577796836599754, "Cab18": 20.463698785636705, "Cw18": 0.03838310991066583, "xscale18": 0.5523484032992356, "yscale18": 0.5523484032992356, "zscale18": 0.5523484032992356, "Cab19": 80.72745704344342, "Cw19": 0.016139623801436624, "xscale19": 0.6109427628171965, "yscale19": 0.6109427628171965, "zscale19": 0.6109427628171965, "Cab20": 30.579509575074468, "Cw20": 0.015039294884923726, "xscale20": 0.6734014870688539, "yscale20": 0.6734014870688539, "zscale20": 0.6734014870688539, "Cab21": 77.7537557357283, "Cw21": 0.029275567000373814, "xscale21": 0.5743754024601988, "yscale21": 0.5743754024601988, "zscale21": 0.5743754024601988, "Cab22": 71.7861484307428, "Cw22": 0.04198249927046885, "xscale22": 0.47338351237247706, "yscale22": 0.47338351237247706, "zscale22": 0.47338351237247706, "Cab23": 43.708012390040835, "Cw23": 0.04299363991080211, "xscale23": 0.5017097994295061, "yscale23": 0.5017097994295061, "zscale23": 0.5017097994295061, "Cab24": 20.286949369575623, "Cw24": 0.03543733241536215, "xscale24": 0.5057144710049238, "yscale24": 0.5057144710049238, "zscale24": 0.5057144710049238, "Cab25": 42.6154580903986, "Cw25": 0.013037293062290761, "xscale25": 0.666403699591562, "yscale25": 0.666403699591562, "zscale25": 0.666403699591562, "Cab26": 61.32478512063407, "Cw26": 0.02195582962044823, "xscale26": 0.6763577387892943, "yscale26": 0.6763577387892943, "zscale26": 0.6763577387892943, "Cab27": 26.476121263791985, "Cw27": 0.029694751824208006, "xscale27": 0.43499391156667616, "yscale27": 0.43499391156667616, "zscale27": 0.43499391156667616, "Cab28": 45.01783588253311, "Cw28": 0.04418350908941946, "xscale28": 0.4026949147377597, "yscale28": 0.4026949147377597, "zscale28": 0.4026949147377597, "Cab29": 20.04444844674596, "Cw29": 0.03974818287556806, "xscale29": 0.6934984021564061, "yscale29": 0.6934984021564061, "zscale29": 0.6934984021564061, "Cab30": 32.56724926469679, "Cw30": 0.0268227966662972, "xscale30": 0.36192976713482167, "yscale30": 0.36192976713482167, "zscale30": 0.36192976713482167, "Cab31": 57.43118912896903, "Cw31": 0.020170945139835732, "xscale31": 0.6205350977669146, "yscale31": 0.6205350977669146, "zscale31": 0.6205350977669146, "Cab32": 43.563619933802315, "Cw32": 0.03211326868798173, "xscale32": 0.49413228382911084, "yscale32": 0.49413228382911084, "zscale32": 0.49413228382911084, "Cab33": 22.058480645006682, "Cw33": 0.023518543341653778, "xscale33": 0.4249902393245418, "yscale33": 0.4249902393245418, "zscale33": 0.4249902393245418, "Cab34": 31.840255493095505, "Cw34": 0.012085504750152692, "xscale34": 0.5918373706523647, "yscale34": 0.5918373706523647, "zscale34": 0.5918373706523647, "Cab35": 56.19032715311371, "Cw35": 0.03938794804979523, "xscale35": 0.406342232911174, "yscale35": 0.406342232911174, "zscale35": 0.406342232911174, "Cab36": 27.06185223768852, "Cw36": 0.03323658257353637, "xscale36": 0.5479764108072708, "yscale36": 0.5479764108072708, "zscale36": 0.5479764108072708, "Cab37": 74.27943036017957, "Cw37": 0.028951015730846595, "xscale37": 0.49850290470809633, "yscale37": 0.49850290470809633, "zscale37": 0.49850290470809633, "Cab38": 22.419553655841746, "Cw38": 0.03804580351668462, "xscale38": 0.5008974208566629, "yscale38": 0.5008974208566629, "zscale38": 0.5008974208566629, "Cab39": 52.20017223070261, "Cw39": 0.042912371561671304, "xscale39": 0.48648348505094446, "yscale39": 0.48648348505094446, "zscale39": 0.48648348505094446, "Cab40": 61.35064103046748, "Cw40": 0.030608010241997906, "xscale40": 0.5640522259426034, "yscale40": 0.5640522259426034, "zscale40": 0.5640522259426034, "Cab41": 56.99816311974393, "Cw41": 0.03777231797321155, "xscale41": 0.6343983539228957, "yscale41": 0.6343983539228957, "zscale41": 0.6343983539228957, "Cab42": 73.9685008213412, "Cw42": 0.020734307396594445, "xscale42": 0.6042871667175267, "yscale42": 0.6042871667175267, "zscale42": 0.6042871667175267, "Cab43": 79.48227706009448, "Cw43": 0.04233468257676674, "xscale43": 0.601554895121405, "yscale43": 0.601554895121405, "zscale43": 0.601554895121405, "Cab44": 47.07648021646091, "Cw44": 0.020384895077227863, "xscale44": 0.4287115548296028, "yscale44": 0.4287115548296028, "zscale44": 0.4287115548296028, "Cab45": 49.64982969301311, "Cw45": 0.029422509363349038, "xscale45": 0.3158738671502221, "yscale45": 0.3158738671502221, "zscale45": 0.3158738671502221, "Cab46": 44.47456911475875, "Cw46": 0.02567440357042966, "xscale46": 0.5292470318613147, "yscale46": 0.5292470318613147, "zscale46": 0.5292470318613147, "Cab47": 60.84395474252963, "Cw47": 0.024639081372758137, "xscale47": 0.5578469043964174, "yscale47": 0.5578469043964174, "zscale47": 0.5578469043964174, "Cab48": 37.40343907218586, "Cw48": 0.0357462953710808, "xscale48": 0.5609052806555513, "yscale48": 0.5609052806555513, "zscale48": 0.5609052806555513, "Cab49": 85.16867011121766, "Cw49": 0.04337989402235366, "xscale49": 0.5393269522561418, "yscale49": 0.5393269522561418, "zscale49": 0.5393269522561418, "Cab50": 28.355957589492313, "Cw50": 0.01271947686550205, "xscale50": 0.7378184427801738, "yscale50": 0.7378184427801738, "zscale50": 0.7378184427801738, "Cab51": 82.90078033828486, "Cw51": 0.02781646183523203, "xscale51": 0.7973752628877041, "yscale51": 0.7973752628877041, "zscale51": 0.7973752628877041, "Cab52": 79.51900317365788, "Cw52": 0.03994019357451484,