{"Cab0": 37.801136906301466, "Cw0": 0.034369303896452305, "xscale0": 0.8180838253846985, "yscale0": 0.8180838253846985, "zscale0": 0.8180838253846985, "Cab1": 55.14318207860153, "Cw1": 0.0363371330932021, "xscale1": 0.6629766636251887, "yscale1": 0.6629766636251887, "zscale1": 0.6629766636251887, "Cab2": 26.377788668288336, "Cw2": 0.014638803070629224, "xscale2": 0.5318040835826531, "yscale2": 0.5318040835826531, "zscale2": 0.5318040835826531, "Cab3": 25.650467241848858, "Cw3": 0.020343490243929632, "xscale3": 0.48263466956574896, "yscale3": 0.48263466956574896, "zscale3": 0.48263466956574896, "Cab4": 78.17576638361714, "Cw4": 0.012786519284951323, "xscale4": 0.6776684657725653, "yscale4": 0.6776684657725653, "zscale4": 0.6776684657725653, "Cab5": 26.258089825295976, "Cw5": 0.011182123209739832, "xscale5": 0.6159828694622882, "yscale5": 0.6159828694622882, "zscale5": 0.6159828694622882, "Cab6": 67.90461665433574, "Cw6": 0.04090022357576724, "xscale6": 0.5987663783815796, "yscale6": 0.5987663783815796, "zscale6": 0.5987663783815796, "Cab7": 78.68805049962603, "Cw7": 0.010176110410351704, "xscale7": 0.6530904696045614, "yscale7": 0.6530904696045614, "zscale7": 0.6530904696045614, "Cab8": 52.67992482691202, "Cw8": 0.04786609652901555, "xscale8": 0.5569598449370546, "yscale8": 0.5569598449370546, "zscale8": 0.5569598449370546, "Cab9": 34.95561662890583, "Cw9": 0.03715310618694515, "xscale9": 0.6530845119425215, "yscale9": 0.6530845119425215, "zscale9": 0.6530845119425215, "Cab10": 45.479086841950995, "Cw10": 0.011586661428230843, "xscale10": 0.46367779692198113, "yscale10": 0.46367779692198113, "zscale10": 0.46367779692198113, "Cab11": 63.00571515190266, "Cw11": 0.010553625841160229, "xscale11": 0.6429155063660964, "yscale11": 0.6429155063660964, "zscale11": 0.6429155063660964, "Cab12": 71.13136186176303, "Cw12": 0.01081663585977196, "xscale12": 0.48757192892327483, "yscale12": 0.48757192892327483, "zscale12": 0.48757192892327483, "Cab13": 38.79189431542146, "Cw13": 0.012642524853470385, "xscale13": 0.7433303450270637, "yscale13": 0.7433303450270637, "zscale13": 0.7433303450270637, "Cab14": 54.51567987910739, "Cw14": 0.014193803454789121, "xscale14": 0.5087683156991997, "yscale14": 0.5087683156991997, "zscale14": 0.5087683156991997, "Cab15": 80.76483020199788, "Cw15": 0.038877210227439785, "xscale15": 0.47611420515711145, "yscale15": 0.47611420515711145, "zscale15": 0.47611420515711145, "Cab16": 89.22260020908443, "Cw16": 0.04645570783010753, "xscale16": 0.5005918908580452, "yscale16": 0.5005918908580452, "zscale16": 0.5005918908580452, "Cab17": 37.81360802594704, "Cw17": 0.026150105706522736, "xscale17": 0.6142761787235392, "yscale17": 0.6142761787235392, "zscale17": 0.6142761787235392, "Cab18": 68.70049817035394, "Cw18": 0.03516935971669742, "xscale18": 0.5205552146675491, "yscale18": 0.5205552146675491, "zscale18": 0.5205552146675491, "Cab19": 41.17244015718674, "Cw19": 0.024913027768541648, "xscale19": 0.5622228297945989, "yscale19": 0.5622228297945989, "zscale19": 0.5622228297945989, "Cab20": 47.92165929412184, "Cw20": 0.014479808310321772, "xscale20": 0.7568687997315744, "yscale20": 0.7568687997315744, "zscale20": 0.7568687997315744, "Cab21": 49.699075022379084, "Cw21": 0.028954362461269118, "xscale21": 0.5559313757804671, "yscale21": 0.5559313757804671, "zscale21": 0.5559313757804671, "Cab22": 66.36703780621579, "Cw22": 0.03831364963265115, "xscale22": 0.5378413117942497, "yscale22": 0.5378413117942497, "zscale22": 0.5378413117942497, "Cab23": 71.85561602013283, "Cw23": 0.045642139579586155, "xscale23": 0.6404656875976711, "yscale23": 0.6404656875976711, "zscale23": 0.6404656875976711, "Cab24": 75.66593230778882, "Cw24": 0.024083346133610094, "xscale24": 0.633428023362392, "yscale24": 0.633428023362392, "zscale24": 0.633428023362392, "Cab25": 36.35543190286852, "Cw25": 0.022479475500101258, "xscale25": 0.6936282622525249, "yscale25": 0.6936282622525249, "zscale25": 0.6936282622525249, "Cab26": 40.94704958134575, "Cw26": 0.045575655880396526, "xscale26": 0.6284043512044722, "yscale26": 0.6284043512044722, "zscale26": 0.6284043512044722, "Cab27": 50.79407775118745, "Cw27": 0.047233562770539785, "xscale27": 0.5021589314845801, "yscale27": 0.5021589314845801, "zscale27": 0.5021589314845801, "Cab28": 63.855021324787245, "Cw28": 0.021690789348120097, "xscale28": 0.46021374047830416, "yscale28": 0.46021374047830416, "zscale28": 0.46021374047830416, "Cab29": 51.14588003918497, "Cw29": 0.034835991817057904, "xscale29": 0.7078156262251967, "yscale29": 0.7078156262251967, "zscale29": 0.7078156262251967, "Cab30": 55.060401600551266, "Cw30": 0.046931807874085525, "xscale30": 0.3478491128318554, "yscale30": 0.3478491128318554, "zscale30": 0.3478491128318554, "Cab31": 53.37200487604254, "Cw31": 0.04818741334691903, "xscale31": 0.7153624687538145, "yscale31": 0.7153624687538145, "zscale31": 0.7153624687538145, "Cab32": 48.54998326683325, "Cw32": 0.04571558047166729, "xscale32": 0.554130895574764, "yscale32": 0.554130895574764, "zscale32": 0.554130895574764, "Cab33": 25.326935883003294, "Cw33": 0.02143461437655532, "xscale33": 0.49693093252681003, "yscale33": 0.49693093252681003, "zscale33": 0.49693093252681003, "Cab34": 68.92955104357108, "Cw34": 0.02543448232793017, "xscale34": 0.5197115146576777, "yscale34": 0.5197115146576777, "zscale34": 0.5197115146576777, "Cab35": 68.55729042344956, "Cw35": 0.03440197541398787, "xscale35": 0.3654669617950272, "yscale35": 0.3654669617950272, "zscale35": 0.3654669617950272, "Cab36": 73.48059107670983, "Cw36": 0.035490061112426544, "xscale36": 0.6889434532182701, "yscale36": 0.6889434532182701, "zscale36": 0.6889434532182701, "Cab37": 29.491643234819662, "Cw37": 0.01963306349102404, "xscale37": 0.5198207654005212, "yscale37": 0.5198207654005212, "zscale37": 0.5198207654005212, "Cab38": 23.310352566329307, "Cw38": 0.041831435685581106, "xscale38": 0.42498329918364036, "yscale38": 0.42498329918364036, "zscale38": 0.42498329918364036, "Cab39": 29.067061388806597, "Cw39": 0.036647970249217725, "xscale39": 0.7072147604076287, "yscale39": 0.7072147604076287, "zscale39": 0.7072147604076287, "Cab40": 37.07215883704149, "Cw40": 0.021903988246930673, "xscale40": 0.5270750768705362, "yscale40": 0.5270750768705362, "zscale40": 0.5270750768705362, "Cab41": 82.68061516809512, "Cw41": 0.014805841662011083, "xscale41": 0.6399978080475976, "yscale41": 0.6399978080475976, "zscale41": 0.6399978080475976, "Cab42": 27.84682619934511, "Cw42": 0.015133693797669974, "xscale42": 0.46035545069291356, "yscale42": 0.46035545069291356, "zscale42": 0.46035545069291356, "Cab43": 38.56360406791583, "Cw43": 0.03923059607398894, "xscale43": 0.6788874561834297, "yscale43": 0.6788874561834297, "zscale43": 0.6788874561834297, "Cab44": 52.3915323062752, "Cw44": 0.04897417201426873, "xscale44": 0.4099057248612584, "yscale44": 0.4099057248612584, "zscale44": 0.4099057248612584, "Cab45": 38.34731528125715, "Cw45": 0.03832390640882239, "xscale45": 0.3669980645193968, "yscale45": 0.3669980645193968, "zscale45": 0.3669980645193968, "Cab46": 31.698733621809517, "Cw46": 0.03007567062306643, "xscale46": 0.4683578520005662, "yscale46": 0.4683578520005662, "zscale46": 0.4683578520005662, "Cab47": 49.38135318114635, "Cw47": 0.03164253752488988, "xscale47": 0.5564460528811064, "yscale47": 0.5564460528811064, "zscale47": 0.5564460528811064, "Cab48": 78.01840120869088, "Cw48": 0.020646118005127608, "xscale48": 0.6268075024816132, "yscale48": 0.6268075024816132, "zscale48": 0.6268075024816132, "Cab49": 82.13760731849743, "Cw49": 0.04392577987549034, "xscale49": 0.47843273806840086, "yscale49": 0.47843273806840086, "zscale49": 0.47843273806840086, "Cab50": 64.31410116445487, "Cw50": 0.011513572216243509, "xscale50": 0.6068395080156134, "yscale50": 0.6068395080156134, "zscale50": 0.6068395080156134, "Cab51": 61.79941069405978, "Cw51": 0.03973260567430905, "xscale51": 0.7143831303123294, "yscale51": 0.7143831303123294, "zscale51": 0.7143831303123294, "Cab52": 67.08629750190407,