{"Cab0": 53.94065811757665, "Cw0": 0.012973572938242924, "xscale0": 0.8289658532204778, "yscale0": 0.8289658532204778, "zscale0": 0.8289658532204778, "Cab1": 47.50025641636145, "Cw1": 0.02085042579585965, "xscale1": 0.5442199494052942, "yscale1": 0.5442199494052942, "zscale1": 0.5442199494052942, "Cab2": 58.9564585093447, "Cw2": 0.022311621463969297, "xscale2": 0.6892564030649981, "yscale2": 0.6892564030649981, "zscale2": 0.6892564030649981, "Cab3": 55.91209330896685, "Cw3": 0.04753799310764819, "xscale3": 0.4739444375677971, "yscale3": 0.4739444375677971, "zscale3": 0.4739444375677971, "Cab4": 73.23550306625792, "Cw4": 0.011539881990701058, "xscale4": 0.6576744162062858, "yscale4": 0.6576744162062858, "zscale4": 0.6576744162062858, "Cab5": 33.29472409170539, "Cw5": 0.037753365238333225, "xscale5": 0.6856860139205881, "yscale5": 0.6856860139205881, "zscale5": 0.6856860139205881, "Cab6": 26.75311459868966, "Cw6": 0.03018618378996204, "xscale6": 0.6433942540807513, "yscale6": 0.6433942540807513, "zscale6": 0.6433942540807513, "Cab7": 24.87741071747796, "Cw7": 0.026705853967651447, "xscale7": 0.47727509978439475, "yscale7": 0.47727509978439475, "zscale7": 0.47727509978439475, "Cab8": 83.6814565446468, "Cw8": 0.031075274019719636, "xscale8": 0.5156747463595177, "yscale8": 0.5156747463595177, "zscale8": 0.5156747463595177, "Cab9": 83.25577164879658, "Cw9": 0.041580567350850126, "xscale9": 0.641295846966495, "yscale9": 0.641295846966495, "zscale9": 0.641295846966495, "Cab10": 79.39971245094102, "Cw10": 0.04743456995657232, "xscale10": 0.5508629717340608, "yscale10": 0.5508629717340608, "zscale10": 0.5508629717340608, "Cab11": 51.13182402178428, "Cw11": 0.016800806241960314, "xscale11": 0.5611461242901554, "yscale11": 0.5611461242901554, "zscale11": 0.5611461242901554, "Cab12": 32.80043285500692, "Cw12": 0.03653485693441606, "xscale12": 0.486146231435403, "yscale12": 0.486146231435403, "zscale12": 0.486146231435403, "Cab13": 61.686756677420824, "Cw13": 0.04851734890404318, "xscale13": 0.6141303028531246, "yscale13": 0.6141303028531246, "zscale13": 0.6141303028531246, "Cab14": 63.010762137249024, "Cw14": 0.045215038343826175, "xscale14": 0.6050853585256128, "yscale14": 0.6050853585256128, "zscale14": 0.6050853585256128, "Cab15": 26.07051223966411, "Cw15": 0.04399478745838841, "xscale15": 0.5162474449225265, "yscale15": 0.5162474449225265, "zscale15": 0.5162474449225265, "Cab16": 35.45940724622301, "Cw16": 0.012489564636550573, "xscale16": 0.5802338114825123, "yscale16": 0.5802338114825123, "zscale16": 0.5802338114825123, "Cab17": 71.38072428853627, "Cw17": 0.04637303032947747, "xscale17": 0.6552302754345632, "yscale17": 0.6552302754345632, "zscale17": 0.6552302754345632, "Cab18": 22.9424535058672, "Cw18": 0.04924667985580182, "xscale18": 0.5379595371641084, "yscale18": 0.5379595371641084, "zscale18": 0.5379595371641084, "Cab19": 69.67364461483476, "Cw19": 0.03228875913597607, "xscale19": 0.5027807355995254, "yscale19": 0.5027807355995254, "zscale19": 0.5027807355995254, "Cab20": 55.36447931918941, "Cw20": 0.031429688501001224, "xscale20": 0.6053202141980266, "yscale20": 0.6053202141980266, "zscale20": 0.6053202141980266, "Cab21": 52.557354063093946, "Cw21": 0.03907115262958745, "xscale21": 0.45754209968758763, "yscale21": 0.45754209968758763, "zscale21": 0.45754209968758763, "Cab22": 88.0596241406372, "Cw22": 0.04314621078490002, "xscale22": 0.4837781712051451, "yscale22": 0.4837781712051451, "zscale22": 0.4837781712051451, "Cab23": 22.55826276669365, "Cw23": 0.024199234410392532, "xscale23": 0.7183161641737081, "yscale23": 0.7183161641737081, "zscale23": 0.7183161641737081, "Cab24": 83.17874309594153, "Cw24": 0.04791942258207251, "xscale24": 0.5596429857482287, "yscale24": 0.5596429857482287, "zscale24": 0.5596429857482287, "Cab25": 22.77788207257036, "Cw25": 0.034505988893735955, "xscale25": 0.6038687242654299, "yscale25": 0.6038687242654299, "zscale25": 0.6038687242654299, "Cab26": 52.68170215685389, "Cw26": 0.04765320566533008, "xscale26": 0.6076595183624841, "yscale26": 0.6076595183624841, "zscale26": 0.6076595183624841, "Cab27": 64.90336790360612, "Cw27": 0.03174651948492682, "xscale27": 0.3751773991647654, "yscale27": 0.3751773991647654, "zscale27": 0.3751773991647654, "Cab28": 57.61840323704105, "Cw28": 0.036422931583887236, "xscale28": 0.34503615496423334, "yscale28": 0.34503615496423334, "zscale28": 0.34503615496423334, "Cab29": 46.00845681864985, "Cw29": 0.04131148269261991, "xscale29": 0.5268182565627202, "yscale29": 0.5268182565627202, "zscale29": 0.5268182565627202, "Cab30": 33.60723948390911, "Cw30": 0.04038223177514184, "xscale30": 0.35913079198405534, "yscale30": 0.35913079198405534, "zscale30": 0.35913079198405534, "Cab31": 87.74481759590309, "Cw31": 0.035377078358737546, "xscale31": 0.6265724315624918, "yscale31": 0.6265724315624918, "zscale31": 0.6265724315624918, "Cab32": 33.570155485843316, "Cw32": 0.032514028635891645, "xscale32": 0.49160580253528774, "yscale32": 0.49160580253528774, "zscale32": 0.49160580253528774, "Cab33": 36.500782664715, "Cw33": 0.025879614862891455, "xscale33": 0.45817657160752456, "yscale33": 0.45817657160752456, "zscale33": 0.45817657160752456, "Cab34": 57.69993095545951, "Cw34": 0.023256573620332063, "xscale34": 0.6038090338451519, "yscale34": 0.6038090338451519, "zscale34": 0.6038090338451519, "Cab35": 63.43058816924549, "Cw35": 0.036582668116736175, "xscale35": 0.39796009728799975, "yscale35": 0.39796009728799975, "zscale35": 0.39796009728799975, "Cab36": 46.787518306812615, "Cw36": 0.011184614358751021, "xscale36": 0.5970999228183039, "yscale36": 0.5970999228183039, "zscale36": 0.5970999228183039, "Cab37": 34.47722694888201, "Cw37": 0.020917228314989416, "xscale37": 0.5241714411279575, "yscale37": 0.5241714411279575, "zscale37": 0.5241714411279575, "Cab38": 59.03097585268972, "Cw38": 0.028039104845539967, "xscale38": 0.47788969555215427, "yscale38": 0.47788969555215427, "zscale38": 0.47788969555215427, "Cab39": 33.60968093018247, "Cw39": 0.033894181264275534, "xscale39": 0.6489504283193647, "yscale39": 0.6489504283193647, "zscale39": 0.6489504283193647, "Cab40": 49.09471921362194, "Cw40": 0.011333316875386941, "xscale40": 0.485909708988028, "yscale40": 0.485909708988028, "zscale40": 0.485909708988028, "Cab41": 85.69378391127302, "Cw41": 0.03131312235456945, "xscale41": 0.5225377784506507, "yscale41": 0.5225377784506507, "zscale41": 0.5225377784506507, "Cab42": 38.637679554686756, "Cw42": 0.03370445261299005, "xscale42": 0.5379863812084095, "yscale42": 0.5379863812084095, "zscale42": 0.5379863812084095, "Cab43": 39.49978997630105, "Cw43": 0.028670411121266517, "xscale43": 0.6579597689779616, "yscale43": 0.6579597689779616, "zscale43": 0.6579597689779616, "Cab44": 30.037945909496646, "Cw44": 0.04411851299398195, "xscale44": 0.4305033821710737, "yscale44": 0.4305033821710737, "zscale44": 0.4305033821710737, "Cab45": 79.66237718393329, "Cw45": 0.03609746818649223, "xscale45": 0.3422485791611881, "yscale45": 0.3422485791611881, "zscale45": 0.3422485791611881, "Cab46": 39.020902972152044, "Cw46": 0.02507655108982979, "xscale46": 0.5532998444363252, "yscale46": 0.5532998444363252, "zscale46": 0.5532998444363252, "Cab47": 26.776104433922555, "Cw47": 0.02730135334586975, "xscale47": 0.5512815895222288, "yscale47": 0.5512815895222288, "zscale47": 0.5512815895222288, "Cab48": 66.07658728515418, "Cw48": 0.04768141826581348, "xscale48": 0.647883450943145, "yscale48": 0.647883450943145, "zscale48": 0.647883450943145, "Cab49": 89.242641396176, "Cw49": 0.013364802685617985, "xscale49": 0.5395314260348841, "yscale49": 0.5395314260348841, "zscale49": 0.5395314260348841, "Cab50": 62.16230580242303, "Cw50": 0.03997427392948012, "xscale50": 0.6386618364392759, "yscale50": 0.6386618364392759, "zscale50": 0.6386618364392759, "Cab51": 34.006046156896275, "Cw51": 0.036688032776967035, "xscale51": 0.8381748007410338, "yscale51": 0.8381748007410338, "zscale51": 0.8381748007410338, "Cab52": 30.20665144884309,