{"Cab0": 50.55039288798254, "Cw0": 0.023484748331028454, "xscale0": 0.7819938654946446, "yscale0": 0.7819938654946446, "zscale0": 0.7819938654946446, "Cab1": 43.138641747257125, "Cw1": 0.010996274820568188, "xscale1": 0.623188395150853, "yscale1": 0.623188395150853, "zscale1": 0.623188395150853, "Cab2": 88.8601678780068, "Cw2": 0.032614288436496545, "xscale2": 0.7561003266615987, "yscale2": 0.7561003266615987, "zscale2": 0.7561003266615987, "Cab3": 23.920255927477776, "Cw3": 0.015915091164959205, "xscale3": 0.4057791602818757, "yscale3": 0.4057791602818757, "zscale3": 0.4057791602818757, "Cab4": 67.77143982580951, "Cw4": 0.0473059088811147, "xscale4": 0.5255189463257899, "yscale4": 0.5255189463257899, "zscale4": 0.5255189463257899, "Cab5": 56.370758529347995, "Cw5": 0.02416782803149725, "xscale5": 0.6910273695480518, "yscale5": 0.6910273695480518, "zscale5": 0.6910273695480518, "Cab6": 58.780954075051426, "Cw6": 0.04298655983819504, "xscale6": 0.5154645346868094, "yscale6": 0.5154645346868094, "zscale6": 0.5154645346868094, "Cab7": 67.1367547622594, "Cw7": 0.012574969483172018, "xscale7": 0.5322040820971737, "yscale7": 0.5322040820971737, "zscale7": 0.5322040820971737, "Cab8": 31.253413053473242, "Cw8": 0.014313584879224645, "xscale8": 0.6075726762533922, "yscale8": 0.6075726762533922, "zscale8": 0.6075726762533922, "Cab9": 46.791911991949775, "Cw9": 0.044360456439557626, "xscale9": 0.7788808204480044, "yscale9": 0.7788808204480044, "zscale9": 0.7788808204480044, "Cab10": 51.25452020575089, "Cw10": 0.01139252036171282, "xscale10": 0.5466021514173679, "yscale10": 0.5466021514173679, "zscale10": 0.5466021514173679, "Cab11": 51.95012305135204, "Cw11": 0.01386592733841367, "xscale11": 0.5840789208603668, "yscale11": 0.5840789208603668, "zscale11": 0.5840789208603668, "Cab12": 65.50726288984556, "Cw12": 0.02415801176496557, "xscale12": 0.624883618110851, "yscale12": 0.624883618110851, "zscale12": 0.624883618110851, "Cab13": 55.52765189076118, "Cw13": 0.028025246197449317, "xscale13": 0.737230182885351, "yscale13": 0.737230182885351, "zscale13": 0.737230182885351, "Cab14": 76.58996536363492, "Cw14": 0.031733739072349144, "xscale14": 0.5164716911800569, "yscale14": 0.5164716911800569, "zscale14": 0.5164716911800569, "Cab15": 87.89319560937925, "Cw15": 0.015447413555552961, "xscale15": 0.478979159383659, "yscale15": 0.478979159383659, "zscale15": 0.478979159383659, "Cab16": 21.497257099338654, "Cw16": 0.03281122712003678, "xscale16": 0.5030068264277723, "yscale16": 0.5030068264277723, "zscale16": 0.5030068264277723, "Cab17": 53.91456418607869, "Cw17": 0.03769828680561563, "xscale17": 0.5246806337494085, "yscale17": 0.5246806337494085, "zscale17": 0.5246806337494085, "Cab18": 21.005533463871917, "Cw18": 0.043910492120840944, "xscale18": 0.6309322168994888, "yscale18": 0.6309322168994888, "zscale18": 0.6309322168994888, "Cab19": 80.55886014053559, "Cw19": 0.030773271041161857, "xscale19": 0.5208435678177433, "yscale19": 0.5208435678177433, "zscale19": 0.5208435678177433, "Cab20": 73.56153196235311, "Cw20": 0.017829619592968186, "xscale20": 0.6520591666957848, "yscale20": 0.6520591666957848, "zscale20": 0.6520591666957848, "Cab21": 82.69701664246105, "Cw21": 0.022117382916333455, "xscale21": 0.5574366586529799, "yscale21": 0.5574366586529799, "zscale21": 0.5574366586529799, "Cab22": 89.33018272072016, "Cw22": 0.01513499880791204, "xscale22": 0.593598774039925, "yscale22": 0.593598774039925, "zscale22": 0.593598774039925, "Cab23": 54.821954823624715, "Cw23": 0.01524163620976261, "xscale23": 0.5133443735680508, "yscale23": 0.5133443735680508, "zscale23": 0.5133443735680508, "Cab24": 81.68626144189017, "Cw24": 0.04504217481528269, "xscale24": 0.500784846993747, "yscale24": 0.500784846993747, "zscale24": 0.500784846993747, "Cab25": 73.84621105182114, "Cw25": 0.020284585515140972, "xscale25": 0.6897725496434298, "yscale25": 0.6897725496434298, "zscale25": 0.6897725496434298, "Cab26": 44.24208294838144, "Cw26": 0.040091819899341914, "xscale26": 0.5210808796539482, "yscale26": 0.5210808796539482, "zscale26": 0.5210808796539482, "Cab27": 61.69478177448951, "Cw27": 0.0161856573161493, "xscale27": 0.4691006342802761, "yscale27": 0.4691006342802761, "zscale27": 0.4691006342802761, "Cab28": 45.59773821009055, "Cw28": 0.014539733411996228, "xscale28": 0.4367084566262059, "yscale28": 0.4367084566262059, "zscale28": 0.4367084566262059, "Cab29": 74.97682258655806, "Cw29": 0.023271369473410335, "xscale29": 0.59661062071803, "yscale29": 0.59661062071803, "zscale29": 0.59661062071803, "Cab30": 76.0409594047679, "Cw30": 0.04368074927821311, "xscale30": 0.3331894959111914, "yscale30": 0.3331894959111914, "zscale30": 0.3331894959111914, "Cab31": 28.85168998067162, "Cw31": 0.013684340745257715, "xscale31": 0.5835821467152101, "yscale31": 0.5835821467152101, "zscale31": 0.5835821467152101, "Cab32": 73.95725472814982, "Cw32": 0.03736824345672218, "xscale32": 0.4224436798359544, "yscale32": 0.4224436798359544, "zscale32": 0.4224436798359544, "Cab33": 22.124376142219976, "Cw33": 0.0431622861210922, "xscale33": 0.5268726930912491, "yscale33": 0.5268726930912491, "zscale33": 0.5268726930912491, "Cab34": 61.80684362412196, "Cw34": 0.03617589239687023, "xscale34": 0.5180387824198177, "yscale34": 0.5180387824198177, "zscale34": 0.5180387824198177, "Cab35": 88.07478364974212, "Cw35": 0.03482318726705349, "xscale35": 0.4248689717876663, "yscale35": 0.4248689717876663, "zscale35": 0.4248689717876663, "Cab36": 82.07498773210213, "Cw36": 0.04020908216257273, "xscale36": 0.6987592093241979, "yscale36": 0.6987592093241979, "zscale36": 0.6987592093241979, "Cab37": 72.41126150661168, "Cw37": 0.040781026476598266, "xscale37": 0.458715996103079, "yscale37": 0.458715996103079, "zscale37": 0.458715996103079, "Cab38": 33.19997697025135, "Cw38": 0.02853309548108964, "xscale38": 0.5271923010735188, "yscale38": 0.5271923010735188, "zscale38": 0.5271923010735188, "Cab39": 81.02064965550338, "Cw39": 0.04726594270905238, "xscale39": 0.5584387482213334, "yscale39": 0.5584387482213334, "zscale39": 0.5584387482213334, "Cab40": 52.45564188378122, "Cw40": 0.013943827900644266, "xscale40": 0.6377361323334254, "yscale40": 0.6377361323334254, "zscale40": 0.6377361323334254, "Cab41": 33.976615938579144, "Cw41": 0.027398103636104044, "xscale41": 0.4871130911995384, "yscale41": 0.4871130911995384, "zscale41": 0.4871130911995384, "Cab42": 64.68710325908432, "Cw42": 0.03743296854358028, "xscale42": 0.5167785562373823, "yscale42": 0.5167785562373823, "zscale42": 0.5167785562373823, "Cab43": 38.15691232587374, "Cw43": 0.03571319817078666, "xscale43": 0.6983812797878162, "yscale43": 0.6983812797878162, "zscale43": 0.6983812797878162, "Cab44": 42.508268051111926, "Cw44": 0.014124212188710943, "xscale44": 0.44544190304180586, "yscale44": 0.44544190304180586, "zscale44": 0.44544190304180586, "Cab45": 60.57124993367475, "Cw45": 0.026721929475582197, "xscale45": 0.35484622926635373, "yscale45": 0.35484622926635373, "zscale45": 0.35484622926635373, "Cab46": 32.24577935304278, "Cw46": 0.02342362924124395, "xscale46": 0.44235707149907594, "yscale46": 0.44235707149907594, "zscale46": 0.44235707149907594, "Cab47": 57.219409447704926, "Cw47": 0.040810083956104595, "xscale47": 0.44502605053963457, "yscale47": 0.44502605053963457, "zscale47": 0.44502605053963457, "Cab48": 62.18735764694476, "Cw48": 0.034644918920382954, "xscale48": 0.6401285166634542, "yscale48": 0.6401285166634542, "zscale48": 0.6401285166634542, "Cab49": 26.878226641487984, "Cw49": 0.01986793329982915, "xscale49": 0.41824572052296083, "yscale49": 0.41824572052296083, "zscale49": 0.41824572052296083, "Cab50": 66.35376448340992, "Cw50": 0.013670459886745263, "xscale50": 0.541083639992484, "yscale50": 0.541083639992484, "zscale50": 0.541083639992484, "Cab51": 36.528425766944785, "Cw51": 0.023884047993096916, "xscale51": 0.6596519572278491, "yscale51": 0.6596519572278491, "zscale51": 0.6596519572278491, "Cab52": 38.65422905592021, "Cw52": 0.03691605879478372,