{"Cab0": 35.970926766193074, "Cw0": 0.015300568373083311, "xscale0": 0.7717493130615831, "yscale0": 0.7717493130615831, "zscale0": 0.7717493130615831, "Cab1": 54.133396093642375, "Cw1": 0.04221056515998192, "xscale1": 0.608352179817645, "yscale1": 0.608352179817645, "zscale1": 0.608352179817645, "Cab2": 76.94924010869886, "Cw2": 0.019122629012569885, "xscale2": 0.5888659836864479, "yscale2": 0.5888659836864479, "zscale2": 0.5888659836864479, "Cab3": 76.85586002273806, "Cw3": 0.01723552756491345, "xscale3": 0.5025322533474887, "yscale3": 0.5025322533474887, "zscale3": 0.5025322533474887, "Cab4": 43.444496183662146, "Cw4": 0.044262960228564074, "xscale4": 0.6535921729252546, "yscale4": 0.6535921729252546, "zscale4": 0.6535921729252546, "Cab5": 71.11321130221855, "Cw5": 0.02733088617991198, "xscale5": 0.6120347492790782, "yscale5": 0.6120347492790782, "zscale5": 0.6120347492790782, "Cab6": 25.31767898499671, "Cw6": 0.028663635855366167, "xscale6": 0.5305317200058618, "yscale6": 0.5305317200058618, "zscale6": 0.5305317200058618, "Cab7": 31.10246340372412, "Cw7": 0.03579265768946365, "xscale7": 0.5548228297555093, "yscale7": 0.5548228297555093, "zscale7": 0.5548228297555093, "Cab8": 54.78050432512038, "Cw8": 0.0368571891037816, "xscale8": 0.5944247726457385, "yscale8": 0.5944247726457385, "zscale8": 0.5944247726457385, "Cab9": 33.15478409178664, "Cw9": 0.014233843213838037, "xscale9": 0.7427608740720182, "yscale9": 0.7427608740720182, "zscale9": 0.7427608740720182, "Cab10": 64.85883440099377, "Cw10": 0.01737305258012111, "xscale10": 0.49353412151698, "yscale10": 0.49353412151698, "zscale10": 0.49353412151698, "Cab11": 88.29838532043891, "Cw11": 0.03565907146212524, "xscale11": 0.6493370069136284, "yscale11": 0.6493370069136284, "zscale11": 0.6493370069136284, "Cab12": 45.9098593949549, "Cw12": 0.0349569625005015, "xscale12": 0.5653481812629936, "yscale12": 0.5653481812629936, "zscale12": 0.5653481812629936, "Cab13": 57.761340943437425, "Cw13": 0.0145105050431865, "xscale13": 0.6139095988833544, "yscale13": 0.6139095988833544, "zscale13": 0.6139095988833544, "Cab14": 24.433949374034533, "Cw14": 0.029216996971760466, "xscale14": 0.594843284435576, "yscale14": 0.594843284435576, "zscale14": 0.594843284435576, "Cab15": 24.525290722547293, "Cw15": 0.019693706496284404, "xscale15": 0.5244208584194359, "yscale15": 0.5244208584194359, "zscale15": 0.5244208584194359, "Cab16": 41.13213402341097, "Cw16": 0.040344110983207795, "xscale16": 0.6301116447460574, "yscale16": 0.6301116447460574, "zscale16": 0.6301116447460574, "Cab17": 54.91101631583051, "Cw17": 0.016288519856087657, "xscale17": 0.4540744883673115, "yscale17": 0.4540744883673115, "zscale17": 0.4540744883673115, "Cab18": 61.567372153615096, "Cw18": 0.0327757196273424, "xscale18": 0.7490346614964627, "yscale18": 0.7490346614964627, "zscale18": 0.7490346614964627, "Cab19": 33.481374763273024, "Cw19": 0.04692135402631175, "xscale19": 0.5122292124981419, "yscale19": 0.5122292124981419, "zscale19": 0.5122292124981419, "Cab20": 40.430127111982934, "Cw20": 0.03056143443818271, "xscale20": 0.6821308001549765, "yscale20": 0.6821308001549765, "zscale20": 0.6821308001549765, "Cab21": 83.81719746983407, "Cw21": 0.018451095045104636, "xscale21": 0.49776698003577335, "yscale21": 0.49776698003577335, "zscale21": 0.49776698003577335, "Cab22": 79.84930913384261, "Cw22": 0.013418229896363659, "xscale22": 0.5837176580214087, "yscale22": 0.5837176580214087, "zscale22": 0.5837176580214087, "Cab23": 35.589604616363864, "Cw23": 0.04754111857214774, "xscale23": 0.5302744847791807, "yscale23": 0.5302744847791807, "zscale23": 0.5302744847791807, "Cab24": 34.5374402589848, "Cw24": 0.022263022513310256, "xscale24": 0.4421469675062069, "yscale24": 0.4421469675062069, "zscale24": 0.4421469675062069, "Cab25": 66.94314520598621, "Cw25": 0.027385340570477056, "xscale25": 0.7178072256695821, "yscale25": 0.7178072256695821, "zscale25": 0.7178072256695821, "Cab26": 65.38625531591262, "Cw26": 0.03217102485821559, "xscale26": 0.643314276151566, "yscale26": 0.643314276151566, "zscale26": 0.643314276151566, "Cab27": 46.67343439683522, "Cw27": 0.017567749074568182, "xscale27": 0.4905585838216276, "yscale27": 0.4905585838216276, "zscale27": 0.4905585838216276, "Cab28": 30.919975345598317, "Cw28": 0.04732957417236848, "xscale28": 0.4456304976129499, "yscale28": 0.4456304976129499, "zscale28": 0.4456304976129499, "Cab29": 79.42351361236922, "Cw29": 0.030957047403148114, "xscale29": 0.6803509814266073, "yscale29": 0.6803509814266073, "zscale29": 0.6803509814266073, "Cab30": 27.581818746101362, "Cw30": 0.02783176854483608, "xscale30": 0.41491967136438296, "yscale30": 0.41491967136438296, "zscale30": 0.41491967136438296, "Cab31": 38.95277326322001, "Cw31": 0.03798877643338284, "xscale31": 0.6859079973650876, "yscale31": 0.6859079973650876, "zscale31": 0.6859079973650876, "Cab32": 39.12999293131208, "Cw32": 0.02620385530868799, "xscale32": 0.4367280698137449, "yscale32": 0.4367280698137449, "zscale32": 0.4367280698137449, "Cab33": 73.85387487345943, "Cw33": 0.023447859797889, "xscale33": 0.4080337534953734, "yscale33": 0.4080337534953734, "zscale33": 0.4080337534953734, "Cab34": 59.444132128735504, "Cw34": 0.029318840893200318, "xscale34": 0.5371129116163864, "yscale34": 0.5371129116163864, "zscale34": 0.5371129116163864, "Cab35": 57.62282933416044, "Cw35": 0.03357965311443884, "xscale35": 0.4603002349668783, "yscale35": 0.4603002349668783, "zscale35": 0.4603002349668783, "Cab36": 84.40977140131632, "Cw36": 0.016211422279218363, "xscale36": 0.7362136472445413, "yscale36": 0.7362136472445413, "zscale36": 0.7362136472445413, "Cab37": 26.31000169336559, "Cw37": 0.02660403078092719, "xscale37": 0.45124462754986305, "yscale37": 0.45124462754986305, "zscale37": 0.45124462754986305, "Cab38": 75.95162158371542, "Cw38": 0.04465395116948564, "xscale38": 0.4376843685440601, "yscale38": 0.4376843685440601, "zscale38": 0.4376843685440601, "Cab39": 43.33990217085851, "Cw39": 0.03317288786319495, "xscale39": 0.7156445356874448, "yscale39": 0.7156445356874448, "zscale39": 0.7156445356874448, "Cab40": 39.50171303960229, "Cw40": 0.020567029597293222, "xscale40": 0.4414338982545418, "yscale40": 0.4414338982545418, "zscale40": 0.4414338982545418, "Cab41": 24.931879934891846, "Cw41": 0.015330636517271165, "xscale41": 0.6114935104916897, "yscale41": 0.6114935104916897, "zscale41": 0.6114935104916897, "Cab42": 63.426277623634306, "Cw42": 0.02682780997230475, "xscale42": 0.5332953728811195, "yscale42": 0.5332953728811195, "zscale42": 0.5332953728811195, "Cab43": 34.04936015439106, "Cw43": 0.036014079974819764, "xscale43": 0.6456973711423891, "yscale43": 0.6456973711423891, "zscale43": 0.6456973711423891, "Cab44": 57.01497989284982, "Cw44": 0.012252981853280161, "xscale44": 0.41051238350848734, "yscale44": 0.41051238350848734, "zscale44": 0.41051238350848734, "Cab45": 85.1612267057968, "Cw45": 0.017807834764495108, "xscale45": 0.3763170358999263, "yscale45": 0.3763170358999263, "zscale45": 0.3763170358999263, "Cab46": 22.665132212960685, "Cw46": 0.0440768299412067, "xscale46": 0.520472232152733, "yscale46": 0.520472232152733, "zscale46": 0.520472232152733, "Cab47": 85.01252635202484, "Cw47": 0.01667318671790891, "xscale47": 0.4194791319875599, "yscale47": 0.4194791319875599, "zscale47": 0.4194791319875599, "Cab48": 53.802658752615116, "Cw48": 0.015574559305977611, "xscale48": 0.5473451117156134, "yscale48": 0.5473451117156134, "zscale48": 0.5473451117156134, "Cab49": 54.35734985746256, "Cw49": 0.021165876806259903, "xscale49": 0.4388991200934523, "yscale49": 0.4388991200934523, "zscale49": 0.4388991200934523, "Cab50": 50.63792073951166, "Cw50": 0.018269234991226374, "xscale50": 0.7503267786427216, "yscale50": 0.7503267786427216, "zscale50": 0.7503267786427216, "Cab51": 46.02964036471177, "Cw51": 0.021321324325914028, "xscale51": 0.6269449513806801, "yscale51": 0.6269449513806801, "zscale51": 0.6269449513806801, "Cab52": 32.33198415010925, "Cw52": 0.03403302230056783,