{"Cab0": 84.48556332686559, "Cw0": 0.03394896772348287, "xscale0": 0.8078459159368656, "yscale0": 0.8078459159368656, "zscale0": 0.8078459159368656, "Cab1": 32.44533847567888, "Cw1": 0.02407869895409763, "xscale1": 0.6021150916832738, "yscale1": 0.6021150916832738, "zscale1": 0.6021150916832738, "Cab2": 80.79438282262124, "Cw2": 0.03789919465869166, "xscale2": 0.6479113266502006, "yscale2": 0.6479113266502006, "zscale2": 0.6479113266502006, "Cab3": 63.23983144213718, "Cw3": 0.016772904062184426, "xscale3": 0.5206429103670699, "yscale3": 0.5206429103670699, "zscale3": 0.5206429103670699, "Cab4": 28.934869900208646, "Cw4": 0.012654792066472593, "xscale4": 0.645815379532463, "yscale4": 0.645815379532463, "zscale4": 0.645815379532463, "Cab5": 30.018348354927774, "Cw5": 0.02559675037410715, "xscale5": 0.8008867463441678, "yscale5": 0.8008867463441678, "zscale5": 0.8008867463441678, "Cab6": 26.1800444845213, "Cw6": 0.041873071949749846, "xscale6": 0.5481167575783048, "yscale6": 0.5481167575783048, "zscale6": 0.5481167575783048, "Cab7": 24.175775139318112, "Cw7": 0.03896330299957241, "xscale7": 0.5713640047695724, "yscale7": 0.5713640047695724, "zscale7": 0.5713640047695724, "Cab8": 56.099663278559426, "Cw8": 0.018235425682071732, "xscale8": 0.6346543918732905, "yscale8": 0.6346543918732905, "zscale8": 0.6346543918732905, "Cab9": 75.16388396368214, "Cw9": 0.039728901341301956, "xscale9": 0.6688764911101419, "yscale9": 0.6688764911101419, "zscale9": 0.6688764911101419, "Cab10": 49.75191573270405, "Cw10": 0.013518581815789243, "xscale10": 0.5198153262553827, "yscale10": 0.5198153262553827, "zscale10": 0.5198153262553827, "Cab11": 23.1903492371383, "Cw11": 0.03356104367422722, "xscale11": 0.6379711473705453, "yscale11": 0.6379711473705453, "zscale11": 0.6379711473705453, "Cab12": 23.817767907320416, "Cw12": 0.024924974423499613, "xscale12": 0.5177151123611555, "yscale12": 0.5177151123611555, "zscale12": 0.5177151123611555, "Cab13": 28.245261341974846, "Cw13": 0.01868034431847699, "xscale13": 0.6965184019949193, "yscale13": 0.6965184019949193, "zscale13": 0.6965184019949193, "Cab14": 29.72736525257426, "Cw14": 0.04235903889227255, "xscale14": 0.4995838034724483, "yscale14": 0.4995838034724483, "zscale14": 0.4995838034724483, "Cab15": 67.99745425483633, "Cw15": 0.04793817019040664, "xscale15": 0.5401087550258289, "yscale15": 0.5401087550258289, "zscale15": 0.5401087550258289, "Cab16": 40.51644463377389, "Cw16": 0.018422218903957316, "xscale16": 0.5752367709005805, "yscale16": 0.5752367709005805, "zscale16": 0.5752367709005805, "Cab17": 75.92591671570821, "Cw17": 0.04795487431265822, "xscale17": 0.6353915257732069, "yscale17": 0.6353915257732069, "zscale17": 0.6353915257732069, "Cab18": 65.62838002634643, "Cw18": 0.041389298027775516, "xscale18": 0.5297769778082703, "yscale18": 0.5297769778082703, "zscale18": 0.5297769778082703, "Cab19": 45.463614934570835, "Cw19": 0.045521168858959266, "xscale19": 0.536492738088339, "yscale19": 0.536492738088339, "zscale19": 0.536492738088339, "Cab20": 28.362447945792127, "Cw20": 0.015939765293485918, "xscale20": 0.6698563201492054, "yscale20": 0.6698563201492054, "zscale20": 0.6698563201492054, "Cab21": 27.412999772980378, "Cw21": 0.019805052755149204, "xscale21": 0.47190341524127544, "yscale21": 0.47190341524127544, "zscale21": 0.47190341524127544, "Cab22": 69.55834612526667, "Cw22": 0.013431502378716096, "xscale22": 0.6023765603581387, "yscale22": 0.6023765603581387, "zscale22": 0.6023765603581387, "Cab23": 58.66233135416967, "Cw23": 0.024322638079692836, "xscale23": 0.5023451353063039, "yscale23": 0.5023451353063039, "zscale23": 0.5023451353063039, "Cab24": 41.46208048941247, "Cw24": 0.022306799053667795, "xscale24": 0.5330172295150915, "yscale24": 0.5330172295150915, "zscale24": 0.5330172295150915, "Cab25": 84.04817629133862, "Cw25": 0.03715565456846409, "xscale25": 0.7316633035676688, "yscale25": 0.7316633035676688, "zscale25": 0.7316633035676688, "Cab26": 76.06647777717782, "Cw26": 0.028827438692151687, "xscale26": 0.6777878212147036, "yscale26": 0.6777878212147036, "zscale26": 0.6777878212147036, "Cab27": 77.4830769184106, "Cw27": 0.013790363345087379, "xscale27": 0.3984406547285022, "yscale27": 0.3984406547285022, "zscale27": 0.3984406547285022, "Cab28": 45.819317867975556, "Cw28": 0.016497219571053445, "xscale28": 0.3767924874017778, "yscale28": 0.3767924874017778, "zscale28": 0.3767924874017778, "Cab29": 87.67953383522266, "Cw29": 0.030410700570995673, "xscale29": 0.6975991713787872, "yscale29": 0.6975991713787872, "zscale29": 0.6975991713787872, "Cab30": 85.09827819799521, "Cw30": 0.041529365264996516, "xscale30": 0.44252419158207684, "yscale30": 0.44252419158207684, "zscale30": 0.44252419158207684, "Cab31": 84.72638487898585, "Cw31": 0.02470843058513606, "xscale31": 0.6409884977100669, "yscale31": 0.6409884977100669, "zscale31": 0.6409884977100669, "Cab32": 55.98270721689532, "Cw32": 0.01675511772333744, "xscale32": 0.4739669502279062, "yscale32": 0.4739669502279062, "zscale32": 0.4739669502279062, "Cab33": 31.52392032730532, "Cw33": 0.03552680167863254, "xscale33": 0.38808878682324927, "yscale33": 0.38808878682324927, "zscale33": 0.38808878682324927, "Cab34": 64.5223747340427, "Cw34": 0.03489076993845629, "xscale34": 0.5668306147096112, "yscale34": 0.5668306147096112, "zscale34": 0.5668306147096112, "Cab35": 69.97784441223037, "Cw35": 0.04632341330352394, "xscale35": 0.38235848734435623, "yscale35": 0.38235848734435623, "zscale35": 0.38235848734435623, "Cab36": 48.61276165482572, "Cw36": 0.043365740959523426, "xscale36": 0.6168225001272675, "yscale36": 0.6168225001272675, "zscale36": 0.6168225001272675, "Cab37": 43.20685132824374, "Cw37": 0.04060393629773829, "xscale37": 0.4837344933373669, "yscale37": 0.4837344933373669, "zscale37": 0.4837344933373669, "Cab38": 77.54862310946373, "Cw38": 0.04478554032103785, "xscale38": 0.4034442697901728, "yscale38": 0.4034442697901728, "zscale38": 0.4034442697901728, "Cab39": 68.31707014218159, "Cw39": 0.04120250689290584, "xscale39": 0.5591275133561332, "yscale39": 0.5591275133561332, "zscale39": 0.5591275133561332, "Cab40": 84.18771951838175, "Cw40": 0.01727389875016637, "xscale40": 0.5527884936325653, "yscale40": 0.5527884936325653, "zscale40": 0.5527884936325653, "Cab41": 37.90135525962022, "Cw41": 0.028118323947356604, "xscale41": 0.4916663102545853, "yscale41": 0.4916663102545853, "zscale41": 0.4916663102545853, "Cab42": 67.59215294502985, "Cw42": 0.0156607574802223, "xscale42": 0.4809645312294666, "yscale42": 0.4809645312294666, "zscale42": 0.4809645312294666, "Cab43": 34.36175304813153, "Cw43": 0.03154912032758678, "xscale43": 0.6126241115500229, "yscale43": 0.6126241115500229, "zscale43": 0.6126241115500229, "Cab44": 81.90997801980292, "Cw44": 0.04550499041648451, "xscale44": 0.42422734424984043, "yscale44": 0.42422734424984043, "zscale44": 0.42422734424984043, "Cab45": 61.01793521861149, "Cw45": 0.022813525892364538, "xscale45": 0.40447972036540214, "yscale45": 0.40447972036540214, "zscale45": 0.40447972036540214, "Cab46": 42.18891983870065, "Cw46": 0.047729362703343096, "xscale46": 0.467182875821411, "yscale46": 0.467182875821411, "zscale46": 0.467182875821411, "Cab47": 86.53377765470113, "Cw47": 0.041243698223164656, "xscale47": 0.5824626471936408, "yscale47": 0.5824626471936408, "zscale47": 0.5824626471936408, "Cab48": 83.7546085523768, "Cw48": 0.04267193372471182, "xscale48": 0.6139806833792218, "yscale48": 0.6139806833792218, "zscale48": 0.6139806833792218, "Cab49": 63.92117456270246, "Cw49": 0.020629285518726136, "xscale49": 0.4694499148327885, "yscale49": 0.4694499148327885, "zscale49": 0.4694499148327885, "Cab50": 59.10713951534149, "Cw50": 0.016118386558782897, "xscale50": 0.6012744948704967, "yscale50": 0.6012744948704967, "zscale50": 0.6012744948704967, "Cab51": 45.54009590388998, "Cw51": 0.04415157521534812, "xscale51": 0.6117013569278548, "yscale51": 0.6117013569278548, "zscale51": 0.6117013569278548, "Cab52": 29.022291089996216,