{"Cab0": 49.729859532234165, "Cw0": 0.04999192094316072, "xscale0": 0.8714169045302184, "yscale0": 0.8714169045302184, "zscale0": 0.8714169045302184, "Cab1": 70.02282384232328, "Cw1": 0.017827579751622937, "xscale1": 0.6501657991731572, "yscale1": 0.6501657991731572, "zscale1": 0.6501657991731572, "Cab2": 63.71798674226882, "Cw2": 0.03300206836865724, "xscale2": 0.5680640269897225, "yscale2": 0.5680640269897225, "zscale2": 0.5680640269897225, "Cab3": 34.370065019317316, "Cw3": 0.04987164073262831, "xscale3": 0.55238189839287, "yscale3": 0.55238189839287, "zscale3": 0.55238189839287, "Cab4": 56.37603524264518, "Cw4": 0.027983123981862465, "xscale4": 0.5522567254456497, "yscale4": 0.5522567254456497, "zscale4": 0.5522567254456497, "Cab5": 69.1939376419679, "Cw5": 0.04624988389629795, "xscale5": 0.7355195953715142, "yscale5": 0.7355195953715142, "zscale5": 0.7355195953715142, "Cab6": 64.5883637487578, "Cw6": 0.019931318923640202, "xscale6": 0.5466045953767366, "yscale6": 0.5466045953767366, "zscale6": 0.5466045953767366, "Cab7": 75.48581049451363, "Cw7": 0.01503511134015774, "xscale7": 0.484739385849928, "yscale7": 0.484739385849928, "zscale7": 0.484739385849928, "Cab8": 59.499015383915996, "Cw8": 0.04854423411667542, "xscale8": 0.5576621257981246, "yscale8": 0.5576621257981246, "zscale8": 0.5576621257981246, "Cab9": 29.821848194640502, "Cw9": 0.027975231376124857, "xscale9": 0.667693296419306, "yscale9": 0.667693296419306, "zscale9": 0.667693296419306, "Cab10": 55.51670392528509, "Cw10": 0.0362669280504534, "xscale10": 0.4362807724352401, "yscale10": 0.4362807724352401, "zscale10": 0.4362807724352401, "Cab11": 64.56974875703472, "Cw11": 0.03683901004839831, "xscale11": 0.5718402252161279, "yscale11": 0.5718402252161279, "zscale11": 0.5718402252161279, "Cab12": 34.17677162149289, "Cw12": 0.02719918969599182, "xscale12": 0.5367241075830032, "yscale12": 0.5367241075830032, "zscale12": 0.5367241075830032, "Cab13": 77.71509920955646, "Cw13": 0.04465951138365262, "xscale13": 0.5112530454494802, "yscale13": 0.5112530454494802, "zscale13": 0.5112530454494802, "Cab14": 56.24832918147101, "Cw14": 0.01724625228513589, "xscale14": 0.48678098850166324, "yscale14": 0.48678098850166324, "zscale14": 0.48678098850166324, "Cab15": 37.88090616895752, "Cw15": 0.03257013757313623, "xscale15": 0.4657444070598442, "yscale15": 0.4657444070598442, "zscale15": 0.4657444070598442, "Cab16": 21.099296577595485, "Cw16": 0.0229029218106443, "xscale16": 0.5599663962570619, "yscale16": 0.5599663962570619, "zscale16": 0.5599663962570619, "Cab17": 68.41584677943362, "Cw17": 0.04926422540283325, "xscale17": 0.5491061616032479, "yscale17": 0.5491061616032479, "zscale17": 0.5491061616032479, "Cab18": 88.03604659240298, "Cw18": 0.013694189731573414, "xscale18": 0.5484480186594346, "yscale18": 0.5484480186594346, "zscale18": 0.5484480186594346, "Cab19": 62.75278834809257, "Cw19": 0.04860792627203044, "xscale19": 0.5049413501810388, "yscale19": 0.5049413501810388, "zscale19": 0.5049413501810388, "Cab20": 76.08038124627119, "Cw20": 0.036712243152399834, "xscale20": 0.6544410945068695, "yscale20": 0.6544410945068695, "zscale20": 0.6544410945068695, "Cab21": 40.53553977523224, "Cw21": 0.030385880977513775, "xscale21": 0.5809327055996977, "yscale21": 0.5809327055996977, "zscale21": 0.5809327055996977, "Cab22": 52.127890410314905, "Cw22": 0.02711291524420579, "xscale22": 0.564370487580529, "yscale22": 0.564370487580529, "zscale22": 0.564370487580529, "Cab23": 28.466599635607253, "Cw23": 0.021567525684386153, "xscale23": 0.6047277543866532, "yscale23": 0.6047277543866532, "zscale23": 0.6047277543866532, "Cab24": 89.42137379150574, "Cw24": 0.02689894644860387, "xscale24": 0.5256749999943873, "yscale24": 0.5256749999943873, "zscale24": 0.5256749999943873, "Cab25": 54.129959412137076, "Cw25": 0.04365864727469175, "xscale25": 0.5929075535889644, "yscale25": 0.5929075535889644, "zscale25": 0.5929075535889644, "Cab26": 48.10123013683079, "Cw26": 0.011365158726991759, "xscale26": 0.6948647585386484, "yscale26": 0.6948647585386484, "zscale26": 0.6948647585386484, "Cab27": 41.94120450830552, "Cw27": 0.03267273877061713, "xscale27": 0.42893898833647487, "yscale27": 0.42893898833647487, "zscale27": 0.42893898833647487, "Cab28": 23.02646997084508, "Cw28": 0.019795050503075475, "xscale28": 0.427629251326287, "yscale28": 0.427629251326287, "zscale28": 0.427629251326287, "Cab29": 86.33747096105691, "Cw29": 0.04669933010241514, "xscale29": 0.532138674261931, "yscale29": 0.532138674261931, "zscale29": 0.532138674261931, "Cab30": 26.779307657612332, "Cw30": 0.041358640607674975, "xscale30": 0.34503047954046306, "yscale30": 0.34503047954046306, "zscale30": 0.34503047954046306, "Cab31": 29.173264099534236, "Cw31": 0.04733864631497889, "xscale31": 0.6560278768325004, "yscale31": 0.6560278768325004, "zscale31": 0.6560278768325004, "Cab32": 46.181189904006544, "Cw32": 0.03565847423715246, "xscale32": 0.5651642994658512, "yscale32": 0.5651642994658512, "zscale32": 0.5651642994658512, "Cab33": 88.12420691268908, "Cw33": 0.027783791077727944, "xscale33": 0.5228111194219534, "yscale33": 0.5228111194219534, "zscale33": 0.5228111194219534, "Cab34": 27.942610087931612, "Cw34": 0.03408105071957887, "xscale34": 0.4266876469608473, "yscale34": 0.4266876469608473, "zscale34": 0.4266876469608473, "Cab35": 85.55477586227077, "Cw35": 0.027036470685286022, "xscale35": 0.41296015739562175, "yscale35": 0.41296015739562175, "zscale35": 0.41296015739562175, "Cab36": 65.95643818960721, "Cw36": 0.02119384758844585, "xscale36": 0.5617836678755342, "yscale36": 0.5617836678755342, "zscale36": 0.5617836678755342, "Cab37": 82.76466671443416, "Cw37": 0.04389144967935708, "xscale37": 0.43562923547400684, "yscale37": 0.43562923547400684, "zscale37": 0.43562923547400684, "Cab38": 30.755426964863588, "Cw38": 0.030743417397068894, "xscale38": 0.5246759073392665, "yscale38": 0.5246759073392665, "zscale38": 0.5246759073392665, "Cab39": 36.26003191460872, "Cw39": 0.0397142333341978, "xscale39": 0.5183495334663761, "yscale39": 0.5183495334663761, "zscale39": 0.5183495334663761, "Cab40": 43.77399170664272, "Cw40": 0.03657266375925953, "xscale40": 0.5742011785436891, "yscale40": 0.5742011785436891, "zscale40": 0.5742011785436891, "Cab41": 82.2743632649262, "Cw41": 0.011039040209256572, "xscale41": 0.5443094004912863, "yscale41": 0.5443094004912863, "zscale41": 0.5443094004912863, "Cab42": 50.30123800673944, "Cw42": 0.02702356546131187, "xscale42": 0.5625566953131218, "yscale42": 0.5625566953131218, "zscale42": 0.5625566953131218, "Cab43": 54.659004440407024, "Cw43": 0.026267443409641197, "xscale43": 0.6272906215296018, "yscale43": 0.6272906215296018, "zscale43": 0.6272906215296018, "Cab44": 26.437321103265646, "Cw44": 0.0317864557295351, "xscale44": 0.43585937678401243, "yscale44": 0.43585937678401243, "zscale44": 0.43585937678401243, "Cab45": 64.77329012830185, "Cw45": 0.028054098457088894, "xscale45": 0.3574212715035849, "yscale45": 0.3574212715035849, "zscale45": 0.3574212715035849, "Cab46": 57.08852814661795, "Cw46": 0.04665393992903706, "xscale46": 0.5365256508020604, "yscale46": 0.5365256508020604, "zscale46": 0.5365256508020604, "Cab47": 28.15768242784626, "Cw47": 0.03373857077242732, "xscale47": 0.6108814466472663, "yscale47": 0.6108814466472663, "zscale47": 0.6108814466472663, "Cab48": 43.68023863937829, "Cw48": 0.030048635669376392, "xscale48": 0.5567150056345818, "yscale48": 0.5567150056345818, "zscale48": 0.5567150056345818, "Cab49": 57.57300583595282, "Cw49": 0.042166099794566404, "xscale49": 0.41601444706956225, "yscale49": 0.41601444706956225, "zscale49": 0.41601444706956225, "Cab50": 64.9561417688527, "Cw50": 0.024480158594093082, "xscale50": 0.6012070063654785, "yscale50": 0.6012070063654785, "zscale50": 0.6012070063654785, "Cab51": 52.86469522306692, "Cw51": 0.03978657773291761, "xscale51": 0.8154419102326782, "yscale51": 0.8154419102326782, "zscale51": 0.8154419102326782, "Cab52": 49.426922002983375, "Cw52": 0.02044247598758112,