{"Cab0": 53.394089662807424, "Cw0": 0.02015474405116629, "xscale0": 0.7417404950030202, "yscale0": 0.7417404950030202, "zscale0": 0.7417404950030202, "Cab1": 63.039131051060075, "Cw1": 0.03921503795855132, "xscale1": 0.6971368606762102, "yscale1": 0.6971368606762102, "zscale1": 0.6971368606762102, "Cab2": 35.99391150205282, "Cw2": 0.018970400227557922, "xscale2": 0.6387576992407785, "yscale2": 0.6387576992407785, "zscale2": 0.6387576992407785, "Cab3": 76.41604609712543, "Cw3": 0.036784655737162865, "xscale3": 0.419398912648373, "yscale3": 0.419398912648373, "zscale3": 0.419398912648373, "Cab4": 45.6580873503144, "Cw4": 0.024104454352552276, "xscale4": 0.5363193195770939, "yscale4": 0.5363193195770939, "zscale4": 0.5363193195770939, "Cab5": 51.03367247473664, "Cw5": 0.025149746976320806, "xscale5": 0.8036797092062987, "yscale5": 0.8036797092062987, "zscale5": 0.8036797092062987, "Cab6": 75.22617428779091, "Cw6": 0.032940114225700555, "xscale6": 0.48968335504906846, "yscale6": 0.48968335504906846, "zscale6": 0.48968335504906846, "Cab7": 45.00798266813909, "Cw7": 0.03166501605082288, "xscale7": 0.6405665667583378, "yscale7": 0.6405665667583378, "zscale7": 0.6405665667583378, "Cab8": 51.36566819396316, "Cw8": 0.043702793054646735, "xscale8": 0.6203128157432475, "yscale8": 0.6203128157432475, "zscale8": 0.6203128157432475, "Cab9": 44.44532001355393, "Cw9": 0.03265673281278038, "xscale9": 0.5547655843214268, "yscale9": 0.5547655843214268, "zscale9": 0.5547655843214268, "Cab10": 47.96274099151513, "Cw10": 0.040952492025639914, "xscale10": 0.42431526255059576, "yscale10": 0.42431526255059576, "zscale10": 0.42431526255059576, "Cab11": 32.14715712681633, "Cw11": 0.01373690311593633, "xscale11": 0.735434651559363, "yscale11": 0.735434651559363, "zscale11": 0.735434651559363, "Cab12": 82.88336546249104, "Cw12": 0.04854720359149353, "xscale12": 0.4881195888371272, "yscale12": 0.4881195888371272, "zscale12": 0.4881195888371272, "Cab13": 75.6660400986799, "Cw13": 0.049749727125682465, "xscale13": 0.6598153666093839, "yscale13": 0.6598153666093839, "zscale13": 0.6598153666093839, "Cab14": 81.856569378932, "Cw14": 0.02084006615407596, "xscale14": 0.464958023900081, "yscale14": 0.464958023900081, "zscale14": 0.464958023900081, "Cab15": 46.364750081577, "Cw15": 0.02883670734726105, "xscale15": 0.46685991096636487, "yscale15": 0.46685991096636487, "zscale15": 0.46685991096636487, "Cab16": 69.1548172757706, "Cw16": 0.03969439619636079, "xscale16": 0.656951574723425, "yscale16": 0.656951574723425, "zscale16": 0.656951574723425, "Cab17": 75.3118780130506, "Cw17": 0.01572524558851881, "xscale17": 0.650901382124916, "yscale17": 0.650901382124916, "zscale17": 0.650901382124916, "Cab18": 69.99308015761073, "Cw18": 0.0297253663499549, "xscale18": 0.5894512770618859, "yscale18": 0.5894512770618859, "zscale18": 0.5894512770618859, "Cab19": 21.876777887876763, "Cw19": 0.011523079138061085, "xscale19": 0.574017767373394, "yscale19": 0.574017767373394, "zscale19": 0.574017767373394, "Cab20": 50.81162599455418, "Cw20": 0.024011335367199987, "xscale20": 0.6899799331528554, "yscale20": 0.6899799331528554, "zscale20": 0.6899799331528554, "Cab21": 70.70106463014622, "Cw21": 0.01722179189070397, "xscale21": 0.6102134572066864, "yscale21": 0.6102134572066864, "zscale21": 0.6102134572066864, "Cab22": 50.328998470467276, "Cw22": 0.030124163794836865, "xscale22": 0.5080204555569324, "yscale22": 0.5080204555569324, "zscale22": 0.5080204555569324, "Cab23": 25.52347784793315, "Cw23": 0.041160873652149176, "xscale23": 0.6415672416542488, "yscale23": 0.6415672416542488, "zscale23": 0.6415672416542488, "Cab24": 31.2859238518586, "Cw24": 0.010308280255347082, "xscale24": 0.6354324122327932, "yscale24": 0.6354324122327932, "zscale24": 0.6354324122327932, "Cab25": 55.33630793288488, "Cw25": 0.012236410063000292, "xscale25": 0.5393719328372452, "yscale25": 0.5393719328372452, "zscale25": 0.5393719328372452, "Cab26": 87.96120692937374, "Cw26": 0.037317675059368685, "xscale26": 0.5729473231632956, "yscale26": 0.5729473231632956, "zscale26": 0.5729473231632956, "Cab27": 43.130533143821395, "Cw27": 0.02194994848060572, "xscale27": 0.4662788820321544, "yscale27": 0.4662788820321544, "zscale27": 0.4662788820321544, "Cab28": 41.669426319302964, "Cw28": 0.027605000317038594, "xscale28": 0.49288308438591616, "yscale28": 0.49288308438591616, "zscale28": 0.49288308438591616, "Cab29": 64.51161353452974, "Cw29": 0.021503986792433212, "xscale29": 0.5648033051456713, "yscale29": 0.5648033051456713, "zscale29": 0.5648033051456713, "Cab30": 55.59321515112745, "Cw30": 0.048982347996140735, "xscale30": 0.3617965969693087, "yscale30": 0.3617965969693087, "zscale30": 0.3617965969693087, "Cab31": 56.198348588448994, "Cw31": 0.019584258064521826, "xscale31": 0.519853371579047, "yscale31": 0.519853371579047, "zscale31": 0.519853371579047, "Cab32": 25.445404986984805, "Cw32": 0.043970791736920076, "xscale32": 0.5346627406808164, "yscale32": 0.5346627406808164, "zscale32": 0.5346627406808164, "Cab33": 61.02685092612002, "Cw33": 0.01232827967771688, "xscale33": 0.4563501008167978, "yscale33": 0.4563501008167978, "zscale33": 0.4563501008167978, "Cab34": 50.53221857282474, "Cw34": 0.039019849885084036, "xscale34": 0.5780994474099242, "yscale34": 0.5780994474099242, "zscale34": 0.5780994474099242, "Cab35": 40.269785408438025, "Cw35": 0.03690944484000979, "xscale35": 0.3535272392754235, "yscale35": 0.3535272392754235, "zscale35": 0.3535272392754235, "Cab36": 83.76677750775019, "Cw36": 0.049035669269613606, "xscale36": 0.7085407289702504, "yscale36": 0.7085407289702504, "zscale36": 0.7085407289702504, "Cab37": 61.08780653425316, "Cw37": 0.02451881753859018, "xscale37": 0.4454155873183673, "yscale37": 0.4454155873183673, "zscale37": 0.4454155873183673, "Cab38": 51.7043524644306, "Cw38": 0.02196584587409216, "xscale38": 0.5385013227404252, "yscale38": 0.5385013227404252, "zscale38": 0.5385013227404252, "Cab39": 23.21374687853307, "Cw39": 0.03779062081560621, "xscale39": 0.6531908202994443, "yscale39": 0.6531908202994443, "zscale39": 0.6531908202994443, "Cab40": 20.24943796670678, "Cw40": 0.04860065968148718, "xscale40": 0.4621285362775056, "yscale40": 0.4621285362775056, "zscale40": 0.4621285362775056, "Cab41": 35.5933227376358, "Cw41": 0.014986351681900363, "xscale41": 0.47993395619942736, "yscale41": 0.47993395619942736, "zscale41": 0.47993395619942736, "Cab42": 78.96994311003378, "Cw42": 0.034656928773433605, "xscale42": 0.6405731334407139, "yscale42": 0.6405731334407139, "zscale42": 0.6405731334407139, "Cab43": 44.30905605622628, "Cw43": 0.029602209056436457, "xscale43": 0.6305470187223515, "yscale43": 0.6305470187223515, "zscale43": 0.6305470187223515, "Cab44": 78.07018144645876, "Cw44": 0.016735148026933086, "xscale44": 0.47870266932569455, "yscale44": 0.47870266932569455, "zscale44": 0.47870266932569455, "Cab45": 59.66030192087302, "Cw45": 0.01803341676394667, "xscale45": 0.3805482554314109, "yscale45": 0.3805482554314109, "zscale45": 0.3805482554314109, "Cab46": 44.400285219435276, "Cw46": 0.04780426046379846, "xscale46": 0.45865006189118357, "yscale46": 0.45865006189118357, "zscale46": 0.45865006189118357, "Cab47": 56.01494031897703, "Cw47": 0.027835798906106754, "xscale47": 0.5980338862292793, "yscale47": 0.5980338862292793, "zscale47": 0.5980338862292793, "Cab48": 24.770471547248263, "Cw48": 0.016773027097818964, "xscale48": 0.6726082525409078, "yscale48": 0.6726082525409078, "zscale48": 0.6726082525409078, "Cab49": 47.25516438132322, "Cw49": 0.04091614558302236, "xscale49": 0.4081656366492995, "yscale49": 0.4081656366492995, "zscale49": 0.4081656366492995, "Cab50": 71.6889645883434, "Cw50": 0.041697525192658375, "xscale50": 0.6744208606291259, "yscale50": 0.6744208606291259, "zscale50": 0.6744208606291259, "Cab51": 79.05616535459392, "Cw51": 0.04012830519076583, "xscale51": 0.5858958449472784, "yscale51": 0.5858958449472784, "zscale51": 0.5858958449472784, "Cab52": 33.576419341475486, "Cw52": 0.032052865872863746,