{"Cab0": 32.22797037370306, "Cw0": 0.018727439331722134, "xscale0": 0.6277925012228908, "yscale0": 0.6277925012228908, "zscale0": 0.6277925012228908, "Cab1": 52.539456178367374, "Cw1": 0.03268988044258221, "xscale1": 0.4885191941019596, "yscale1": 0.4885191941019596, "zscale1": 0.4885191941019596, "Cab2": 88.0231643259078, "Cw2": 0.02433083467576711, "xscale2": 0.5656769842586125, "yscale2": 0.5656769842586125, "zscale2": 0.5656769842586125, "Cab3": 31.317740151360688, "Cw3": 0.02091208188856839, "xscale3": 0.4376860077935655, "yscale3": 0.4376860077935655, "zscale3": 0.4376860077935655, "Cab4": 76.31143428488957, "Cw4": 0.03233643910193639, "xscale4": 0.5050381609939122, "yscale4": 0.5050381609939122, "zscale4": 0.5050381609939122, "Cab5": 62.08768872531471, "Cw5": 0.04933160022359327, "xscale5": 0.6274310836762228, "yscale5": 0.6274310836762228, "zscale5": 0.6274310836762228, "Cab6": 33.05909697684888, "Cw6": 0.04884874264031826, "xscale6": 0.654004908534279, "yscale6": 0.654004908534279, "zscale6": 0.654004908534279, "Cab7": 37.403672788118605, "Cw7": 0.03998483505321002, "xscale7": 0.519701020761628, "yscale7": 0.519701020761628, "zscale7": 0.519701020761628, "Cab8": 43.74675570752322, "Cw8": 0.019210894384915172, "xscale8": 0.46298214051375025, "yscale8": 0.46298214051375025, "zscale8": 0.46298214051375025, "Cab9": 52.265127987682796, "Cw9": 0.029395716321451534, "xscale9": 0.6623063248210627, "yscale9": 0.6623063248210627, "zscale9": 0.6623063248210627, "Cab10": 71.32104723574449, "Cw10": 0.041562784362653135, "xscale10": 0.49100412384360126, "yscale10": 0.49100412384360126, "zscale10": 0.49100412384360126, "Cab11": 65.59671925124611, "Cw11": 0.01832335642091426, "xscale11": 0.6466646482270273, "yscale11": 0.6466646482270273, "zscale11": 0.6466646482270273, "Cab12": 26.06040993861103, "Cw12": 0.01732476538238778, "xscale12": 0.47279982713401186, "yscale12": 0.47279982713401186, "zscale12": 0.47279982713401186, "Cab13": 56.9817623097015, "Cw13": 0.03768452099726561, "xscale13": 0.5944308213072701, "yscale13": 0.5944308213072701, "zscale13": 0.5944308213072701, "Cab14": 87.90100478670321, "Cw14": 0.03190248420981142, "xscale14": 0.6382144294453903, "yscale14": 0.6382144294453903, "zscale14": 0.6382144294453903, "Cab15": 42.04028000030971, "Cw15": 0.04702148182582587, "xscale15": 0.47384988542060275, "yscale15": 0.47384988542060275, "zscale15": 0.47384988542060275, "Cab16": 72.54270157705568, "Cw16": 0.020782799298414714, "xscale16": 0.4876959619678378, "yscale16": 0.4876959619678378, "zscale16": 0.4876959619678378, "Cab17": 49.4554729105665, "Cw17": 0.037530720864601935, "xscale17": 0.5981851212463862, "yscale17": 0.5981851212463862, "zscale17": 0.5981851212463862, "Cab18": 61.62136793579579, "Cw18": 0.02730086712395518, "xscale18": 0.5543045715756549, "yscale18": 0.5543045715756549, "zscale18": 0.5543045715756549, "Cab19": 34.67457581714256, "Cw19": 0.011572352361085319, "xscale19": 0.457769216692598, "yscale19": 0.457769216692598, "zscale19": 0.457769216692598, "Cab20": 58.55288586582156, "Cw20": 0.017297226585400692, "xscale20": 0.52727862394095, "yscale20": 0.52727862394095, "zscale20": 0.52727862394095, "Cab21": 64.6258655687019, "Cw21": 0.01467662375674975, "xscale21": 0.43006907433960667, "yscale21": 0.43006907433960667, "zscale21": 0.43006907433960667, "Cab22": 80.05938773518619, "Cw22": 0.04541956327780576, "xscale22": 0.5298129209939269, "yscale22": 0.5298129209939269, "zscale22": 0.5298129209939269, "Cab23": 51.673963801324746, "Cw23": 0.01551482705764129, "xscale23": 0.5784317345105326, "yscale23": 0.5784317345105326, "zscale23": 0.5784317345105326, "Cab24": 87.28018955852599, "Cw24": 0.04326705560415459, "xscale24": 0.5006473822459061, "yscale24": 0.5006473822459061, "zscale24": 0.5006473822459061, "Cab25": 71.5206645857913, "Cw25": 0.010081316177913453, "xscale25": 0.5938630719630712, "yscale25": 0.5938630719630712, "zscale25": 0.5938630719630712, "Cab26": 76.66812203802047, "Cw26": 0.04906454716062605, "xscale26": 0.5091900580834083, "yscale26": 0.5091900580834083, "zscale26": 0.5091900580834083, "Cab27": 80.5104957427227, "Cw27": 0.03205201619588391, "xscale27": 0.3675337889076915, "yscale27": 0.3675337889076915, "zscale27": 0.3675337889076915, "Cab28": 37.31877356728634, "Cw28": 0.03387790583579803, "xscale28": 0.4525930589923812, "yscale28": 0.4525930589923812, "zscale28": 0.4525930589923812, "Cab29": 71.00161828247431, "Cw29": 0.014911286225270564, "xscale29": 0.6649632004281262, "yscale29": 0.6649632004281262, "zscale29": 0.6649632004281262, "Cab30": 40.48290245140652, "Cw30": 0.030465913030626325, "xscale30": 0.42189910879744247, "yscale30": 0.42189910879744247, "zscale30": 0.42189910879744247, "Cab31": 87.85693279623914, "Cw31": 0.04408938437403684, "xscale31": 0.7020434077724369, "yscale31": 0.7020434077724369, "zscale31": 0.7020434077724369, "Cab32": 68.26265311675635, "Cw32": 0.03973647226005416, "xscale32": 0.5531374882743085, "yscale32": 0.5531374882743085, "zscale32": 0.5531374882743085, "Cab33": 63.89016383487141, "Cw33": 0.01679128990141524, "xscale33": 0.46637412243399656, "yscale33": 0.46637412243399656, "zscale33": 0.46637412243399656, "Cab34": 53.84201608976994, "Cw34": 0.04203765323180856, "xscale34": 0.4327329882568961, "yscale34": 0.4327329882568961, "zscale34": 0.4327329882568961, "Cab35": 40.35257816386834, "Cw35": 0.04040762854503775, "xscale35": 0.40211095579124395, "yscale35": 0.40211095579124395, "zscale35": 0.40211095579124395, "Cab36": 66.6826987960037, "Cw36": 0.010475599317486477, "xscale36": 0.7273037840845461, "yscale36": 0.7273037840845461, "zscale36": 0.7273037840845461, "Cab37": 87.92255970477748, "Cw37": 0.013365630205734957, "xscale37": 0.42695019690337455, "yscale37": 0.42695019690337455, "zscale37": 0.42695019690337455, "Cab38": 28.826014873042002, "Cw38": 0.028282481181930372, "xscale38": 0.5111043365164273, "yscale38": 0.5111043365164273, "zscale38": 0.5111043365164273, "Cab39": 37.377221659281396, "Cw39": 0.018205579212753294, "xscale39": 0.6067147661921999, "yscale39": 0.6067147661921999, "zscale39": 0.6067147661921999, "Cab40": 76.57421641972232, "Cw40": 0.02852447374298555, "xscale40": 0.46812911610430397, "yscale40": 0.46812911610430397, "zscale40": 0.46812911610430397, "Cab41": 67.68520795128738, "Cw41": 0.012286907336586394, "xscale41": 0.5275695532431174, "yscale41": 0.5275695532431174, "zscale41": 0.5275695532431174, "Cab42": 80.66898027767203, "Cw42": 0.013528883699355747, "xscale42": 0.562339424097761, "yscale42": 0.562339424097761, "zscale42": 0.562339424097761, "Cab43": 78.27491471049727, "Cw43": 0.030297186074489828, "xscale43": 0.5775000117322259, "yscale43": 0.5775000117322259, "zscale43": 0.5775000117322259, "Cab44": 30.094763790448916, "Cw44": 0.04719900477644084, "xscale44": 0.4807052778643016, "yscale44": 0.4807052778643016, "zscale44": 0.4807052778643016, "Cab45": 80.1122223502714, "Cw45": 0.0140769078951264, "xscale45": 0.3328504494991096, "yscale45": 0.3328504494991096, "zscale45": 0.3328504494991096, "Cab46": 38.069784402036525, "Cw46": 0.012748847642369322, "xscale46": 0.4128848191619261, "yscale46": 0.4128848191619261, "zscale46": 0.4128848191619261, "Cab47": 50.30903853296631, "Cw47": 0.012101756003920067, "xscale47": 0.5131962728026264, "yscale47": 0.5131962728026264, "zscale47": 0.5131962728026264, "Cab48": 58.32452222577666, "Cw48": 0.04817352434233155, "xscale48": 0.5515952785135799, "yscale48": 0.5515952785135799, "zscale48": 0.5515952785135799, "Cab49": 24.420160522855284, "Cw49": 0.025286907357676858, "xscale49": 0.5638811248908213, "yscale49": 0.5638811248908213, "zscale49": 0.5638811248908213, "Cab50": 75.23287641400168, "Cw50": 0.017742094269792136, "xscale50": 0.5536096170341348, "yscale50": 0.5536096170341348, "zscale50": 0.5536096170341348, "Cab51": 53.02569060373768, "Cw51": 0.04350776406829615, "xscale51": 0.6407728968126084, "yscale51": 0.6407728968126084, "zscale51": 0.6407728968126084, "Cab52": 27.02393612954841, "Cw52": 0.020733811352087354,