{"Cab0": 55.83107834311977, "Cw0": 0.03871480220619156, "xscale0": 0.6560601521518665, "yscale0": 0.6560601521518665, "zscale0": 0.6560601521518665, "Cab1": 62.80088437042692, "Cw1": 0.027796100608597905, "xscale1": 0.47427167557242267, "yscale1": 0.47427167557242267, "zscale1": 0.47427167557242267, "Cab2": 28.364486878836047, "Cw2": 0.02282055545847736, "xscale2": 0.6128394200454649, "yscale2": 0.6128394200454649, "zscale2": 0.6128394200454649, "Cab3": 30.202116003586468, "Cw3": 0.017207836009346063, "xscale3": 0.5637909422082783, "yscale3": 0.5637909422082783, "zscale3": 0.5637909422082783, "Cab4": 30.32709676823027, "Cw4": 0.03381722734902274, "xscale4": 0.6154855627689905, "yscale4": 0.6154855627689905, "zscale4": 0.6154855627689905, "Cab5": 22.824456373794046, "Cw5": 0.03338102889023556, "xscale5": 0.9098060399676511, "yscale5": 0.9098060399676511, "zscale5": 0.9098060399676511, "Cab6": 75.2508639082701, "Cw6": 0.02562956890871968, "xscale6": 0.5874340157428533, "yscale6": 0.5874340157428533, "zscale6": 0.5874340157428533, "Cab7": 38.267302641182354, "Cw7": 0.02692445707878839, "xscale7": 0.600892206516492, "yscale7": 0.600892206516492, "zscale7": 0.600892206516492, "Cab8": 30.779268664960924, "Cw8": 0.011903545601711966, "xscale8": 0.5591532666452625, "yscale8": 0.5591532666452625, "zscale8": 0.5591532666452625, "Cab9": 81.8922772918677, "Cw9": 0.04800564163411415, "xscale9": 0.7610276448613493, "yscale9": 0.7610276448613493, "zscale9": 0.7610276448613493, "Cab10": 63.45306303733121, "Cw10": 0.018589847720515508, "xscale10": 0.4390585015108466, "yscale10": 0.4390585015108466, "zscale10": 0.4390585015108466, "Cab11": 60.80504981086348, "Cw11": 0.018328208749134142, "xscale11": 0.672791600587181, "yscale11": 0.672791600587181, "zscale11": 0.672791600587181, "Cab12": 40.887166585023806, "Cw12": 0.028703991341468588, "xscale12": 0.6247330926477404, "yscale12": 0.6247330926477404, "zscale12": 0.6247330926477404, "Cab13": 51.29966739849673, "Cw13": 0.027580325634247234, "xscale13": 0.6897676083523852, "yscale13": 0.6897676083523852, "zscale13": 0.6897676083523852, "Cab14": 56.511445579942944, "Cw14": 0.010795844808651403, "xscale14": 0.45759270278590775, "yscale14": 0.45759270278590775, "zscale14": 0.45759270278590775, "Cab15": 44.806543831338445, "Cw15": 0.025190247999862032, "xscale15": 0.5674242561295372, "yscale15": 0.5674242561295372, "zscale15": 0.5674242561295372, "Cab16": 20.125059373554574, "Cw16": 0.03801496615136161, "xscale16": 0.6677564048799466, "yscale16": 0.6677564048799466, "zscale16": 0.6677564048799466, "Cab17": 26.212591702490016, "Cw17": 0.031740653650860394, "xscale17": 0.6541549394127615, "yscale17": 0.6541549394127615, "zscale17": 0.6541549394127615, "Cab18": 31.674146573877593, "Cw18": 0.04012563804730485, "xscale18": 0.6319529687767739, "yscale18": 0.6319529687767739, "zscale18": 0.6319529687767739, "Cab19": 56.07080914997803, "Cw19": 0.04867076125142087, "xscale19": 0.6553817927919465, "yscale19": 0.6553817927919465, "zscale19": 0.6553817927919465, "Cab20": 40.24650357073506, "Cw20": 0.03212231724847082, "xscale20": 0.6432501378466018, "yscale20": 0.6432501378466018, "zscale20": 0.6432501378466018, "Cab21": 38.56700539188314, "Cw21": 0.011369965185198451, "xscale21": 0.5097284425577833, "yscale21": 0.5097284425577833, "zscale21": 0.5097284425577833, "Cab22": 76.4880423347748, "Cw22": 0.032099216549166296, "xscale22": 0.6055208174858631, "yscale22": 0.6055208174858631, "zscale22": 0.6055208174858631, "Cab23": 55.8821167619662, "Cw23": 0.04903271853740543, "xscale23": 0.6399676750020399, "yscale23": 0.6399676750020399, "zscale23": 0.6399676750020399, "Cab24": 61.15011742395602, "Cw24": 0.03093664440688329, "xscale24": 0.48915015960150793, "yscale24": 0.48915015960150793, "zscale24": 0.48915015960150793, "Cab25": 30.930228625403767, "Cw25": 0.045852541642696, "xscale25": 0.7053630962598751, "yscale25": 0.7053630962598751, "zscale25": 0.7053630962598751, "Cab26": 53.65381876891882, "Cw26": 0.03066662463577969, "xscale26": 0.5802878927883964, "yscale26": 0.5802878927883964, "zscale26": 0.5802878927883964, "Cab27": 64.95002020284659, "Cw27": 0.04098191557130506, "xscale27": 0.467345436149535, "yscale27": 0.467345436149535, "zscale27": 0.467345436149535, "Cab28": 50.836163042120155, "Cw28": 0.028029994014688517, "xscale28": 0.4185002992963234, "yscale28": 0.4185002992963234, "zscale28": 0.4185002992963234, "Cab29": 27.723779323499272, "Cw29": 0.045996615006342285, "xscale29": 0.569988507600917, "yscale29": 0.569988507600917, "zscale29": 0.569988507600917, "Cab30": 22.384423615026165, "Cw30": 0.047912523646144574, "xscale30": 0.4207987605484332, "yscale30": 0.4207987605484332, "zscale30": 0.4207987605484332, "Cab31": 84.69422975560616, "Cw31": 0.011301772940863946, "xscale31": 0.6283107761566433, "yscale31": 0.6283107761566433, "zscale31": 0.6283107761566433, "Cab32": 39.970172577929205, "Cw32": 0.040806884463004664, "xscale32": 0.45868187126764504, "yscale32": 0.45868187126764504, "zscale32": 0.45868187126764504, "Cab33": 79.75381475052512, "Cw33": 0.01457514119907962, "xscale33": 0.5629866264468867, "yscale33": 0.5629866264468867, "zscale33": 0.5629866264468867, "Cab34": 81.77099810976372, "Cw34": 0.03171099836101708, "xscale34": 0.4360316706468663, "yscale34": 0.4360316706468663, "zscale34": 0.4360316706468663, "Cab35": 25.430473877255174, "Cw35": 0.04147736075015894, "xscale35": 0.48082532343816126, "yscale35": 0.48082532343816126, "zscale35": 0.48082532343816126, "Cab36": 49.804474655507704, "Cw36": 0.041584285115328, "xscale36": 0.5220829503084304, "yscale36": 0.5220829503084304, "zscale36": 0.5220829503084304, "Cab37": 43.89236662959824, "Cw37": 0.02614640496925852, "xscale37": 0.36154673007402244, "yscale37": 0.36154673007402244, "zscale37": 0.36154673007402244, "Cab38": 28.32899854968029, "Cw38": 0.030111541059862038, "xscale38": 0.49731721765959175, "yscale38": 0.49731721765959175, "zscale38": 0.49731721765959175, "Cab39": 34.548918937230674, "Cw39": 0.029526633954175804, "xscale39": 0.7163590166659914, "yscale39": 0.7163590166659914, "zscale39": 0.7163590166659914, "Cab40": 71.55860501049753, "Cw40": 0.015105992960092567, "xscale40": 0.6431195080353911, "yscale40": 0.6431195080353911, "zscale40": 0.6431195080353911, "Cab41": 76.4953629321913, "Cw41": 0.03363372491129553, "xscale41": 0.5981027383902112, "yscale41": 0.5981027383902112, "zscale41": 0.5981027383902112, "Cab42": 33.226329268330566, "Cw42": 0.01674630062236282, "xscale42": 0.49890912201283877, "yscale42": 0.49890912201283877, "zscale42": 0.49890912201283877, "Cab43": 49.82966301179039, "Cw43": 0.0312107493876448, "xscale43": 0.5874977421943536, "yscale43": 0.5874977421943536, "zscale43": 0.5874977421943536, "Cab44": 89.06428551181388, "Cw44": 0.029523001993510302, "xscale44": 0.5016532079485623, "yscale44": 0.5016532079485623, "zscale44": 0.5016532079485623, "Cab45": 33.83937442507757, "Cw45": 0.037850969141577456, "xscale45": 0.30440353179336205, "yscale45": 0.30440353179336205, "zscale45": 0.30440353179336205, "Cab46": 32.869816353291384, "Cw46": 0.04591116326274414, "xscale46": 0.42068881828032767, "yscale46": 0.42068881828032767, "zscale46": 0.42068881828032767, "Cab47": 84.69133426720823, "Cw47": 0.03410225478587092, "xscale47": 0.5752943724769068, "yscale47": 0.5752943724769068, "zscale47": 0.5752943724769068, "Cab48": 59.49035015254063, "Cw48": 0.04804676071892022, "xscale48": 0.6730984707604792, "yscale48": 0.6730984707604792, "zscale48": 0.6730984707604792, "Cab49": 49.02763623491634, "Cw49": 0.025599163786975323, "xscale49": 0.5303647936627642, "yscale49": 0.5303647936627642, "zscale49": 0.5303647936627642, "Cab50": 25.428579535404367, "Cw50": 0.028458005789015937, "xscale50": 0.7857264555218422, "yscale50": 0.7857264555218422, "zscale50": 0.7857264555218422, "Cab51": 75.04856510944194, "Cw51": 0.028424101259598135, "xscale51": 0.6609527930047783, "yscale51": 0.6609527930047783, "zscale51": 0.6609527930047783, "Cab52": 57.526511759120645,