{"Cab0": 21.221149187616106, "Cw0": 0.020504818511106478, "xscale0": 0.8700301622237289, "yscale0": 0.8700301622237289, "zscale0": 0.8700301622237289, "Cab1": 50.83413626895977, "Cw1": 0.048151346706683126, "xscale1": 0.6877467445037607, "yscale1": 0.6877467445037607, "zscale1": 0.6877467445037607, "Cab2": 44.095302894402984, "Cw2": 0.03159483305556287, "xscale2": 0.6603840053796028, "yscale2": 0.6603840053796028, "zscale2": 0.6603840053796028, "Cab3": 47.102520146710035, "Cw3": 0.025820834995579217, "xscale3": 0.43775391587306944, "yscale3": 0.43775391587306944, "zscale3": 0.43775391587306944, "Cab4": 88.02533861969133, "Cw4": 0.01977206954624646, "xscale4": 0.6210909360020742, "yscale4": 0.6210909360020742, "zscale4": 0.6210909360020742, "Cab5": 78.61381695280048, "Cw5": 0.025265949030565928, "xscale5": 0.7671231143928666, "yscale5": 0.7671231143928666, "zscale5": 0.7671231143928666, "Cab6": 47.789827700843645, "Cw6": 0.028951732721666054, "xscale6": 0.5195578253569859, "yscale6": 0.5195578253569859, "zscale6": 0.5195578253569859, "Cab7": 47.21862127341774, "Cw7": 0.04146045731550215, "xscale7": 0.5530675728904768, "yscale7": 0.5530675728904768, "zscale7": 0.5530675728904768, "Cab8": 85.06956869610289, "Cw8": 0.04023549690154253, "xscale8": 0.6080913716202083, "yscale8": 0.6080913716202083, "zscale8": 0.6080913716202083, "Cab9": 51.59012191680702, "Cw9": 0.03500976496445588, "xscale9": 0.5539031431625606, "yscale9": 0.5539031431625606, "zscale9": 0.5539031431625606, "Cab10": 45.39842619961564, "Cw10": 0.01430493852964454, "xscale10": 0.4313619748148014, "yscale10": 0.4313619748148014, "zscale10": 0.4313619748148014, "Cab11": 83.71661256543999, "Cw11": 0.01131244203634656, "xscale11": 0.7243818759638059, "yscale11": 0.7243818759638059, "zscale11": 0.7243818759638059, "Cab12": 50.60337104520863, "Cw12": 0.021212087096110922, "xscale12": 0.6355836573151934, "yscale12": 0.6355836573151934, "zscale12": 0.6355836573151934, "Cab13": 83.19945192078588, "Cw13": 0.023467688737858792, "xscale13": 0.6376283019982558, "yscale13": 0.6376283019982558, "zscale13": 0.6376283019982558, "Cab14": 68.71566519500243, "Cw14": 0.041155501241816494, "xscale14": 0.44635082424156286, "yscale14": 0.44635082424156286, "zscale14": 0.44635082424156286, "Cab15": 30.083397320397957, "Cw15": 0.04795635761070709, "xscale15": 0.46203631325037653, "yscale15": 0.46203631325037653, "zscale15": 0.46203631325037653, "Cab16": 75.43132428132915, "Cw16": 0.016433147072425415, "xscale16": 0.47128518662407265, "yscale16": 0.47128518662407265, "zscale16": 0.47128518662407265, "Cab17": 84.93888913492623, "Cw17": 0.02936639941816894, "xscale17": 0.5882994968081741, "yscale17": 0.5882994968081741, "zscale17": 0.5882994968081741, "Cab18": 35.9798368863451, "Cw18": 0.015155632015474181, "xscale18": 0.5302233861275273, "yscale18": 0.5302233861275273, "zscale18": 0.5302233861275273, "Cab19": 25.426179464016325, "Cw19": 0.04492439818357721, "xscale19": 0.6294979763195371, "yscale19": 0.6294979763195371, "zscale19": 0.6294979763195371, "Cab20": 33.392666407983995, "Cw20": 0.02479901377678477, "xscale20": 0.548379326386578, "yscale20": 0.548379326386578, "zscale20": 0.548379326386578, "Cab21": 27.463192974238318, "Cw21": 0.03718959183640413, "xscale21": 0.574102341652175, "yscale21": 0.574102341652175, "zscale21": 0.574102341652175, "Cab22": 64.16468956534749, "Cw22": 0.029534602405070186, "xscale22": 0.4181996392831591, "yscale22": 0.4181996392831591, "zscale22": 0.4181996392831591, "Cab23": 24.37824873213191, "Cw23": 0.03385955299775252, "xscale23": 0.6712074287964407, "yscale23": 0.6712074287964407, "zscale23": 0.6712074287964407, "Cab24": 39.12783475490403, "Cw24": 0.013422784535311988, "xscale24": 0.44409108079666315, "yscale24": 0.44409108079666315, "zscale24": 0.44409108079666315, "Cab25": 45.51382686029658, "Cw25": 0.012881592403299336, "xscale25": 0.571327706249634, "yscale25": 0.571327706249634, "zscale25": 0.571327706249634, "Cab26": 58.04582274369075, "Cw26": 0.04897284285976384, "xscale26": 0.5466275741453567, "yscale26": 0.5466275741453567, "zscale26": 0.5466275741453567, "Cab27": 50.64844002583835, "Cw27": 0.013703556765532317, "xscale27": 0.4462246084591919, "yscale27": 0.4462246084591919, "zscale27": 0.4462246084591919, "Cab28": 69.8801804238357, "Cw28": 0.010462890781462533, "xscale28": 0.46391140103370526, "yscale28": 0.46391140103370526, "zscale28": 0.46391140103370526, "Cab29": 64.30829575881421, "Cw29": 0.019143771704726385, "xscale29": 0.7158874925083577, "yscale29": 0.7158874925083577, "zscale29": 0.7158874925083577, "Cab30": 31.077532849234586, "Cw30": 0.044586066533768426, "xscale30": 0.40548167643450733, "yscale30": 0.40548167643450733, "zscale30": 0.40548167643450733, "Cab31": 47.34574413963961, "Cw31": 0.03911649213366066, "xscale31": 0.5571896804118633, "yscale31": 0.5571896804118633, "zscale31": 0.5571896804118633, "Cab32": 83.17225524199614, "Cw32": 0.02031071575411758, "xscale32": 0.48378207342709767, "yscale32": 0.48378207342709767, "zscale32": 0.48378207342709767, "Cab33": 88.38280402819929, "Cw33": 0.0400753479918886, "xscale33": 0.4911641435226334, "yscale33": 0.4911641435226334, "zscale33": 0.4911641435226334, "Cab34": 45.27299333279192, "Cw34": 0.03736409318712345, "xscale34": 0.5232766469008192, "yscale34": 0.5232766469008192, "zscale34": 0.5232766469008192, "Cab35": 84.64607133068311, "Cw35": 0.03571988380850511, "xscale35": 0.4546407592526246, "yscale35": 0.4546407592526246, "zscale35": 0.4546407592526246, "Cab36": 37.90181379047511, "Cw36": 0.04832069968037119, "xscale36": 0.5978999671413173, "yscale36": 0.5978999671413173, "zscale36": 0.5978999671413173, "Cab37": 36.02258902795736, "Cw37": 0.04736253448901474, "xscale37": 0.43019899269448075, "yscale37": 0.43019899269448075, "zscale37": 0.43019899269448075, "Cab38": 55.56079602099451, "Cw38": 0.012368186455720931, "xscale38": 0.5081004111063694, "yscale38": 0.5081004111063694, "zscale38": 0.5081004111063694, "Cab39": 82.07136346166607, "Cw39": 0.029459108839030204, "xscale39": 0.7035042334544961, "yscale39": 0.7035042334544961, "zscale39": 0.7035042334544961, "Cab40": 61.83961572456185, "Cw40": 0.046240169652530014, "xscale40": 0.6105966269364096, "yscale40": 0.6105966269364096, "zscale40": 0.6105966269364096, "Cab41": 60.194329656365845, "Cw41": 0.0305817051054219, "xscale41": 0.628320118230493, "yscale41": 0.628320118230493, "zscale41": 0.628320118230493, "Cab42": 31.212719758390406, "Cw42": 0.035622198571088365, "xscale42": 0.45153851019357766, "yscale42": 0.45153851019357766, "zscale42": 0.45153851019357766, "Cab43": 86.57134838728648, "Cw43": 0.03467410849016208, "xscale43": 0.5574898878957204, "yscale43": 0.5574898878957204, "zscale43": 0.5574898878957204, "Cab44": 28.422599127633923, "Cw44": 0.0355266454935785, "xscale44": 0.37376183141494596, "yscale44": 0.37376183141494596, "zscale44": 0.37376183141494596, "Cab45": 21.697174673140314, "Cw45": 0.01834148219338887, "xscale45": 0.3275510647150434, "yscale45": 0.3275510647150434, "zscale45": 0.3275510647150434, "Cab46": 54.50464482071499, "Cw46": 0.01768040353943635, "xscale46": 0.4375991425632293, "yscale46": 0.4375991425632293, "zscale46": 0.4375991425632293, "Cab47": 59.28180937977178, "Cw47": 0.019570524996687405, "xscale47": 0.60516592629559, "yscale47": 0.60516592629559, "zscale47": 0.60516592629559, "Cab48": 58.744178605826924, "Cw48": 0.02342500026753629, "xscale48": 0.6763416884628581, "yscale48": 0.6763416884628581, "zscale48": 0.6763416884628581, "Cab49": 49.82273109873147, "Cw49": 0.04869924747333523, "xscale49": 0.5614223404248943, "yscale49": 0.5614223404248943, "zscale49": 0.5614223404248943, "Cab50": 32.948083445845974, "Cw50": 0.028871629198405545, "xscale50": 0.6945949709186476, "yscale50": 0.6945949709186476, "zscale50": 0.6945949709186476, "Cab51": 21.557826724921114, "Cw51": 0.02397639792550168, "xscale51": 0.5737002663089682, "yscale51": 0.5737002663089682, "zscale51": 0.5737002663089682, "Cab52": 32.314796139589355,