{"Cab0": 29.878042099845704, "Cw0": 0.041712619550181254, "xscale0": 0.7932420829257121, "yscale0": 0.7932420829257121, "zscale0": 0.7932420829257121, "Cab1": 85.48977638321368, "Cw1": 0.016652143095377388, "xscale1": 0.5323301607426362, "yscale1": 0.5323301607426362, "zscale1": 0.5323301607426362, "Cab2": 50.21464607074797, "Cw2": 0.04574770398732922, "xscale2": 0.6973388548098979, "yscale2": 0.6973388548098979, "zscale2": 0.6973388548098979, "Cab3": 78.31007046977444, "Cw3": 0.03893986736468, "xscale3": 0.43278683080507485, "yscale3": 0.43278683080507485, "zscale3": 0.43278683080507485, "Cab4": 28.110567595777663, "Cw4": 0.041800655456054964, "xscale4": 0.6613721643199827, "yscale4": 0.6613721643199827, "zscale4": 0.6613721643199827, "Cab5": 52.00764677726274, "Cw5": 0.033514324776942495, "xscale5": 0.8503768337856322, "yscale5": 0.8503768337856322, "zscale5": 0.8503768337856322, "Cab6": 69.65560200104662, "Cw6": 0.02983605098193242, "xscale6": 0.5015112080587335, "yscale6": 0.5015112080587335, "zscale6": 0.5015112080587335, "Cab7": 28.10320053395784, "Cw7": 0.013524970569090619, "xscale7": 0.46306268556143276, "yscale7": 0.46306268556143276, "zscale7": 0.46306268556143276, "Cab8": 89.19009304183872, "Cw8": 0.022862704109809957, "xscale8": 0.6486969477079646, "yscale8": 0.6486969477079646, "zscale8": 0.6486969477079646, "Cab9": 67.72871184437449, "Cw9": 0.04600173003251866, "xscale9": 0.6937853039604831, "yscale9": 0.6937853039604831, "zscale9": 0.6937853039604831, "Cab10": 76.55056982525653, "Cw10": 0.030097786466916528, "xscale10": 0.4443161172088991, "yscale10": 0.4443161172088991, "zscale10": 0.4443161172088991, "Cab11": 35.070082356972684, "Cw11": 0.027809619157390365, "xscale11": 0.7345512411942925, "yscale11": 0.7345512411942925, "zscale11": 0.7345512411942925, "Cab12": 21.636284956184863, "Cw12": 0.018690250416476793, "xscale12": 0.48122578006743005, "yscale12": 0.48122578006743005, "zscale12": 0.48122578006743005, "Cab13": 84.24078412751211, "Cw13": 0.045549602592695124, "xscale13": 0.5505767031535473, "yscale13": 0.5505767031535473, "zscale13": 0.5505767031535473, "Cab14": 78.46371747419032, "Cw14": 0.030698114690154966, "xscale14": 0.6315969038240782, "yscale14": 0.6315969038240782, "zscale14": 0.6315969038240782, "Cab15": 57.976587014711804, "Cw15": 0.046342517139927354, "xscale15": 0.612706439718782, "yscale15": 0.612706439718782, "zscale15": 0.612706439718782, "Cab16": 56.20160420162185, "Cw16": 0.015011304594204633, "xscale16": 0.6510500516769654, "yscale16": 0.6510500516769654, "zscale16": 0.6510500516769654, "Cab17": 88.07346120070052, "Cw17": 0.02845035738152723, "xscale17": 0.6268329827326896, "yscale17": 0.6268329827326896, "zscale17": 0.6268329827326896, "Cab18": 50.364031996870395, "Cw18": 0.030255631777048583, "xscale18": 0.6144715644041738, "yscale18": 0.6144715644041738, "zscale18": 0.6144715644041738, "Cab19": 84.58924327402791, "Cw19": 0.048842882609383735, "xscale19": 0.6233076859675165, "yscale19": 0.6233076859675165, "zscale19": 0.6233076859675165, "Cab20": 23.181908458629298, "Cw20": 0.02480647700509407, "xscale20": 0.6105388279109074, "yscale20": 0.6105388279109074, "zscale20": 0.6105388279109074, "Cab21": 38.1519074047299, "Cw21": 0.028319911760533188, "xscale21": 0.4446073387386818, "yscale21": 0.4446073387386818, "zscale21": 0.4446073387386818, "Cab22": 41.19841692061985, "Cw22": 0.0215628782484581, "xscale22": 0.5229344169025939, "yscale22": 0.5229344169025939, "zscale22": 0.5229344169025939, "Cab23": 87.90611256414823, "Cw23": 0.023668087766185546, "xscale23": 0.538390769167696, "yscale23": 0.538390769167696, "zscale23": 0.538390769167696, "Cab24": 45.087237734706534, "Cw24": 0.043988940013098436, "xscale24": 0.4690442097619609, "yscale24": 0.4690442097619609, "zscale24": 0.4690442097619609, "Cab25": 75.71803585932417, "Cw25": 0.026963655020186654, "xscale25": 0.5557544522986512, "yscale25": 0.5557544522986512, "zscale25": 0.5557544522986512, "Cab26": 47.43277330667496, "Cw26": 0.015593290848948373, "xscale26": 0.7012655920284495, "yscale26": 0.7012655920284495, "zscale26": 0.7012655920284495, "Cab27": 33.443635268958275, "Cw27": 0.04474947338508881, "xscale27": 0.4378671223391644, "yscale27": 0.4378671223391644, "zscale27": 0.4378671223391644, "Cab28": 57.03516179093795, "Cw28": 0.015026529259123844, "xscale28": 0.3386461371205998, "yscale28": 0.3386461371205998, "zscale28": 0.3386461371205998, "Cab29": 57.32123984261122, "Cw29": 0.028358836876236852, "xscale29": 0.7020420418735223, "yscale29": 0.7020420418735223, "zscale29": 0.7020420418735223, "Cab30": 38.59600667583704, "Cw30": 0.030524367893045856, "xscale30": 0.42835681429087574, "yscale30": 0.42835681429087574, "zscale30": 0.42835681429087574, "Cab31": 60.15982497496326, "Cw31": 0.03672065601973579, "xscale31": 0.6085676599796821, "yscale31": 0.6085676599796821, "zscale31": 0.6085676599796821, "Cab32": 70.97653000283499, "Cw32": 0.03304896316804453, "xscale32": 0.5632469606840196, "yscale32": 0.5632469606840196, "zscale32": 0.5632469606840196, "Cab33": 64.04221636450279, "Cw33": 0.04339363590326624, "xscale33": 0.5222631916782482, "yscale33": 0.5222631916782482, "zscale33": 0.5222631916782482, "Cab34": 52.5418836836053, "Cw34": 0.03365303097545087, "xscale34": 0.56419383311693, "yscale34": 0.56419383311693, "zscale34": 0.56419383311693, "Cab35": 37.510667243656215, "Cw35": 0.01320482140097238, "xscale35": 0.34528839183410415, "yscale35": 0.34528839183410415, "zscale35": 0.34528839183410415, "Cab36": 85.29665669496602, "Cw36": 0.01797904320073622, "xscale36": 0.6916614916478323, "yscale36": 0.6916614916478323, "zscale36": 0.6916614916478323, "Cab37": 31.093798229954977, "Cw37": 0.026440053996991765, "xscale37": 0.3795321604470938, "yscale37": 0.3795321604470938, "zscale37": 0.3795321604470938, "Cab38": 77.050166017171, "Cw38": 0.04677176983284599, "xscale38": 0.45267593205908285, "yscale38": 0.45267593205908285, "zscale38": 0.45267593205908285, "Cab39": 49.75124371271954, "Cw39": 0.040401740614859245, "xscale39": 0.6953033737976854, "yscale39": 0.6953033737976854, "zscale39": 0.6953033737976854, "Cab40": 78.38282762611186, "Cw40": 0.010116431400828234, "xscale40": 0.5002481073837589, "yscale40": 0.5002481073837589, "zscale40": 0.5002481073837589, "Cab41": 47.30118787320727, "Cw41": 0.049525390209206384, "xscale41": 0.6207221998402167, "yscale41": 0.6207221998402167, "zscale41": 0.6207221998402167, "Cab42": 32.303223652400774, "Cw42": 0.017855931769698408, "xscale42": 0.6020873318690672, "yscale42": 0.6020873318690672, "zscale42": 0.6020873318690672, "Cab43": 27.16296758666007, "Cw43": 0.024229326847960024, "xscale43": 0.620830405632753, "yscale43": 0.620830405632753, "zscale43": 0.620830405632753, "Cab44": 43.36768148636786, "Cw44": 0.0452968437857598, "xscale44": 0.4432367300831387, "yscale44": 0.4432367300831387, "zscale44": 0.4432367300831387, "Cab45": 67.86610187402616, "Cw45": 0.024924835929381134, "xscale45": 0.3482199931444666, "yscale45": 0.3482199931444666, "zscale45": 0.3482199931444666, "Cab46": 86.60970529567105, "Cw46": 0.011083029237982434, "xscale46": 0.46810847485503043, "yscale46": 0.46810847485503043, "zscale46": 0.46810847485503043, "Cab47": 56.47611882705699, "Cw47": 0.04814479696172058, "xscale47": 0.5076511612347643, "yscale47": 0.5076511612347643, "zscale47": 0.5076511612347643, "Cab48": 63.49999125916277, "Cw48": 0.03910254931230233, "xscale48": 0.5494153692450847, "yscale48": 0.5494153692450847, "zscale48": 0.5494153692450847, "Cab49": 32.034257300486075, "Cw49": 0.026892876868135726, "xscale49": 0.5645623163125081, "yscale49": 0.5645623163125081, "zscale49": 0.5645623163125081, "Cab50": 61.51940497720253, "Cw50": 0.04196257342541979, "xscale50": 0.5515209454667623, "yscale50": 0.5515209454667623, "zscale50": 0.5515209454667623, "Cab51": 33.590394419954265, "Cw51": 0.03214292787186323, "xscale51": 0.7628075331457196, "yscale51": 0.7628075331457196, "zscale51": 0.7628075331457196, "Cab52": 51.93904067717504,