{"Cab0": 39.34350891752324, "Cw0": 0.04290416826848136, "xscale0": 0.6525761605563192, "yscale0": 0.6525761605563192, "zscale0": 0.6525761605563192, "Cab1": 35.520347783620416, "Cw1": 0.04731808502513693, "xscale1": 0.5756995364468818, "yscale1": 0.5756995364468818, "zscale1": 0.5756995364468818, "Cab2": 48.43742255319893, "Cw2": 0.028813835898634906, "xscale2": 0.7678295626718546, "yscale2": 0.7678295626718546, "zscale2": 0.7678295626718546, "Cab3": 66.46012081832671, "Cw3": 0.020320987635779702, "xscale3": 0.5741025450846016, "yscale3": 0.5741025450846016, "zscale3": 0.5741025450846016, "Cab4": 47.116405183179054, "Cw4": 0.04993167687785971, "xscale4": 0.54883015196419, "yscale4": 0.54883015196419, "zscale4": 0.54883015196419, "Cab5": 22.224225026389988, "Cw5": 0.046387704544468514, "xscale5": 0.6458144424695266, "yscale5": 0.6458144424695266, "zscale5": 0.6458144424695266, "Cab6": 42.85482636318893, "Cw6": 0.04501606562346925, "xscale6": 0.6422460856969371, "yscale6": 0.6422460856969371, "zscale6": 0.6422460856969371, "Cab7": 59.08100879505091, "Cw7": 0.04679075049884337, "xscale7": 0.6266628365007655, "yscale7": 0.6266628365007655, "zscale7": 0.6266628365007655, "Cab8": 41.90013686529228, "Cw8": 0.026518526072561624, "xscale8": 0.5563623322900829, "yscale8": 0.5563623322900829, "zscale8": 0.5563623322900829, "Cab9": 34.84706054514673, "Cw9": 0.03214700977952611, "xscale9": 0.75295623669837, "yscale9": 0.75295623669837, "zscale9": 0.75295623669837, "Cab10": 32.227872039988284, "Cw10": 0.04083732177652775, "xscale10": 0.48369661461744473, "yscale10": 0.48369661461744473, "zscale10": 0.48369661461744473, "Cab11": 87.74021073634634, "Cw11": 0.027133621203580052, "xscale11": 0.7516152270651456, "yscale11": 0.7516152270651456, "zscale11": 0.7516152270651456, "Cab12": 63.01433281512237, "Cw12": 0.03582682950600545, "xscale12": 0.5239595767522038, "yscale12": 0.5239595767522038, "zscale12": 0.5239595767522038, "Cab13": 55.43514953788237, "Cw13": 0.01430780680767452, "xscale13": 0.7371347720970925, "yscale13": 0.7371347720970925, "zscale13": 0.7371347720970925, "Cab14": 59.343232242933716, "Cw14": 0.0364804936167383, "xscale14": 0.6334649663211438, "yscale14": 0.6334649663211438, "zscale14": 0.6334649663211438, "Cab15": 29.246599176837833, "Cw15": 0.04505458757644988, "xscale15": 0.635182285592685, "yscale15": 0.635182285592685, "zscale15": 0.635182285592685, "Cab16": 89.7591965111303, "Cw16": 0.018665166910196283, "xscale16": 0.6877653283263706, "yscale16": 0.6877653283263706, "zscale16": 0.6877653283263706, "Cab17": 30.8701699777789, "Cw17": 0.048101990397470394, "xscale17": 0.5705974619070264, "yscale17": 0.5705974619070264, "zscale17": 0.5705974619070264, "Cab18": 67.66961430289896, "Cw18": 0.04728042465659197, "xscale18": 0.5236736133783346, "yscale18": 0.5236736133783346, "zscale18": 0.5236736133783346, "Cab19": 73.80695042596989, "Cw19": 0.011799319481482105, "xscale19": 0.6186174243002345, "yscale19": 0.6186174243002345, "zscale19": 0.6186174243002345, "Cab20": 36.58341244427163, "Cw20": 0.016413541579339507, "xscale20": 0.6864106518803157, "yscale20": 0.6864106518803157, "zscale20": 0.6864106518803157, "Cab21": 49.66564552276652, "Cw21": 0.01477566103991284, "xscale21": 0.5010769746429203, "yscale21": 0.5010769746429203, "zscale21": 0.5010769746429203, "Cab22": 43.01935476850012, "Cw22": 0.023752316967002383, "xscale22": 0.5157929033983422, "yscale22": 0.5157929033983422, "zscale22": 0.5157929033983422, "Cab23": 84.30781911494243, "Cw23": 0.03943483677940235, "xscale23": 0.5587216686859436, "yscale23": 0.5587216686859436, "zscale23": 0.5587216686859436, "Cab24": 89.04763759813694, "Cw24": 0.024385209385157394, "xscale24": 0.5038411492790399, "yscale24": 0.5038411492790399, "zscale24": 0.5038411492790399, "Cab25": 45.05768291025812, "Cw25": 0.03345868395706936, "xscale25": 0.7021870879245526, "yscale25": 0.7021870879245526, "zscale25": 0.7021870879245526, "Cab26": 71.89024305551746, "Cw26": 0.03774562190551323, "xscale26": 0.5521113123881044, "yscale26": 0.5521113123881044, "zscale26": 0.5521113123881044, "Cab27": 38.36439765184438, "Cw27": 0.037475672382434454, "xscale27": 0.3626251970453129, "yscale27": 0.3626251970453129, "zscale27": 0.3626251970453129, "Cab28": 63.8934477980152, "Cw28": 0.04859026183349213, "xscale28": 0.3492136878191768, "yscale28": 0.3492136878191768, "zscale28": 0.3492136878191768, "Cab29": 81.53661051544626, "Cw29": 0.01973155285093691, "xscale29": 0.5220707042534021, "yscale29": 0.5220707042534021, "zscale29": 0.5220707042534021, "Cab30": 51.3501582054719, "Cw30": 0.02481989677406347, "xscale30": 0.3045499430415331, "yscale30": 0.3045499430415331, "zscale30": 0.3045499430415331, "Cab31": 32.32732438771791, "Cw31": 0.04229510120928256, "xscale31": 0.6337943547029724, "yscale31": 0.6337943547029724, "zscale31": 0.6337943547029724, "Cab32": 65.36721143246824, "Cw32": 0.04153817634167142, "xscale32": 0.5540075152793293, "yscale32": 0.5540075152793293, "zscale32": 0.5540075152793293, "Cab33": 74.43067497570024, "Cw33": 0.031775863769637, "xscale33": 0.48324147382927063, "yscale33": 0.48324147382927063, "zscale33": 0.48324147382927063, "Cab34": 38.7493402537371, "Cw34": 0.03019573367987987, "xscale34": 0.565840588929172, "yscale34": 0.565840588929172, "zscale34": 0.565840588929172, "Cab35": 68.46548352219223, "Cw35": 0.04280841523160513, "xscale35": 0.473412655876276, "yscale35": 0.473412655876276, "zscale35": 0.473412655876276, "Cab36": 70.64657707447805, "Cw36": 0.02878889792327554, "xscale36": 0.5382944594143737, "yscale36": 0.5382944594143737, "zscale36": 0.5382944594143737, "Cab37": 34.23493299308802, "Cw37": 0.04796488673177831, "xscale37": 0.4033217981624939, "yscale37": 0.4033217981624939, "zscale37": 0.4033217981624939, "Cab38": 31.64910539352598, "Cw38": 0.019698953830250263, "xscale38": 0.39942151817420596, "yscale38": 0.39942151817420596, "zscale38": 0.39942151817420596, "Cab39": 51.95280034014987, "Cw39": 0.03072570198000356, "xscale39": 0.4991665733249894, "yscale39": 0.4991665733249894, "zscale39": 0.4991665733249894, "Cab40": 48.49987116348564, "Cw40": 0.010412595426597218, "xscale40": 0.6254664514488375, "yscale40": 0.6254664514488375, "zscale40": 0.6254664514488375, "Cab41": 57.783826000894116, "Cw41": 0.01066295563796832, "xscale41": 0.5118296702553705, "yscale41": 0.5118296702553705, "zscale41": 0.5118296702553705, "Cab42": 65.07245971617913, "Cw42": 0.022781174654695924, "xscale42": 0.441994697721864, "yscale42": 0.441994697721864, "zscale42": 0.441994697721864, "Cab43": 28.123121035746614, "Cw43": 0.040377841397687124, "xscale43": 0.5374440585248218, "yscale43": 0.5374440585248218, "zscale43": 0.5374440585248218, "Cab44": 67.12968928916646, "Cw44": 0.021037078375857745, "xscale44": 0.4323899136303752, "yscale44": 0.4323899136303752, "zscale44": 0.4323899136303752, "Cab45": 42.92118541072233, "Cw45": 0.012236904406478502, "xscale45": 0.3758422446300052, "yscale45": 0.3758422446300052, "zscale45": 0.3758422446300052, "Cab46": 62.706302851213344, "Cw46": 0.040957498344290556, "xscale46": 0.4135432753589138, "yscale46": 0.4135432753589138, "zscale46": 0.4135432753589138, "Cab47": 44.06709595371521, "Cw47": 0.04359441253801104, "xscale47": 0.5529095625170802, "yscale47": 0.5529095625170802, "zscale47": 0.5529095625170802, "Cab48": 34.66102679033416, "Cw48": 0.04645509421887521, "xscale48": 0.6650363560626875, "yscale48": 0.6650363560626875, "zscale48": 0.6650363560626875, "Cab49": 61.995344609137454, "Cw49": 0.03539930035021206, "xscale49": 0.49119429804953263, "yscale49": 0.49119429804953263, "zscale49": 0.49119429804953263, "Cab50": 71.15308043019161, "Cw50": 0.014001064738273658, "xscale50": 0.7169951085436638, "yscale50": 0.7169951085436638, "zscale50": 0.7169951085436638, "Cab51": 47.41162754700545, "Cw51": 0.02911498487967748, "xscale51": 0.7074548863111055, "yscale51": 0.7074548863111055, "zscale51": 0.7074548863111055, "Cab52": 44.455651089497906, "Cw52": 0.03600794024170949,