{"Cab0": 62.81830964358047, "Cw0": 0.030924685986316584, "xscale0": 0.8595615926207908, "yscale0": 0.8595615926207908, "zscale0": 0.8595615926207908, "Cab1": 81.33408349806689, "Cw1": 0.043476711524297676, "xscale1": 0.680107580451786, "yscale1": 0.680107580451786, "zscale1": 0.680107580451786, "Cab2": 26.574154232371168, "Cw2": 0.02214444042520261, "xscale2": 0.6360079848167234, "yscale2": 0.6360079848167234, "zscale2": 0.6360079848167234, "Cab3": 82.63316397990857, "Cw3": 0.010256216465962417, "xscale3": 0.5364326508299118, "yscale3": 0.5364326508299118, "zscale3": 0.5364326508299118, "Cab4": 37.01403898279673, "Cw4": 0.021974682245720058, "xscale4": 0.542965973352678, "yscale4": 0.542965973352678, "zscale4": 0.542965973352678, "Cab5": 39.0437287019607, "Cw5": 0.038488060432489084, "xscale5": 0.7986721480989486, "yscale5": 0.7986721480989486, "zscale5": 0.7986721480989486, "Cab6": 84.2777634087342, "Cw6": 0.024768339776747, "xscale6": 0.5529217638036172, "yscale6": 0.5529217638036172, "zscale6": 0.5529217638036172, "Cab7": 57.652033828396746, "Cw7": 0.013905893198900548, "xscale7": 0.6284961216694125, "yscale7": 0.6284961216694125, "zscale7": 0.6284961216694125, "Cab8": 74.91309989603029, "Cw8": 0.01162061044687528, "xscale8": 0.5777656560463904, "yscale8": 0.5777656560463904, "zscale8": 0.5777656560463904, "Cab9": 41.6903798820597, "Cw9": 0.03377385589713706, "xscale9": 0.6935487476292483, "yscale9": 0.6935487476292483, "zscale9": 0.6935487476292483, "Cab10": 40.506957405846784, "Cw10": 0.03456631850920212, "xscale10": 0.4181238113810776, "yscale10": 0.4181238113810776, "zscale10": 0.4181238113810776, "Cab11": 51.258372678103214, "Cw11": 0.04214646308851191, "xscale11": 0.5407868661810465, "yscale11": 0.5407868661810465, "zscale11": 0.5407868661810465, "Cab12": 81.82011990213225, "Cw12": 0.033767275511903054, "xscale12": 0.5752385121740431, "yscale12": 0.5752385121740431, "zscale12": 0.5752385121740431, "Cab13": 80.42072683205086, "Cw13": 0.011235873418632459, "xscale13": 0.6930816105097385, "yscale13": 0.6930816105097385, "zscale13": 0.6930816105097385, "Cab14": 58.68146505712999, "Cw14": 0.025374647709720644, "xscale14": 0.5859522769970871, "yscale14": 0.5859522769970871, "zscale14": 0.5859522769970871, "Cab15": 55.00177068496754, "Cw15": 0.024988692582320525, "xscale15": 0.6642933974410837, "yscale15": 0.6642933974410837, "zscale15": 0.6642933974410837, "Cab16": 40.44446921748094, "Cw16": 0.04166098996565889, "xscale16": 0.6420950533491059, "yscale16": 0.6420950533491059, "zscale16": 0.6420950533491059, "Cab17": 74.98146557857686, "Cw17": 0.034555104727944264, "xscale17": 0.5165766184756516, "yscale17": 0.5165766184756516, "zscale17": 0.5165766184756516, "Cab18": 77.58629899306985, "Cw18": 0.013329975974588942, "xscale18": 0.7244931403058938, "yscale18": 0.7244931403058938, "zscale18": 0.7244931403058938, "Cab19": 59.697280576548565, "Cw19": 0.023685608728749186, "xscale19": 0.566896348850158, "yscale19": 0.566896348850158, "zscale19": 0.566896348850158, "Cab20": 45.43024760218698, "Cw20": 0.0435748150125397, "xscale20": 0.5113335658837755, "yscale20": 0.5113335658837755, "zscale20": 0.5113335658837755, "Cab21": 55.7731710566622, "Cw21": 0.013351674357383133, "xscale21": 0.5051146302156677, "yscale21": 0.5051146302156677, "zscale21": 0.5051146302156677, "Cab22": 58.85755761986671, "Cw22": 0.04514532560257647, "xscale22": 0.47423398982408826, "yscale22": 0.47423398982408826, "zscale22": 0.47423398982408826, "Cab23": 51.98521250253532, "Cw23": 0.013512285972143165, "xscale23": 0.6327494203513948, "yscale23": 0.6327494203513948, "zscale23": 0.6327494203513948, "Cab24": 59.10541108549887, "Cw24": 0.015463378638684345, "xscale24": 0.49408248169417096, "yscale24": 0.49408248169417096, "zscale24": 0.49408248169417096, "Cab25": 55.88914000788964, "Cw25": 0.02675288505559103, "xscale25": 0.7041038979612619, "yscale25": 0.7041038979612619, "zscale25": 0.7041038979612619, "Cab26": 34.15361501883615, "Cw26": 0.04821753256789456, "xscale26": 0.5413562745250029, "yscale26": 0.5413562745250029, "zscale26": 0.5413562745250029, "Cab27": 58.581334322248566, "Cw27": 0.02815769262363721, "xscale27": 0.3545166838588126, "yscale27": 0.3545166838588126, "zscale27": 0.3545166838588126, "Cab28": 28.15791912926872, "Cw28": 0.024971845390239698, "xscale28": 0.4378126834511228, "yscale28": 0.4378126834511228, "zscale28": 0.4378126834511228, "Cab29": 56.103250757326926, "Cw29": 0.015250184279612103, "xscale29": 0.6311519617216298, "yscale29": 0.6311519617216298, "zscale29": 0.6311519617216298, "Cab30": 56.10062707347777, "Cw30": 0.04445729075978801, "xscale30": 0.37517028727520957, "yscale30": 0.37517028727520957, "zscale30": 0.37517028727520957, "Cab31": 29.453733608192138, "Cw31": 0.0428088749248891, "xscale31": 0.5687442843577373, "yscale31": 0.5687442843577373, "zscale31": 0.5687442843577373, "Cab32": 27.25122091412254, "Cw32": 0.04253948775350241, "xscale32": 0.5243851590432849, "yscale32": 0.5243851590432849, "zscale32": 0.5243851590432849, "Cab33": 78.67801905367503, "Cw33": 0.04644025360861486, "xscale33": 0.56015487836507, "yscale33": 0.56015487836507, "zscale33": 0.56015487836507, "Cab34": 36.65989923432183, "Cw34": 0.03717710008857326, "xscale34": 0.437881076114984, "yscale34": 0.437881076114984, "zscale34": 0.437881076114984, "Cab35": 32.80480881029371, "Cw35": 0.04752021336849508, "xscale35": 0.3776126333587667, "yscale35": 0.3776126333587667, "zscale35": 0.3776126333587667, "Cab36": 71.25367605483328, "Cw36": 0.037544052395602795, "xscale36": 0.730001058420176, "yscale36": 0.730001058420176, "zscale36": 0.730001058420176, "Cab37": 34.530352498456686, "Cw37": 0.037946583387943204, "xscale37": 0.450145594829233, "yscale37": 0.450145594829233, "zscale37": 0.450145594829233, "Cab38": 61.31638855439596, "Cw38": 0.04278322327247953, "xscale38": 0.4927616318253752, "yscale38": 0.4927616318253752, "zscale38": 0.4927616318253752, "Cab39": 83.56604466985632, "Cw39": 0.016714916980976647, "xscale39": 0.5978506372641416, "yscale39": 0.5978506372641416, "zscale39": 0.5978506372641416, "Cab40": 68.22245970948784, "Cw40": 0.04772289773869713, "xscale40": 0.4405449572381793, "yscale40": 0.4405449572381793, "zscale40": 0.4405449572381793, "Cab41": 79.47820945814732, "Cw41": 0.01951003885974257, "xscale41": 0.4640840923939187, "yscale41": 0.4640840923939187, "zscale41": 0.4640840923939187, "Cab42": 25.659742701443978, "Cw42": 0.02579060219570596, "xscale42": 0.6014658332061603, "yscale42": 0.6014658332061603, "zscale42": 0.6014658332061603, "Cab43": 29.792251170738673, "Cw43": 0.04016242171171079, "xscale43": 0.4932911980562319, "yscale43": 0.4932911980562319, "zscale43": 0.4932911980562319, "Cab44": 56.0467777496114, "Cw44": 0.013169172406542229, "xscale44": 0.43355559230042084, "yscale44": 0.43355559230042084, "zscale44": 0.43355559230042084, "Cab45": 34.07257037066432, "Cw45": 0.033864687565169964, "xscale45": 0.3627315466934662, "yscale45": 0.3627315466934662, "zscale45": 0.3627315466934662, "Cab46": 24.477912000634184, "Cw46": 0.03234431845647632, "xscale46": 0.4552846414596627, "yscale46": 0.4552846414596627, "zscale46": 0.4552846414596627, "Cab47": 57.597699474081224, "Cw47": 0.03828284265423936, "xscale47": 0.5044212460973299, "yscale47": 0.5044212460973299, "zscale47": 0.5044212460973299, "Cab48": 63.84066986015821, "Cw48": 0.046690674379877825, "xscale48": 0.5537734028585326, "yscale48": 0.5537734028585326, "zscale48": 0.5537734028585326, "Cab49": 32.94258722141636, "Cw49": 0.01978632085897468, "xscale49": 0.5760310806260843, "yscale49": 0.5760310806260843, "zscale49": 0.5760310806260843, "Cab50": 86.47047621188884, "Cw50": 0.01517478313228176, "xscale50": 0.5596803159022428, "yscale50": 0.5596803159022428, "zscale50": 0.5596803159022428, "Cab51": 40.291050631191666, "Cw51": 0.026097270913494487, "xscale51": 0.6000254709783115, "yscale51": 0.6000254709783115, "zscale51": 0.6000254709783115, "Cab52": 78.02528583956425, "Cw52": 0.023618658913319615,