{"Cab0": 34.828713734481575, "Cw0": 0.030953053414995192, "xscale0": 0.8432029943866747, "yscale0": 0.8432029943866747, "zscale0": 0.8432029943866747, "Cab1": 88.63098515867208, "Cw1": 0.03296930333342357, "xscale1": 0.5602015217068143, "yscale1": 0.5602015217068143, "zscale1": 0.5602015217068143, "Cab2": 51.05197707381318, "Cw2": 0.03825373167763914, "xscale2": 0.5454813433443692, "yscale2": 0.5454813433443692, "zscale2": 0.5454813433443692, "Cab3": 76.32752437825945, "Cw3": 0.03401246887992283, "xscale3": 0.5556664354375944, "yscale3": 0.5556664354375944, "zscale3": 0.5556664354375944, "Cab4": 78.4810169896124, "Cw4": 0.035038507377147414, "xscale4": 0.6864219215640632, "yscale4": 0.6864219215640632, "zscale4": 0.6864219215640632, "Cab5": 26.824691387585997, "Cw5": 0.0242558808914604, "xscale5": 0.7059183955247855, "yscale5": 0.7059183955247855, "zscale5": 0.7059183955247855, "Cab6": 33.26863021967019, "Cw6": 0.022144981881858726, "xscale6": 0.6319110080060563, "yscale6": 0.6319110080060563, "zscale6": 0.6319110080060563, "Cab7": 43.00921810310295, "Cw7": 0.03111999435355283, "xscale7": 0.6159903904360607, "yscale7": 0.6159903904360607, "zscale7": 0.6159903904360607, "Cab8": 81.52978987562493, "Cw8": 0.04002012602042571, "xscale8": 0.4931973261686357, "yscale8": 0.4931973261686357, "zscale8": 0.4931973261686357, "Cab9": 47.514547790456724, "Cw9": 0.01296973688390104, "xscale9": 0.7685717594622312, "yscale9": 0.7685717594622312, "zscale9": 0.7685717594622312, "Cab10": 52.995943445383055, "Cw10": 0.010737163557613344, "xscale10": 0.4950867438091396, "yscale10": 0.4950867438091396, "zscale10": 0.4950867438091396, "Cab11": 37.5585152376075, "Cw11": 0.028544488978734822, "xscale11": 0.6252544168618186, "yscale11": 0.6252544168618186, "zscale11": 0.6252544168618186, "Cab12": 85.44031209022634, "Cw12": 0.023635440556389428, "xscale12": 0.5760002064333979, "yscale12": 0.5760002064333979, "zscale12": 0.5760002064333979, "Cab13": 37.39191386599753, "Cw13": 0.04429250650480004, "xscale13": 0.6757418153178081, "yscale13": 0.6757418153178081, "zscale13": 0.6757418153178081, "Cab14": 77.66388252689467, "Cw14": 0.025278748996649947, "xscale14": 0.5434168541902322, "yscale14": 0.5434168541902322, "zscale14": 0.5434168541902322, "Cab15": 57.72644284026562, "Cw15": 0.011551148101719018, "xscale15": 0.4912332162011456, "yscale15": 0.4912332162011456, "zscale15": 0.4912332162011456, "Cab16": 41.44229410892404, "Cw16": 0.03057606692157947, "xscale16": 0.5742043272346229, "yscale16": 0.5742043272346229, "zscale16": 0.5742043272346229, "Cab17": 35.47160951864322, "Cw17": 0.013360785474708425, "xscale17": 0.503402418695402, "yscale17": 0.503402418695402, "zscale17": 0.503402418695402, "Cab18": 22.379764963831335, "Cw18": 0.024465397878902603, "xscale18": 0.6003742980111847, "yscale18": 0.6003742980111847, "zscale18": 0.6003742980111847, "Cab19": 81.75495167051915, "Cw19": 0.01916056649442992, "xscale19": 0.4477612699572924, "yscale19": 0.4477612699572924, "zscale19": 0.4477612699572924, "Cab20": 73.81527371387165, "Cw20": 0.01452025617813717, "xscale20": 0.6125708633945138, "yscale20": 0.6125708633945138, "zscale20": 0.6125708633945138, "Cab21": 34.55086858886019, "Cw21": 0.04318322124198031, "xscale21": 0.4610651982323644, "yscale21": 0.4610651982323644, "zscale21": 0.4610651982323644, "Cab22": 51.22636473749621, "Cw22": 0.033134408511559583, "xscale22": 0.5625174148919925, "yscale22": 0.5625174148919925, "zscale22": 0.5625174148919925, "Cab23": 59.00588923902755, "Cw23": 0.03344383938860868, "xscale23": 0.7104631435530837, "yscale23": 0.7104631435530837, "zscale23": 0.7104631435530837, "Cab24": 32.25294471153406, "Cw24": 0.049608378521524804, "xscale24": 0.5189374545565677, "yscale24": 0.5189374545565677, "zscale24": 0.5189374545565677, "Cab25": 45.80277404249714, "Cw25": 0.042613921972034056, "xscale25": 0.5613267628880084, "yscale25": 0.5613267628880084, "zscale25": 0.5613267628880084, "Cab26": 79.19310262496084, "Cw26": 0.021499129024106747, "xscale26": 0.6938844763836394, "yscale26": 0.6938844763836394, "zscale26": 0.6938844763836394, "Cab27": 23.38273962700798, "Cw27": 0.023524782145859277, "xscale27": 0.4999958417628075, "yscale27": 0.4999958417628075, "zscale27": 0.4999958417628075, "Cab28": 50.2264041722558, "Cw28": 0.012531854859342469, "xscale28": 0.4326409304981631, "yscale28": 0.4326409304981631, "zscale28": 0.4326409304981631, "Cab29": 82.93477029894272, "Cw29": 0.041463630942257704, "xscale29": 0.6808324206762274, "yscale29": 0.6808324206762274, "zscale29": 0.6808324206762274, "Cab30": 30.278236091465175, "Cw30": 0.031509882637687385, "xscale30": 0.41649007326611936, "yscale30": 0.41649007326611936, "zscale30": 0.41649007326611936, "Cab31": 62.661066323783366, "Cw31": 0.04271125167004978, "xscale31": 0.7541476295238436, "yscale31": 0.7541476295238436, "zscale31": 0.7541476295238436, "Cab32": 31.150633829435634, "Cw32": 0.023953928683381146, "xscale32": 0.5030406276599958, "yscale32": 0.5030406276599958, "zscale32": 0.5030406276599958, "Cab33": 72.74612597787734, "Cw33": 0.026558004960304235, "xscale33": 0.41434507930170816, "yscale33": 0.41434507930170816, "zscale33": 0.41434507930170816, "Cab34": 36.5091027174756, "Cw34": 0.03132451416551191, "xscale34": 0.5435092840037223, "yscale34": 0.5435092840037223, "zscale34": 0.5435092840037223, "Cab35": 57.33990059444441, "Cw35": 0.04866465056936867, "xscale35": 0.3617797244612402, "yscale35": 0.3617797244612402, "zscale35": 0.3617797244612402, "Cab36": 51.950731066549665, "Cw36": 0.04940212328491769, "xscale36": 0.5913714851705655, "yscale36": 0.5913714851705655, "zscale36": 0.5913714851705655, "Cab37": 50.686824165067485, "Cw37": 0.03444028036876018, "xscale37": 0.4503362744405474, "yscale37": 0.4503362744405474, "zscale37": 0.4503362744405474, "Cab38": 23.08950588016692, "Cw38": 0.02869364616231415, "xscale38": 0.39712501203653156, "yscale38": 0.39712501203653156, "zscale38": 0.39712501203653156, "Cab39": 26.372354959487787, "Cw39": 0.02334665581949248, "xscale39": 0.6364731817594764, "yscale39": 0.6364731817594764, "zscale39": 0.6364731817594764, "Cab40": 88.15794643678402, "Cw40": 0.031057145016381543, "xscale40": 0.5496416286959083, "yscale40": 0.5496416286959083, "zscale40": 0.5496416286959083, "Cab41": 71.76316918810457, "Cw41": 0.038110800981265895, "xscale41": 0.5587922415336448, "yscale41": 0.5587922415336448, "zscale41": 0.5587922415336448, "Cab42": 70.15731095814618, "Cw42": 0.04146122515199349, "xscale42": 0.47313251523025773, "yscale42": 0.47313251523025773, "zscale42": 0.47313251523025773, "Cab43": 76.72356623638842, "Cw43": 0.02817621636208361, "xscale43": 0.7157370358795903, "yscale43": 0.7157370358795903, "zscale43": 0.7157370358795903, "Cab44": 74.8680045955381, "Cw44": 0.03143888610661925, "xscale44": 0.45636905721973764, "yscale44": 0.45636905721973764, "zscale44": 0.45636905721973764, "Cab45": 69.49791142641443, "Cw45": 0.042002669623082356, "xscale45": 0.3825208874158041, "yscale45": 0.3825208874158041, "zscale45": 0.3825208874158041, "Cab46": 87.59671056951645, "Cw46": 0.03511125295566468, "xscale46": 0.5216742650550642, "yscale46": 0.5216742650550642, "zscale46": 0.5216742650550642, "Cab47": 72.11407004849048, "Cw47": 0.04730552924858476, "xscale47": 0.5847252090218625, "yscale47": 0.5847252090218625, "zscale47": 0.5847252090218625, "Cab48": 51.879176650373275, "Cw48": 0.031227739700649182, "xscale48": 0.729224510460916, "yscale48": 0.729224510460916, "zscale48": 0.729224510460916, "Cab49": 83.60904623477609, "Cw49": 0.04073972488865036, "xscale49": 0.47147223317266, "yscale49": 0.47147223317266, "zscale49": 0.47147223317266, "Cab50": 35.57676376406283, "Cw50": 0.0417388177133704, "xscale50": 0.5982921221604641, "yscale50": 0.5982921221604641, "zscale50": 0.5982921221604641, "Cab51": 84.1426743766346, "Cw51": 0.025582608974411856, "xscale51": 0.7458654770293551, "yscale51": 0.7458654770293551, "zscale51": 0.7458654770293551, "Cab52": 88.09107895608308, "Cw52": 0.040315051881453845,