{"Cab0": 61.275514252016016, "Cw0": 0.040079325793943264, "xscale0": 0.6104825654227196, "yscale0": 0.6104825654227196, "zscale0": 0.6104825654227196, "Cab1": 66.00484035155274, "Cw1": 0.04808533280888566, "xscale1": 0.648970688745636, "yscale1": 0.648970688745636, "zscale1": 0.648970688745636, "Cab2": 63.61399544423076, "Cw2": 0.027179500429055196, "xscale2": 0.5746429093176635, "yscale2": 0.5746429093176635, "zscale2": 0.5746429093176635, "Cab3": 38.0737151662791, "Cw3": 0.04296495090499269, "xscale3": 0.5282311501519394, "yscale3": 0.5282311501519394, "zscale3": 0.5282311501519394, "Cab4": 64.525292822022, "Cw4": 0.017198974791739565, "xscale4": 0.5832114404937278, "yscale4": 0.5832114404937278, "zscale4": 0.5832114404937278, "Cab5": 69.85598814253416, "Cw5": 0.028559502564406092, "xscale5": 0.7050541918815425, "yscale5": 0.7050541918815425, "zscale5": 0.7050541918815425, "Cab6": 70.80244579269515, "Cw6": 0.030726347815483973, "xscale6": 0.5306702813966955, "yscale6": 0.5306702813966955, "zscale6": 0.5306702813966955, "Cab7": 70.82988492512354, "Cw7": 0.010829752951220342, "xscale7": 0.4988089695646124, "yscale7": 0.4988089695646124, "zscale7": 0.4988089695646124, "Cab8": 35.27607551982907, "Cw8": 0.02219513540509939, "xscale8": 0.5343708614348139, "yscale8": 0.5343708614348139, "zscale8": 0.5343708614348139, "Cab9": 87.32885567834037, "Cw9": 0.02127483263623361, "xscale9": 0.6081399913229062, "yscale9": 0.6081399913229062, "zscale9": 0.6081399913229062, "Cab10": 67.8926020713119, "Cw10": 0.01897310070970548, "xscale10": 0.5525178188546616, "yscale10": 0.5525178188546616, "zscale10": 0.5525178188546616, "Cab11": 64.79924753940006, "Cw11": 0.04088564933973465, "xscale11": 0.5974440647033454, "yscale11": 0.5974440647033454, "zscale11": 0.5974440647033454, "Cab12": 23.534177937395906, "Cw12": 0.012040242801599033, "xscale12": 0.5087701111948537, "yscale12": 0.5087701111948537, "zscale12": 0.5087701111948537, "Cab13": 67.38325568332866, "Cw13": 0.012649008950664556, "xscale13": 0.6813612592259048, "yscale13": 0.6813612592259048, "zscale13": 0.6813612592259048, "Cab14": 45.667828635183, "Cw14": 0.04247131937075553, "xscale14": 0.602299910889882, "yscale14": 0.602299910889882, "zscale14": 0.602299910889882, "Cab15": 78.74386495647936, "Cw15": 0.025697391697423543, "xscale15": 0.4757667687676836, "yscale15": 0.4757667687676836, "zscale15": 0.4757667687676836, "Cab16": 55.94771208923395, "Cw16": 0.027861427902780414, "xscale16": 0.5324862239238283, "yscale16": 0.5324862239238283, "zscale16": 0.5324862239238283, "Cab17": 34.34933255061652, "Cw17": 0.04753699030566365, "xscale17": 0.48362511247620343, "yscale17": 0.48362511247620343, "zscale17": 0.48362511247620343, "Cab18": 78.77703653055084, "Cw18": 0.021645323096065244, "xscale18": 0.544391008406543, "yscale18": 0.544391008406543, "zscale18": 0.544391008406543, "Cab19": 69.77569660434695, "Cw19": 0.0495304501548101, "xscale19": 0.4502767149405078, "yscale19": 0.4502767149405078, "zscale19": 0.4502767149405078, "Cab20": 42.37401446030844, "Cw20": 0.022115942027796272, "xscale20": 0.5685222365037995, "yscale20": 0.5685222365037995, "zscale20": 0.5685222365037995, "Cab21": 48.63387104614053, "Cw21": 0.025559759019549773, "xscale21": 0.46292600594361555, "yscale21": 0.46292600594361555, "zscale21": 0.46292600594361555, "Cab22": 67.8906357175199, "Cw22": 0.028119335270866914, "xscale22": 0.5417711302147983, "yscale22": 0.5417711302147983, "zscale22": 0.5417711302147983, "Cab23": 74.84015384153489, "Cw23": 0.025471757110884105, "xscale23": 0.5741659503248145, "yscale23": 0.5741659503248145, "zscale23": 0.5741659503248145, "Cab24": 27.117565991720017, "Cw24": 0.04590349129251836, "xscale24": 0.5835034468710771, "yscale24": 0.5835034468710771, "zscale24": 0.5835034468710771, "Cab25": 76.21101817489972, "Cw25": 0.04815427098985666, "xscale25": 0.6650976761825134, "yscale25": 0.6650976761825134, "zscale25": 0.6650976761825134, "Cab26": 73.522634463708, "Cw26": 0.04985131398558586, "xscale26": 0.7242896917015762, "yscale26": 0.7242896917015762, "zscale26": 0.7242896917015762, "Cab27": 40.139742352157434, "Cw27": 0.027904722579559837, "xscale27": 0.46434854100451756, "yscale27": 0.46434854100451756, "zscale27": 0.46434854100451756, "Cab28": 21.40000118244687, "Cw28": 0.01594744548701096, "xscale28": 0.3491889693172112, "yscale28": 0.3491889693172112, "zscale28": 0.3491889693172112, "Cab29": 29.11628830201938, "Cw29": 0.028082477886140163, "xscale29": 0.4910235297676353, "yscale29": 0.4910235297676353, "zscale29": 0.4910235297676353, "Cab30": 45.58793516811539, "Cw30": 0.031565452823949354, "xscale30": 0.33353663079808377, "yscale30": 0.33353663079808377, "zscale30": 0.33353663079808377, "Cab31": 54.13781212401932, "Cw31": 0.03128907335821679, "xscale31": 0.5720020680308777, "yscale31": 0.5720020680308777, "zscale31": 0.5720020680308777, "Cab32": 40.79503979934765, "Cw32": 0.045346847435035184, "xscale32": 0.5148481467379815, "yscale32": 0.5148481467379815, "zscale32": 0.5148481467379815, "Cab33": 75.40351109175197, "Cw33": 0.017353588641564346, "xscale33": 0.49987189128031917, "yscale33": 0.49987189128031917, "zscale33": 0.49987189128031917, "Cab34": 60.68096753970443, "Cw34": 0.015670995734675845, "xscale34": 0.5395156867325879, "yscale34": 0.5395156867325879, "zscale34": 0.5395156867325879, "Cab35": 21.556981381196294, "Cw35": 0.048543264310647684, "xscale35": 0.3680220634229037, "yscale35": 0.3680220634229037, "zscale35": 0.3680220634229037, "Cab36": 53.78838835675339, "Cw36": 0.020102978786023816, "xscale36": 0.5371892615486248, "yscale36": 0.5371892615486248, "zscale36": 0.5371892615486248, "Cab37": 44.606222331656525, "Cw37": 0.04522449127730655, "xscale37": 0.529367906676086, "yscale37": 0.529367906676086, "zscale37": 0.529367906676086, "Cab38": 44.0423301259719, "Cw38": 0.02356793652212685, "xscale38": 0.5576697529929422, "yscale38": 0.5576697529929422, "zscale38": 0.5576697529929422, "Cab39": 83.43683319476438, "Cw39": 0.019575958552597954, "xscale39": 0.6393356678297124, "yscale39": 0.6393356678297124, "zscale39": 0.6393356678297124, "Cab40": 26.210905154763466, "Cw40": 0.038309651523386654, "xscale40": 0.5761219755370544, "yscale40": 0.5761219755370544, "zscale40": 0.5761219755370544, "Cab41": 59.616620872423724, "Cw41": 0.017389648854728264, "xscale41": 0.5293373838929943, "yscale41": 0.5293373838929943, "zscale41": 0.5293373838929943, "Cab42": 58.26572684068442, "Cw42": 0.03240483026840109, "xscale42": 0.6147334073318039, "yscale42": 0.6147334073318039, "zscale42": 0.6147334073318039, "Cab43": 26.367933117867622, "Cw43": 0.0361757970826613, "xscale43": 0.5690091144850029, "yscale43": 0.5690091144850029, "zscale43": 0.5690091144850029, "Cab44": 66.67755335181232, "Cw44": 0.029486381955829512, "xscale44": 0.4423384668419635, "yscale44": 0.4423384668419635, "zscale44": 0.4423384668419635, "Cab45": 52.21133211726738, "Cw45": 0.038862914217738846, "xscale45": 0.3395880711445884, "yscale45": 0.3395880711445884, "zscale45": 0.3395880711445884, "Cab46": 44.89507640093552, "Cw46": 0.01705322890914109, "xscale46": 0.42341177865356827, "yscale46": 0.42341177865356827, "zscale46": 0.42341177865356827, "Cab47": 31.91846990903551, "Cw47": 0.03937804777005321, "xscale47": 0.5331568484431358, "yscale47": 0.5331568484431358, "zscale47": 0.5331568484431358, "Cab48": 50.83052599380625, "Cw48": 0.037679997174184264, "xscale48": 0.6082024619412083, "yscale48": 0.6082024619412083, "zscale48": 0.6082024619412083, "Cab49": 64.02970547218348, "Cw49": 0.02644429185079005, "xscale49": 0.42620832988564206, "yscale49": 0.42620832988564206, "zscale49": 0.42620832988564206, "Cab50": 48.04808185823532, "Cw50": 0.046688067024720295, "xscale50": 0.6960459479671104, "yscale50": 0.6960459479671104, "zscale50": 0.6960459479671104, "Cab51": 34.454878753286025, "Cw51": 0.01038261839198282, "xscale51": 0.809681914077951, "yscale51": 0.809681914077951, "zscale51": 0.809681914077951, "Cab52": 85.28102311214566, "Cw52": 0.010779888491580986,