{"Cab0": 39.39253279586838, "Cw0": 0.03722611485571626, "xscale0": 0.6922281989896496, "yscale0": 0.6922281989896496, "zscale0": 0.6922281989896496, "Cab1": 38.931043985770806, "Cw1": 0.04615904329542029, "xscale1": 0.5993128704511606, "yscale1": 0.5993128704511606, "zscale1": 0.5993128704511606, "Cab2": 48.42847905141461, "Cw2": 0.030582064491425164, "xscale2": 0.545123384937269, "yscale2": 0.545123384937269, "zscale2": 0.545123384937269, "Cab3": 41.05978815636484, "Cw3": 0.015026901739839667, "xscale3": 0.45712068610517753, "yscale3": 0.45712068610517753, "zscale3": 0.45712068610517753, "Cab4": 62.79711325487682, "Cw4": 0.03137643857839143, "xscale4": 0.665501859588962, "yscale4": 0.665501859588962, "zscale4": 0.665501859588962, "Cab5": 51.507730002985625, "Cw5": 0.014438079096878482, "xscale5": 0.8753536989251767, "yscale5": 0.8753536989251767, "zscale5": 0.8753536989251767, "Cab6": 72.24187280093676, "Cw6": 0.03299408887088015, "xscale6": 0.5106511357609904, "yscale6": 0.5106511357609904, "zscale6": 0.5106511357609904, "Cab7": 38.546680468886905, "Cw7": 0.03165236222355184, "xscale7": 0.6139564448394831, "yscale7": 0.6139564448394831, "zscale7": 0.6139564448394831, "Cab8": 64.10824715889623, "Cw8": 0.04295813777683274, "xscale8": 0.504269430772606, "yscale8": 0.504269430772606, "zscale8": 0.504269430772606, "Cab9": 46.30677790788475, "Cw9": 0.021140521684517466, "xscale9": 0.5544949262163941, "yscale9": 0.5544949262163941, "zscale9": 0.5544949262163941, "Cab10": 23.86265565562371, "Cw10": 0.040522766278481524, "xscale10": 0.5386558424837987, "yscale10": 0.5386558424837987, "zscale10": 0.5386558424837987, "Cab11": 51.625881381388375, "Cw11": 0.01156091398257944, "xscale11": 0.663627920218665, "yscale11": 0.663627920218665, "zscale11": 0.663627920218665, "Cab12": 28.93915348697464, "Cw12": 0.04715230446901069, "xscale12": 0.6346881073791899, "yscale12": 0.6346881073791899, "zscale12": 0.6346881073791899, "Cab13": 30.18518257003841, "Cw13": 0.03717157681297611, "xscale13": 0.6893851559358302, "yscale13": 0.6893851559358302, "zscale13": 0.6893851559358302, "Cab14": 57.628203703302546, "Cw14": 0.043178324333968225, "xscale14": 0.48342300384439996, "yscale14": 0.48342300384439996, "zscale14": 0.48342300384439996, "Cab15": 66.2269161568102, "Cw15": 0.04909508861769213, "xscale15": 0.5497498083374013, "yscale15": 0.5497498083374013, "zscale15": 0.5497498083374013, "Cab16": 47.602447940235564, "Cw16": 0.03531924167467643, "xscale16": 0.4777596599079284, "yscale16": 0.4777596599079284, "zscale16": 0.4777596599079284, "Cab17": 46.75119154418239, "Cw17": 0.014721875622567398, "xscale17": 0.4632773752687693, "yscale17": 0.4632773752687693, "zscale17": 0.4632773752687693, "Cab18": 52.90637090119101, "Cw18": 0.01673440653512099, "xscale18": 0.6374156700294412, "yscale18": 0.6374156700294412, "zscale18": 0.6374156700294412, "Cab19": 65.73049688449768, "Cw19": 0.040020311342971765, "xscale19": 0.49291445094587016, "yscale19": 0.49291445094587016, "zscale19": 0.49291445094587016, "Cab20": 73.63943524531783, "Cw20": 0.028621900529174925, "xscale20": 0.6371596182442558, "yscale20": 0.6371596182442558, "zscale20": 0.6371596182442558, "Cab21": 79.43605097120741, "Cw21": 0.02733487729716564, "xscale21": 0.5767710801016048, "yscale21": 0.5767710801016048, "zscale21": 0.5767710801016048, "Cab22": 38.03914853966408, "Cw22": 0.038825214941690986, "xscale22": 0.5670857827465965, "yscale22": 0.5670857827465965, "zscale22": 0.5670857827465965, "Cab23": 34.08397269141455, "Cw23": 0.01639233536707501, "xscale23": 0.6561037084786899, "yscale23": 0.6561037084786899, "zscale23": 0.6561037084786899, "Cab24": 73.32188874569718, "Cw24": 0.031034139780097475, "xscale24": 0.5183707396034909, "yscale24": 0.5183707396034909, "zscale24": 0.5183707396034909, "Cab25": 64.32530153549095, "Cw25": 0.019214001636517007, "xscale25": 0.6914008283567342, "yscale25": 0.6914008283567342, "zscale25": 0.6914008283567342, "Cab26": 25.473267072893204, "Cw26": 0.030744497735723367, "xscale26": 0.6190333017187842, "yscale26": 0.6190333017187842, "zscale26": 0.6190333017187842, "Cab27": 72.11457425562236, "Cw27": 0.01638303118430575, "xscale27": 0.43045523883049813, "yscale27": 0.43045523883049813, "zscale27": 0.43045523883049813, "Cab28": 26.844904420709263, "Cw28": 0.027835827388525566, "xscale28": 0.4908188879138855, "yscale28": 0.4908188879138855, "zscale28": 0.4908188879138855, "Cab29": 35.1501739974654, "Cw29": 0.01736895339610911, "xscale29": 0.6913022252366263, "yscale29": 0.6913022252366263, "zscale29": 0.6913022252366263, "Cab30": 64.98134944073732, "Cw30": 0.04908794193608869, "xscale30": 0.35577905092799883, "yscale30": 0.35577905092799883, "zscale30": 0.35577905092799883, "Cab31": 65.28926478212966, "Cw31": 0.04318858670699694, "xscale31": 0.6675225364167762, "yscale31": 0.6675225364167762, "zscale31": 0.6675225364167762, "Cab32": 45.61498522155908, "Cw32": 0.04353822710124865, "xscale32": 0.4310146893586997, "yscale32": 0.4310146893586997, "zscale32": 0.4310146893586997, "Cab33": 50.25688790303906, "Cw33": 0.023760564243310828, "xscale33": 0.4988332425763381, "yscale33": 0.4988332425763381, "zscale33": 0.4988332425763381, "Cab34": 49.65824139471686, "Cw34": 0.020960022693356208, "xscale34": 0.46478781980623873, "yscale34": 0.46478781980623873, "zscale34": 0.46478781980623873, "Cab35": 85.79745939920113, "Cw35": 0.028133940401496103, "xscale35": 0.3753002496938963, "yscale35": 0.3753002496938963, "zscale35": 0.3753002496938963, "Cab36": 74.2024466398788, "Cw36": 0.0388737732922169, "xscale36": 0.687365420718962, "yscale36": 0.687365420718962, "zscale36": 0.687365420718962, "Cab37": 71.10637539358167, "Cw37": 0.042476722482903836, "xscale37": 0.5030359292316159, "yscale37": 0.5030359292316159, "zscale37": 0.5030359292316159, "Cab38": 35.8129269687849, "Cw38": 0.030035342406557718, "xscale38": 0.5263211789677141, "yscale38": 0.5263211789677141, "zscale38": 0.5263211789677141, "Cab39": 58.36167846538881, "Cw39": 0.0348296792493001, "xscale39": 0.5555317051490882, "yscale39": 0.5555317051490882, "zscale39": 0.5555317051490882, "Cab40": 66.73048073790216, "Cw40": 0.037466019858506096, "xscale40": 0.5220983322427795, "yscale40": 0.5220983322427795, "zscale40": 0.5220983322427795, "Cab41": 76.80684037566266, "Cw41": 0.03854618370418715, "xscale41": 0.6469795020623672, "yscale41": 0.6469795020623672, "zscale41": 0.6469795020623672, "Cab42": 63.492660149322404, "Cw42": 0.010332788239266071, "xscale42": 0.4453835273808067, "yscale42": 0.4453835273808067, "zscale42": 0.4453835273808067, "Cab43": 59.85664206400941, "Cw43": 0.01702103230601849, "xscale43": 0.5516098663367544, "yscale43": 0.5516098663367544, "zscale43": 0.5516098663367544, "Cab44": 63.451027762645694, "Cw44": 0.03916825643809726, "xscale44": 0.5128977762273439, "yscale44": 0.5128977762273439, "zscale44": 0.5128977762273439, "Cab45": 76.4817179707272, "Cw45": 0.04403151328155228, "xscale45": 0.31515110990124773, "yscale45": 0.31515110990124773, "zscale45": 0.31515110990124773, "Cab46": 49.640140352573326, "Cw46": 0.04805879195834022, "xscale46": 0.4074046251669245, "yscale46": 0.4074046251669245, "zscale46": 0.4074046251669245, "Cab47": 84.8919796085449, "Cw47": 0.013352619423335352, "xscale47": 0.4434089086870005, "yscale47": 0.4434089086870005, "zscale47": 0.4434089086870005, "Cab48": 22.072287960541196, "Cw48": 0.04622743648256397, "xscale48": 0.5633206890688969, "yscale48": 0.5633206890688969, "zscale48": 0.5633206890688969, "Cab49": 20.49370420814769, "Cw49": 0.04288237153732493, "xscale49": 0.552428164760394, "yscale49": 0.552428164760394, "zscale49": 0.552428164760394, "Cab50": 83.7054358070663, "Cw50": 0.014606883617727894, "xscale50": 0.7422997701173984, "yscale50": 0.7422997701173984, "zscale50": 0.7422997701173984, "Cab51": 24.327938121588463, "Cw51": 0.021976167016134446, "xscale51": 0.5944779330317751, "yscale51": 0.5944779330317751, "zscale51": 0.5944779330317751, "Cab52": 34.19508630601714, "Cw52": 0.0345906447848621,