{"Cab0": 30.08065597727679, "Cw0": 0.04170245429599193, "xscale0": 0.7070263034354016, "yscale0": 0.7070263034354016, "zscale0": 0.7070263034354016, "Cab1": 81.32713554799554, "Cw1": 0.049308337886724396, "xscale1": 0.6362466420787941, "yscale1": 0.6362466420787941, "zscale1": 0.6362466420787941, "Cab2": 55.0511400847721, "Cw2": 0.0261478572834572, "xscale2": 0.5403999330134776, "yscale2": 0.5403999330134776, "zscale2": 0.5403999330134776, "Cab3": 52.593356687276305, "Cw3": 0.013127678594054984, "xscale3": 0.44224772943309726, "yscale3": 0.44224772943309726, "zscale3": 0.44224772943309726, "Cab4": 85.25066046733073, "Cw4": 0.046264861049478065, "xscale4": 0.6988641179457435, "yscale4": 0.6988641179457435, "zscale4": 0.6988641179457435, "Cab5": 39.94414343569561, "Cw5": 0.0323539760172944, "xscale5": 0.741812460182394, "yscale5": 0.741812460182394, "zscale5": 0.741812460182394, "Cab6": 89.01293490371087, "Cw6": 0.02433322791894317, "xscale6": 0.49700020233890174, "yscale6": 0.49700020233890174, "zscale6": 0.49700020233890174, "Cab7": 65.0990090683191, "Cw7": 0.03682104827350866, "xscale7": 0.47556235528136565, "yscale7": 0.47556235528136565, "zscale7": 0.47556235528136565, "Cab8": 43.85082724226189, "Cw8": 0.033877207310350196, "xscale8": 0.4733139981618374, "yscale8": 0.4733139981618374, "zscale8": 0.4733139981618374, "Cab9": 39.39108491452449, "Cw9": 0.020692282852154152, "xscale9": 0.7281834277623812, "yscale9": 0.7281834277623812, "zscale9": 0.7281834277623812, "Cab10": 43.9539589511198, "Cw10": 0.014557441450802275, "xscale10": 0.39644023630819425, "yscale10": 0.39644023630819425, "zscale10": 0.39644023630819425, "Cab11": 65.20127750862908, "Cw11": 0.013621559728930532, "xscale11": 0.6382921722500322, "yscale11": 0.6382921722500322, "zscale11": 0.6382921722500322, "Cab12": 49.422469556677456, "Cw12": 0.046910802828218356, "xscale12": 0.4895041637715579, "yscale12": 0.4895041637715579, "zscale12": 0.4895041637715579, "Cab13": 35.30884287894839, "Cw13": 0.023517041277498138, "xscale13": 0.5046173855681823, "yscale13": 0.5046173855681823, "zscale13": 0.5046173855681823, "Cab14": 45.93822105961434, "Cw14": 0.011053937833797031, "xscale14": 0.6402637066870507, "yscale14": 0.6402637066870507, "zscale14": 0.6402637066870507, "Cab15": 31.96032522867926, "Cw15": 0.036762796339521425, "xscale15": 0.6016921304632289, "yscale15": 0.6016921304632289, "zscale15": 0.6016921304632289, "Cab16": 74.80540710190141, "Cw16": 0.012038420381893435, "xscale16": 0.6004757484469054, "yscale16": 0.6004757484469054, "zscale16": 0.6004757484469054, "Cab17": 71.21565179628988, "Cw17": 0.032940185895732894, "xscale17": 0.6398261033407179, "yscale17": 0.6398261033407179, "zscale17": 0.6398261033407179, "Cab18": 37.365571774768256, "Cw18": 0.03931215145871115, "xscale18": 0.548057234698447, "yscale18": 0.548057234698447, "zscale18": 0.548057234698447, "Cab19": 43.4110823616386, "Cw19": 0.03515550173865511, "xscale19": 0.46612487444210843, "yscale19": 0.46612487444210843, "zscale19": 0.46612487444210843, "Cab20": 68.74502130570917, "Cw20": 0.028582750214778914, "xscale20": 0.6512926976638039, "yscale20": 0.6512926976638039, "zscale20": 0.6512926976638039, "Cab21": 39.18652581822237, "Cw21": 0.03160060514183223, "xscale21": 0.5791262488738315, "yscale21": 0.5791262488738315, "zscale21": 0.5791262488738315, "Cab22": 89.44355003148969, "Cw22": 0.03361724882383822, "xscale22": 0.5827072771015369, "yscale22": 0.5827072771015369, "zscale22": 0.5827072771015369, "Cab23": 31.37800360444556, "Cw23": 0.02327951335682291, "xscale23": 0.7401051505226157, "yscale23": 0.7401051505226157, "zscale23": 0.7401051505226157, "Cab24": 51.87208825945166, "Cw24": 0.01751915597511424, "xscale24": 0.5444084113925047, "yscale24": 0.5444084113925047, "zscale24": 0.5444084113925047, "Cab25": 29.71781997492641, "Cw25": 0.0397737963740293, "xscale25": 0.5497315226234041, "yscale25": 0.5497315226234041, "zscale25": 0.5497315226234041, "Cab26": 52.10396286620174, "Cw26": 0.030404234127967444, "xscale26": 0.6129395155829439, "yscale26": 0.6129395155829439, "zscale26": 0.6129395155829439, "Cab27": 31.735501062544557, "Cw27": 0.017580005121772005, "xscale27": 0.37213918583805905, "yscale27": 0.37213918583805905, "zscale27": 0.37213918583805905, "Cab28": 56.7136696970944, "Cw28": 0.03847358822603463, "xscale28": 0.3453202058465411, "yscale28": 0.3453202058465411, "zscale28": 0.3453202058465411, "Cab29": 46.06501490505302, "Cw29": 0.019088607667206242, "xscale29": 0.5561011335960553, "yscale29": 0.5561011335960553, "zscale29": 0.5561011335960553, "Cab30": 36.03293595912321, "Cw30": 0.03312461064584087, "xscale30": 0.44360765826978443, "yscale30": 0.44360765826978443, "zscale30": 0.44360765826978443, "Cab31": 60.05509292534529, "Cw31": 0.014004912121671676, "xscale31": 0.7187579795864601, "yscale31": 0.7187579795864601, "zscale31": 0.7187579795864601, "Cab32": 29.320523108430308, "Cw32": 0.028776651712888623, "xscale32": 0.5102318064459099, "yscale32": 0.5102318064459099, "zscale32": 0.5102318064459099, "Cab33": 48.836219082033104, "Cw33": 0.04141431407578514, "xscale33": 0.5469805848687264, "yscale33": 0.5469805848687264, "zscale33": 0.5469805848687264, "Cab34": 70.32494075941318, "Cw34": 0.012014230240517372, "xscale34": 0.5946313461672671, "yscale34": 0.5946313461672671, "zscale34": 0.5946313461672671, "Cab35": 77.8177016214454, "Cw35": 0.04651332529014947, "xscale35": 0.37054701863236367, "yscale35": 0.37054701863236367, "zscale35": 0.37054701863236367, "Cab36": 73.43330386849303, "Cw36": 0.02513117630047755, "xscale36": 0.5194607454865003, "yscale36": 0.5194607454865003, "zscale36": 0.5194607454865003, "Cab37": 55.128760932289104, "Cw37": 0.02460364333759633, "xscale37": 0.3798287587647659, "yscale37": 0.3798287587647659, "zscale37": 0.3798287587647659, "Cab38": 55.890866090508005, "Cw38": 0.027674300018547163, "xscale38": 0.4837679402985441, "yscale38": 0.4837679402985441, "zscale38": 0.4837679402985441, "Cab39": 37.77761836928247, "Cw39": 0.029182676011430618, "xscale39": 0.5561569663983423, "yscale39": 0.5561569663983423, "zscale39": 0.5561569663983423, "Cab40": 30.919117714882674, "Cw40": 0.013606995477851554, "xscale40": 0.6419996188899081, "yscale40": 0.6419996188899081, "zscale40": 0.6419996188899081, "Cab41": 42.069336869365145, "Cw41": 0.037219681310396505, "xscale41": 0.6511563275538813, "yscale41": 0.6511563275538813, "zscale41": 0.6511563275538813, "Cab42": 86.13119869983785, "Cw42": 0.03361541661020401, "xscale42": 0.5708431400773499, "yscale42": 0.5708431400773499, "zscale42": 0.5708431400773499, "Cab43": 60.92309494444554, "Cw43": 0.01994684701883085, "xscale43": 0.6887609719859127, "yscale43": 0.6887609719859127, "zscale43": 0.6887609719859127, "Cab44": 39.31013874012973, "Cw44": 0.044394445131741116, "xscale44": 0.446920016841251, "yscale44": 0.446920016841251, "zscale44": 0.446920016841251, "Cab45": 22.223160017325583, "Cw45": 0.02111324003177286, "xscale45": 0.40442583588570186, "yscale45": 0.40442583588570186, "zscale45": 0.40442583588570186, "Cab46": 31.135268513982474, "Cw46": 0.0381702831693575, "xscale46": 0.5093454467507088, "yscale46": 0.5093454467507088, "zscale46": 0.5093454467507088, "Cab47": 77.45877419300206, "Cw47": 0.047064785128549114, "xscale47": 0.4213931654446916, "yscale47": 0.4213931654446916, "zscale47": 0.4213931654446916, "Cab48": 71.60301231411606, "Cw48": 0.034815085734439324, "xscale48": 0.546018429999064, "yscale48": 0.546018429999064, "zscale48": 0.546018429999064, "Cab49": 81.76176959284851, "Cw49": 0.010006715862694318, "xscale49": 0.5043354871691651, "yscale49": 0.5043354871691651, "zscale49": 0.5043354871691651, "Cab50": 64.22537363629267, "Cw50": 0.012263824347062458, "xscale50": 0.6512906914387444, "yscale50": 0.6512906914387444, "zscale50": 0.6512906914387444, "Cab51": 56.64030056602343, "Cw51": 0.013680340970954146, "xscale51": 0.6234663062964104, "yscale51": 0.6234663062964104, "zscale51": 0.6234663062964104, "Cab52": 46.05606027015779,