{"Cab0": 48.4420339799311, "Cw0": 0.015278818626571829, "xscale0": 0.8108994823442843, "yscale0": 0.8108994823442843, "zscale0": 0.8108994823442843, "Cab1": 75.14348888715477, "Cw1": 0.02105774878556034, "xscale1": 0.502916170768045, "yscale1": 0.502916170768045, "zscale1": 0.502916170768045, "Cab2": 86.57317529602668, "Cw2": 0.0403538914459741, "xscale2": 0.6918683930823355, "yscale2": 0.6918683930823355, "zscale2": 0.6918683930823355, "Cab3": 28.57110895258771, "Cw3": 0.03663392047986332, "xscale3": 0.4658780992293057, "yscale3": 0.4658780992293057, "zscale3": 0.4658780992293057, "Cab4": 53.323841079485135, "Cw4": 0.012520481774481156, "xscale4": 0.5080094147370917, "yscale4": 0.5080094147370917, "zscale4": 0.5080094147370917, "Cab5": 54.338173380031044, "Cw5": 0.03684001981842503, "xscale5": 0.7865177339690403, "yscale5": 0.7865177339690403, "zscale5": 0.7865177339690403, "Cab6": 82.17558484647643, "Cw6": 0.0293205386183729, "xscale6": 0.6370591157936627, "yscale6": 0.6370591157936627, "zscale6": 0.6370591157936627, "Cab7": 25.558737282023312, "Cw7": 0.0162538207057598, "xscale7": 0.5242720530830565, "yscale7": 0.5242720530830565, "zscale7": 0.5242720530830565, "Cab8": 76.4780054799509, "Cw8": 0.01974160828184826, "xscale8": 0.5114502635946694, "yscale8": 0.5114502635946694, "zscale8": 0.5114502635946694, "Cab9": 29.6130764765171, "Cw9": 0.04358655114704807, "xscale9": 0.5689830490329774, "yscale9": 0.5689830490329774, "zscale9": 0.5689830490329774, "Cab10": 78.2656109111928, "Cw10": 0.013149990607192543, "xscale10": 0.532287177600944, "yscale10": 0.532287177600944, "zscale10": 0.532287177600944, "Cab11": 51.42958950355807, "Cw11": 0.03678590707412622, "xscale11": 0.6309855336274809, "yscale11": 0.6309855336274809, "zscale11": 0.6309855336274809, "Cab12": 73.70413397727995, "Cw12": 0.04103493042539662, "xscale12": 0.48723788276434465, "yscale12": 0.48723788276434465, "zscale12": 0.48723788276434465, "Cab13": 71.3625474176811, "Cw13": 0.02595947999335084, "xscale13": 0.604773767168573, "yscale13": 0.604773767168573, "zscale13": 0.604773767168573, "Cab14": 88.5391982227203, "Cw14": 0.020277048415825456, "xscale14": 0.4451554897049841, "yscale14": 0.4451554897049841, "zscale14": 0.4451554897049841, "Cab15": 36.213432816726936, "Cw15": 0.03978519683130103, "xscale15": 0.588590645786411, "yscale15": 0.588590645786411, "zscale15": 0.588590645786411, "Cab16": 27.773618186715968, "Cw16": 0.02158476828642006, "xscale16": 0.5045795623639887, "yscale16": 0.5045795623639887, "zscale16": 0.5045795623639887, "Cab17": 24.742592628336304, "Cw17": 0.03572141800023625, "xscale17": 0.5670531813073897, "yscale17": 0.5670531813073897, "zscale17": 0.5670531813073897, "Cab18": 35.978639300364904, "Cw18": 0.013570488500776526, "xscale18": 0.6304834946885306, "yscale18": 0.6304834946885306, "zscale18": 0.6304834946885306, "Cab19": 84.45070560513652, "Cw19": 0.012356757128488334, "xscale19": 0.5659102710781171, "yscale19": 0.5659102710781171, "zscale19": 0.5659102710781171, "Cab20": 41.215044025195354, "Cw20": 0.01039218420071109, "xscale20": 0.5583464172208836, "yscale20": 0.5583464172208836, "zscale20": 0.5583464172208836, "Cab21": 65.78688959367122, "Cw21": 0.047063889152850064, "xscale21": 0.5721309135883328, "yscale21": 0.5721309135883328, "zscale21": 0.5721309135883328, "Cab22": 47.7702016586728, "Cw22": 0.037678724085041075, "xscale22": 0.4144676361186123, "yscale22": 0.4144676361186123, "zscale22": 0.4144676361186123, "Cab23": 48.333662885430044, "Cw23": 0.02186793616357122, "xscale23": 0.508062505360656, "yscale23": 0.508062505360656, "zscale23": 0.508062505360656, "Cab24": 40.56494733072324, "Cw24": 0.03370631568977897, "xscale24": 0.5736333340033315, "yscale24": 0.5736333340033315, "zscale24": 0.5736333340033315, "Cab25": 83.22658306504707, "Cw25": 0.04873688548107486, "xscale25": 0.5466246716110384, "yscale25": 0.5466246716110384, "zscale25": 0.5466246716110384, "Cab26": 59.262917371819036, "Cw26": 0.010213658011585648, "xscale26": 0.6957448857506335, "yscale26": 0.6957448857506335, "zscale26": 0.6957448857506335, "Cab27": 86.44740647835222, "Cw27": 0.01950763127852012, "xscale27": 0.47667815891841553, "yscale27": 0.47667815891841553, "zscale27": 0.47667815891841553, "Cab28": 37.98816173325066, "Cw28": 0.04305217885798878, "xscale28": 0.47420745274928744, "yscale28": 0.47420745274928744, "zscale28": 0.47420745274928744, "Cab29": 25.086928722456847, "Cw29": 0.049558483307241295, "xscale29": 0.7145844129688049, "yscale29": 0.7145844129688049, "zscale29": 0.7145844129688049, "Cab30": 42.77836430007527, "Cw30": 0.02606233792721078, "xscale30": 0.4515527897752292, "yscale30": 0.4515527897752292, "zscale30": 0.4515527897752292, "Cab31": 85.43550798528926, "Cw31": 0.02870529712517507, "xscale31": 0.6065782112884202, "yscale31": 0.6065782112884202, "zscale31": 0.6065782112884202, "Cab32": 66.33735878434427, "Cw32": 0.023308515052178982, "xscale32": 0.5200393107028841, "yscale32": 0.5200393107028841, "zscale32": 0.5200393107028841, "Cab33": 50.03439031545817, "Cw33": 0.031948779573814375, "xscale33": 0.5680971676683003, "yscale33": 0.5680971676683003, "zscale33": 0.5680971676683003, "Cab34": 78.717817454342, "Cw34": 0.015404562414817306, "xscale34": 0.4182404000622134, "yscale34": 0.4182404000622134, "zscale34": 0.4182404000622134, "Cab35": 85.2743953261275, "Cw35": 0.042293832888139975, "xscale35": 0.4234360464920941, "yscale35": 0.4234360464920941, "zscale35": 0.4234360464920941, "Cab36": 34.420925795536306, "Cw36": 0.031026675501925755, "xscale36": 0.6332463818518441, "yscale36": 0.6332463818518441, "zscale36": 0.6332463818518441, "Cab37": 45.87324868384398, "Cw37": 0.044201435333652506, "xscale37": 0.39368498162578963, "yscale37": 0.39368498162578963, "zscale37": 0.39368498162578963, "Cab38": 53.05387061579532, "Cw38": 0.04819165474762107, "xscale38": 0.46925242238748094, "yscale38": 0.46925242238748094, "zscale38": 0.46925242238748094, "Cab39": 22.547508754876283, "Cw39": 0.026051447018106508, "xscale39": 0.5199255484371509, "yscale39": 0.5199255484371509, "zscale39": 0.5199255484371509, "Cab40": 73.46701817470978, "Cw40": 0.014123964411432209, "xscale40": 0.5307737548831788, "yscale40": 0.5307737548831788, "zscale40": 0.5307737548831788, "Cab41": 52.02522012449553, "Cw41": 0.022907242232041013, "xscale41": 0.6481816279742564, "yscale41": 0.6481816279742564, "zscale41": 0.6481816279742564, "Cab42": 64.6967957916037, "Cw42": 0.03683744837861259, "xscale42": 0.5706712962385996, "yscale42": 0.5706712962385996, "zscale42": 0.5706712962385996, "Cab43": 69.35493065983837, "Cw43": 0.01946310665966225, "xscale43": 0.64949236764302, "yscale43": 0.64949236764302, "zscale43": 0.64949236764302, "Cab44": 66.24180315075918, "Cw44": 0.025945555602287056, "xscale44": 0.4390231709598843, "yscale44": 0.4390231709598843, "zscale44": 0.4390231709598843, "Cab45": 79.08120271000773, "Cw45": 0.04378970916102926, "xscale45": 0.3666923986154624, "yscale45": 0.3666923986154624, "zscale45": 0.3666923986154624, "Cab46": 61.995934716456006, "Cw46": 0.016562695990380214, "xscale46": 0.4399367426622228, "yscale46": 0.4399367426622228, "zscale46": 0.4399367426622228, "Cab47": 24.16294982541605, "Cw47": 0.034008319928193344, "xscale47": 0.5406610093815629, "yscale47": 0.5406610093815629, "zscale47": 0.5406610093815629, "Cab48": 39.83465516526283, "Cw48": 0.017841330617438235, "xscale48": 0.7182793916822022, "yscale48": 0.7182793916822022, "zscale48": 0.7182793916822022, "Cab49": 86.92589002706752, "Cw49": 0.038409555196274855, "xscale49": 0.4329643969668978, "yscale49": 0.4329643969668978, "zscale49": 0.4329643969668978, "Cab50": 43.86387020343602, "Cw50": 0.045208756485708074, "xscale50": 0.7432320711000264, "yscale50": 0.7432320711000264, "zscale50": 0.7432320711000264, "Cab51": 45.24489489250246, "Cw51": 0.04066796110596724, "xscale51": 0.6653995683328962, "yscale51": 0.6653995683328962, "zscale51": 0.6653995683328962, "Cab52": 20.172265861003698, "Cw52": 0.010499406679680861,