{"Cab0": 35.51410851740674, "Cw0": 0.02045742318602846, "xscale0": 0.8040381665531764, "yscale0": 0.8040381665531764, "zscale0": 0.8040381665531764, "Cab1": 34.302958808755676, "Cw1": 0.014331714021654434, "xscale1": 0.6969794778356339, "yscale1": 0.6969794778356339, "zscale1": 0.6969794778356339, "Cab2": 63.80403894398882, "Cw2": 0.02490157215196282, "xscale2": 0.5369458446497565, "yscale2": 0.5369458446497565, "zscale2": 0.5369458446497565, "Cab3": 33.290164470014474, "Cw3": 0.04373986643161896, "xscale3": 0.5275724086377875, "yscale3": 0.5275724086377875, "zscale3": 0.5275724086377875, "Cab4": 51.40010588737057, "Cw4": 0.023306310285730436, "xscale4": 0.6948741582486314, "yscale4": 0.6948741582486314, "zscale4": 0.6948741582486314, "Cab5": 48.19201422105474, "Cw5": 0.034256773845924245, "xscale5": 0.7732457308909387, "yscale5": 0.7732457308909387, "zscale5": 0.7732457308909387, "Cab6": 35.40740064700789, "Cw6": 0.01901197013221087, "xscale6": 0.48612237011547355, "yscale6": 0.48612237011547355, "zscale6": 0.48612237011547355, "Cab7": 70.97714493386844, "Cw7": 0.020298413543405294, "xscale7": 0.6579961823935326, "yscale7": 0.6579961823935326, "zscale7": 0.6579961823935326, "Cab8": 87.44170292293767, "Cw8": 0.037262032322230895, "xscale8": 0.4740971195825889, "yscale8": 0.4740971195825889, "zscale8": 0.4740971195825889, "Cab9": 87.28222405401495, "Cw9": 0.048393541292703346, "xscale9": 0.7967919299725233, "yscale9": 0.7967919299725233, "zscale9": 0.7967919299725233, "Cab10": 82.00062418986323, "Cw10": 0.011611305217814115, "xscale10": 0.5042909821924494, "yscale10": 0.5042909821924494, "zscale10": 0.5042909821924494, "Cab11": 70.80999276110236, "Cw11": 0.03723269084422315, "xscale11": 0.7481586749415244, "yscale11": 0.7481586749415244, "zscale11": 0.7481586749415244, "Cab12": 47.04519790919616, "Cw12": 0.014937100795517187, "xscale12": 0.587082326057705, "yscale12": 0.587082326057705, "zscale12": 0.587082326057705, "Cab13": 40.9462024827795, "Cw13": 0.04351448053030454, "xscale13": 0.7184356413696515, "yscale13": 0.7184356413696515, "zscale13": 0.7184356413696515, "Cab14": 44.21370504967092, "Cw14": 0.017081182471160684, "xscale14": 0.6302740533546082, "yscale14": 0.6302740533546082, "zscale14": 0.6302740533546082, "Cab15": 76.62937219444805, "Cw15": 0.04108697594177337, "xscale15": 0.4688075491809549, "yscale15": 0.4688075491809549, "zscale15": 0.4688075491809549, "Cab16": 72.35576266540778, "Cw16": 0.046905049458722814, "xscale16": 0.5635665366767104, "yscale16": 0.5635665366767104, "zscale16": 0.5635665366767104, "Cab17": 69.61325950623561, "Cw17": 0.02964076701664168, "xscale17": 0.4878951326386311, "yscale17": 0.4878951326386311, "zscale17": 0.4878951326386311, "Cab18": 66.77543091774724, "Cw18": 0.011495355640211185, "xscale18": 0.6195855762175453, "yscale18": 0.6195855762175453, "zscale18": 0.6195855762175453, "Cab19": 68.97254638571448, "Cw19": 0.012830352754574604, "xscale19": 0.5820134771001406, "yscale19": 0.5820134771001406, "zscale19": 0.5820134771001406, "Cab20": 58.52714300222472, "Cw20": 0.03579905849325366, "xscale20": 0.7061338602017934, "yscale20": 0.7061338602017934, "zscale20": 0.7061338602017934, "Cab21": 46.69665173467939, "Cw21": 0.015611926090844174, "xscale21": 0.43138424958786903, "yscale21": 0.43138424958786903, "zscale21": 0.43138424958786903, "Cab22": 29.270340632703522, "Cw22": 0.014737979536537153, "xscale22": 0.5752446758263989, "yscale22": 0.5752446758263989, "zscale22": 0.5752446758263989, "Cab23": 67.67843308845674, "Cw23": 0.04120232272444246, "xscale23": 0.5864238376932612, "yscale23": 0.5864238376932612, "zscale23": 0.5864238376932612, "Cab24": 45.85106645484136, "Cw24": 0.04083313726851165, "xscale24": 0.5161303728232866, "yscale24": 0.5161303728232866, "zscale24": 0.5161303728232866, "Cab25": 32.579638817446735, "Cw25": 0.04569322378771976, "xscale25": 0.7293990805392189, "yscale25": 0.7293990805392189, "zscale25": 0.7293990805392189, "Cab26": 57.5605527936993, "Cw26": 0.03606566262160282, "xscale26": 0.6521477725956887, "yscale26": 0.6521477725956887, "zscale26": 0.6521477725956887, "Cab27": 45.96881983429729, "Cw27": 0.03096688021496382, "xscale27": 0.49666416192044754, "yscale27": 0.49666416192044754, "zscale27": 0.49666416192044754, "Cab28": 82.79597287379136, "Cw28": 0.012710612578620979, "xscale28": 0.484658806618668, "yscale28": 0.484658806618668, "zscale28": 0.484658806618668, "Cab29": 36.51987698598927, "Cw29": 0.03813888049509874, "xscale29": 0.5515753122083589, "yscale29": 0.5515753122083589, "zscale29": 0.5515753122083589, "Cab30": 50.2585278027982, "Cw30": 0.010197215712966976, "xscale30": 0.325669805319451, "yscale30": 0.325669805319451, "zscale30": 0.325669805319451, "Cab31": 68.2496889878211, "Cw31": 0.04677747861435015, "xscale31": 0.680416204419836, "yscale31": 0.680416204419836, "zscale31": 0.680416204419836, "Cab32": 38.856485084470776, "Cw32": 0.04819336240008951, "xscale32": 0.3952410025175205, "yscale32": 0.3952410025175205, "zscale32": 0.3952410025175205, "Cab33": 57.94414360318982, "Cw33": 0.0367492091767632, "xscale33": 0.4951830006932769, "yscale33": 0.4951830006932769, "zscale33": 0.4951830006932769, "Cab34": 80.46088141129545, "Cw34": 0.019240653376399526, "xscale34": 0.4614699325064768, "yscale34": 0.4614699325064768, "zscale34": 0.4614699325064768, "Cab35": 34.84682904831459, "Cw35": 0.049130270225676155, "xscale35": 0.3997872347048871, "yscale35": 0.3997872347048871, "zscale35": 0.3997872347048871, "Cab36": 89.57890806365813, "Cw36": 0.013727075306007266, "xscale36": 0.7574793003327821, "yscale36": 0.7574793003327821, "zscale36": 0.7574793003327821, "Cab37": 80.31955112840308, "Cw37": 0.016676811403009095, "xscale37": 0.5136109913544941, "yscale37": 0.5136109913544941, "zscale37": 0.5136109913544941, "Cab38": 47.792027272150264, "Cw38": 0.03334697612595718, "xscale38": 0.54203416953873, "yscale38": 0.54203416953873, "zscale38": 0.54203416953873, "Cab39": 59.24046921190295, "Cw39": 0.04758008867390506, "xscale39": 0.5772911556903066, "yscale39": 0.5772911556903066, "zscale39": 0.5772911556903066, "Cab40": 72.56764326664488, "Cw40": 0.04517373601705612, "xscale40": 0.44068105102168403, "yscale40": 0.44068105102168403, "zscale40": 0.44068105102168403, "Cab41": 43.95678881296612, "Cw41": 0.03388010577784047, "xscale41": 0.5663097752519689, "yscale41": 0.5663097752519689, "zscale41": 0.5663097752519689, "Cab42": 21.264749020567084, "Cw42": 0.03586451033742882, "xscale42": 0.4758938912432521, "yscale42": 0.4758938912432521, "zscale42": 0.4758938912432521, "Cab43": 26.15378619092649, "Cw43": 0.03868608320681629, "xscale43": 0.5719198219768484, "yscale43": 0.5719198219768484, "zscale43": 0.5719198219768484, "Cab44": 85.12440572720318, "Cw44": 0.014680492316174801, "xscale44": 0.40343580915645233, "yscale44": 0.40343580915645233, "zscale44": 0.40343580915645233, "Cab45": 79.3842711725998, "Cw45": 0.022868281412160137, "xscale45": 0.39298973369014006, "yscale45": 0.39298973369014006, "zscale45": 0.39298973369014006, "Cab46": 85.97753544748554, "Cw46": 0.016796354336055697, "xscale46": 0.4551316983514142, "yscale46": 0.4551316983514142, "zscale46": 0.4551316983514142, "Cab47": 54.89359838205365, "Cw47": 0.031220166229122923, "xscale47": 0.6043795649264404, "yscale47": 0.6043795649264404, "zscale47": 0.6043795649264404, "Cab48": 80.24331286086749, "Cw48": 0.03144025146734033, "xscale48": 0.5293820107353137, "yscale48": 0.5293820107353137, "zscale48": 0.5293820107353137, "Cab49": 32.387861436298294, "Cw49": 0.04417925094918015, "xscale49": 0.6082233257365834, "yscale49": 0.6082233257365834, "zscale49": 0.6082233257365834, "Cab50": 87.58869075104515, "Cw50": 0.028289729924796995, "xscale50": 0.6727380525755661, "yscale50": 0.6727380525755661, "zscale50": 0.6727380525755661, "Cab51": 73.44630367369203, "Cw51": 0.01635551043221271, "xscale51": 0.5703487891362625, "yscale51": 0.5703487891362625, "zscale51": 0.5703487891362625, "Cab52": 48.689208472346564, "Cw52": 0.04731159645651722,