{"Cab0": 27.758495825749435, "Cw0": 0.03563254128330414, "xscale0": 0.8728239121052185, "yscale0": 0.8728239121052185, "zscale0": 0.8728239121052185, "Cab1": 58.531533279266995, "Cw1": 0.019221362563603545, "xscale1": 0.5606372141456083, "yscale1": 0.5606372141456083, "zscale1": 0.5606372141456083, "Cab2": 40.062151948548674, "Cw2": 0.03391975487737019, "xscale2": 0.7227515734284858, "yscale2": 0.7227515734284858, "zscale2": 0.7227515734284858, "Cab3": 85.90263197146143, "Cw3": 0.025782634524421547, "xscale3": 0.4490387213391116, "yscale3": 0.4490387213391116, "zscale3": 0.4490387213391116, "Cab4": 76.57480355853016, "Cw4": 0.017967639308006433, "xscale4": 0.5168916775032701, "yscale4": 0.5168916775032701, "zscale4": 0.5168916775032701, "Cab5": 58.901119518299396, "Cw5": 0.039024002764340315, "xscale5": 0.6539426049813718, "yscale5": 0.6539426049813718, "zscale5": 0.6539426049813718, "Cab6": 41.41036411334071, "Cw6": 0.02171452755146342, "xscale6": 0.5984657411036484, "yscale6": 0.5984657411036484, "zscale6": 0.5984657411036484, "Cab7": 64.46461619776414, "Cw7": 0.029883259087820628, "xscale7": 0.46442227646207573, "yscale7": 0.46442227646207573, "zscale7": 0.46442227646207573, "Cab8": 48.39739760295267, "Cw8": 0.03264288997978181, "xscale8": 0.6353635702183459, "yscale8": 0.6353635702183459, "zscale8": 0.6353635702183459, "Cab9": 57.92044621703677, "Cw9": 0.020157876646758215, "xscale9": 0.7110972932793622, "yscale9": 0.7110972932793622, "zscale9": 0.7110972932793622, "Cab10": 41.52655578084882, "Cw10": 0.025437096657783972, "xscale10": 0.4149884934986805, "yscale10": 0.4149884934986805, "zscale10": 0.4149884934986805, "Cab11": 35.02928778643076, "Cw11": 0.016880908362882925, "xscale11": 0.6889058072954107, "yscale11": 0.6889058072954107, "zscale11": 0.6889058072954107, "Cab12": 60.027055624973954, "Cw12": 0.04889044228804823, "xscale12": 0.5157674478713334, "yscale12": 0.5157674478713334, "zscale12": 0.5157674478713334, "Cab13": 57.731012812654576, "Cw13": 0.021002843864637053, "xscale13": 0.6530357196586566, "yscale13": 0.6530357196586566, "zscale13": 0.6530357196586566, "Cab14": 78.04587941647799, "Cw14": 0.034651512098300884, "xscale14": 0.6001356963761868, "yscale14": 0.6001356963761868, "zscale14": 0.6001356963761868, "Cab15": 28.61123415280381, "Cw15": 0.02063993777213958, "xscale15": 0.5670152908033921, "yscale15": 0.5670152908033921, "zscale15": 0.5670152908033921, "Cab16": 84.49998412208733, "Cw16": 0.026749728364532856, "xscale16": 0.5644694171721608, "yscale16": 0.5644694171721608, "zscale16": 0.5644694171721608, "Cab17": 67.12135748306122, "Cw17": 0.03884162938896326, "xscale17": 0.47981091210450555, "yscale17": 0.47981091210450555, "zscale17": 0.47981091210450555, "Cab18": 38.78682137912269, "Cw18": 0.03207267361014206, "xscale18": 0.7370051944616333, "yscale18": 0.7370051944616333, "zscale18": 0.7370051944616333, "Cab19": 53.523933504091424, "Cw19": 0.04458947049749234, "xscale19": 0.4786801443333535, "yscale19": 0.4786801443333535, "zscale19": 0.4786801443333535, "Cab20": 42.71810220471103, "Cw20": 0.029804179940678896, "xscale20": 0.5950540945047462, "yscale20": 0.5950540945047462, "zscale20": 0.5950540945047462, "Cab21": 55.28704372834733, "Cw21": 0.03547370679545594, "xscale21": 0.5090412464865569, "yscale21": 0.5090412464865569, "zscale21": 0.5090412464865569, "Cab22": 83.15318926239041, "Cw22": 0.040066182933478356, "xscale22": 0.5000615856251261, "yscale22": 0.5000615856251261, "zscale22": 0.5000615856251261, "Cab23": 64.89959014041986, "Cw23": 0.010312575489892138, "xscale23": 0.647007786477851, "yscale23": 0.647007786477851, "zscale23": 0.647007786477851, "Cab24": 81.64339209260186, "Cw24": 0.02151234311313841, "xscale24": 0.5584612018104034, "yscale24": 0.5584612018104034, "zscale24": 0.5584612018104034, "Cab25": 20.98079529606622, "Cw25": 0.027830595920556367, "xscale25": 0.5477358322404305, "yscale25": 0.5477358322404305, "zscale25": 0.5477358322404305, "Cab26": 64.49204055275396, "Cw26": 0.019204169173103365, "xscale26": 0.5460666836568907, "yscale26": 0.5460666836568907, "zscale26": 0.5460666836568907, "Cab27": 59.89248326793705, "Cw27": 0.043385905167903305, "xscale27": 0.4409224163264045, "yscale27": 0.4409224163264045, "zscale27": 0.4409224163264045, "Cab28": 84.28409178210369, "Cw28": 0.01100150888265147, "xscale28": 0.38812489508179804, "yscale28": 0.38812489508179804, "zscale28": 0.38812489508179804, "Cab29": 58.319703399246556, "Cw29": 0.03901105236394749, "xscale29": 0.6263474032794831, "yscale29": 0.6263474032794831, "zscale29": 0.6263474032794831, "Cab30": 61.72300107461645, "Cw30": 0.03022840351731052, "xscale30": 0.3037653027344054, "yscale30": 0.3037653027344054, "zscale30": 0.3037653027344054, "Cab31": 68.32846625135548, "Cw31": 0.01150519282902013, "xscale31": 0.5432781047769432, "yscale31": 0.5432781047769432, "zscale31": 0.5432781047769432, "Cab32": 83.92252777405015, "Cw32": 0.027643391305775825, "xscale32": 0.47104419229782885, "yscale32": 0.47104419229782885, "zscale32": 0.47104419229782885, "Cab33": 23.640313355606466, "Cw33": 0.024066550619964724, "xscale33": 0.4784039101288972, "yscale33": 0.4784039101288972, "zscale33": 0.4784039101288972, "Cab34": 80.19642530182574, "Cw34": 0.04506373115527834, "xscale34": 0.4447000160754727, "yscale34": 0.4447000160754727, "zscale34": 0.4447000160754727, "Cab35": 80.98617850066736, "Cw35": 0.048143944124797645, "xscale35": 0.48243658275144335, "yscale35": 0.48243658275144335, "zscale35": 0.48243658275144335, "Cab36": 78.40389196279673, "Cw36": 0.02921993119352198, "xscale36": 0.6237031530702057, "yscale36": 0.6237031530702057, "zscale36": 0.6237031530702057, "Cab37": 67.30798618595307, "Cw37": 0.030446640493770508, "xscale37": 0.49100159921933273, "yscale37": 0.49100159921933273, "zscale37": 0.49100159921933273, "Cab38": 52.28163678511565, "Cw38": 0.012390938810496693, "xscale38": 0.44138051470902484, "yscale38": 0.44138051470902484, "zscale38": 0.44138051470902484, "Cab39": 72.42836533314858, "Cw39": 0.020495030306368647, "xscale39": 0.6682163841205087, "yscale39": 0.6682163841205087, "zscale39": 0.6682163841205087, "Cab40": 83.03672659788751, "Cw40": 0.027647819006896765, "xscale40": 0.5052018678784934, "yscale40": 0.5052018678784934, "zscale40": 0.5052018678784934, "Cab41": 64.15237062515158, "Cw41": 0.02676516213224328, "xscale41": 0.5782281549607137, "yscale41": 0.5782281549607137, "zscale41": 0.5782281549607137, "Cab42": 67.29074969430997, "Cw42": 0.0409576743101838, "xscale42": 0.5300318289129711, "yscale42": 0.5300318289129711, "zscale42": 0.5300318289129711, "Cab43": 70.01801388042624, "Cw43": 0.032810352232357745, "xscale43": 0.6304635871470036, "yscale43": 0.6304635871470036, "zscale43": 0.6304635871470036, "Cab44": 79.65923359588652, "Cw44": 0.03162429556322676, "xscale44": 0.43514666397584656, "yscale44": 0.43514666397584656, "zscale44": 0.43514666397584656, "Cab45": 29.294473596775468, "Cw45": 0.01880987391964868, "xscale45": 0.2784135758668602, "yscale45": 0.2784135758668602, "zscale45": 0.2784135758668602, "Cab46": 28.83969325290275, "Cw46": 0.022407391229101115, "xscale46": 0.5196369365679255, "yscale46": 0.5196369365679255, "zscale46": 0.5196369365679255, "Cab47": 36.35907440694598, "Cw47": 0.037470912167741566, "xscale47": 0.6058247523926257, "yscale47": 0.6058247523926257, "zscale47": 0.6058247523926257, "Cab48": 66.72175971936942, "Cw48": 0.03780838280988481, "xscale48": 0.7447287567883529, "yscale48": 0.7447287567883529, "zscale48": 0.7447287567883529, "Cab49": 59.51639147652377, "Cw49": 0.02252298445249752, "xscale49": 0.5305923050216287, "yscale49": 0.5305923050216287, "zscale49": 0.5305923050216287, "Cab50": 54.82546620354053, "Cw50": 0.04449020282270758, "xscale50": 0.6671762940278463, "yscale50": 0.6671762940278463, "zscale50": 0.6671762940278463, "Cab51": 73.89198252890635, "Cw51": 0.024316876264558834, "xscale51": 0.605524877800218, "yscale51": 0.605524877800218, "zscale51": 0.605524877800218, "Cab52": 58.762255780422954,