{"Cab0": 49.259870813018296, "Cw0": 0.042673953519619126, "xscale0": 0.61687747846832, "yscale0": 0.61687747846832, "zscale0": 0.61687747846832, "Cab1": 82.85220356756679, "Cw1": 0.03156276969246877, "xscale1": 0.5496990278901738, "yscale1": 0.5496990278901738, "zscale1": 0.5496990278901738, "Cab2": 57.622674835947535, "Cw2": 0.047066258464214694, "xscale2": 0.7741341736839323, "yscale2": 0.7741341736839323, "zscale2": 0.7741341736839323, "Cab3": 84.6924718410023, "Cw3": 0.041181589813672786, "xscale3": 0.406490899556335, "yscale3": 0.406490899556335, "zscale3": 0.406490899556335, "Cab4": 60.94927323556552, "Cw4": 0.01725195373104082, "xscale4": 0.6428302428495059, "yscale4": 0.6428302428495059, "zscale4": 0.6428302428495059, "Cab5": 20.190886073096863, "Cw5": 0.019281418487609305, "xscale5": 0.8765949142665352, "yscale5": 0.8765949142665352, "zscale5": 0.8765949142665352, "Cab6": 88.5150670235553, "Cw6": 0.04479731150833217, "xscale6": 0.5111736997393337, "yscale6": 0.5111736997393337, "zscale6": 0.5111736997393337, "Cab7": 20.77955236536904, "Cw7": 0.04715642197876373, "xscale7": 0.5183434518392288, "yscale7": 0.5183434518392288, "zscale7": 0.5183434518392288, "Cab8": 45.33706938838164, "Cw8": 0.03817762661595016, "xscale8": 0.5351771094417693, "yscale8": 0.5351771094417693, "zscale8": 0.5351771094417693, "Cab9": 42.919905002656705, "Cw9": 0.018567686518199764, "xscale9": 0.5474138624766492, "yscale9": 0.5474138624766492, "zscale9": 0.5474138624766492, "Cab10": 27.087560445033418, "Cw10": 0.030271637374025613, "xscale10": 0.5670328263200951, "yscale10": 0.5670328263200951, "zscale10": 0.5670328263200951, "Cab11": 89.48387078971709, "Cw11": 0.02282821013208297, "xscale11": 0.6939263356896448, "yscale11": 0.6939263356896448, "zscale11": 0.6939263356896448, "Cab12": 69.10512918370617, "Cw12": 0.013253444715018414, "xscale12": 0.44369923461770466, "yscale12": 0.44369923461770466, "zscale12": 0.44369923461770466, "Cab13": 80.32929191234987, "Cw13": 0.03733122404615707, "xscale13": 0.5195619621327834, "yscale13": 0.5195619621327834, "zscale13": 0.5195619621327834, "Cab14": 42.93993935001639, "Cw14": 0.02981446151575297, "xscale14": 0.46579861823915025, "yscale14": 0.46579861823915025, "zscale14": 0.46579861823915025, "Cab15": 59.00825566890086, "Cw15": 0.047604595322678245, "xscale15": 0.6174358056379922, "yscale15": 0.6174358056379922, "zscale15": 0.6174358056379922, "Cab16": 35.29205117522837, "Cw16": 0.034307566083706546, "xscale16": 0.6811583613988539, "yscale16": 0.6811583613988539, "zscale16": 0.6811583613988539, "Cab17": 71.54898283831042, "Cw17": 0.031598143841321785, "xscale17": 0.5016130432498259, "yscale17": 0.5016130432498259, "zscale17": 0.5016130432498259, "Cab18": 66.93660263984631, "Cw18": 0.016478233433349462, "xscale18": 0.5925637018567034, "yscale18": 0.5925637018567034, "zscale18": 0.5925637018567034, "Cab19": 87.89381005524211, "Cw19": 0.03686296474638856, "xscale19": 0.579680393027878, "yscale19": 0.579680393027878, "zscale19": 0.579680393027878, "Cab20": 68.08588960424643, "Cw20": 0.027212868716242726, "xscale20": 0.5719770286315226, "yscale20": 0.5719770286315226, "zscale20": 0.5719770286315226, "Cab21": 70.95677555663713, "Cw21": 0.02124078301057282, "xscale21": 0.4764248117590663, "yscale21": 0.4764248117590663, "zscale21": 0.4764248117590663, "Cab22": 58.47634518376115, "Cw22": 0.04350949080084571, "xscale22": 0.5521259408229844, "yscale22": 0.5521259408229844, "zscale22": 0.5521259408229844, "Cab23": 45.62205592782889, "Cw23": 0.02429804071802514, "xscale23": 0.6336885361755626, "yscale23": 0.6336885361755626, "zscale23": 0.6336885361755626, "Cab24": 84.04176056928848, "Cw24": 0.030582031785686498, "xscale24": 0.5610383628392802, "yscale24": 0.5610383628392802, "zscale24": 0.5610383628392802, "Cab25": 48.00049668085876, "Cw25": 0.011373768707008939, "xscale25": 0.6510860785974015, "yscale25": 0.6510860785974015, "zscale25": 0.6510860785974015, "Cab26": 57.61560952335718, "Cw26": 0.039431450151277234, "xscale26": 0.4988909202406101, "yscale26": 0.4988909202406101, "zscale26": 0.4988909202406101, "Cab27": 59.953457745705535, "Cw27": 0.026400854896211315, "xscale27": 0.47110598327058256, "yscale27": 0.47110598327058256, "zscale27": 0.47110598327058256, "Cab28": 25.7755784206461, "Cw28": 0.03792683092944989, "xscale28": 0.44896547095959594, "yscale28": 0.44896547095959594, "zscale28": 0.44896547095959594, "Cab29": 33.15949462091245, "Cw29": 0.021326087055222757, "xscale29": 0.533417717147119, "yscale29": 0.533417717147119, "zscale29": 0.533417717147119, "Cab30": 50.707728715541094, "Cw30": 0.03113379500172584, "xscale30": 0.44477946038138366, "yscale30": 0.44477946038138366, "zscale30": 0.44477946038138366, "Cab31": 75.95795443572334, "Cw31": 0.020307052938429715, "xscale31": 0.5484546196149072, "yscale31": 0.5484546196149072, "zscale31": 0.5484546196149072, "Cab32": 22.374762289351466, "Cw32": 0.015723131210852448, "xscale32": 0.5094871833072135, "yscale32": 0.5094871833072135, "zscale32": 0.5094871833072135, "Cab33": 38.999363017788596, "Cw33": 0.03532044688969407, "xscale33": 0.40320343331201286, "yscale33": 0.40320343331201286, "zscale33": 0.40320343331201286, "Cab34": 79.05733618615284, "Cw34": 0.0322821651068836, "xscale34": 0.4705012362211503, "yscale34": 0.4705012362211503, "zscale34": 0.4705012362211503, "Cab35": 60.80401113181871, "Cw35": 0.022289671019470776, "xscale35": 0.46765309954851003, "yscale35": 0.46765309954851003, "zscale35": 0.46765309954851003, "Cab36": 88.48486012452707, "Cw36": 0.04477531592675886, "xscale36": 0.6867705049947991, "yscale36": 0.6867705049947991, "zscale36": 0.6867705049947991, "Cab37": 67.14830738705842, "Cw37": 0.032641032311847874, "xscale37": 0.442426967516831, "yscale37": 0.442426967516831, "zscale37": 0.442426967516831, "Cab38": 77.03376513806012, "Cw38": 0.046251354077838265, "xscale38": 0.5391840726484076, "yscale38": 0.5391840726484076, "zscale38": 0.5391840726484076, "Cab39": 67.73998538035818, "Cw39": 0.04443641956329945, "xscale39": 0.5488535034332238, "yscale39": 0.5488535034332238, "zscale39": 0.5488535034332238, "Cab40": 37.79034653682234, "Cw40": 0.04069165353987219, "xscale40": 0.43914941672994484, "yscale40": 0.43914941672994484, "zscale40": 0.43914941672994484, "Cab41": 55.500017399709876, "Cw41": 0.035031838594780755, "xscale41": 0.5555607226670934, "yscale41": 0.5555607226670934, "zscale41": 0.5555607226670934, "Cab42": 60.68495323543766, "Cw42": 0.03815735776879632, "xscale42": 0.566117695789007, "yscale42": 0.566117695789007, "zscale42": 0.566117695789007, "Cab43": 34.87695665441059, "Cw43": 0.03470005115482286, "xscale43": 0.5311495356972148, "yscale43": 0.5311495356972148, "zscale43": 0.5311495356972148, "Cab44": 78.62377257395327, "Cw44": 0.013442383642576244, "xscale44": 0.39567159565514765, "yscale44": 0.39567159565514765, "zscale44": 0.39567159565514765, "Cab45": 26.58446077160527, "Cw45": 0.03488152862403742, "xscale45": 0.31697399038207474, "yscale45": 0.31697399038207474, "zscale45": 0.31697399038207474, "Cab46": 49.33759118743947, "Cw46": 0.036090279494669315, "xscale46": 0.5245148877616667, "yscale46": 0.5245148877616667, "zscale46": 0.5245148877616667, "Cab47": 77.05228465040295, "Cw47": 0.022794661316570493, "xscale47": 0.5230269747010009, "yscale47": 0.5230269747010009, "zscale47": 0.5230269747010009, "Cab48": 45.61397277989808, "Cw48": 0.020689845280772206, "xscale48": 0.7340021186254517, "yscale48": 0.7340021186254517, "zscale48": 0.7340021186254517, "Cab49": 32.233381405703454, "Cw49": 0.010616718843342775, "xscale49": 0.5152695955460316, "yscale49": 0.5152695955460316, "zscale49": 0.5152695955460316, "Cab50": 59.48447331607755, "Cw50": 0.024699143032404905, "xscale50": 0.7678690837990341, "yscale50": 0.7678690837990341, "zscale50": 0.7678690837990341, "Cab51": 69.26815737078653, "Cw51": 0.04948955359080111, "xscale51": 0.5957682712759983, "yscale51": 0.5957682712759983, "zscale51": 0.5957682712759983, "Cab52": 44.90989976512027,