{"Cab0": 86.00714058974799, "Cw0": 0.015789821887594, "xscale0": 0.7952896393856659, "yscale0": 0.7952896393856659, "zscale0": 0.7952896393856659, "Cab1": 63.24700348219046, "Cw1": 0.043046743399771874, "xscale1": 0.5352503190009503, "yscale1": 0.5352503190009503, "zscale1": 0.5352503190009503, "Cab2": 54.640584316323945, "Cw2": 0.025298128665331918, "xscale2": 0.7636210322531519, "yscale2": 0.7636210322531519, "zscale2": 0.7636210322531519, "Cab3": 85.38475180850565, "Cw3": 0.04936164363418442, "xscale3": 0.4019086816422215, "yscale3": 0.4019086816422215, "zscale3": 0.4019086816422215, "Cab4": 70.50644484594912, "Cw4": 0.04091969538818861, "xscale4": 0.586241022051681, "yscale4": 0.586241022051681, "zscale4": 0.586241022051681, "Cab5": 32.21589735013554, "Cw5": 0.02580682664984798, "xscale5": 0.8225588988461564, "yscale5": 0.8225588988461564, "zscale5": 0.8225588988461564, "Cab6": 25.41141234817765, "Cw6": 0.04646361737164728, "xscale6": 0.5690501124472865, "yscale6": 0.5690501124472865, "zscale6": 0.5690501124472865, "Cab7": 29.432578008225164, "Cw7": 0.024201328803391528, "xscale7": 0.5887610547602172, "yscale7": 0.5887610547602172, "zscale7": 0.5887610547602172, "Cab8": 67.745143255982, "Cw8": 0.022223267009266474, "xscale8": 0.5653638635850853, "yscale8": 0.5653638635850853, "zscale8": 0.5653638635850853, "Cab9": 62.091847892156004, "Cw9": 0.023264216471711528, "xscale9": 0.6036319269511204, "yscale9": 0.6036319269511204, "zscale9": 0.6036319269511204, "Cab10": 72.02134511408292, "Cw10": 0.04760319151709934, "xscale10": 0.4874710731282626, "yscale10": 0.4874710731282626, "zscale10": 0.4874710731282626, "Cab11": 89.01560127601515, "Cw11": 0.04629823335482612, "xscale11": 0.6712431741513352, "yscale11": 0.6712431741513352, "zscale11": 0.6712431741513352, "Cab12": 84.67509340287302, "Cw12": 0.022794430595794172, "xscale12": 0.6526547028400657, "yscale12": 0.6526547028400657, "zscale12": 0.6526547028400657, "Cab13": 82.2716467296666, "Cw13": 0.026926502242892836, "xscale13": 0.6284662503492785, "yscale13": 0.6284662503492785, "zscale13": 0.6284662503492785, "Cab14": 67.07061795784529, "Cw14": 0.04070484885928409, "xscale14": 0.5952585274798694, "yscale14": 0.5952585274798694, "zscale14": 0.5952585274798694, "Cab15": 42.56419006763386, "Cw15": 0.04669605376332399, "xscale15": 0.5688312992863361, "yscale15": 0.5688312992863361, "zscale15": 0.5688312992863361, "Cab16": 55.121321177920244, "Cw16": 0.029923238905087912, "xscale16": 0.6152390633824255, "yscale16": 0.6152390633824255, "zscale16": 0.6152390633824255, "Cab17": 84.80909339442573, "Cw17": 0.02884655496566286, "xscale17": 0.5528565889899151, "yscale17": 0.5528565889899151, "zscale17": 0.5528565889899151, "Cab18": 38.482048381133424, "Cw18": 0.033452773813904976, "xscale18": 0.5435724114580122, "yscale18": 0.5435724114580122, "zscale18": 0.5435724114580122, "Cab19": 83.20321030724926, "Cw19": 0.04016511230888796, "xscale19": 0.48355161692481935, "yscale19": 0.48355161692481935, "zscale19": 0.48355161692481935, "Cab20": 66.21094122040164, "Cw20": 0.02309933081101283, "xscale20": 0.6023122876000907, "yscale20": 0.6023122876000907, "zscale20": 0.6023122876000907, "Cab21": 30.974183382479843, "Cw21": 0.02636058282737406, "xscale21": 0.4891528100498826, "yscale21": 0.4891528100498826, "zscale21": 0.4891528100498826, "Cab22": 56.65867655035007, "Cw22": 0.04769151164278719, "xscale22": 0.548749034566978, "yscale22": 0.548749034566978, "zscale22": 0.548749034566978, "Cab23": 51.64131327083867, "Cw23": 0.014933994756315551, "xscale23": 0.5434980160458914, "yscale23": 0.5434980160458914, "zscale23": 0.5434980160458914, "Cab24": 81.49218660691383, "Cw24": 0.04470042607318054, "xscale24": 0.571416388838923, "yscale24": 0.571416388838923, "zscale24": 0.571416388838923, "Cab25": 32.073190933401506, "Cw25": 0.041267715106560486, "xscale25": 0.549398468626686, "yscale25": 0.549398468626686, "zscale25": 0.549398468626686, "Cab26": 45.88837104099481, "Cw26": 0.013247017925966418, "xscale26": 0.49438080839905674, "yscale26": 0.49438080839905674, "zscale26": 0.49438080839905674, "Cab27": 30.52761201562201, "Cw27": 0.04551079278968571, "xscale27": 0.46959447591613207, "yscale27": 0.46959447591613207, "zscale27": 0.46959447591613207, "Cab28": 80.86960189360488, "Cw28": 0.013456383461435779, "xscale28": 0.4665104341564134, "yscale28": 0.4665104341564134, "zscale28": 0.4665104341564134, "Cab29": 48.80702086930223, "Cw29": 0.042820580554883206, "xscale29": 0.6213636233861408, "yscale29": 0.6213636233861408, "zscale29": 0.6213636233861408, "Cab30": 68.74019810418669, "Cw30": 0.02516424756634815, "xscale30": 0.39479690143320073, "yscale30": 0.39479690143320073, "zscale30": 0.39479690143320073, "Cab31": 51.76746341475901, "Cw31": 0.0462280445922112, "xscale31": 0.6556607770819554, "yscale31": 0.6556607770819554, "zscale31": 0.6556607770819554, "Cab32": 51.382319716403366, "Cw32": 0.026414530788116536, "xscale32": 0.4132644043197329, "yscale32": 0.4132644043197329, "zscale32": 0.4132644043197329, "Cab33": 62.48476794184668, "Cw33": 0.025130007410658982, "xscale33": 0.5122637228815332, "yscale33": 0.5122637228815332, "zscale33": 0.5122637228815332, "Cab34": 49.69135761982238, "Cw34": 0.02351691554931113, "xscale34": 0.4760391647952091, "yscale34": 0.4760391647952091, "zscale34": 0.4760391647952091, "Cab35": 30.5030569071098, "Cw35": 0.01934528203994274, "xscale35": 0.41191801981867165, "yscale35": 0.41191801981867165, "zscale35": 0.41191801981867165, "Cab36": 67.372767136151, "Cw36": 0.047787832962009294, "xscale36": 0.5924199138744366, "yscale36": 0.5924199138744366, "zscale36": 0.5924199138744366, "Cab37": 38.87168119649991, "Cw37": 0.03330666393101098, "xscale37": 0.3783255887318912, "yscale37": 0.3783255887318912, "zscale37": 0.3783255887318912, "Cab38": 48.44488806064895, "Cw38": 0.04088700967584794, "xscale38": 0.45355364105325435, "yscale38": 0.45355364105325435, "zscale38": 0.45355364105325435, "Cab39": 33.59930970286416, "Cw39": 0.021877654650877924, "xscale39": 0.7083204774770367, "yscale39": 0.7083204774770367, "zscale39": 0.7083204774770367, "Cab40": 58.01919982109831, "Cw40": 0.02423260641741177, "xscale40": 0.4835397770247526, "yscale40": 0.4835397770247526, "zscale40": 0.4835397770247526, "Cab41": 59.61828774833959, "Cw41": 0.020708955783768086, "xscale41": 0.4837635817080899, "yscale41": 0.4837635817080899, "zscale41": 0.4837635817080899, "Cab42": 75.05771652468621, "Cw42": 0.03035633020275618, "xscale42": 0.5905831230225629, "yscale42": 0.5905831230225629, "zscale42": 0.5905831230225629, "Cab43": 87.03865177687071, "Cw43": 0.010309684829615763, "xscale43": 0.600975845338109, "yscale43": 0.600975845338109, "zscale43": 0.600975845338109, "Cab44": 57.26595538293648, "Cw44": 0.014948524202475664, "xscale44": 0.4164440424739659, "yscale44": 0.4164440424739659, "zscale44": 0.4164440424739659, "Cab45": 69.46259466513239, "Cw45": 0.015064646866724898, "xscale45": 0.32046943987798154, "yscale45": 0.32046943987798154, "zscale45": 0.32046943987798154, "Cab46": 85.60194105893424, "Cw46": 0.04858540612984361, "xscale46": 0.38285827625434216, "yscale46": 0.38285827625434216, "zscale46": 0.38285827625434216, "Cab47": 39.030472917997656, "Cw47": 0.01879053597693552, "xscale47": 0.6094810969012183, "yscale47": 0.6094810969012183, "zscale47": 0.6094810969012183, "Cab48": 41.011606376451965, "Cw48": 0.03909402848723506, "xscale48": 0.65726299992709, "yscale48": 0.65726299992709, "zscale48": 0.65726299992709, "Cab49": 73.74448634887194, "Cw49": 0.032436773455803286, "xscale49": 0.523648486913468, "yscale49": 0.523648486913468, "zscale49": 0.523648486913468, "Cab50": 20.628553159339145, "Cw50": 0.0157399393035386, "xscale50": 0.7655916886016902, "yscale50": 0.7655916886016902, "zscale50": 0.7655916886016902, "Cab51": 60.700653117271926, "Cw51": 0.03416507653452263, "xscale51": 0.6249458436979772, "yscale51": 0.6249458436979772, "zscale51": 0.6249458436979772, "Cab52": 45.932909220367655, "Cw52": 0.017987642904723156,