{"Cab0": 34.18838527832039, "Cw0": 0.013736352525589007, "xscale0": 0.5929418626234286, "yscale0": 0.5929418626234286, "zscale0": 0.5929418626234286, "Cab1": 43.46141321550978, "Cw1": 0.049783693431430374, "xscale1": 0.6961323485275589, "yscale1": 0.6961323485275589, "zscale1": 0.6961323485275589, "Cab2": 69.79153519081957, "Cw2": 0.028172596231665778, "xscale2": 0.6690199844091703, "yscale2": 0.6690199844091703, "zscale2": 0.6690199844091703, "Cab3": 68.55720231164022, "Cw3": 0.032747993223242476, "xscale3": 0.5642906103185464, "yscale3": 0.5642906103185464, "zscale3": 0.5642906103185464, "Cab4": 35.45367173824576, "Cw4": 0.01661443667572128, "xscale4": 0.5871384657300109, "yscale4": 0.5871384657300109, "zscale4": 0.5871384657300109, "Cab5": 77.72470172981168, "Cw5": 0.013065477200018232, "xscale5": 0.6981447110701838, "yscale5": 0.6981447110701838, "zscale5": 0.6981447110701838, "Cab6": 79.1457206455414, "Cw6": 0.014597564865528802, "xscale6": 0.5033955634114542, "yscale6": 0.5033955634114542, "zscale6": 0.5033955634114542, "Cab7": 50.86950497699208, "Cw7": 0.016694631135239373, "xscale7": 0.6438158163026204, "yscale7": 0.6438158163026204, "zscale7": 0.6438158163026204, "Cab8": 22.0394321203823, "Cw8": 0.032983715668428046, "xscale8": 0.6620120079510925, "yscale8": 0.6620120079510925, "zscale8": 0.6620120079510925, "Cab9": 88.48285759900352, "Cw9": 0.029868033622117804, "xscale9": 0.6443132122641207, "yscale9": 0.6443132122641207, "zscale9": 0.6443132122641207, "Cab10": 89.65077226209277, "Cw10": 0.0484254079729836, "xscale10": 0.5864441915853282, "yscale10": 0.5864441915853282, "zscale10": 0.5864441915853282, "Cab11": 67.74482180143067, "Cw11": 0.028153419763628056, "xscale11": 0.6256935126415543, "yscale11": 0.6256935126415543, "zscale11": 0.6256935126415543, "Cab12": 34.27157005334482, "Cw12": 0.024214589305563423, "xscale12": 0.46443648975906243, "yscale12": 0.46443648975906243, "zscale12": 0.46443648975906243, "Cab13": 50.840186577328765, "Cw13": 0.012645492508272365, "xscale13": 0.6442180695352473, "yscale13": 0.6442180695352473, "zscale13": 0.6442180695352473, "Cab14": 27.507472485962246, "Cw14": 0.018543890296276795, "xscale14": 0.6294947754382941, "yscale14": 0.6294947754382941, "zscale14": 0.6294947754382941, "Cab15": 74.71978243303448, "Cw15": 0.032718324797214475, "xscale15": 0.5876718129882453, "yscale15": 0.5876718129882453, "zscale15": 0.5876718129882453, "Cab16": 84.5888084724795, "Cw16": 0.04509375115210852, "xscale16": 0.682669309527219, "yscale16": 0.682669309527219, "zscale16": 0.682669309527219, "Cab17": 81.38492484764967, "Cw17": 0.04460603884073804, "xscale17": 0.5559714462234823, "yscale17": 0.5559714462234823, "zscale17": 0.5559714462234823, "Cab18": 65.37798847834387, "Cw18": 0.04572337180556041, "xscale18": 0.592964962714773, "yscale18": 0.592964962714773, "zscale18": 0.592964962714773, "Cab19": 44.26733103744286, "Cw19": 0.025842516152566726, "xscale19": 0.6326450015107072, "yscale19": 0.6326450015107072, "zscale19": 0.6326450015107072, "Cab20": 30.539036842409754, "Cw20": 0.03507971109246632, "xscale20": 0.684931186877684, "yscale20": 0.684931186877684, "zscale20": 0.684931186877684, "Cab21": 38.995243482537, "Cw21": 0.02486039049444911, "xscale21": 0.5178585274430417, "yscale21": 0.5178585274430417, "zscale21": 0.5178585274430417, "Cab22": 21.88582058294075, "Cw22": 0.04382515517866682, "xscale22": 0.46697486335281096, "yscale22": 0.46697486335281096, "zscale22": 0.46697486335281096, "Cab23": 86.66590339410719, "Cw23": 0.018561671594358356, "xscale23": 0.5705864131961417, "yscale23": 0.5705864131961417, "zscale23": 0.5705864131961417, "Cab24": 69.39454669653244, "Cw24": 0.019477895143902337, "xscale24": 0.5042908942979702, "yscale24": 0.5042908942979702, "zscale24": 0.5042908942979702, "Cab25": 28.809543784284404, "Cw25": 0.04639999675437366, "xscale25": 0.7188054212298419, "yscale25": 0.7188054212298419, "zscale25": 0.7188054212298419, "Cab26": 78.43162464028732, "Cw26": 0.013998722124758924, "xscale26": 0.6529880971826643, "yscale26": 0.6529880971826643, "zscale26": 0.6529880971826643, "Cab27": 38.16620926692168, "Cw27": 0.03360464925727572, "xscale27": 0.4792161837511617, "yscale27": 0.4792161837511617, "zscale27": 0.4792161837511617, "Cab28": 50.77076545780889, "Cw28": 0.019063481463856377, "xscale28": 0.4678720041867517, "yscale28": 0.4678720041867517, "zscale28": 0.4678720041867517, "Cab29": 41.594326064268174, "Cw29": 0.035207094988171525, "xscale29": 0.5524534524644481, "yscale29": 0.5524534524644481, "zscale29": 0.5524534524644481, "Cab30": 67.51646878579479, "Cw30": 0.044737531853625744, "xscale30": 0.3113924343307216, "yscale30": 0.3113924343307216, "zscale30": 0.3113924343307216, "Cab31": 60.06473801992533, "Cw31": 0.04049581603228278, "xscale31": 0.7499571855794704, "yscale31": 0.7499571855794704, "zscale31": 0.7499571855794704, "Cab32": 76.30402365416558, "Cw32": 0.02966221835099256, "xscale32": 0.5018401288581719, "yscale32": 0.5018401288581719, "zscale32": 0.5018401288581719, "Cab33": 70.45794741841524, "Cw33": 0.01006369415168482, "xscale33": 0.43554855401226794, "yscale33": 0.43554855401226794, "zscale33": 0.43554855401226794, "Cab34": 33.29620742476214, "Cw34": 0.039565699391237434, "xscale34": 0.5585848120571141, "yscale34": 0.5585848120571141, "zscale34": 0.5585848120571141, "Cab35": 31.11799530030453, "Cw35": 0.011713119553231852, "xscale35": 0.3676489329656754, "yscale35": 0.3676489329656754, "zscale35": 0.3676489329656754, "Cab36": 27.516609105678768, "Cw36": 0.017582184453333035, "xscale36": 0.5590717650943627, "yscale36": 0.5590717650943627, "zscale36": 0.5590717650943627, "Cab37": 37.35424654225771, "Cw37": 0.04581865318685052, "xscale37": 0.3666525321716191, "yscale37": 0.3666525321716191, "zscale37": 0.3666525321716191, "Cab38": 50.5275686566339, "Cw38": 0.02696837977868774, "xscale38": 0.5548334349223901, "yscale38": 0.5548334349223901, "zscale38": 0.5548334349223901, "Cab39": 57.509028231481054, "Cw39": 0.010846912232819732, "xscale39": 0.5200372527632968, "yscale39": 0.5200372527632968, "zscale39": 0.5200372527632968, "Cab40": 35.99289083578007, "Cw40": 0.023082310197487542, "xscale40": 0.4887421150184301, "yscale40": 0.4887421150184301, "zscale40": 0.4887421150184301, "Cab41": 52.95275620949941, "Cw41": 0.014754787072960279, "xscale41": 0.6009421219889959, "yscale41": 0.6009421219889959, "zscale41": 0.6009421219889959, "Cab42": 76.02472478463895, "Cw42": 0.015441402222466798, "xscale42": 0.5243123639566635, "yscale42": 0.5243123639566635, "zscale42": 0.5243123639566635, "Cab43": 22.298322909691375, "Cw43": 0.015513250131474265, "xscale43": 0.6544242621599805, "yscale43": 0.6544242621599805, "zscale43": 0.6544242621599805, "Cab44": 50.486695456598355, "Cw44": 0.02721358395069612, "xscale44": 0.3878714136455995, "yscale44": 0.3878714136455995, "zscale44": 0.3878714136455995, "Cab45": 81.84206145573566, "Cw45": 0.0285741868543471, "xscale45": 0.37871215660611635, "yscale45": 0.37871215660611635, "zscale45": 0.37871215660611635, "Cab46": 71.65915031641794, "Cw46": 0.038937183701605246, "xscale46": 0.4650141383426372, "yscale46": 0.4650141383426372, "zscale46": 0.4650141383426372, "Cab47": 59.59587011489578, "Cw47": 0.029463003589493747, "xscale47": 0.565549654284526, "yscale47": 0.565549654284526, "zscale47": 0.565549654284526, "Cab48": 74.3329053966277, "Cw48": 0.04401897232859509, "xscale48": 0.6539616516869053, "yscale48": 0.6539616516869053, "zscale48": 0.6539616516869053, "Cab49": 34.51443173960665, "Cw49": 0.03381582582912418, "xscale49": 0.4870199520458414, "yscale49": 0.4870199520458414, "zscale49": 0.4870199520458414, "Cab50": 61.085368752333764, "Cw50": 0.03895540670358801, "xscale50": 0.7378067024074207, "yscale50": 0.7378067024074207, "zscale50": 0.7378067024074207, "Cab51": 54.91474819814696, "Cw51": 0.012185962948379156, "xscale51": 0.6253064844385738, "yscale51": 0.6253064844385738, "zscale51": 0.6253064844385738, "Cab52": 27.96475330850166, "Cw52": 0.03827324346534914,