{"Cab0": 63.40800975691022, "Cw0": 0.03056104646053997, "xscale0": 0.631219473283998, "yscale0": 0.631219473283998, "zscale0": 0.631219473283998, "Cab1": 25.540190144912636, "Cw1": 0.020650232193276375, "xscale1": 0.5954883250703701, "yscale1": 0.5954883250703701, "zscale1": 0.5954883250703701, "Cab2": 45.880768942851674, "Cw2": 0.018026907424941837, "xscale2": 0.591131847285375, "yscale2": 0.591131847285375, "zscale2": 0.591131847285375, "Cab3": 68.93560689330099, "Cw3": 0.02699931106319268, "xscale3": 0.5077232167357948, "yscale3": 0.5077232167357948, "zscale3": 0.5077232167357948, "Cab4": 86.08479465346306, "Cw4": 0.032365743144216294, "xscale4": 0.5683083780110935, "yscale4": 0.5683083780110935, "zscale4": 0.5683083780110935, "Cab5": 21.222179274250863, "Cw5": 0.01443408257903359, "xscale5": 0.7179028577130183, "yscale5": 0.7179028577130183, "zscale5": 0.7179028577130183, "Cab6": 69.69734065303159, "Cw6": 0.044908458240621715, "xscale6": 0.44436970450764063, "yscale6": 0.44436970450764063, "zscale6": 0.44436970450764063, "Cab7": 80.11804674330257, "Cw7": 0.011194892578212472, "xscale7": 0.5935862735802081, "yscale7": 0.5935862735802081, "zscale7": 0.5935862735802081, "Cab8": 63.921215453195224, "Cw8": 0.013225756169713719, "xscale8": 0.46663563473669634, "yscale8": 0.46663563473669634, "zscale8": 0.46663563473669634, "Cab9": 42.23857079640268, "Cw9": 0.01928980996663838, "xscale9": 0.5719302716844306, "yscale9": 0.5719302716844306, "zscale9": 0.5719302716844306, "Cab10": 54.72052564840696, "Cw10": 0.025748545851441082, "xscale10": 0.45918373999099765, "yscale10": 0.45918373999099765, "zscale10": 0.45918373999099765, "Cab11": 52.50354214309498, "Cw11": 0.0420493395030272, "xscale11": 0.7601323070573501, "yscale11": 0.7601323070573501, "zscale11": 0.7601323070573501, "Cab12": 69.13610765460467, "Cw12": 0.014159967714386532, "xscale12": 0.5486076054847276, "yscale12": 0.5486076054847276, "zscale12": 0.5486076054847276, "Cab13": 76.63901762696707, "Cw13": 0.011686232499586563, "xscale13": 0.603231319181915, "yscale13": 0.603231319181915, "zscale13": 0.603231319181915, "Cab14": 76.11180426449289, "Cw14": 0.027663362771733653, "xscale14": 0.5416833776098258, "yscale14": 0.5416833776098258, "zscale14": 0.5416833776098258, "Cab15": 52.52510054958762, "Cw15": 0.04746338262597809, "xscale15": 0.6817793246634732, "yscale15": 0.6817793246634732, "zscale15": 0.6817793246634732, "Cab16": 58.00683578085068, "Cw16": 0.03422776512873256, "xscale16": 0.6750774822717076, "yscale16": 0.6750774822717076, "zscale16": 0.6750774822717076, "Cab17": 77.00797642515502, "Cw17": 0.02754018445261623, "xscale17": 0.6637641323224525, "yscale17": 0.6637641323224525, "zscale17": 0.6637641323224525, "Cab18": 89.17124034707882, "Cw18": 0.041902928392342255, "xscale18": 0.7281531284787297, "yscale18": 0.7281531284787297, "zscale18": 0.7281531284787297, "Cab19": 46.05310205572184, "Cw19": 0.04318841246900514, "xscale19": 0.5903572154721458, "yscale19": 0.5903572154721458, "zscale19": 0.5903572154721458, "Cab20": 46.58045850385144, "Cw20": 0.016083892150931502, "xscale20": 0.6389590928415971, "yscale20": 0.6389590928415971, "zscale20": 0.6389590928415971, "Cab21": 35.58315861807727, "Cw21": 0.024707904905702575, "xscale21": 0.5414336501714624, "yscale21": 0.5414336501714624, "zscale21": 0.5414336501714624, "Cab22": 42.91920850941732, "Cw22": 0.03641464590396062, "xscale22": 0.43747510218582863, "yscale22": 0.43747510218582863, "zscale22": 0.43747510218582863, "Cab23": 73.75647402058294, "Cw23": 0.022014285775508687, "xscale23": 0.5525652819363759, "yscale23": 0.5525652819363759, "zscale23": 0.5525652819363759, "Cab24": 68.8824224417086, "Cw24": 0.014419557565176197, "xscale24": 0.5893636620424324, "yscale24": 0.5893636620424324, "zscale24": 0.5893636620424324, "Cab25": 58.1958775738642, "Cw25": 0.017849653453412218, "xscale25": 0.6463555770343896, "yscale25": 0.6463555770343896, "zscale25": 0.6463555770343896, "Cab26": 59.339689662792175, "Cw26": 0.03509979716438787, "xscale26": 0.5065358822663341, "yscale26": 0.5065358822663341, "zscale26": 0.5065358822663341, "Cab27": 41.83854721639002, "Cw27": 0.025745549340086597, "xscale27": 0.46383770582515776, "yscale27": 0.46383770582515776, "zscale27": 0.46383770582515776, "Cab28": 65.7232573897702, "Cw28": 0.047752618708900504, "xscale28": 0.4375780016262834, "yscale28": 0.4375780016262834, "zscale28": 0.4375780016262834, "Cab29": 21.047962260672968, "Cw29": 0.03505147740086863, "xscale29": 0.5880234594630124, "yscale29": 0.5880234594630124, "zscale29": 0.5880234594630124, "Cab30": 28.669888666740206, "Cw30": 0.012141742551485342, "xscale30": 0.40569729152453243, "yscale30": 0.40569729152453243, "zscale30": 0.40569729152453243, "Cab31": 80.63705891997233, "Cw31": 0.03173770891778421, "xscale31": 0.5886678181252232, "yscale31": 0.5886678181252232, "zscale31": 0.5886678181252232, "Cab32": 35.31934632835029, "Cw32": 0.01483010725769855, "xscale32": 0.560613776623813, "yscale32": 0.560613776623813, "zscale32": 0.560613776623813, "Cab33": 87.20651853915179, "Cw33": 0.04890493773703018, "xscale33": 0.5530348290585084, "yscale33": 0.5530348290585084, "zscale33": 0.5530348290585084, "Cab34": 70.98487476465526, "Cw34": 0.02470111343976513, "xscale34": 0.5168655155642959, "yscale34": 0.5168655155642959, "zscale34": 0.5168655155642959, "Cab35": 59.61334955817051, "Cw35": 0.027647572137634538, "xscale35": 0.44320366421619894, "yscale35": 0.44320366421619894, "zscale35": 0.44320366421619894, "Cab36": 38.86566444170147, "Cw36": 0.016443243279040693, "xscale36": 0.5647244346274767, "yscale36": 0.5647244346274767, "zscale36": 0.5647244346274767, "Cab37": 26.95096956324916, "Cw37": 0.010303833483923533, "xscale37": 0.4910518023095082, "yscale37": 0.4910518023095082, "zscale37": 0.4910518023095082, "Cab38": 29.96945372317424, "Cw38": 0.04201460662293398, "xscale38": 0.4441135979927035, "yscale38": 0.4441135979927035, "zscale38": 0.4441135979927035, "Cab39": 84.88598190205309, "Cw39": 0.04275071783328055, "xscale39": 0.6485815485560935, "yscale39": 0.6485815485560935, "zscale39": 0.6485815485560935, "Cab40": 38.15171677556581, "Cw40": 0.04879976256432502, "xscale40": 0.5411698545717346, "yscale40": 0.5411698545717346, "zscale40": 0.5411698545717346, "Cab41": 26.03435144509124, "Cw41": 0.020646035093181716, "xscale41": 0.5418607947601451, "yscale41": 0.5418607947601451, "zscale41": 0.5418607947601451, "Cab42": 57.12821967601783, "Cw42": 0.03181173580661889, "xscale42": 0.6117107153212145, "yscale42": 0.6117107153212145, "zscale42": 0.6117107153212145, "Cab43": 54.15668584229323, "Cw43": 0.03405303399132561, "xscale43": 0.6523726621988611, "yscale43": 0.6523726621988611, "zscale43": 0.6523726621988611, "Cab44": 76.58818078113555, "Cw44": 0.03721148238299687, "xscale44": 0.41272752890378595, "yscale44": 0.41272752890378595, "zscale44": 0.41272752890378595, "Cab45": 64.71212216585394, "Cw45": 0.017914976993819526, "xscale45": 0.3891848873175652, "yscale45": 0.3891848873175652, "zscale45": 0.3891848873175652, "Cab46": 21.280755984887673, "Cw46": 0.045030653580563046, "xscale46": 0.42081871639725166, "yscale46": 0.42081871639725166, "zscale46": 0.42081871639725166, "Cab47": 88.65867721609568, "Cw47": 0.02346365237506226, "xscale47": 0.4442374965295011, "yscale47": 0.4442374965295011, "zscale47": 0.4442374965295011, "Cab48": 60.48970434837549, "Cw48": 0.01071310943830134, "xscale48": 0.7237193044769513, "yscale48": 0.7237193044769513, "zscale48": 0.7237193044769513, "Cab49": 25.758220535302566, "Cw49": 0.014121624580939886, "xscale49": 0.5386153409799204, "yscale49": 0.5386153409799204, "zscale49": 0.5386153409799204, "Cab50": 49.631041128716646, "Cw50": 0.023266999967879332, "xscale50": 0.5408424940137897, "yscale50": 0.5408424940137897, "zscale50": 0.5408424940137897, "Cab51": 40.44031182142837, "Cw51": 0.02483040735437046, "xscale51": 0.7476996010924066, "yscale51": 0.7476996010924066, "zscale51": 0.7476996010924066, "Cab52": 28.44317847552367,