{"Cab0": 41.236827511283856, "Cw0": 0.026700842145986302, "xscale0": 0.7408942393565643, "yscale0": 0.7408942393565643, "zscale0": 0.7408942393565643, "Cab1": 69.87444306826526, "Cw1": 0.026252658006271384, "xscale1": 0.538876464061203, "yscale1": 0.538876464061203, "zscale1": 0.538876464061203, "Cab2": 46.31165848056554, "Cw2": 0.017753976632023563, "xscale2": 0.707822711684447, "yscale2": 0.707822711684447, "zscale2": 0.707822711684447, "Cab3": 67.12345282711419, "Cw3": 0.011908859288703945, "xscale3": 0.46532363665630433, "yscale3": 0.46532363665630433, "zscale3": 0.46532363665630433, "Cab4": 50.80958979205946, "Cw4": 0.03347134240015442, "xscale4": 0.5629942058768638, "yscale4": 0.5629942058768638, "zscale4": 0.5629942058768638, "Cab5": 49.12721887744665, "Cw5": 0.028796243032771354, "xscale5": 0.6544789157115966, "yscale5": 0.6544789157115966, "zscale5": 0.6544789157115966, "Cab6": 46.232829265140424, "Cw6": 0.023304919303128065, "xscale6": 0.5297148913470369, "yscale6": 0.5297148913470369, "zscale6": 0.5297148913470369, "Cab7": 85.80004858707551, "Cw7": 0.025913107360643763, "xscale7": 0.5145500343637098, "yscale7": 0.5145500343637098, "zscale7": 0.5145500343637098, "Cab8": 46.990673778956186, "Cw8": 0.04356124652402951, "xscale8": 0.5336956357878313, "yscale8": 0.5336956357878313, "zscale8": 0.5336956357878313, "Cab9": 51.68255245200619, "Cw9": 0.049513789599706544, "xscale9": 0.6457280124566698, "yscale9": 0.6457280124566698, "zscale9": 0.6457280124566698, "Cab10": 60.752787007191884, "Cw10": 0.011581010219647534, "xscale10": 0.48200342624579523, "yscale10": 0.48200342624579523, "zscale10": 0.48200342624579523, "Cab11": 71.83764964471656, "Cw11": 0.026338453753625188, "xscale11": 0.6241936984092106, "yscale11": 0.6241936984092106, "zscale11": 0.6241936984092106, "Cab12": 85.87318267782564, "Cw12": 0.03143991816706349, "xscale12": 0.5898039802523191, "yscale12": 0.5898039802523191, "zscale12": 0.5898039802523191, "Cab13": 26.603051015240283, "Cw13": 0.043248064043954475, "xscale13": 0.5751351950167798, "yscale13": 0.5751351950167798, "zscale13": 0.5751351950167798, "Cab14": 58.917340962694844, "Cw14": 0.04328394850990037, "xscale14": 0.5533462960250284, "yscale14": 0.5533462960250284, "zscale14": 0.5533462960250284, "Cab15": 52.06748377960056, "Cw15": 0.029366532211503954, "xscale15": 0.48520530733223866, "yscale15": 0.48520530733223866, "zscale15": 0.48520530733223866, "Cab16": 63.39546247109945, "Cw16": 0.04652793225920426, "xscale16": 0.6348877754227037, "yscale16": 0.6348877754227037, "zscale16": 0.6348877754227037, "Cab17": 84.12325176338014, "Cw17": 0.047116462129074006, "xscale17": 0.479620905843984, "yscale17": 0.479620905843984, "zscale17": 0.479620905843984, "Cab18": 22.048534602342208, "Cw18": 0.01820772826247148, "xscale18": 0.6555821189769698, "yscale18": 0.6555821189769698, "zscale18": 0.6555821189769698, "Cab19": 69.2844267138345, "Cw19": 0.028695608721492558, "xscale19": 0.641862122531802, "yscale19": 0.641862122531802, "zscale19": 0.641862122531802, "Cab20": 70.9347381093105, "Cw20": 0.010971158429022215, "xscale20": 0.756629944940167, "yscale20": 0.756629944940167, "zscale20": 0.756629944940167, "Cab21": 24.168875489066448, "Cw21": 0.039555754806708296, "xscale21": 0.6391906382070367, "yscale21": 0.6391906382070367, "zscale21": 0.6391906382070367, "Cab22": 85.01178189777023, "Cw22": 0.03392630956481481, "xscale22": 0.6045045138999059, "yscale22": 0.6045045138999059, "zscale22": 0.6045045138999059, "Cab23": 36.46440374235793, "Cw23": 0.035881019791187324, "xscale23": 0.5643316899777421, "yscale23": 0.5643316899777421, "zscale23": 0.5643316899777421, "Cab24": 24.908406268271108, "Cw24": 0.021600220603513104, "xscale24": 0.4825272233175508, "yscale24": 0.4825272233175508, "zscale24": 0.4825272233175508, "Cab25": 77.69404462463788, "Cw25": 0.021854529633211724, "xscale25": 0.6917065892799793, "yscale25": 0.6917065892799793, "zscale25": 0.6917065892799793, "Cab26": 63.99908019671806, "Cw26": 0.013650196789696669, "xscale26": 0.49393842233158064, "yscale26": 0.49393842233158064, "zscale26": 0.49393842233158064, "Cab27": 34.230435547356436, "Cw27": 0.03218261873698359, "xscale27": 0.4218899743952376, "yscale27": 0.4218899743952376, "zscale27": 0.4218899743952376, "Cab28": 64.52630389476842, "Cw28": 0.030817629521136335, "xscale28": 0.473538627530525, "yscale28": 0.473538627530525, "zscale28": 0.473538627530525, "Cab29": 43.97503241482934, "Cw29": 0.02927698586274901, "xscale29": 0.6834448403592838, "yscale29": 0.6834448403592838, "zscale29": 0.6834448403592838, "Cab30": 69.19005521806687, "Cw30": 0.045751505823297935, "xscale30": 0.3633203551136943, "yscale30": 0.3633203551136943, "zscale30": 0.3633203551136943, "Cab31": 24.10311807127934, "Cw31": 0.026618470922733062, "xscale31": 0.5139499589198495, "yscale31": 0.5139499589198495, "zscale31": 0.5139499589198495, "Cab32": 39.69032627632197, "Cw32": 0.03881489663962933, "xscale32": 0.4097301417612728, "yscale32": 0.4097301417612728, "zscale32": 0.4097301417612728, "Cab33": 70.3724508599638, "Cw33": 0.045481476433781004, "xscale33": 0.3960178596642178, "yscale33": 0.3960178596642178, "zscale33": 0.3960178596642178, "Cab34": 79.04384723569086, "Cw34": 0.03875525820066692, "xscale34": 0.4219201644715155, "yscale34": 0.4219201644715155, "zscale34": 0.4219201644715155, "Cab35": 48.376766439737025, "Cw35": 0.012044284725950045, "xscale35": 0.36159684375806767, "yscale35": 0.36159684375806767, "zscale35": 0.36159684375806767, "Cab36": 49.61020688664395, "Cw36": 0.03309103648058516, "xscale36": 0.524525980905507, "yscale36": 0.524525980905507, "zscale36": 0.524525980905507, "Cab37": 33.45594535197726, "Cw37": 0.01919731080547368, "xscale37": 0.48480834679350193, "yscale37": 0.48480834679350193, "zscale37": 0.48480834679350193, "Cab38": 81.38988270078798, "Cw38": 0.049981129337690264, "xscale38": 0.4719641666529769, "yscale38": 0.4719641666529769, "zscale38": 0.4719641666529769, "Cab39": 84.5444698769314, "Cw39": 0.017378348711353193, "xscale39": 0.5452804815450257, "yscale39": 0.5452804815450257, "zscale39": 0.5452804815450257, "Cab40": 48.10848671829275, "Cw40": 0.02239801198980949, "xscale40": 0.6066316405621328, "yscale40": 0.6066316405621328, "zscale40": 0.6066316405621328, "Cab41": 86.133522490972, "Cw41": 0.016554408173008812, "xscale41": 0.5551403177926653, "yscale41": 0.5551403177926653, "zscale41": 0.5551403177926653, "Cab42": 83.1553230230451, "Cw42": 0.02767791264057877, "xscale42": 0.6361862986028991, "yscale42": 0.6361862986028991, "zscale42": 0.6361862986028991, "Cab43": 41.950590357399925, "Cw43": 0.014416694656742574, "xscale43": 0.5488435760890249, "yscale43": 0.5488435760890249, "zscale43": 0.5488435760890249, "Cab44": 29.57435716681222, "Cw44": 0.04456933136567123, "xscale44": 0.41288888603116447, "yscale44": 0.41288888603116447, "zscale44": 0.41288888603116447, "Cab45": 77.09115213342349, "Cw45": 0.04048183900833477, "xscale45": 0.37566925766194015, "yscale45": 0.37566925766194015, "zscale45": 0.37566925766194015, "Cab46": 70.07487927780271, "Cw46": 0.044489184362582625, "xscale46": 0.5556621692626904, "yscale46": 0.5556621692626904, "zscale46": 0.5556621692626904, "Cab47": 56.73219779472574, "Cw47": 0.049205051651669565, "xscale47": 0.5686330010973535, "yscale47": 0.5686330010973535, "zscale47": 0.5686330010973535, "Cab48": 53.281359269807794, "Cw48": 0.037265612286668935, "xscale48": 0.6034075255635225, "yscale48": 0.6034075255635225, "zscale48": 0.6034075255635225, "Cab49": 26.209981064774247, "Cw49": 0.04544901512798238, "xscale49": 0.5883547496330318, "yscale49": 0.5883547496330318, "zscale49": 0.5883547496330318, "Cab50": 41.53680343216769, "Cw50": 0.010424147389617593, "xscale50": 0.6465269097533783, "yscale50": 0.6465269097533783, "zscale50": 0.6465269097533783, "Cab51": 59.3367822470322, "Cw51": 0.046238696371820015, "xscale51": 0.775882254708937, "yscale51": 0.775882254708937, "zscale51": 0.775882254708937, "Cab52": 54.36865697764381,