{"Cab0": 38.46013148927209, "Cw0": 0.04897774211026092, "xscale0": 0.8466110393657168, "yscale0": 0.8466110393657168, "zscale0": 0.8466110393657168, "Cab1": 70.97640539325724, "Cw1": 0.04303079640929563, "xscale1": 0.6099777139758311, "yscale1": 0.6099777139758311, "zscale1": 0.6099777139758311, "Cab2": 41.171134098576516, "Cw2": 0.021885701413574557, "xscale2": 0.5410406965310952, "yscale2": 0.5410406965310952, "zscale2": 0.5410406965310952, "Cab3": 21.478238801875715, "Cw3": 0.02814898026760773, "xscale3": 0.496967810218155, "yscale3": 0.496967810218155, "zscale3": 0.496967810218155, "Cab4": 63.69939061793932, "Cw4": 0.04559379131764734, "xscale4": 0.544416950463807, "yscale4": 0.544416950463807, "zscale4": 0.544416950463807, "Cab5": 35.02493426684084, "Cw5": 0.03900868936123868, "xscale5": 0.6576923434731882, "yscale5": 0.6576923434731882, "zscale5": 0.6576923434731882, "Cab6": 45.46770802057556, "Cw6": 0.049605588130235904, "xscale6": 0.46568688966756083, "yscale6": 0.46568688966756083, "zscale6": 0.46568688966756083, "Cab7": 21.425891927046074, "Cw7": 0.01739788504469156, "xscale7": 0.5162101527414767, "yscale7": 0.5162101527414767, "zscale7": 0.5162101527414767, "Cab8": 85.30211927465204, "Cw8": 0.034713948418759376, "xscale8": 0.4791650324515601, "yscale8": 0.4791650324515601, "zscale8": 0.4791650324515601, "Cab9": 55.53825550270312, "Cw9": 0.02893732107213875, "xscale9": 0.7172772915745645, "yscale9": 0.7172772915745645, "zscale9": 0.7172772915745645, "Cab10": 33.940020204999016, "Cw10": 0.04471389943897699, "xscale10": 0.5413709955788567, "yscale10": 0.5413709955788567, "zscale10": 0.5413709955788567, "Cab11": 50.33234898489791, "Cw11": 0.013392791664311444, "xscale11": 0.5991768351816456, "yscale11": 0.5991768351816456, "zscale11": 0.5991768351816456, "Cab12": 26.988650413402357, "Cw12": 0.016349053175019602, "xscale12": 0.5369738610304523, "yscale12": 0.5369738610304523, "zscale12": 0.5369738610304523, "Cab13": 56.45155810722315, "Cw13": 0.0398965348420936, "xscale13": 0.5765560756461127, "yscale13": 0.5765560756461127, "zscale13": 0.5765560756461127, "Cab14": 66.47428299465307, "Cw14": 0.03828006066918914, "xscale14": 0.5283256710791648, "yscale14": 0.5283256710791648, "zscale14": 0.5283256710791648, "Cab15": 45.21693890330751, "Cw15": 0.048092567376646196, "xscale15": 0.6212623543309115, "yscale15": 0.6212623543309115, "zscale15": 0.6212623543309115, "Cab16": 79.49585882074066, "Cw16": 0.016041961938151782, "xscale16": 0.609280895962718, "yscale16": 0.609280895962718, "zscale16": 0.609280895962718, "Cab17": 47.53416532640256, "Cw17": 0.03862727829992328, "xscale17": 0.6287625434775422, "yscale17": 0.6287625434775422, "zscale17": 0.6287625434775422, "Cab18": 24.901333192911594, "Cw18": 0.042191099336816355, "xscale18": 0.6822288341140359, "yscale18": 0.6822288341140359, "zscale18": 0.6822288341140359, "Cab19": 63.53139235198502, "Cw19": 0.029022115711970303, "xscale19": 0.6273102342211965, "yscale19": 0.6273102342211965, "zscale19": 0.6273102342211965, "Cab20": 62.040109628149835, "Cw20": 0.026898221955315493, "xscale20": 0.6072921262630246, "yscale20": 0.6072921262630246, "zscale20": 0.6072921262630246, "Cab21": 26.324758762931967, "Cw21": 0.047359588336472386, "xscale21": 0.48125252941469865, "yscale21": 0.48125252941469865, "zscale21": 0.48125252941469865, "Cab22": 78.70187883939913, "Cw22": 0.037811609740659724, "xscale22": 0.5404567545605758, "yscale22": 0.5404567545605758, "zscale22": 0.5404567545605758, "Cab23": 21.374978800662927, "Cw23": 0.049462262393562176, "xscale23": 0.5393314616695569, "yscale23": 0.5393314616695569, "zscale23": 0.5393314616695569, "Cab24": 40.747925499074505, "Cw24": 0.030004867781825255, "xscale24": 0.4307231516101926, "yscale24": 0.4307231516101926, "zscale24": 0.4307231516101926, "Cab25": 34.88769015615983, "Cw25": 0.046469945522584474, "xscale25": 0.6332999614443021, "yscale25": 0.6332999614443021, "zscale25": 0.6332999614443021, "Cab26": 36.58407036224881, "Cw26": 0.012025622068568467, "xscale26": 0.6887846105865938, "yscale26": 0.6887846105865938, "zscale26": 0.6887846105865938, "Cab27": 48.76279011235088, "Cw27": 0.010215712368389083, "xscale27": 0.5089678495571116, "yscale27": 0.5089678495571116, "zscale27": 0.5089678495571116, "Cab28": 77.08642654634126, "Cw28": 0.025785575580992634, "xscale28": 0.4774768707673093, "yscale28": 0.4774768707673093, "zscale28": 0.4774768707673093, "Cab29": 53.00814805363286, "Cw29": 0.0329308101185758, "xscale29": 0.4958526491024917, "yscale29": 0.4958526491024917, "zscale29": 0.4958526491024917, "Cab30": 89.65425202553803, "Cw30": 0.017214830518536357, "xscale30": 0.44481591342835336, "yscale30": 0.44481591342835336, "zscale30": 0.44481591342835336, "Cab31": 62.93537261461872, "Cw31": 0.01587370023805395, "xscale31": 0.6645852388345708, "yscale31": 0.6645852388345708, "zscale31": 0.6645852388345708, "Cab32": 29.160802670820114, "Cw32": 0.018786918403432145, "xscale32": 0.44771659278714093, "yscale32": 0.44771659278714093, "zscale32": 0.44771659278714093, "Cab33": 63.860426557342855, "Cw33": 0.01397400874986254, "xscale33": 0.40111301599594157, "yscale33": 0.40111301599594157, "zscale33": 0.40111301599594157, "Cab34": 25.264957046980506, "Cw34": 0.04420088303571428, "xscale34": 0.5742077772489548, "yscale34": 0.5742077772489548, "zscale34": 0.5742077772489548, "Cab35": 60.51011889462714, "Cw35": 0.015221399771496334, "xscale35": 0.3442425480424289, "yscale35": 0.3442425480424289, "zscale35": 0.3442425480424289, "Cab36": 56.61366639946088, "Cw36": 0.01707476461252875, "xscale36": 0.5410582960328496, "yscale36": 0.5410582960328496, "zscale36": 0.5410582960328496, "Cab37": 66.76665508487056, "Cw37": 0.018384473831899863, "xscale37": 0.5281158349453433, "yscale37": 0.5281158349453433, "zscale37": 0.5281158349453433, "Cab38": 60.10736096331509, "Cw38": 0.03857753257853926, "xscale38": 0.5292288581482839, "yscale38": 0.5292288581482839, "zscale38": 0.5292288581482839, "Cab39": 54.57568624043062, "Cw39": 0.030930450909902873, "xscale39": 0.5995726141641423, "yscale39": 0.5995726141641423, "zscale39": 0.5995726141641423, "Cab40": 25.428115894030746, "Cw40": 0.046418631459067515, "xscale40": 0.5982556172475033, "yscale40": 0.5982556172475033, "zscale40": 0.5982556172475033, "Cab41": 55.079470690287515, "Cw41": 0.04177050485308391, "xscale41": 0.630008717908876, "yscale41": 0.630008717908876, "zscale41": 0.630008717908876, "Cab42": 23.559081472816754, "Cw42": 0.03213683009889211, "xscale42": 0.4800078703321849, "yscale42": 0.4800078703321849, "zscale42": 0.4800078703321849, "Cab43": 83.07972698194816, "Cw43": 0.038748281486772757, "xscale43": 0.49503249259495435, "yscale43": 0.49503249259495435, "zscale43": 0.49503249259495435, "Cab44": 66.26392611183283, "Cw44": 0.03517152063799003, "xscale44": 0.48994584691092796, "yscale44": 0.48994584691092796, "zscale44": 0.48994584691092796, "Cab45": 29.211288690284213, "Cw45": 0.016527637371460378, "xscale45": 0.2796741799437516, "yscale45": 0.2796741799437516, "zscale45": 0.2796741799437516, "Cab46": 74.47275284692213, "Cw46": 0.02321557138090689, "xscale46": 0.3772179095950135, "yscale46": 0.3772179095950135, "zscale46": 0.3772179095950135, "Cab47": 21.75525755992855, "Cw47": 0.034945870832108324, "xscale47": 0.5462130793757987, "yscale47": 0.5462130793757987, "zscale47": 0.5462130793757987, "Cab48": 69.62596897079558, "Cw48": 0.02589375099999007, "xscale48": 0.6834465170565464, "yscale48": 0.6834465170565464, "zscale48": 0.6834465170565464, "Cab49": 34.04487258582015, "Cw49": 0.03670256606657539, "xscale49": 0.5701243055280514, "yscale49": 0.5701243055280514, "zscale49": 0.5701243055280514, "Cab50": 69.6520594700676, "Cw50": 0.02876611156403916, "xscale50": 0.5908260435384284, "yscale50": 0.5908260435384284, "zscale50": 0.5908260435384284, "Cab51": 45.09102298070432, "Cw51": 0.03731885648256092, "xscale51": 0.8378097082171317, "yscale51": 0.8378097082171317, "zscale51": 0.8378097082171317, "Cab52": 31.286894163496154,