{"Cab0": 47.28359150020596, "Cw0": 0.024918950582293476, "xscale0": 0.7248515965062673, "yscale0": 0.7248515965062673, "zscale0": 0.7248515965062673, "Cab1": 60.30850644070341, "Cw1": 0.024928574513377932, "xscale1": 0.656399110698931, "yscale1": 0.656399110698931, "zscale1": 0.656399110698931, "Cab2": 37.0272229059088, "Cw2": 0.017463239572926025, "xscale2": 0.7142099867013871, "yscale2": 0.7142099867013871, "zscale2": 0.7142099867013871, "Cab3": 86.71079084791785, "Cw3": 0.032311651547580235, "xscale3": 0.4333321258788414, "yscale3": 0.4333321258788414, "zscale3": 0.4333321258788414, "Cab4": 35.276534822713586, "Cw4": 0.01634328425284439, "xscale4": 0.6718157741556392, "yscale4": 0.6718157741556392, "zscale4": 0.6718157741556392, "Cab5": 87.3889570878833, "Cw5": 0.022972683835629407, "xscale5": 0.6931686703257282, "yscale5": 0.6931686703257282, "zscale5": 0.6931686703257282, "Cab6": 60.28431957285005, "Cw6": 0.017550010352283762, "xscale6": 0.44036559551468996, "yscale6": 0.44036559551468996, "zscale6": 0.44036559551468996, "Cab7": 60.28689711470419, "Cw7": 0.012994078152622142, "xscale7": 0.4486811101290535, "yscale7": 0.4486811101290535, "zscale7": 0.4486811101290535, "Cab8": 55.21728802453733, "Cw8": 0.028939267735914743, "xscale8": 0.6263660622140164, "yscale8": 0.6263660622140164, "zscale8": 0.6263660622140164, "Cab9": 40.7803633470072, "Cw9": 0.02710201854049648, "xscale9": 0.71981499081952, "yscale9": 0.71981499081952, "zscale9": 0.71981499081952, "Cab10": 81.52544452274108, "Cw10": 0.01283589719221232, "xscale10": 0.5309240126831875, "yscale10": 0.5309240126831875, "zscale10": 0.5309240126831875, "Cab11": 33.41635720857885, "Cw11": 0.03787609450369077, "xscale11": 0.7309291641868251, "yscale11": 0.7309291641868251, "zscale11": 0.7309291641868251, "Cab12": 82.35709794396061, "Cw12": 0.04178201057452894, "xscale12": 0.6565364493041573, "yscale12": 0.6565364493041573, "zscale12": 0.6565364493041573, "Cab13": 66.46103348740712, "Cw13": 0.03685012405481568, "xscale13": 0.7424056263562686, "yscale13": 0.7424056263562686, "zscale13": 0.7424056263562686, "Cab14": 57.346722743788604, "Cw14": 0.04267304089480193, "xscale14": 0.5612944475417554, "yscale14": 0.5612944475417554, "zscale14": 0.5612944475417554, "Cab15": 47.09458931386034, "Cw15": 0.0454420482877113, "xscale15": 0.6048868592352855, "yscale15": 0.6048868592352855, "zscale15": 0.6048868592352855, "Cab16": 52.708500966560734, "Cw16": 0.03246389488688067, "xscale16": 0.5608159448824598, "yscale16": 0.5608159448824598, "zscale16": 0.5608159448824598, "Cab17": 79.98628985235274, "Cw17": 0.03343027194629263, "xscale17": 0.6583352187933028, "yscale17": 0.6583352187933028, "zscale17": 0.6583352187933028, "Cab18": 20.34650718073815, "Cw18": 0.015580303832308596, "xscale18": 0.6258480389865634, "yscale18": 0.6258480389865634, "zscale18": 0.6258480389865634, "Cab19": 49.97887790679739, "Cw19": 0.03179499542556709, "xscale19": 0.5742755356413373, "yscale19": 0.5742755356413373, "zscale19": 0.5742755356413373, "Cab20": 68.24558103113404, "Cw20": 0.026243921930372782, "xscale20": 0.6479079342155181, "yscale20": 0.6479079342155181, "zscale20": 0.6479079342155181, "Cab21": 59.027474553009306, "Cw21": 0.011155477799247603, "xscale21": 0.6049227723638999, "yscale21": 0.6049227723638999, "zscale21": 0.6049227723638999, "Cab22": 88.20999809743444, "Cw22": 0.026411880672917103, "xscale22": 0.607645430794764, "yscale22": 0.607645430794764, "zscale22": 0.607645430794764, "Cab23": 53.783222113568506, "Cw23": 0.015287595198470418, "xscale23": 0.6064397408727503, "yscale23": 0.6064397408727503, "zscale23": 0.6064397408727503, "Cab24": 23.573076606695604, "Cw24": 0.03154171781672833, "xscale24": 0.44186387788037973, "yscale24": 0.44186387788037973, "zscale24": 0.44186387788037973, "Cab25": 30.58022507040254, "Cw25": 0.013951245930340517, "xscale25": 0.6456104573449335, "yscale25": 0.6456104573449335, "zscale25": 0.6456104573449335, "Cab26": 66.70079993496796, "Cw26": 0.03534903215074367, "xscale26": 0.6626605461744073, "yscale26": 0.6626605461744073, "zscale26": 0.6626605461744073, "Cab27": 53.24076914922388, "Cw27": 0.021723029007111386, "xscale27": 0.48488982358544447, "yscale27": 0.48488982358544447, "zscale27": 0.48488982358544447, "Cab28": 37.39619541094653, "Cw28": 0.010310715919136171, "xscale28": 0.3571971883105575, "yscale28": 0.3571971883105575, "zscale28": 0.3571971883105575, "Cab29": 87.22430641395047, "Cw29": 0.04244924029339559, "xscale29": 0.695958634224482, "yscale29": 0.695958634224482, "zscale29": 0.695958634224482, "Cab30": 25.761387840312544, "Cw30": 0.04174883694117685, "xscale30": 0.3772484598118395, "yscale30": 0.3772484598118395, "zscale30": 0.3772484598118395, "Cab31": 55.7542679655214, "Cw31": 0.04449696622530292, "xscale31": 0.7117070551473502, "yscale31": 0.7117070551473502, "zscale31": 0.7117070551473502, "Cab32": 52.0102518322893, "Cw32": 0.03978666618248209, "xscale32": 0.396187953879058, "yscale32": 0.396187953879058, "zscale32": 0.396187953879058, "Cab33": 60.76616344903476, "Cw33": 0.025494182425569663, "xscale33": 0.5187819263116679, "yscale33": 0.5187819263116679, "zscale33": 0.5187819263116679, "Cab34": 59.48679828310295, "Cw34": 0.01813453724328802, "xscale34": 0.5623703887085987, "yscale34": 0.5623703887085987, "zscale34": 0.5623703887085987, "Cab35": 83.09703685573643, "Cw35": 0.049502072083739655, "xscale35": 0.4430255526810386, "yscale35": 0.4430255526810386, "zscale35": 0.4430255526810386, "Cab36": 70.10628217248055, "Cw36": 0.020810497109111217, "xscale36": 0.5712987677560836, "yscale36": 0.5712987677560836, "zscale36": 0.5712987677560836, "Cab37": 33.55191541476396, "Cw37": 0.01636072678968805, "xscale37": 0.45154323855731193, "yscale37": 0.45154323855731193, "zscale37": 0.45154323855731193, "Cab38": 56.68223451770454, "Cw38": 0.03692526877961715, "xscale38": 0.42184528505383206, "yscale38": 0.42184528505383206, "zscale38": 0.42184528505383206, "Cab39": 25.180637860444353, "Cw39": 0.04442752206708723, "xscale39": 0.7097123248523457, "yscale39": 0.7097123248523457, "zscale39": 0.7097123248523457, "Cab40": 66.74035410371206, "Cw40": 0.03679962709281754, "xscale40": 0.43423853399475915, "yscale40": 0.43423853399475915, "zscale40": 0.43423853399475915, "Cab41": 28.84557333645001, "Cw41": 0.014433387794087814, "xscale41": 0.6288897970747609, "yscale41": 0.6288897970747609, "zscale41": 0.6288897970747609, "Cab42": 85.3784688280405, "Cw42": 0.012943911118363426, "xscale42": 0.4477476237060996, "yscale42": 0.4477476237060996, "zscale42": 0.4477476237060996, "Cab43": 43.50813644138633, "Cw43": 0.026445711188128267, "xscale43": 0.6966651538607527, "yscale43": 0.6966651538607527, "zscale43": 0.6966651538607527, "Cab44": 35.91709813453069, "Cw44": 0.010643112384030248, "xscale44": 0.4972685916864001, "yscale44": 0.4972685916864001, "zscale44": 0.4972685916864001, "Cab45": 24.042277763085004, "Cw45": 0.04722599821839014, "xscale45": 0.3589371231215402, "yscale45": 0.3589371231215402, "zscale45": 0.3589371231215402, "Cab46": 71.90377412104776, "Cw46": 0.04993526132117146, "xscale46": 0.5429306141916452, "yscale46": 0.5429306141916452, "zscale46": 0.5429306141916452, "Cab47": 60.753324368197234, "Cw47": 0.02204134561907263, "xscale47": 0.5741409790174232, "yscale47": 0.5741409790174232, "zscale47": 0.5741409790174232, "Cab48": 75.69820233242626, "Cw48": 0.0249827411961175, "xscale48": 0.7517474110673232, "yscale48": 0.7517474110673232, "zscale48": 0.7517474110673232, "Cab49": 45.382872725598936, "Cw49": 0.01280172409430409, "xscale49": 0.4610953237841503, "yscale49": 0.4610953237841503, "zscale49": 0.4610953237841503, "Cab50": 36.93970371065349, "Cw50": 0.04851284030327882, "xscale50": 0.6537791043117139, "yscale50": 0.6537791043117139, "zscale50": 0.6537791043117139, "Cab51": 40.24556137158777, "Cw51": 0.023606184312254815, "xscale51": 0.6779955273167803, "yscale51": 0.6779955273167803, "zscale51": 0.6779955273167803, "Cab52": 70.37012736912989, "Cw52": 0.010061329075665579,