{"Cab0": 28.47067767262078, "Cw0": 0.0263105109755436, "xscale0": 0.8656356606157052, "yscale0": 0.8656356606157052, "zscale0": 0.8656356606157052, "Cab1": 69.56134622469001, "Cw1": 0.04815259855931876, "xscale1": 0.54963926168229, "yscale1": 0.54963926168229, "zscale1": 0.54963926168229, "Cab2": 67.8564689366552, "Cw2": 0.03157910421437388, "xscale2": 0.7194730430945087, "yscale2": 0.7194730430945087, "zscale2": 0.7194730430945087, "Cab3": 79.48991319217114, "Cw3": 0.03592670766525402, "xscale3": 0.5022000528295709, "yscale3": 0.5022000528295709, "zscale3": 0.5022000528295709, "Cab4": 63.43822811131371, "Cw4": 0.044329197312431, "xscale4": 0.643940043620592, "yscale4": 0.643940043620592, "zscale4": 0.643940043620592, "Cab5": 49.686566742213984, "Cw5": 0.046646761992943646, "xscale5": 0.8162913224551156, "yscale5": 0.8162913224551156, "zscale5": 0.8162913224551156, "Cab6": 43.79227132063561, "Cw6": 0.048796732244313766, "xscale6": 0.4819851540414615, "yscale6": 0.4819851540414615, "zscale6": 0.4819851540414615, "Cab7": 39.266920820159626, "Cw7": 0.030488840800839044, "xscale7": 0.559818524960507, "yscale7": 0.559818524960507, "zscale7": 0.559818524960507, "Cab8": 61.6682929820237, "Cw8": 0.04454752015325771, "xscale8": 0.5169834023663209, "yscale8": 0.5169834023663209, "zscale8": 0.5169834023663209, "Cab9": 43.50280874533119, "Cw9": 0.016537359973612713, "xscale9": 0.6646832544193942, "yscale9": 0.6646832544193942, "zscale9": 0.6646832544193942, "Cab10": 36.535230046197626, "Cw10": 0.012219746397006936, "xscale10": 0.5666323028267636, "yscale10": 0.5666323028267636, "zscale10": 0.5666323028267636, "Cab11": 40.64048594031131, "Cw11": 0.01646664578453073, "xscale11": 0.677535466474105, "yscale11": 0.677535466474105, "zscale11": 0.677535466474105, "Cab12": 60.179470109341395, "Cw12": 0.04368479973144728, "xscale12": 0.4739966870383649, "yscale12": 0.4739966870383649, "zscale12": 0.4739966870383649, "Cab13": 88.0986616993347, "Cw13": 0.03486803707808488, "xscale13": 0.5056586169478839, "yscale13": 0.5056586169478839, "zscale13": 0.5056586169478839, "Cab14": 55.51677480140777, "Cw14": 0.039134990323233074, "xscale14": 0.5977811117230705, "yscale14": 0.5977811117230705, "zscale14": 0.5977811117230705, "Cab15": 27.017935648087242, "Cw15": 0.029665346063630256, "xscale15": 0.5384391734816253, "yscale15": 0.5384391734816253, "zscale15": 0.5384391734816253, "Cab16": 60.108028221945496, "Cw16": 0.02849639671093214, "xscale16": 0.6777726079969933, "yscale16": 0.6777726079969933, "zscale16": 0.6777726079969933, "Cab17": 39.277589118479995, "Cw17": 0.013481108036693978, "xscale17": 0.5149246711330523, "yscale17": 0.5149246711330523, "zscale17": 0.5149246711330523, "Cab18": 34.675344513560304, "Cw18": 0.03990628663918623, "xscale18": 0.5174089738012801, "yscale18": 0.5174089738012801, "zscale18": 0.5174089738012801, "Cab19": 58.370299454456344, "Cw19": 0.047879725176655584, "xscale19": 0.6463524444563393, "yscale19": 0.6463524444563393, "zscale19": 0.6463524444563393, "Cab20": 79.40118497792322, "Cw20": 0.044529181640666084, "xscale20": 0.609948872721288, "yscale20": 0.609948872721288, "zscale20": 0.609948872721288, "Cab21": 29.410043166080076, "Cw21": 0.02231364395614572, "xscale21": 0.556632143089473, "yscale21": 0.556632143089473, "zscale21": 0.556632143089473, "Cab22": 43.807221764243316, "Cw22": 0.019594943525498135, "xscale22": 0.517006156460881, "yscale22": 0.517006156460881, "zscale22": 0.517006156460881, "Cab23": 58.43696734718073, "Cw23": 0.02346726718610588, "xscale23": 0.6925202029780452, "yscale23": 0.6925202029780452, "zscale23": 0.6925202029780452, "Cab24": 37.65529417939592, "Cw24": 0.012170074592103092, "xscale24": 0.5043272019016789, "yscale24": 0.5043272019016789, "zscale24": 0.5043272019016789, "Cab25": 59.81332438476856, "Cw25": 0.026930302651216195, "xscale25": 0.6150388026718335, "yscale25": 0.6150388026718335, "zscale25": 0.6150388026718335, "Cab26": 68.2025243093157, "Cw26": 0.032064224530768966, "xscale26": 0.6955854101174344, "yscale26": 0.6955854101174344, "zscale26": 0.6955854101174344, "Cab27": 73.20860403817561, "Cw27": 0.023905488262058364, "xscale27": 0.38315957776165405, "yscale27": 0.38315957776165405, "zscale27": 0.38315957776165405, "Cab28": 60.801205574269794, "Cw28": 0.026785826007602667, "xscale28": 0.34435521941985175, "yscale28": 0.34435521941985175, "zscale28": 0.34435521941985175, "Cab29": 60.68338311208542, "Cw29": 0.028226116020630097, "xscale29": 0.6148940777830724, "yscale29": 0.6148940777830724, "zscale29": 0.6148940777830724, "Cab30": 42.7716185155056, "Cw30": 0.03397919919439711, "xscale30": 0.31029262552017944, "yscale30": 0.31029262552017944, "zscale30": 0.31029262552017944, "Cab31": 61.14116385082207, "Cw31": 0.04219734924929229, "xscale31": 0.6736061027837953, "yscale31": 0.6736061027837953, "zscale31": 0.6736061027837953, "Cab32": 33.782423501669555, "Cw32": 0.032857352200633246, "xscale32": 0.41638679637322445, "yscale32": 0.41638679637322445, "zscale32": 0.41638679637322445, "Cab33": 42.808011164755, "Cw33": 0.01183617039936383, "xscale33": 0.4405430210400374, "yscale33": 0.4405430210400374, "zscale33": 0.4405430210400374, "Cab34": 78.1775699263829, "Cw34": 0.04437541610225984, "xscale34": 0.46571447634822777, "yscale34": 0.46571447634822777, "zscale34": 0.46571447634822777, "Cab35": 60.73365160018361, "Cw35": 0.022552185661177115, "xscale35": 0.48794641172607356, "yscale35": 0.48794641172607356, "zscale35": 0.48794641172607356, "Cab36": 72.74746563632038, "Cw36": 0.0357777452272554, "xscale36": 0.7038170088852291, "yscale36": 0.7038170088852291, "zscale36": 0.7038170088852291, "Cab37": 26.411117423501178, "Cw37": 0.049266798980320235, "xscale37": 0.5056078050422262, "yscale37": 0.5056078050422262, "zscale37": 0.5056078050422262, "Cab38": 86.64238906869731, "Cw38": 0.04040434343295587, "xscale38": 0.4692299845794641, "yscale38": 0.4692299845794641, "zscale38": 0.4692299845794641, "Cab39": 70.42107301880414, "Cw39": 0.041294429148509414, "xscale39": 0.6945801873478812, "yscale39": 0.6945801873478812, "zscale39": 0.6945801873478812, "Cab40": 69.5909828813054, "Cw40": 0.0252001865762688, "xscale40": 0.5957194310603747, "yscale40": 0.5957194310603747, "zscale40": 0.5957194310603747, "Cab41": 88.71067319273301, "Cw41": 0.02150094870504827, "xscale41": 0.5078739805925326, "yscale41": 0.5078739805925326, "zscale41": 0.5078739805925326, "Cab42": 73.22028233945053, "Cw42": 0.0156899324891374, "xscale42": 0.5616487076160507, "yscale42": 0.5616487076160507, "zscale42": 0.5616487076160507, "Cab43": 65.76031758339913, "Cw43": 0.04458953769281293, "xscale43": 0.5544164580613532, "yscale43": 0.5544164580613532, "zscale43": 0.5544164580613532, "Cab44": 89.79403673967698, "Cw44": 0.016080836945355136, "xscale44": 0.4497721628961248, "yscale44": 0.4497721628961248, "zscale44": 0.4497721628961248, "Cab45": 21.258410794522323, "Cw45": 0.023278280299106828, "xscale45": 0.38357218240184826, "yscale45": 0.38357218240184826, "zscale45": 0.38357218240184826, "Cab46": 84.95528646245877, "Cw46": 0.042910300709629784, "xscale46": 0.4344441085988601, "yscale46": 0.4344441085988601, "zscale46": 0.4344441085988601, "Cab47": 54.056134529191816, "Cw47": 0.017252116381634604, "xscale47": 0.467031461986755, "yscale47": 0.467031461986755, "zscale47": 0.467031461986755, "Cab48": 58.811810600761724, "Cw48": 0.01769537222043381, "xscale48": 0.6001239164298966, "yscale48": 0.6001239164298966, "zscale48": 0.6001239164298966, "Cab49": 22.095166598127072, "Cw49": 0.02571927595501855, "xscale49": 0.5881597016990485, "yscale49": 0.5881597016990485, "zscale49": 0.5881597016990485, "Cab50": 86.37563880113322, "Cw50": 0.017676198975850696, "xscale50": 0.7623997067364656, "yscale50": 0.7623997067364656, "zscale50": 0.7623997067364656, "Cab51": 59.723451273820864, "Cw51": 0.014368216045566734, "xscale51": 0.764898279427982, "yscale51": 0.764898279427982, "zscale51": 0.764898279427982, "Cab52": 27.220355733464654, "Cw52": 0.04157983601828989,