{"Cab0": 56.121600841593576, "Cw0": 0.032407143776322214, "xscale0": 0.8261866753961024, "yscale0": 0.8261866753961024, "zscale0": 0.8261866753961024, "Cab1": 46.10699097513442, "Cw1": 0.03400190822348937, "xscale1": 0.5020599696263005, "yscale1": 0.5020599696263005, "zscale1": 0.5020599696263005, "Cab2": 51.67526158454476, "Cw2": 0.0371745360827304, "xscale2": 0.6005076870667162, "yscale2": 0.6005076870667162, "zscale2": 0.6005076870667162, "Cab3": 56.67788778541839, "Cw3": 0.01967689220252428, "xscale3": 0.4386685916250556, "yscale3": 0.4386685916250556, "zscale3": 0.4386685916250556, "Cab4": 27.161620143248904, "Cw4": 0.029218502151904843, "xscale4": 0.6544818339709864, "yscale4": 0.6544818339709864, "zscale4": 0.6544818339709864, "Cab5": 81.77866066516972, "Cw5": 0.04990382982189921, "xscale5": 0.7712810305128209, "yscale5": 0.7712810305128209, "zscale5": 0.7712810305128209, "Cab6": 78.73870105926098, "Cw6": 0.013449248076186651, "xscale6": 0.6037903302542709, "yscale6": 0.6037903302542709, "zscale6": 0.6037903302542709, "Cab7": 73.2609080355587, "Cw7": 0.03219338277396477, "xscale7": 0.6293864247655007, "yscale7": 0.6293864247655007, "zscale7": 0.6293864247655007, "Cab8": 86.70094901377378, "Cw8": 0.030070862158173964, "xscale8": 0.6038297249694611, "yscale8": 0.6038297249694611, "zscale8": 0.6038297249694611, "Cab9": 20.97290460769211, "Cw9": 0.03591450376147974, "xscale9": 0.7973605356545626, "yscale9": 0.7973605356545626, "zscale9": 0.7973605356545626, "Cab10": 87.28048883266464, "Cw10": 0.04780709673253368, "xscale10": 0.575883675571226, "yscale10": 0.575883675571226, "zscale10": 0.575883675571226, "Cab11": 38.16276505251142, "Cw11": 0.012724647196741259, "xscale11": 0.5323759525973552, "yscale11": 0.5323759525973552, "zscale11": 0.5323759525973552, "Cab12": 23.040987165702862, "Cw12": 0.016271295884563882, "xscale12": 0.5266692593248414, "yscale12": 0.5266692593248414, "zscale12": 0.5266692593248414, "Cab13": 47.14866487584648, "Cw13": 0.04656087651663303, "xscale13": 0.735765038599972, "yscale13": 0.735765038599972, "zscale13": 0.735765038599972, "Cab14": 87.54722491406875, "Cw14": 0.017941021696557292, "xscale14": 0.48230842396911605, "yscale14": 0.48230842396911605, "zscale14": 0.48230842396911605, "Cab15": 39.51975584130699, "Cw15": 0.04274266885600898, "xscale15": 0.5739034164571514, "yscale15": 0.5739034164571514, "zscale15": 0.5739034164571514, "Cab16": 75.18591709764067, "Cw16": 0.017868570565716682, "xscale16": 0.5407502750738798, "yscale16": 0.5407502750738798, "zscale16": 0.5407502750738798, "Cab17": 66.04091155580375, "Cw17": 0.04142036848366012, "xscale17": 0.5218178683609801, "yscale17": 0.5218178683609801, "zscale17": 0.5218178683609801, "Cab18": 60.38850790578841, "Cw18": 0.014595553450045009, "xscale18": 0.7557033741260152, "yscale18": 0.7557033741260152, "zscale18": 0.7557033741260152, "Cab19": 69.86077016114703, "Cw19": 0.03054401553989352, "xscale19": 0.6202062144872258, "yscale19": 0.6202062144872258, "zscale19": 0.6202062144872258, "Cab20": 74.5877363544588, "Cw20": 0.026799331381845932, "xscale20": 0.6534574405891951, "yscale20": 0.6534574405891951, "zscale20": 0.6534574405891951, "Cab21": 73.7801187600854, "Cw21": 0.030581898883605685, "xscale21": 0.536378875345886, "yscale21": 0.536378875345886, "zscale21": 0.536378875345886, "Cab22": 24.940020985491294, "Cw22": 0.030607115381413134, "xscale22": 0.4670201388141684, "yscale22": 0.4670201388141684, "zscale22": 0.4670201388141684, "Cab23": 62.7258324324575, "Cw23": 0.02064419477699768, "xscale23": 0.5199157380875272, "yscale23": 0.5199157380875272, "zscale23": 0.5199157380875272, "Cab24": 65.91354102074033, "Cw24": 0.027472609922362147, "xscale24": 0.6399137140655415, "yscale24": 0.6399137140655415, "zscale24": 0.6399137140655415, "Cab25": 36.24644296111403, "Cw25": 0.04858419219555546, "xscale25": 0.6125388572997247, "yscale25": 0.6125388572997247, "zscale25": 0.6125388572997247, "Cab26": 48.373574279971905, "Cw26": 0.017185726640930665, "xscale26": 0.524187451843671, "yscale26": 0.524187451843671, "zscale26": 0.524187451843671, "Cab27": 78.59986120591935, "Cw27": 0.048673394749690964, "xscale27": 0.35219132755475907, "yscale27": 0.35219132755475907, "zscale27": 0.35219132755475907, "Cab28": 55.43640955382822, "Cw28": 0.04323935442235074, "xscale28": 0.35416027428657204, "yscale28": 0.35416027428657204, "zscale28": 0.35416027428657204, "Cab29": 24.92127973626514, "Cw29": 0.033099992730463663, "xscale29": 0.5817791816767722, "yscale29": 0.5817791816767722, "zscale29": 0.5817791816767722, "Cab30": 68.14765497166232, "Cw30": 0.02573894719495981, "xscale30": 0.40435890903145505, "yscale30": 0.40435890903145505, "zscale30": 0.40435890903145505, "Cab31": 46.16116958086494, "Cw31": 0.04313134309895185, "xscale31": 0.5282764990809756, "yscale31": 0.5282764990809756, "zscale31": 0.5282764990809756, "Cab32": 28.23635099064344, "Cw32": 0.04853780904682972, "xscale32": 0.3915823440379368, "yscale32": 0.3915823440379368, "zscale32": 0.3915823440379368, "Cab33": 87.13708120754328, "Cw33": 0.021065369681810116, "xscale33": 0.4869965858255139, "yscale33": 0.4869965858255139, "zscale33": 0.4869965858255139, "Cab34": 89.96325374641745, "Cw34": 0.03507398880004446, "xscale34": 0.4214777520045505, "yscale34": 0.4214777520045505, "zscale34": 0.4214777520045505, "Cab35": 22.034683856677756, "Cw35": 0.04546717558600734, "xscale35": 0.36713609721982526, "yscale35": 0.36713609721982526, "zscale35": 0.36713609721982526, "Cab36": 79.70042865657814, "Cw36": 0.010670569869702079, "xscale36": 0.7619627901907748, "yscale36": 0.7619627901907748, "zscale36": 0.7619627901907748, "Cab37": 72.8749815915292, "Cw37": 0.045542836366300965, "xscale37": 0.39375660071147933, "yscale37": 0.39375660071147933, "zscale37": 0.39375660071147933, "Cab38": 77.18626858084268, "Cw38": 0.015525409205552773, "xscale38": 0.5484098923142778, "yscale38": 0.5484098923142778, "zscale38": 0.5484098923142778, "Cab39": 66.27174127976988, "Cw39": 0.015122989025610333, "xscale39": 0.5012759931254452, "yscale39": 0.5012759931254452, "zscale39": 0.5012759931254452, "Cab40": 44.27007254385016, "Cw40": 0.04002717760795383, "xscale40": 0.6004061228826711, "yscale40": 0.6004061228826711, "zscale40": 0.6004061228826711, "Cab41": 31.497781346610424, "Cw41": 0.02524037675718008, "xscale41": 0.6036310864318911, "yscale41": 0.6036310864318911, "zscale41": 0.6036310864318911, "Cab42": 36.889208580239526, "Cw42": 0.03596280754810948, "xscale42": 0.627583598349126, "yscale42": 0.627583598349126, "zscale42": 0.627583598349126, "Cab43": 77.65435832759236, "Cw43": 0.039425405673488206, "xscale43": 0.6980474458734492, "yscale43": 0.6980474458734492, "zscale43": 0.6980474458734492, "Cab44": 34.22565325665392, "Cw44": 0.022513815457467556, "xscale44": 0.3909405900798726, "yscale44": 0.3909405900798726, "zscale44": 0.3909405900798726, "Cab45": 63.85956285423253, "Cw45": 0.033186786183791235, "xscale45": 0.3659868295910192, "yscale45": 0.3659868295910192, "zscale45": 0.3659868295910192, "Cab46": 70.22569003802361, "Cw46": 0.025331782422643633, "xscale46": 0.4798947652824457, "yscale46": 0.4798947652824457, "zscale46": 0.4798947652824457, "Cab47": 32.19316966176851, "Cw47": 0.02274472528193095, "xscale47": 0.5444513741831759, "yscale47": 0.5444513741831759, "zscale47": 0.5444513741831759, "Cab48": 28.29394533351828, "Cw48": 0.043697471048797974, "xscale48": 0.6530404484729762, "yscale48": 0.6530404484729762, "zscale48": 0.6530404484729762, "Cab49": 44.20201945169043, "Cw49": 0.043190165487462955, "xscale49": 0.49519830358342376, "yscale49": 0.49519830358342376, "zscale49": 0.49519830358342376, "Cab50": 45.488123655040766, "Cw50": 0.030702783226695632, "xscale50": 0.7116434572438662, "yscale50": 0.7116434572438662, "zscale50": 0.7116434572438662, "Cab51": 52.067882043374176, "Cw51": 0.03167305349864438, "xscale51": 0.588382541085435, "yscale51": 0.588382541085435, "zscale51": 0.588382541085435, "Cab52": 51.46827126008417, "Cw52": 0.027405921998388955,