{"Cab0": 54.531449403620464, "Cw0": 0.03246075247986852, "xscale0": 0.7420239752933867, "yscale0": 0.7420239752933867, "zscale0": 0.7420239752933867, "Cab1": 42.44544436965501, "Cw1": 0.03078869725548792, "xscale1": 0.6635646477703434, "yscale1": 0.6635646477703434, "zscale1": 0.6635646477703434, "Cab2": 42.465552655742215, "Cw2": 0.04034023424823544, "xscale2": 0.7011512859389845, "yscale2": 0.7011512859389845, "zscale2": 0.7011512859389845, "Cab3": 79.34637726370258, "Cw3": 0.020867826895571005, "xscale3": 0.5243811183030213, "yscale3": 0.5243811183030213, "zscale3": 0.5243811183030213, "Cab4": 29.266093133109006, "Cw4": 0.04378718407299247, "xscale4": 0.6715205692393214, "yscale4": 0.6715205692393214, "zscale4": 0.6715205692393214, "Cab5": 47.55273645582514, "Cw5": 0.01666187353903077, "xscale5": 0.7634121666790494, "yscale5": 0.7634121666790494, "zscale5": 0.7634121666790494, "Cab6": 83.74473270021153, "Cw6": 0.017442875766649074, "xscale6": 0.6527119819011249, "yscale6": 0.6527119819011249, "zscale6": 0.6527119819011249, "Cab7": 51.17356628697752, "Cw7": 0.03396018080432037, "xscale7": 0.5954764837982108, "yscale7": 0.5954764837982108, "zscale7": 0.5954764837982108, "Cab8": 24.559016414924724, "Cw8": 0.023223833562163045, "xscale8": 0.644789076747898, "yscale8": 0.644789076747898, "zscale8": 0.644789076747898, "Cab9": 54.3240788558945, "Cw9": 0.04447348302033685, "xscale9": 0.6866323031905381, "yscale9": 0.6866323031905381, "zscale9": 0.6866323031905381, "Cab10": 40.185548927038795, "Cw10": 0.02660056061802389, "xscale10": 0.5367111203833731, "yscale10": 0.5367111203833731, "zscale10": 0.5367111203833731, "Cab11": 61.358263538441236, "Cw11": 0.018396640726337222, "xscale11": 0.5310585034953187, "yscale11": 0.5310585034953187, "zscale11": 0.5310585034953187, "Cab12": 81.99017284682213, "Cw12": 0.04027889116331457, "xscale12": 0.44411739060930877, "yscale12": 0.44411739060930877, "zscale12": 0.44411739060930877, "Cab13": 30.682262878310716, "Cw13": 0.04293485181962762, "xscale13": 0.5201247564095981, "yscale13": 0.5201247564095981, "zscale13": 0.5201247564095981, "Cab14": 83.26651879043865, "Cw14": 0.03792140017490994, "xscale14": 0.6365227685026301, "yscale14": 0.6365227685026301, "zscale14": 0.6365227685026301, "Cab15": 76.12781159867353, "Cw15": 0.023639065455879408, "xscale15": 0.6200267344893301, "yscale15": 0.6200267344893301, "zscale15": 0.6200267344893301, "Cab16": 66.4451393336991, "Cw16": 0.023803655373377496, "xscale16": 0.6743919258159833, "yscale16": 0.6743919258159833, "zscale16": 0.6743919258159833, "Cab17": 21.57016637137287, "Cw17": 0.023172174859136665, "xscale17": 0.6644906356038263, "yscale17": 0.6644906356038263, "zscale17": 0.6644906356038263, "Cab18": 72.39104241072937, "Cw18": 0.0490410949925737, "xscale18": 0.6768698124662352, "yscale18": 0.6768698124662352, "zscale18": 0.6768698124662352, "Cab19": 53.02689670687825, "Cw19": 0.026993807297752845, "xscale19": 0.6426552071274507, "yscale19": 0.6426552071274507, "zscale19": 0.6426552071274507, "Cab20": 82.06006134067968, "Cw20": 0.02423192902110325, "xscale20": 0.7407206109746781, "yscale20": 0.7407206109746781, "zscale20": 0.7407206109746781, "Cab21": 64.61384441083405, "Cw21": 0.03593543458550991, "xscale21": 0.6202395067057677, "yscale21": 0.6202395067057677, "zscale21": 0.6202395067057677, "Cab22": 73.28216182652292, "Cw22": 0.015122751055297205, "xscale22": 0.47658611155456165, "yscale22": 0.47658611155456165, "zscale22": 0.47658611155456165, "Cab23": 63.22468794935398, "Cw23": 0.013915927216557985, "xscale23": 0.5216676539927935, "yscale23": 0.5216676539927935, "zscale23": 0.5216676539927935, "Cab24": 76.4683279914735, "Cw24": 0.029247819174826918, "xscale24": 0.5690421089804687, "yscale24": 0.5690421089804687, "zscale24": 0.5690421089804687, "Cab25": 22.31770982052806, "Cw25": 0.04156288185475601, "xscale25": 0.6193523168487565, "yscale25": 0.6193523168487565, "zscale25": 0.6193523168487565, "Cab26": 69.80034041580555, "Cw26": 0.03714602186177455, "xscale26": 0.6098843054503996, "yscale26": 0.6098843054503996, "zscale26": 0.6098843054503996, "Cab27": 67.33715870821516, "Cw27": 0.03830639037634458, "xscale27": 0.48002489499426143, "yscale27": 0.48002489499426143, "zscale27": 0.48002489499426143, "Cab28": 84.39371122734471, "Cw28": 0.01019364296846093, "xscale28": 0.42998438842927234, "yscale28": 0.42998438842927234, "zscale28": 0.42998438842927234, "Cab29": 73.95151182186386, "Cw29": 0.04935393099898634, "xscale29": 0.6308305386274041, "yscale29": 0.6308305386274041, "zscale29": 0.6308305386274041, "Cab30": 25.296303923456747, "Cw30": 0.028139521011473323, "xscale30": 0.3849316290544734, "yscale30": 0.3849316290544734, "zscale30": 0.3849316290544734, "Cab31": 58.06441278102559, "Cw31": 0.01529250640072652, "xscale31": 0.7244718869411207, "yscale31": 0.7244718869411207, "zscale31": 0.7244718869411207, "Cab32": 78.13742171501518, "Cw32": 0.011501986461152431, "xscale32": 0.5270852245540676, "yscale32": 0.5270852245540676, "zscale32": 0.5270852245540676, "Cab33": 81.97066088208206, "Cw33": 0.031806180611483034, "xscale33": 0.5532165770007463, "yscale33": 0.5532165770007463, "zscale33": 0.5532165770007463, "Cab34": 64.70673914500077, "Cw34": 0.029469039679154527, "xscale34": 0.4253384855698699, "yscale34": 0.4253384855698699, "zscale34": 0.4253384855698699, "Cab35": 82.77582179081439, "Cw35": 0.029586223201166648, "xscale35": 0.346002904497013, "yscale35": 0.346002904497013, "zscale35": 0.346002904497013, "Cab36": 36.796314526192965, "Cw36": 0.02255869163764688, "xscale36": 0.5852797193669177, "yscale36": 0.5852797193669177, "zscale36": 0.5852797193669177, "Cab37": 29.898127436131098, "Cw37": 0.04663327196896989, "xscale37": 0.4932157653664396, "yscale37": 0.4932157653664396, "zscale37": 0.4932157653664396, "Cab38": 65.14110866911153, "Cw38": 0.04978440300409624, "xscale38": 0.4125936350914864, "yscale38": 0.4125936350914864, "zscale38": 0.4125936350914864, "Cab39": 20.60893112945992, "Cw39": 0.04457703901224757, "xscale39": 0.5894128901280031, "yscale39": 0.5894128901280031, "zscale39": 0.5894128901280031, "Cab40": 41.70874013507558, "Cw40": 0.034379093977931964, "xscale40": 0.5301017169708033, "yscale40": 0.5301017169708033, "zscale40": 0.5301017169708033, "Cab41": 34.78510782588159, "Cw41": 0.024815457369445217, "xscale41": 0.5457206452542415, "yscale41": 0.5457206452542415, "zscale41": 0.5457206452542415, "Cab42": 44.07397435518833, "Cw42": 0.0359906044342225, "xscale42": 0.5043111676635681, "yscale42": 0.5043111676635681, "zscale42": 0.5043111676635681, "Cab43": 70.13049955746347, "Cw43": 0.02845573843109213, "xscale43": 0.7090534211733822, "yscale43": 0.7090534211733822, "zscale43": 0.7090534211733822, "Cab44": 52.11151183185988, "Cw44": 0.030038951769907937, "xscale44": 0.45223915322734454, "yscale44": 0.45223915322734454, "zscale44": 0.45223915322734454, "Cab45": 62.165002073076025, "Cw45": 0.018916270933870577, "xscale45": 0.38576174115572887, "yscale45": 0.38576174115572887, "zscale45": 0.38576174115572887, "Cab46": 34.2947114479948, "Cw46": 0.027832809179300706, "xscale46": 0.5550852341988999, "yscale46": 0.5550852341988999, "zscale46": 0.5550852341988999, "Cab47": 78.42417509782999, "Cw47": 0.0311777601213082, "xscale47": 0.5926647925439342, "yscale47": 0.5926647925439342, "zscale47": 0.5926647925439342, "Cab48": 32.47175727785249, "Cw48": 0.0483627517341141, "xscale48": 0.7018850545569869, "yscale48": 0.7018850545569869, "zscale48": 0.7018850545569869, "Cab49": 89.27384412506336, "Cw49": 0.022847116767516985, "xscale49": 0.5993812793700385, "yscale49": 0.5993812793700385, "zscale49": 0.5993812793700385, "Cab50": 63.65869099524357, "Cw50": 0.016377061654125554, "xscale50": 0.5819283084299435, "yscale50": 0.5819283084299435, "zscale50": 0.5819283084299435, "Cab51": 21.330674616058335, "Cw51": 0.04207751513768727, "xscale51": 0.713136022708975, "yscale51": 0.713136022708975, "zscale51": 0.713136022708975, "Cab52": 35.36872816813036, "Cw52": 0.01046412830076799,