{"Cab0": 63.057743612249894, "Cw0": 0.04293617961681952, "xscale0": 0.7975790133540105, "yscale0": 0.7975790133540105, "zscale0": 0.7975790133540105, "Cab1": 88.40024416544686, "Cw1": 0.0443410329700428, "xscale1": 0.6230421460984505, "yscale1": 0.6230421460984505, "zscale1": 0.6230421460984505, "Cab2": 83.06970816412475, "Cw2": 0.01088104683010943, "xscale2": 0.7366688247177228, "yscale2": 0.7366688247177228, "zscale2": 0.7366688247177228, "Cab3": 26.413464718525198, "Cw3": 0.04600095372488371, "xscale3": 0.493614197978687, "yscale3": 0.493614197978687, "zscale3": 0.493614197978687, "Cab4": 22.950486549477905, "Cw4": 0.048526832505739456, "xscale4": 0.6071730618907573, "yscale4": 0.6071730618907573, "zscale4": 0.6071730618907573, "Cab5": 62.93247699371932, "Cw5": 0.01199302756292715, "xscale5": 0.8573869799907399, "yscale5": 0.8573869799907399, "zscale5": 0.8573869799907399, "Cab6": 25.855053672568786, "Cw6": 0.013250062960189877, "xscale6": 0.631200861355277, "yscale6": 0.631200861355277, "zscale6": 0.631200861355277, "Cab7": 23.466881475428902, "Cw7": 0.03795467193677442, "xscale7": 0.5875040885000651, "yscale7": 0.5875040885000651, "zscale7": 0.5875040885000651, "Cab8": 23.600193707423216, "Cw8": 0.032966505202695374, "xscale8": 0.5816262144665768, "yscale8": 0.5816262144665768, "zscale8": 0.5816262144665768, "Cab9": 34.69557681479446, "Cw9": 0.04525565875391976, "xscale9": 0.6316274577765504, "yscale9": 0.6316274577765504, "zscale9": 0.6316274577765504, "Cab10": 78.21587299403076, "Cw10": 0.042291123783706794, "xscale10": 0.4052068636333785, "yscale10": 0.4052068636333785, "zscale10": 0.4052068636333785, "Cab11": 22.586530420032226, "Cw11": 0.028974931961880147, "xscale11": 0.5412047638190982, "yscale11": 0.5412047638190982, "zscale11": 0.5412047638190982, "Cab12": 20.580664686267877, "Cw12": 0.03227285294597024, "xscale12": 0.5532397095481774, "yscale12": 0.5532397095481774, "zscale12": 0.5532397095481774, "Cab13": 56.45269770432603, "Cw13": 0.03691797802864074, "xscale13": 0.6051649211863082, "yscale13": 0.6051649211863082, "zscale13": 0.6051649211863082, "Cab14": 82.64423381170553, "Cw14": 0.03414465753515893, "xscale14": 0.6469234392285482, "yscale14": 0.6469234392285482, "zscale14": 0.6469234392285482, "Cab15": 47.54400794887032, "Cw15": 0.02217087560744611, "xscale15": 0.6122239819786158, "yscale15": 0.6122239819786158, "zscale15": 0.6122239819786158, "Cab16": 66.875234757784, "Cw16": 0.022188125951758904, "xscale16": 0.5905393266173724, "yscale16": 0.5905393266173724, "zscale16": 0.5905393266173724, "Cab17": 24.047324578451992, "Cw17": 0.013697443251393989, "xscale17": 0.46878851508773045, "yscale17": 0.46878851508773045, "zscale17": 0.46878851508773045, "Cab18": 48.0158355234216, "Cw18": 0.021500868229042965, "xscale18": 0.7519444184808483, "yscale18": 0.7519444184808483, "zscale18": 0.7519444184808483, "Cab19": 74.66013149036291, "Cw19": 0.01063997374457609, "xscale19": 0.4994609716542744, "yscale19": 0.4994609716542744, "zscale19": 0.4994609716542744, "Cab20": 30.735992939244134, "Cw20": 0.04031969243147312, "xscale20": 0.5230764956636628, "yscale20": 0.5230764956636628, "zscale20": 0.5230764956636628, "Cab21": 69.32846068190261, "Cw21": 0.04888519575944695, "xscale21": 0.5757527340859054, "yscale21": 0.5757527340859054, "zscale21": 0.5757527340859054, "Cab22": 38.19937552129402, "Cw22": 0.02666156344885553, "xscale22": 0.539625859260062, "yscale22": 0.539625859260062, "zscale22": 0.539625859260062, "Cab23": 50.92783647563968, "Cw23": 0.04097542505186422, "xscale23": 0.6302028116088721, "yscale23": 0.6302028116088721, "zscale23": 0.6302028116088721, "Cab24": 75.29461607670854, "Cw24": 0.02850794760431062, "xscale24": 0.5629327279755794, "yscale24": 0.5629327279755794, "zscale24": 0.5629327279755794, "Cab25": 89.75040461970049, "Cw25": 0.02836297226652762, "xscale25": 0.676950566512899, "yscale25": 0.676950566512899, "zscale25": 0.676950566512899, "Cab26": 58.731917335441175, "Cw26": 0.03434775345523724, "xscale26": 0.6253487584421946, "yscale26": 0.6253487584421946, "zscale26": 0.6253487584421946, "Cab27": 79.83588850998767, "Cw27": 0.023859283394822125, "xscale27": 0.4661815771616746, "yscale27": 0.4661815771616746, "zscale27": 0.4661815771616746, "Cab28": 88.33306801664524, "Cw28": 0.03383136222227967, "xscale28": 0.49574076847189735, "yscale28": 0.49574076847189735, "zscale28": 0.49574076847189735, "Cab29": 47.170686139006584, "Cw29": 0.04202424496405994, "xscale29": 0.573713560952778, "yscale29": 0.573713560952778, "zscale29": 0.573713560952778, "Cab30": 56.05687567702248, "Cw30": 0.02410232917704938, "xscale30": 0.3510813723266752, "yscale30": 0.3510813723266752, "zscale30": 0.3510813723266752, "Cab31": 73.80100907815817, "Cw31": 0.022108407867799423, "xscale31": 0.5590451060607745, "yscale31": 0.5590451060607745, "zscale31": 0.5590451060607745, "Cab32": 82.95854069950232, "Cw32": 0.02307108178196019, "xscale32": 0.5236421833807745, "yscale32": 0.5236421833807745, "zscale32": 0.5236421833807745, "Cab33": 43.75732323222237, "Cw33": 0.03349508983922452, "xscale33": 0.4024181796522969, "yscale33": 0.4024181796522969, "zscale33": 0.4024181796522969, "Cab34": 80.24730887202492, "Cw34": 0.04941351375630774, "xscale34": 0.4633418114881238, "yscale34": 0.4633418114881238, "zscale34": 0.4633418114881238, "Cab35": 77.5661964245432, "Cw35": 0.014140366639076571, "xscale35": 0.4071489845204525, "yscale35": 0.4071489845204525, "zscale35": 0.4071489845204525, "Cab36": 24.736382249880695, "Cw36": 0.0476901509285906, "xscale36": 0.5297876857343043, "yscale36": 0.5297876857343043, "zscale36": 0.5297876857343043, "Cab37": 32.368977548543654, "Cw37": 0.015027599312855458, "xscale37": 0.3898777173229887, "yscale37": 0.3898777173229887, "zscale37": 0.3898777173229887, "Cab38": 68.79464388653543, "Cw38": 0.02293907218450357, "xscale38": 0.5749030115620033, "yscale38": 0.5749030115620033, "zscale38": 0.5749030115620033, "Cab39": 52.04583490297729, "Cw39": 0.048161237920573995, "xscale39": 0.5956570881359418, "yscale39": 0.5956570881359418, "zscale39": 0.5956570881359418, "Cab40": 24.550041858165585, "Cw40": 0.018367651255250424, "xscale40": 0.5628486924118019, "yscale40": 0.5628486924118019, "zscale40": 0.5628486924118019, "Cab41": 46.43797588043562, "Cw41": 0.027407924240218998, "xscale41": 0.5948725427505913, "yscale41": 0.5948725427505913, "zscale41": 0.5948725427505913, "Cab42": 34.271934307756155, "Cw42": 0.03767097176204347, "xscale42": 0.5200018341651524, "yscale42": 0.5200018341651524, "zscale42": 0.5200018341651524, "Cab43": 27.40959340416305, "Cw43": 0.04417212910681873, "xscale43": 0.513597770696325, "yscale43": 0.513597770696325, "zscale43": 0.513597770696325, "Cab44": 30.557106733229368, "Cw44": 0.017624469807383178, "xscale44": 0.48206796242529376, "yscale44": 0.48206796242529376, "zscale44": 0.48206796242529376, "Cab45": 64.76708897406873, "Cw45": 0.018710586440380834, "xscale45": 0.3276356311430004, "yscale45": 0.3276356311430004, "zscale45": 0.3276356311430004, "Cab46": 35.36564528906952, "Cw46": 0.02422999325213613, "xscale46": 0.5139002901869976, "yscale46": 0.5139002901869976, "zscale46": 0.5139002901869976, "Cab47": 69.85278554428848, "Cw47": 0.015302076294799356, "xscale47": 0.6109175832051356, "yscale47": 0.6109175832051356, "zscale47": 0.6109175832051356, "Cab48": 84.00774036123576, "Cw48": 0.03296462419379493, "xscale48": 0.7033222620350459, "yscale48": 0.7033222620350459, "zscale48": 0.7033222620350459, "Cab49": 37.55671644698957, "Cw49": 0.028905951085300752, "xscale49": 0.4798657869950783, "yscale49": 0.4798657869950783, "zscale49": 0.4798657869950783, "Cab50": 39.26077559672575, "Cw50": 0.03629724974192377, "xscale50": 0.7243784610230815, "yscale50": 0.7243784610230815, "zscale50": 0.7243784610230815, "Cab51": 82.24874613810701, "Cw51": 0.03835952359565951, "xscale51": 0.8204042986653025, "yscale51": 0.8204042986653025, "zscale51": 0.8204042986653025, "Cab52": 77.26661565765568, "Cw52": 0.04578711294940636,