{"Cab0": 69.34275761448828, "Cw0": 0.044952293909833886, "xscale0": 0.6640529301831954, "yscale0": 0.6640529301831954, "zscale0": 0.6640529301831954, "Cab1": 55.741810982264234, "Cw1": 0.026639031943379382, "xscale1": 0.568845681682062, "yscale1": 0.568845681682062, "zscale1": 0.568845681682062, "Cab2": 48.61422423059697, "Cw2": 0.01130701822261862, "xscale2": 0.7198376681096816, "yscale2": 0.7198376681096816, "zscale2": 0.7198376681096816, "Cab3": 44.72245923371461, "Cw3": 0.018745802909546867, "xscale3": 0.5778401454657306, "yscale3": 0.5778401454657306, "zscale3": 0.5778401454657306, "Cab4": 78.68502895431646, "Cw4": 0.0477096890362351, "xscale4": 0.6290800537412993, "yscale4": 0.6290800537412993, "zscale4": 0.6290800537412993, "Cab5": 54.204467453238045, "Cw5": 0.016251599603783105, "xscale5": 0.6782391441618238, "yscale5": 0.6782391441618238, "zscale5": 0.6782391441618238, "Cab6": 32.178827353981895, "Cw6": 0.047914569897936944, "xscale6": 0.46898869513985286, "yscale6": 0.46898869513985286, "zscale6": 0.46898869513985286, "Cab7": 75.1795244779478, "Cw7": 0.038072037768622655, "xscale7": 0.48797702114620184, "yscale7": 0.48797702114620184, "zscale7": 0.48797702114620184, "Cab8": 85.47590157543544, "Cw8": 0.026022848253229258, "xscale8": 0.5309107003421547, "yscale8": 0.5309107003421547, "zscale8": 0.5309107003421547, "Cab9": 79.45045904024195, "Cw9": 0.04188252213284081, "xscale9": 0.706341777286216, "yscale9": 0.706341777286216, "zscale9": 0.706341777286216, "Cab10": 66.6390883525127, "Cw10": 0.041500908337841584, "xscale10": 0.5030208551954418, "yscale10": 0.5030208551954418, "zscale10": 0.5030208551954418, "Cab11": 36.33028130858093, "Cw11": 0.04765209510684938, "xscale11": 0.682112153488766, "yscale11": 0.682112153488766, "zscale11": 0.682112153488766, "Cab12": 41.971655505012265, "Cw12": 0.038027160149901665, "xscale12": 0.6340348309083557, "yscale12": 0.6340348309083557, "zscale12": 0.6340348309083557, "Cab13": 30.112287999017063, "Cw13": 0.036584412346556586, "xscale13": 0.6263395881335382, "yscale13": 0.6263395881335382, "zscale13": 0.6263395881335382, "Cab14": 53.855417857435825, "Cw14": 0.012698482231947295, "xscale14": 0.5298293281557893, "yscale14": 0.5298293281557893, "zscale14": 0.5298293281557893, "Cab15": 57.76288962377383, "Cw15": 0.03661899904350779, "xscale15": 0.6643075245443234, "yscale15": 0.6643075245443234, "zscale15": 0.6643075245443234, "Cab16": 76.65863945036097, "Cw16": 0.049149023872432585, "xscale16": 0.4992428043279813, "yscale16": 0.4992428043279813, "zscale16": 0.4992428043279813, "Cab17": 77.24296582089057, "Cw17": 0.0392412576920044, "xscale17": 0.49230596655830244, "yscale17": 0.49230596655830244, "zscale17": 0.49230596655830244, "Cab18": 27.23508521379783, "Cw18": 0.014096855657690087, "xscale18": 0.5612680780451633, "yscale18": 0.5612680780451633, "zscale18": 0.5612680780451633, "Cab19": 84.87791194022928, "Cw19": 0.03931970667168356, "xscale19": 0.4525295684093408, "yscale19": 0.4525295684093408, "zscale19": 0.4525295684093408, "Cab20": 70.37694764881019, "Cw20": 0.04297259691431321, "xscale20": 0.7532884644387855, "yscale20": 0.7532884644387855, "zscale20": 0.7532884644387855, "Cab21": 30.17550585562212, "Cw21": 0.02548585767829151, "xscale21": 0.6254058655248499, "yscale21": 0.6254058655248499, "zscale21": 0.6254058655248499, "Cab22": 21.957153624976982, "Cw22": 0.012599532206282854, "xscale22": 0.5177783885579389, "yscale22": 0.5177783885579389, "zscale22": 0.5177783885579389, "Cab23": 52.89531075291068, "Cw23": 0.010626393123605951, "xscale23": 0.7278613056002494, "yscale23": 0.7278613056002494, "zscale23": 0.7278613056002494, "Cab24": 23.731812473695896, "Cw24": 0.02186335348026955, "xscale24": 0.5910290076165714, "yscale24": 0.5910290076165714, "zscale24": 0.5910290076165714, "Cab25": 28.793045540213104, "Cw25": 0.026532945509972206, "xscale25": 0.5937340295211774, "yscale25": 0.5937340295211774, "zscale25": 0.5937340295211774, "Cab26": 27.800267929604928, "Cw26": 0.011528300801928078, "xscale26": 0.5157114792617773, "yscale26": 0.5157114792617773, "zscale26": 0.5157114792617773, "Cab27": 43.218381453012114, "Cw27": 0.02972579852858176, "xscale27": 0.5129596458183925, "yscale27": 0.5129596458183925, "zscale27": 0.5129596458183925, "Cab28": 88.14531425626484, "Cw28": 0.048388408560993953, "xscale28": 0.4833756610017082, "yscale28": 0.4833756610017082, "zscale28": 0.4833756610017082, "Cab29": 34.6257615156847, "Cw29": 0.02459729702844775, "xscale29": 0.7139920866722592, "yscale29": 0.7139920866722592, "zscale29": 0.7139920866722592, "Cab30": 34.97426569722499, "Cw30": 0.024186418853059645, "xscale30": 0.3468949765294352, "yscale30": 0.3468949765294352, "zscale30": 0.3468949765294352, "Cab31": 64.0358608173124, "Cw31": 0.0385702222595183, "xscale31": 0.7613954662094179, "yscale31": 0.7613954662094179, "zscale31": 0.7613954662094179, "Cab32": 84.90821935452014, "Cw32": 0.020596375268888675, "xscale32": 0.5277853544018662, "yscale32": 0.5277853544018662, "zscale32": 0.5277853544018662, "Cab33": 69.11266519256677, "Cw33": 0.03302707498659967, "xscale33": 0.5670919563306883, "yscale33": 0.5670919563306883, "zscale33": 0.5670919563306883, "Cab34": 65.96932733855915, "Cw34": 0.03660717831463669, "xscale34": 0.5574892785615787, "yscale34": 0.5574892785615787, "zscale34": 0.5574892785615787, "Cab35": 27.477916783347226, "Cw35": 0.015302118800024168, "xscale35": 0.42426321775377196, "yscale35": 0.42426321775377196, "zscale35": 0.42426321775377196, "Cab36": 28.182543347697703, "Cw36": 0.011731285994519572, "xscale36": 0.7021275300310195, "yscale36": 0.7021275300310195, "zscale36": 0.7021275300310195, "Cab37": 76.51766748816902, "Cw37": 0.022604274350305514, "xscale37": 0.5089393801605314, "yscale37": 0.5089393801605314, "zscale37": 0.5089393801605314, "Cab38": 26.41121906085894, "Cw38": 0.04564982318295084, "xscale38": 0.5593339766941026, "yscale38": 0.5593339766941026, "zscale38": 0.5593339766941026, "Cab39": 67.84776828445527, "Cw39": 0.022879067981132848, "xscale39": 0.6908220292539922, "yscale39": 0.6908220292539922, "zscale39": 0.6908220292539922, "Cab40": 46.77832920030368, "Cw40": 0.01648076883350951, "xscale40": 0.4969019522189423, "yscale40": 0.4969019522189423, "zscale40": 0.4969019522189423, "Cab41": 48.21230823509068, "Cw41": 0.04268952466902052, "xscale41": 0.47914532243303726, "yscale41": 0.47914532243303726, "zscale41": 0.47914532243303726, "Cab42": 84.56974026811356, "Cw42": 0.01632177300049068, "xscale42": 0.6061825953282629, "yscale42": 0.6061825953282629, "zscale42": 0.6061825953282629, "Cab43": 69.42721093888328, "Cw43": 0.012847369076375409, "xscale43": 0.6036270516068944, "yscale43": 0.6036270516068944, "zscale43": 0.6036270516068944, "Cab44": 25.19835984534651, "Cw44": 0.019670414811598085, "xscale44": 0.4363055098690122, "yscale44": 0.4363055098690122, "zscale44": 0.4363055098690122, "Cab45": 80.50914013946336, "Cw45": 0.04830441347055994, "xscale45": 0.4045776543134317, "yscale45": 0.4045776543134317, "zscale45": 0.4045776543134317, "Cab46": 42.19050869510668, "Cw46": 0.03749239602306533, "xscale46": 0.5543907823106222, "yscale46": 0.5543907823106222, "zscale46": 0.5543907823106222, "Cab47": 47.14636678845714, "Cw47": 0.036034977569761456, "xscale47": 0.4841609821949793, "yscale47": 0.4841609821949793, "zscale47": 0.4841609821949793, "Cab48": 20.836199519977086, "Cw48": 0.042032199643263914, "xscale48": 0.5880359948920612, "yscale48": 0.5880359948920612, "zscale48": 0.5880359948920612, "Cab49": 32.04521386939872, "Cw49": 0.016721918789106338, "xscale49": 0.4486382300861925, "yscale49": 0.4486382300861925, "zscale49": 0.4486382300861925, "Cab50": 29.282466493336084, "Cw50": 0.025980557498959257, "xscale50": 0.6575933999751161, "yscale50": 0.6575933999751161, "zscale50": 0.6575933999751161, "Cab51": 39.16273221169274, "Cw51": 0.02436237520191572, "xscale51": 0.7893933980932507, "yscale51": 0.7893933980932507, "zscale51": 0.7893933980932507, "Cab52": 87.62865014163974,