{"Cab0": 35.23336858466584, "Cw0": 0.03716173365736508, "xscale0": 0.8585350661700055, "yscale0": 0.8585350661700055, "zscale0": 0.8585350661700055, "Cab1": 58.17448014050926, "Cw1": 0.020961495690152092, "xscale1": 0.6739697436413591, "yscale1": 0.6739697436413591, "zscale1": 0.6739697436413591, "Cab2": 51.543166045027164, "Cw2": 0.03448512232124808, "xscale2": 0.6836466955771308, "yscale2": 0.6836466955771308, "zscale2": 0.6836466955771308, "Cab3": 31.843403269413017, "Cw3": 0.013036320861948579, "xscale3": 0.5108788616638145, "yscale3": 0.5108788616638145, "zscale3": 0.5108788616638145, "Cab4": 85.57695822457859, "Cw4": 0.04084607571997413, "xscale4": 0.49467875939280037, "yscale4": 0.49467875939280037, "zscale4": 0.49467875939280037, "Cab5": 87.7868612966167, "Cw5": 0.013442930576295713, "xscale5": 0.6653911293251623, "yscale5": 0.6653911293251623, "zscale5": 0.6653911293251623, "Cab6": 29.29949893453534, "Cw6": 0.032968563757117895, "xscale6": 0.5308718712294428, "yscale6": 0.5308718712294428, "zscale6": 0.5308718712294428, "Cab7": 72.57195393527067, "Cw7": 0.03963178535355415, "xscale7": 0.49010597116773863, "yscale7": 0.49010597116773863, "zscale7": 0.49010597116773863, "Cab8": 66.71007425762355, "Cw8": 0.03941544086652423, "xscale8": 0.5692058100288819, "yscale8": 0.5692058100288819, "zscale8": 0.5692058100288819, "Cab9": 52.718672506592256, "Cw9": 0.026080922099269432, "xscale9": 0.6108043879916899, "yscale9": 0.6108043879916899, "zscale9": 0.6108043879916899, "Cab10": 43.78987195609379, "Cw10": 0.02403055967493431, "xscale10": 0.463584808551916, "yscale10": 0.463584808551916, "zscale10": 0.463584808551916, "Cab11": 57.13720781426691, "Cw11": 0.040340284941826475, "xscale11": 0.7165432773351507, "yscale11": 0.7165432773351507, "zscale11": 0.7165432773351507, "Cab12": 86.89812181357105, "Cw12": 0.023744342421987405, "xscale12": 0.5562495268407449, "yscale12": 0.5562495268407449, "zscale12": 0.5562495268407449, "Cab13": 78.03715369893013, "Cw13": 0.03347135519412685, "xscale13": 0.736999919113666, "yscale13": 0.736999919113666, "zscale13": 0.736999919113666, "Cab14": 36.475993803769384, "Cw14": 0.02639743849312219, "xscale14": 0.6332050776147389, "yscale14": 0.6332050776147389, "zscale14": 0.6332050776147389, "Cab15": 44.99379327998095, "Cw15": 0.030406891252913584, "xscale15": 0.5882692661212211, "yscale15": 0.5882692661212211, "zscale15": 0.5882692661212211, "Cab16": 39.0214344883634, "Cw16": 0.038835222663003245, "xscale16": 0.672183473681446, "yscale16": 0.672183473681446, "zscale16": 0.672183473681446, "Cab17": 53.7219425446818, "Cw17": 0.040202145093167295, "xscale17": 0.4556439829508004, "yscale17": 0.4556439829508004, "zscale17": 0.4556439829508004, "Cab18": 50.412211769589504, "Cw18": 0.026623831063381384, "xscale18": 0.7138601658645941, "yscale18": 0.7138601658645941, "zscale18": 0.7138601658645941, "Cab19": 63.45787522162039, "Cw19": 0.04959507568759827, "xscale19": 0.45446360419568527, "yscale19": 0.45446360419568527, "zscale19": 0.45446360419568527, "Cab20": 70.55737167429936, "Cw20": 0.012632249357384225, "xscale20": 0.676114356193034, "yscale20": 0.676114356193034, "zscale20": 0.676114356193034, "Cab21": 69.81390076813474, "Cw21": 0.016524912980546556, "xscale21": 0.599405201610615, "yscale21": 0.599405201610615, "zscale21": 0.599405201610615, "Cab22": 84.45968904182274, "Cw22": 0.018049336227811803, "xscale22": 0.5320245336498873, "yscale22": 0.5320245336498873, "zscale22": 0.5320245336498873, "Cab23": 72.43124395150738, "Cw23": 0.04855145066211977, "xscale23": 0.5496874930194423, "yscale23": 0.5496874930194423, "zscale23": 0.5496874930194423, "Cab24": 43.57283640511935, "Cw24": 0.02327025789556459, "xscale24": 0.5573427606256968, "yscale24": 0.5573427606256968, "zscale24": 0.5573427606256968, "Cab25": 70.9314584411026, "Cw25": 0.03989170774217465, "xscale25": 0.6831398497604604, "yscale25": 0.6831398497604604, "zscale25": 0.6831398497604604, "Cab26": 63.23313280265222, "Cw26": 0.049509494710135035, "xscale26": 0.5134837831363255, "yscale26": 0.5134837831363255, "zscale26": 0.5134837831363255, "Cab27": 39.840621051810814, "Cw27": 0.03850716474027924, "xscale27": 0.363158685762808, "yscale27": 0.363158685762808, "zscale27": 0.363158685762808, "Cab28": 65.76591484284668, "Cw28": 0.013271512223510565, "xscale28": 0.39902165569716036, "yscale28": 0.39902165569716036, "zscale28": 0.39902165569716036, "Cab29": 67.55244080096884, "Cw29": 0.03507886861350744, "xscale29": 0.5147569484123526, "yscale29": 0.5147569484123526, "zscale29": 0.5147569484123526, "Cab30": 52.42405625235417, "Cw30": 0.03560537083920471, "xscale30": 0.442782507287307, "yscale30": 0.442782507287307, "zscale30": 0.442782507287307, "Cab31": 54.66145295189973, "Cw31": 0.01860047670518093, "xscale31": 0.5817297434749579, "yscale31": 0.5817297434749579, "zscale31": 0.5817297434749579, "Cab32": 26.238263020434324, "Cw32": 0.012148047884467305, "xscale32": 0.4149021844333101, "yscale32": 0.4149021844333101, "zscale32": 0.4149021844333101, "Cab33": 52.70288197541259, "Cw33": 0.04419002160159952, "xscale33": 0.4053581099285644, "yscale33": 0.4053581099285644, "zscale33": 0.4053581099285644, "Cab34": 77.06442708043056, "Cw34": 0.03153202891015093, "xscale34": 0.4419592952526222, "yscale34": 0.4419592952526222, "zscale34": 0.4419592952526222, "Cab35": 52.36305355502649, "Cw35": 0.03345768798863549, "xscale35": 0.4932522874955108, "yscale35": 0.4932522874955108, "zscale35": 0.4932522874955108, "Cab36": 74.42369524180273, "Cw36": 0.033389336472158394, "xscale36": 0.6091914351602505, "yscale36": 0.6091914351602505, "zscale36": 0.6091914351602505, "Cab37": 81.83847831433093, "Cw37": 0.032866690234257846, "xscale37": 0.5077129856927308, "yscale37": 0.5077129856927308, "zscale37": 0.5077129856927308, "Cab38": 63.7711442054991, "Cw38": 0.01923743691949033, "xscale38": 0.5645521652682546, "yscale38": 0.5645521652682546, "zscale38": 0.5645521652682546, "Cab39": 25.35883376528096, "Cw39": 0.027404401040675493, "xscale39": 0.5766288327774408, "yscale39": 0.5766288327774408, "zscale39": 0.5766288327774408, "Cab40": 80.63488898358304, "Cw40": 0.022811577803889933, "xscale40": 0.6106940405715743, "yscale40": 0.6106940405715743, "zscale40": 0.6106940405715743, "Cab41": 26.513450057586773, "Cw41": 0.02872278284957374, "xscale41": 0.5641944767376652, "yscale41": 0.5641944767376652, "zscale41": 0.5641944767376652, "Cab42": 28.167812427598612, "Cw42": 0.04308923731174126, "xscale42": 0.5263719626077186, "yscale42": 0.5263719626077186, "zscale42": 0.5263719626077186, "Cab43": 44.9593881118979, "Cw43": 0.022784868632585345, "xscale43": 0.6847783128789738, "yscale43": 0.6847783128789738, "zscale43": 0.6847783128789738, "Cab44": 31.319871706025104, "Cw44": 0.01983217270216866, "xscale44": 0.4156354865280113, "yscale44": 0.4156354865280113, "zscale44": 0.4156354865280113, "Cab45": 25.602645796883266, "Cw45": 0.028986032515998045, "xscale45": 0.29754208433739926, "yscale45": 0.29754208433739926, "zscale45": 0.29754208433739926, "Cab46": 32.3161429060945, "Cw46": 0.01880675259690864, "xscale46": 0.4482237564208437, "yscale46": 0.4482237564208437, "zscale46": 0.4482237564208437, "Cab47": 34.86759044057497, "Cw47": 0.048657791910077866, "xscale47": 0.6244835835487896, "yscale47": 0.6244835835487896, "zscale47": 0.6244835835487896, "Cab48": 26.5620814906678, "Cw48": 0.04098282805899203, "xscale48": 0.676413444371229, "yscale48": 0.676413444371229, "zscale48": 0.676413444371229, "Cab49": 35.33731888112188, "Cw49": 0.03946306837844007, "xscale49": 0.580859401976554, "yscale49": 0.580859401976554, "zscale49": 0.580859401976554, "Cab50": 74.798114301267, "Cw50": 0.01665848324651563, "xscale50": 0.5449104045454206, "yscale50": 0.5449104045454206, "zscale50": 0.5449104045454206, "Cab51": 86.80287542773009, "Cw51": 0.02821716601187206, "xscale51": 0.7843211593278864, "yscale51": 0.7843211593278864, "zscale51": 0.7843211593278864, "Cab52": 36.81160405553127, "Cw52": 0.02105101366359474,