{"Cab0": 75.98400559345149, "Cw0": 0.04338918129592826, "xscale0": 0.7026710889389356, "yscale0": 0.7026710889389356, "zscale0": 0.7026710889389356, "Cab1": 78.84280797553589, "Cw1": 0.02867428961619512, "xscale1": 0.5728725259482422, "yscale1": 0.5728725259482422, "zscale1": 0.5728725259482422, "Cab2": 75.26394983165626, "Cw2": 0.04009007425437669, "xscale2": 0.5909203028219877, "yscale2": 0.5909203028219877, "zscale2": 0.5909203028219877, "Cab3": 69.2088823055708, "Cw3": 0.023303543181075033, "xscale3": 0.5768191176526324, "yscale3": 0.5768191176526324, "zscale3": 0.5768191176526324, "Cab4": 23.295797733810343, "Cw4": 0.016289667773467444, "xscale4": 0.689389323661041, "yscale4": 0.689389323661041, "zscale4": 0.689389323661041, "Cab5": 77.36064919551575, "Cw5": 0.03531073056480353, "xscale5": 0.646538965439666, "yscale5": 0.646538965439666, "zscale5": 0.646538965439666, "Cab6": 87.7100677525485, "Cw6": 0.03409227698619814, "xscale6": 0.6215883848630258, "yscale6": 0.6215883848630258, "zscale6": 0.6215883848630258, "Cab7": 37.29185473451961, "Cw7": 0.010301379146791278, "xscale7": 0.5061089175495287, "yscale7": 0.5061089175495287, "zscale7": 0.5061089175495287, "Cab8": 21.26419791531694, "Cw8": 0.03863884675212048, "xscale8": 0.5032668690131339, "yscale8": 0.5032668690131339, "zscale8": 0.5032668690131339, "Cab9": 72.94137560378502, "Cw9": 0.021131146223605582, "xscale9": 0.6397380253674434, "yscale9": 0.6397380253674434, "zscale9": 0.6397380253674434, "Cab10": 42.70047741471966, "Cw10": 0.03624028326408802, "xscale10": 0.5533822554884894, "yscale10": 0.5533822554884894, "zscale10": 0.5533822554884894, "Cab11": 49.96781647849913, "Cw11": 0.03736369877257361, "xscale11": 0.6800518960746736, "yscale11": 0.6800518960746736, "zscale11": 0.6800518960746736, "Cab12": 86.04593695080301, "Cw12": 0.019317510886245996, "xscale12": 0.6143089256497006, "yscale12": 0.6143089256497006, "zscale12": 0.6143089256497006, "Cab13": 66.17473406566819, "Cw13": 0.02069077297653362, "xscale13": 0.731371071076195, "yscale13": 0.731371071076195, "zscale13": 0.731371071076195, "Cab14": 63.24038653040352, "Cw14": 0.03446649322446242, "xscale14": 0.5413211610061662, "yscale14": 0.5413211610061662, "zscale14": 0.5413211610061662, "Cab15": 51.45478321025237, "Cw15": 0.017534770182502872, "xscale15": 0.6840946427719021, "yscale15": 0.6840946427719021, "zscale15": 0.6840946427719021, "Cab16": 72.91096676416579, "Cw16": 0.01088789580197576, "xscale16": 0.493718393126417, "yscale16": 0.493718393126417, "zscale16": 0.493718393126417, "Cab17": 66.92175610525959, "Cw17": 0.020829826246864056, "xscale17": 0.48832972947672487, "yscale17": 0.48832972947672487, "zscale17": 0.48832972947672487, "Cab18": 55.33172449269693, "Cw18": 0.04841121849700735, "xscale18": 0.7305856504462654, "yscale18": 0.7305856504462654, "zscale18": 0.7305856504462654, "Cab19": 41.84986410223387, "Cw19": 0.04162704364788934, "xscale19": 0.4833622141647679, "yscale19": 0.4833622141647679, "zscale19": 0.4833622141647679, "Cab20": 40.22868758204777, "Cw20": 0.03399116511431716, "xscale20": 0.6077967089149104, "yscale20": 0.6077967089149104, "zscale20": 0.6077967089149104, "Cab21": 64.20039564449789, "Cw21": 0.019829206685251233, "xscale21": 0.5511056724053643, "yscale21": 0.5511056724053643, "zscale21": 0.5511056724053643, "Cab22": 30.698800615634134, "Cw22": 0.031405713862112244, "xscale22": 0.40799813127421786, "yscale22": 0.40799813127421786, "zscale22": 0.40799813127421786, "Cab23": 56.2707506611959, "Cw23": 0.04980816022167241, "xscale23": 0.5637992024390753, "yscale23": 0.5637992024390753, "zscale23": 0.5637992024390753, "Cab24": 81.44464799611916, "Cw24": 0.029515800418371443, "xscale24": 0.640960706852429, "yscale24": 0.640960706852429, "zscale24": 0.640960706852429, "Cab25": 58.62394311220684, "Cw25": 0.041876400428591906, "xscale25": 0.6155459402021708, "yscale25": 0.6155459402021708, "zscale25": 0.6155459402021708, "Cab26": 81.21196845314522, "Cw26": 0.0375320797661068, "xscale26": 0.5424284028138969, "yscale26": 0.5424284028138969, "zscale26": 0.5424284028138969, "Cab27": 45.30268096227271, "Cw27": 0.02520292442487397, "xscale27": 0.45981996260659463, "yscale27": 0.45981996260659463, "zscale27": 0.45981996260659463, "Cab28": 53.29969346727803, "Cw28": 0.02943875811810523, "xscale28": 0.45154169644969305, "yscale28": 0.45154169644969305, "zscale28": 0.45154169644969305, "Cab29": 75.17273335340064, "Cw29": 0.014891965973816687, "xscale29": 0.5912470122662813, "yscale29": 0.5912470122662813, "zscale29": 0.5912470122662813, "Cab30": 69.18802735927689, "Cw30": 0.011446687885044118, "xscale30": 0.42063158694511044, "yscale30": 0.42063158694511044, "zscale30": 0.42063158694511044, "Cab31": 40.16126502760692, "Cw31": 0.048278972298198795, "xscale31": 0.5460123786522835, "yscale31": 0.5460123786522835, "zscale31": 0.5460123786522835, "Cab32": 56.38070866721448, "Cw32": 0.031730220033258615, "xscale32": 0.5543331771591572, "yscale32": 0.5543331771591572, "zscale32": 0.5543331771591572, "Cab33": 47.02773608974533, "Cw33": 0.03383242282484776, "xscale33": 0.5526853523513116, "yscale33": 0.5526853523513116, "zscale33": 0.5526853523513116, "Cab34": 58.36371317358002, "Cw34": 0.04470120829004412, "xscale34": 0.4725131400008494, "yscale34": 0.4725131400008494, "zscale34": 0.4725131400008494, "Cab35": 74.56293584623953, "Cw35": 0.03709821747025046, "xscale35": 0.46000275545801733, "yscale35": 0.46000275545801733, "zscale35": 0.46000275545801733, "Cab36": 22.289894392732922, "Cw36": 0.010105963809718026, "xscale36": 0.6816398661495556, "yscale36": 0.6816398661495556, "zscale36": 0.6816398661495556, "Cab37": 67.11240151344303, "Cw37": 0.010381417972043972, "xscale37": 0.41338405766771946, "yscale37": 0.41338405766771946, "zscale37": 0.41338405766771946, "Cab38": 38.07142364895669, "Cw38": 0.02870689290068896, "xscale38": 0.41404243436836946, "yscale38": 0.41404243436836946, "zscale38": 0.41404243436836946, "Cab39": 61.10021056594651, "Cw39": 0.03968319040441338, "xscale39": 0.5026997138852877, "yscale39": 0.5026997138852877, "zscale39": 0.5026997138852877, "Cab40": 47.15639496838795, "Cw40": 0.021714910653625106, "xscale40": 0.48411816189419954, "yscale40": 0.48411816189419954, "zscale40": 0.48411816189419954, "Cab41": 24.79527060269063, "Cw41": 0.0482107729417368, "xscale41": 0.5300747089377986, "yscale41": 0.5300747089377986, "zscale41": 0.5300747089377986, "Cab42": 29.844283876452508, "Cw42": 0.014388704955693644, "xscale42": 0.5937995340566954, "yscale42": 0.5937995340566954, "zscale42": 0.5937995340566954, "Cab43": 70.23141633069841, "Cw43": 0.04725119939744907, "xscale43": 0.5610725440726494, "yscale43": 0.5610725440726494, "zscale43": 0.5610725440726494, "Cab44": 71.31126936601666, "Cw44": 0.04158334459949253, "xscale44": 0.4168808772869631, "yscale44": 0.4168808772869631, "zscale44": 0.4168808772869631, "Cab45": 53.12956468350146, "Cw45": 0.02449577169792313, "xscale45": 0.3181309053564375, "yscale45": 0.3181309053564375, "zscale45": 0.3181309053564375, "Cab46": 31.268303001502048, "Cw46": 0.042447113053636125, "xscale46": 0.40967057619084096, "yscale46": 0.40967057619084096, "zscale46": 0.40967057619084096, "Cab47": 22.816879820940805, "Cw47": 0.04362923486391182, "xscale47": 0.446835874043477, "yscale47": 0.446835874043477, "zscale47": 0.446835874043477, "Cab48": 50.867760733956395, "Cw48": 0.013427068009332483, "xscale48": 0.6258273327125754, "yscale48": 0.6258273327125754, "zscale48": 0.6258273327125754, "Cab49": 66.48656268056143, "Cw49": 0.020618991755013902, "xscale49": 0.560391989093782, "yscale49": 0.560391989093782, "zscale49": 0.560391989093782, "Cab50": 26.641475287238627, "Cw50": 0.04835280323387286, "xscale50": 0.702711314891443, "yscale50": 0.702711314891443, "zscale50": 0.702711314891443, "Cab51": 28.172109455973594, "Cw51": 0.0216072331422157, "xscale51": 0.7199192886091833, "yscale51": 0.7199192886091833, "zscale51": 0.7199192886091833, "Cab52": 62.423145109071896, "Cw52": 0.03818579316923865,