{"Cab0": 69.33231049068652, "Cw0": 0.042602992472952544, "xscale0": 0.6071725502237205, "yscale0": 0.6071725502237205, "zscale0": 0.6071725502237205, "Cab1": 82.30895536633523, "Cw1": 0.03267910552562294, "xscale1": 0.5641848278891807, "yscale1": 0.5641848278891807, "zscale1": 0.5641848278891807, "Cab2": 21.77389557262404, "Cw2": 0.017117064416150476, "xscale2": 0.7567527059809449, "yscale2": 0.7567527059809449, "zscale2": 0.7567527059809449, "Cab3": 30.728046765254508, "Cw3": 0.017320748668120903, "xscale3": 0.4922133107303202, "yscale3": 0.4922133107303202, "zscale3": 0.4922133107303202, "Cab4": 52.48649292321302, "Cw4": 0.022856858748980823, "xscale4": 0.5991798524152437, "yscale4": 0.5991798524152437, "zscale4": 0.5991798524152437, "Cab5": 35.27746607518233, "Cw5": 0.022228593398513498, "xscale5": 0.746862101792691, "yscale5": 0.746862101792691, "zscale5": 0.746862101792691, "Cab6": 73.42402297141503, "Cw6": 0.011588185622423466, "xscale6": 0.5838215087996441, "yscale6": 0.5838215087996441, "zscale6": 0.5838215087996441, "Cab7": 44.743302740753734, "Cw7": 0.0314447599680683, "xscale7": 0.45158770900989353, "yscale7": 0.45158770900989353, "zscale7": 0.45158770900989353, "Cab8": 80.50503024310146, "Cw8": 0.03894849823534672, "xscale8": 0.48356773220431576, "yscale8": 0.48356773220431576, "zscale8": 0.48356773220431576, "Cab9": 81.50288424421959, "Cw9": 0.029189966228781387, "xscale9": 0.6503435352581917, "yscale9": 0.6503435352581917, "zscale9": 0.6503435352581917, "Cab10": 37.07201788140074, "Cw10": 0.03881912602254477, "xscale10": 0.5928483421920054, "yscale10": 0.5928483421920054, "zscale10": 0.5928483421920054, "Cab11": 26.662238126284503, "Cw11": 0.033898756266008204, "xscale11": 0.6329030329241235, "yscale11": 0.6329030329241235, "zscale11": 0.6329030329241235, "Cab12": 69.28405843253478, "Cw12": 0.018052305356919623, "xscale12": 0.5877325133754177, "yscale12": 0.5877325133754177, "zscale12": 0.5877325133754177, "Cab13": 70.05941599019583, "Cw13": 0.01907862084292985, "xscale13": 0.6751115187691171, "yscale13": 0.6751115187691171, "zscale13": 0.6751115187691171, "Cab14": 27.39814868527033, "Cw14": 0.023660304194257374, "xscale14": 0.5538237617136538, "yscale14": 0.5538237617136538, "zscale14": 0.5538237617136538, "Cab15": 54.849279087456296, "Cw15": 0.030784249175414613, "xscale15": 0.5071619958181485, "yscale15": 0.5071619958181485, "zscale15": 0.5071619958181485, "Cab16": 78.7624329037964, "Cw16": 0.02428426639347355, "xscale16": 0.6223085703344005, "yscale16": 0.6223085703344005, "zscale16": 0.6223085703344005, "Cab17": 29.1013603920249, "Cw17": 0.04271771469812409, "xscale17": 0.6208230962636582, "yscale17": 0.6208230962636582, "zscale17": 0.6208230962636582, "Cab18": 48.38943623927847, "Cw18": 0.04822445863395773, "xscale18": 0.594108235050831, "yscale18": 0.594108235050831, "zscale18": 0.594108235050831, "Cab19": 85.28981393848339, "Cw19": 0.04685263053739313, "xscale19": 0.6544278675682148, "yscale19": 0.6544278675682148, "zscale19": 0.6544278675682148, "Cab20": 81.00237006702962, "Cw20": 0.013446106142271756, "xscale20": 0.7498346775457727, "yscale20": 0.7498346775457727, "zscale20": 0.7498346775457727, "Cab21": 74.24694187638319, "Cw21": 0.033334403655482944, "xscale21": 0.532449737640356, "yscale21": 0.532449737640356, "zscale21": 0.532449737640356, "Cab22": 25.68463971213326, "Cw22": 0.015388722939531837, "xscale22": 0.603392619129339, "yscale22": 0.603392619129339, "zscale22": 0.603392619129339, "Cab23": 33.63003062044797, "Cw23": 0.04570727123805175, "xscale23": 0.7154859992009958, "yscale23": 0.7154859992009958, "zscale23": 0.7154859992009958, "Cab24": 79.61835795170832, "Cw24": 0.017909387817147418, "xscale24": 0.524196068739715, "yscale24": 0.524196068739715, "zscale24": 0.524196068739715, "Cab25": 53.79091492843076, "Cw25": 0.017657759790312793, "xscale25": 0.5553813179842804, "yscale25": 0.5553813179842804, "zscale25": 0.5553813179842804, "Cab26": 85.50626898782636, "Cw26": 0.014601510633154775, "xscale26": 0.5065669264995846, "yscale26": 0.5065669264995846, "zscale26": 0.5065669264995846, "Cab27": 84.10850796739705, "Cw27": 0.04381987291775296, "xscale27": 0.49928716425761666, "yscale27": 0.49928716425761666, "zscale27": 0.49928716425761666, "Cab28": 35.48719970392888, "Cw28": 0.012870159770241947, "xscale28": 0.39637579850002147, "yscale28": 0.39637579850002147, "zscale28": 0.39637579850002147, "Cab29": 74.24572690878068, "Cw29": 0.04691985595458956, "xscale29": 0.6881826266597444, "yscale29": 0.6881826266597444, "zscale29": 0.6881826266597444, "Cab30": 79.83121618523816, "Cw30": 0.04863806023741974, "xscale30": 0.4533127440576777, "yscale30": 0.4533127440576777, "zscale30": 0.4533127440576777, "Cab31": 84.77382895745102, "Cw31": 0.01027124797196323, "xscale31": 0.5357089672792498, "yscale31": 0.5357089672792498, "zscale31": 0.5357089672792498, "Cab32": 35.511973408455056, "Cw32": 0.017423943446685613, "xscale32": 0.5504311992678292, "yscale32": 0.5504311992678292, "zscale32": 0.5504311992678292, "Cab33": 30.009320010801694, "Cw33": 0.03892408878546634, "xscale33": 0.519178250756223, "yscale33": 0.519178250756223, "zscale33": 0.519178250756223, "Cab34": 31.61114626583, "Cw34": 0.01483385588512716, "xscale34": 0.44442779929246234, "yscale34": 0.44442779929246234, "zscale34": 0.44442779929246234, "Cab35": 68.35871880509893, "Cw35": 0.015096947690466949, "xscale35": 0.34173229922239806, "yscale35": 0.34173229922239806, "zscale35": 0.34173229922239806, "Cab36": 32.215981226153225, "Cw36": 0.0229469600239256, "xscale36": 0.58316450899305, "yscale36": 0.58316450899305, "zscale36": 0.58316450899305, "Cab37": 74.28985697783241, "Cw37": 0.012473372134001858, "xscale37": 0.3845529862413211, "yscale37": 0.3845529862413211, "zscale37": 0.3845529862413211, "Cab38": 45.5692897725517, "Cw38": 0.04974561310530759, "xscale38": 0.4212007181447018, "yscale38": 0.4212007181447018, "zscale38": 0.4212007181447018, "Cab39": 75.40983714782732, "Cw39": 0.033451476747414756, "xscale39": 0.6153819892979415, "yscale39": 0.6153819892979415, "zscale39": 0.6153819892979415, "Cab40": 27.375489783981322, "Cw40": 0.01668214257441286, "xscale40": 0.5718000920669138, "yscale40": 0.5718000920669138, "zscale40": 0.5718000920669138, "Cab41": 58.89170045810474, "Cw41": 0.029201676337364778, "xscale41": 0.603874299847119, "yscale41": 0.603874299847119, "zscale41": 0.603874299847119, "Cab42": 22.94501939739743, "Cw42": 0.019666965162668828, "xscale42": 0.5238863555204137, "yscale42": 0.5238863555204137, "zscale42": 0.5238863555204137, "Cab43": 25.886109869946708, "Cw43": 0.023261726383083832, "xscale43": 0.6177513297049804, "yscale43": 0.6177513297049804, "zscale43": 0.6177513297049804, "Cab44": 43.00483185228585, "Cw44": 0.04291006047743974, "xscale44": 0.3715838050673994, "yscale44": 0.3715838050673994, "zscale44": 0.3715838050673994, "Cab45": 20.873326770476094, "Cw45": 0.04843377531583333, "xscale45": 0.3790616432324765, "yscale45": 0.3790616432324765, "zscale45": 0.3790616432324765, "Cab46": 42.75631438500269, "Cw46": 0.03916041915747233, "xscale46": 0.5564954333345628, "yscale46": 0.5564954333345628, "zscale46": 0.5564954333345628, "Cab47": 37.176250984448686, "Cw47": 0.016176458954640413, "xscale47": 0.49451639096050226, "yscale47": 0.49451639096050226, "zscale47": 0.49451639096050226, "Cab48": 28.67509068837983, "Cw48": 0.041393285109501854, "xscale48": 0.6103225801811265, "yscale48": 0.6103225801811265, "zscale48": 0.6103225801811265, "Cab49": 67.5162425173045, "Cw49": 0.010990725810073614, "xscale49": 0.5903110980229175, "yscale49": 0.5903110980229175, "zscale49": 0.5903110980229175, "Cab50": 55.751267981571566, "Cw50": 0.04938218566613509, "xscale50": 0.6924550055103007, "yscale50": 0.6924550055103007, "zscale50": 0.6924550055103007, "Cab51": 67.68992193899224, "Cw51": 0.03859027571389335, "xscale51": 0.7210193806842379, "yscale51": 0.7210193806842379, "zscale51": 0.7210193806842379, "Cab52": 30.942994538527884, "Cw52": 0.010298606464256546,