{"Cab0": 36.79116241440171, "Cw0": 0.012283252114037402, "xscale0": 0.7317134655184545, "yscale0": 0.7317134655184545, "zscale0": 0.7317134655184545, "Cab1": 26.211351015025564, "Cw1": 0.010939963053211228, "xscale1": 0.5861364167809131, "yscale1": 0.5861364167809131, "zscale1": 0.5861364167809131, "Cab2": 24.37781700228574, "Cw2": 0.028554713256369657, "xscale2": 0.6589382997980473, "yscale2": 0.6589382997980473, "zscale2": 0.6589382997980473, "Cab3": 68.61394947545176, "Cw3": 0.02781449257692116, "xscale3": 0.42941312640211765, "yscale3": 0.42941312640211765, "zscale3": 0.42941312640211765, "Cab4": 68.3136017197635, "Cw4": 0.016412027923753826, "xscale4": 0.5092141600675859, "yscale4": 0.5092141600675859, "zscale4": 0.5092141600675859, "Cab5": 32.12122909393545, "Cw5": 0.010472112794305106, "xscale5": 0.7415162452970214, "yscale5": 0.7415162452970214, "zscale5": 0.7415162452970214, "Cab6": 68.42129647717755, "Cw6": 0.016933538051585144, "xscale6": 0.49792584272393253, "yscale6": 0.49792584272393253, "zscale6": 0.49792584272393253, "Cab7": 69.62742377497659, "Cw7": 0.03710232285755567, "xscale7": 0.6272421674223118, "yscale7": 0.6272421674223118, "zscale7": 0.6272421674223118, "Cab8": 80.14261959702276, "Cw8": 0.03191246215579742, "xscale8": 0.4818530003531929, "yscale8": 0.4818530003531929, "zscale8": 0.4818530003531929, "Cab9": 73.79574859539817, "Cw9": 0.01887284356908077, "xscale9": 0.6494657947359224, "yscale9": 0.6494657947359224, "zscale9": 0.6494657947359224, "Cab10": 61.51512309123069, "Cw10": 0.016654206313015632, "xscale10": 0.5716633102050704, "yscale10": 0.5716633102050704, "zscale10": 0.5716633102050704, "Cab11": 61.61896259444222, "Cw11": 0.011709822846505463, "xscale11": 0.6525779795885253, "yscale11": 0.6525779795885253, "zscale11": 0.6525779795885253, "Cab12": 87.39272281328883, "Cw12": 0.03533969962008737, "xscale12": 0.6227923151915433, "yscale12": 0.6227923151915433, "zscale12": 0.6227923151915433, "Cab13": 68.88005294460139, "Cw13": 0.028327113066101542, "xscale13": 0.5417986495731169, "yscale13": 0.5417986495731169, "zscale13": 0.5417986495731169, "Cab14": 21.13550829599835, "Cw14": 0.04705503200772877, "xscale14": 0.5503648109274852, "yscale14": 0.5503648109274852, "zscale14": 0.5503648109274852, "Cab15": 42.204903543326935, "Cw15": 0.045563010233345747, "xscale15": 0.6096806042458286, "yscale15": 0.6096806042458286, "zscale15": 0.6096806042458286, "Cab16": 57.68346650785438, "Cw16": 0.028740433523321916, "xscale16": 0.6787543682923471, "yscale16": 0.6787543682923471, "zscale16": 0.6787543682923471, "Cab17": 20.9419262837206, "Cw17": 0.028722871654610953, "xscale17": 0.4542143500753785, "yscale17": 0.4542143500753785, "zscale17": 0.4542143500753785, "Cab18": 53.79997764572545, "Cw18": 0.02746506249164995, "xscale18": 0.6531262902626863, "yscale18": 0.6531262902626863, "zscale18": 0.6531262902626863, "Cab19": 72.81987331465336, "Cw19": 0.04126943785157012, "xscale19": 0.5435453644345615, "yscale19": 0.5435453644345615, "zscale19": 0.5435453644345615, "Cab20": 41.70617439103919, "Cw20": 0.04876791702078931, "xscale20": 0.5471174399166252, "yscale20": 0.5471174399166252, "zscale20": 0.5471174399166252, "Cab21": 77.96528451853513, "Cw21": 0.023878109288522614, "xscale21": 0.633258868425754, "yscale21": 0.633258868425754, "zscale21": 0.633258868425754, "Cab22": 52.705044734111155, "Cw22": 0.02636916272904198, "xscale22": 0.49084965634411026, "yscale22": 0.49084965634411026, "zscale22": 0.49084965634411026, "Cab23": 57.21047071324511, "Cw23": 0.039208737154584526, "xscale23": 0.725420929605312, "yscale23": 0.725420929605312, "zscale23": 0.725420929605312, "Cab24": 20.77121983717804, "Cw24": 0.016800900963810723, "xscale24": 0.5939397562912199, "yscale24": 0.5939397562912199, "zscale24": 0.5939397562912199, "Cab25": 41.68643802305573, "Cw25": 0.047595791309696635, "xscale25": 0.6540150361574022, "yscale25": 0.6540150361574022, "zscale25": 0.6540150361574022, "Cab26": 77.77703330491539, "Cw26": 0.038322885384504186, "xscale26": 0.7010042079302603, "yscale26": 0.7010042079302603, "zscale26": 0.7010042079302603, "Cab27": 25.49170216642687, "Cw27": 0.038644379934516554, "xscale27": 0.5175684380294219, "yscale27": 0.5175684380294219, "zscale27": 0.5175684380294219, "Cab28": 80.74985271082124, "Cw28": 0.029979029970574056, "xscale28": 0.33306811306722084, "yscale28": 0.33306811306722084, "zscale28": 0.33306811306722084, "Cab29": 20.41782693459556, "Cw29": 0.017929828939330775, "xscale29": 0.5780936362481042, "yscale29": 0.5780936362481042, "zscale29": 0.5780936362481042, "Cab30": 73.75214173516414, "Cw30": 0.044969665608653224, "xscale30": 0.43687410314911246, "yscale30": 0.43687410314911246, "zscale30": 0.43687410314911246, "Cab31": 71.59355983647706, "Cw31": 0.017232328369017426, "xscale31": 0.7270205750563252, "yscale31": 0.7270205750563252, "zscale31": 0.7270205750563252, "Cab32": 50.990531230704065, "Cw32": 0.03783020487736779, "xscale32": 0.5659438159619081, "yscale32": 0.5659438159619081, "zscale32": 0.5659438159619081, "Cab33": 79.90530660229504, "Cw33": 0.03823713221202661, "xscale33": 0.47761083386084174, "yscale33": 0.47761083386084174, "zscale33": 0.47761083386084174, "Cab34": 86.42608080373567, "Cw34": 0.03957694669488277, "xscale34": 0.4863921823566437, "yscale34": 0.4863921823566437, "zscale34": 0.4863921823566437, "Cab35": 60.94402969186473, "Cw35": 0.015847194752371313, "xscale35": 0.4534342790453058, "yscale35": 0.4534342790453058, "zscale35": 0.4534342790453058, "Cab36": 22.487177490195947, "Cw36": 0.04350294509742, "xscale36": 0.6440807760856198, "yscale36": 0.6440807760856198, "zscale36": 0.6440807760856198, "Cab37": 79.54168618411151, "Cw37": 0.03510898852392616, "xscale37": 0.5117622877004631, "yscale37": 0.5117622877004631, "zscale37": 0.5117622877004631, "Cab38": 30.930155517571315, "Cw38": 0.02577062668069481, "xscale38": 0.4579923997620671, "yscale38": 0.4579923997620671, "zscale38": 0.4579923997620671, "Cab39": 58.08449510847397, "Cw39": 0.023307412990837086, "xscale39": 0.6497884569633803, "yscale39": 0.6497884569633803, "zscale39": 0.6497884569633803, "Cab40": 26.981963325549202, "Cw40": 0.02555465277882407, "xscale40": 0.6082371725055493, "yscale40": 0.6082371725055493, "zscale40": 0.6082371725055493, "Cab41": 54.78074582657173, "Cw41": 0.021568909935553368, "xscale41": 0.572073869238025, "yscale41": 0.572073869238025, "zscale41": 0.572073869238025, "Cab42": 31.2930944090778, "Cw42": 0.030527046915511467, "xscale42": 0.5495045899894898, "yscale42": 0.5495045899894898, "zscale42": 0.5495045899894898, "Cab43": 53.03316705141128, "Cw43": 0.027413580143263443, "xscale43": 0.6356049570219324, "yscale43": 0.6356049570219324, "zscale43": 0.6356049570219324, "Cab44": 33.37527508200098, "Cw44": 0.011238791828039028, "xscale44": 0.5002138861384594, "yscale44": 0.5002138861384594, "zscale44": 0.5002138861384594, "Cab45": 40.47215111313361, "Cw45": 0.018805288166321363, "xscale45": 0.38053951652146173, "yscale45": 0.38053951652146173, "zscale45": 0.38053951652146173, "Cab46": 88.80124860777461, "Cw46": 0.015558833101678977, "xscale46": 0.4907058321895623, "yscale46": 0.4907058321895623, "zscale46": 0.4907058321895623, "Cab47": 27.069893201295372, "Cw47": 0.03707876640119466, "xscale47": 0.5645458506329311, "yscale47": 0.5645458506329311, "zscale47": 0.5645458506329311, "Cab48": 42.52511265443556, "Cw48": 0.02164098820661913, "xscale48": 0.7104870148870459, "yscale48": 0.7104870148870459, "zscale48": 0.7104870148870459, "Cab49": 46.04834604573011, "Cw49": 0.04763046551475523, "xscale49": 0.6052648112548822, "yscale49": 0.6052648112548822, "zscale49": 0.6052648112548822, "Cab50": 43.752749434221826, "Cw50": 0.031053272159430025, "xscale50": 0.7788014052195561, "yscale50": 0.7788014052195561, "zscale50": 0.7788014052195561, "Cab51": 84.34323401025654, "Cw51": 0.025853729328941387, "xscale51": 0.5673237565286245, "yscale51": 0.5673237565286245, "zscale51": 0.5673237565286245, "Cab52": 84.7727193997361,