{"Cab0": 21.161692015877048, "Cw0": 0.03605733328629128, "xscale0": 0.8751804761196849, "yscale0": 0.8751804761196849, "zscale0": 0.8751804761196849, "Cab1": 42.406107740817276, "Cw1": 0.0169926184738051, "xscale1": 0.6543973684051693, "yscale1": 0.6543973684051693, "zscale1": 0.6543973684051693, "Cab2": 20.830057718718606, "Cw2": 0.046060743049746104, "xscale2": 0.6341245678966481, "yscale2": 0.6341245678966481, "zscale2": 0.6341245678966481, "Cab3": 50.74754866531768, "Cw3": 0.02365791473743615, "xscale3": 0.5205730181775131, "yscale3": 0.5205730181775131, "zscale3": 0.5205730181775131, "Cab4": 65.53669396015104, "Cw4": 0.03604971663614521, "xscale4": 0.697517444143775, "yscale4": 0.697517444143775, "zscale4": 0.697517444143775, "Cab5": 53.61562700987246, "Cw5": 0.042051839839978435, "xscale5": 0.9093787385450325, "yscale5": 0.9093787385450325, "zscale5": 0.9093787385450325, "Cab6": 26.04095583284544, "Cw6": 0.022985471763341283, "xscale6": 0.5373177281500198, "yscale6": 0.5373177281500198, "zscale6": 0.5373177281500198, "Cab7": 21.13273739898633, "Cw7": 0.04528168366702909, "xscale7": 0.5408718325955146, "yscale7": 0.5408718325955146, "zscale7": 0.5408718325955146, "Cab8": 58.36660192193528, "Cw8": 0.04838985801550728, "xscale8": 0.5451426750373082, "yscale8": 0.5451426750373082, "zscale8": 0.5451426750373082, "Cab9": 25.642380184747573, "Cw9": 0.049471358026719696, "xscale9": 0.640559321122132, "yscale9": 0.640559321122132, "zscale9": 0.640559321122132, "Cab10": 80.9559812237386, "Cw10": 0.025770136941708002, "xscale10": 0.4817844527344447, "yscale10": 0.4817844527344447, "zscale10": 0.4817844527344447, "Cab11": 89.76890907083583, "Cw11": 0.036945913233689835, "xscale11": 0.6911622894250902, "yscale11": 0.6911622894250902, "zscale11": 0.6911622894250902, "Cab12": 36.53797704302812, "Cw12": 0.045110780216311507, "xscale12": 0.4899032823223888, "yscale12": 0.4899032823223888, "zscale12": 0.4899032823223888, "Cab13": 79.21981901312843, "Cw13": 0.010587467749104388, "xscale13": 0.745290097377029, "yscale13": 0.745290097377029, "zscale13": 0.745290097377029, "Cab14": 53.31774345468635, "Cw14": 0.011915909048929318, "xscale14": 0.5236162221537402, "yscale14": 0.5236162221537402, "zscale14": 0.5236162221537402, "Cab15": 36.88766461270494, "Cw15": 0.04706264128751364, "xscale15": 0.5276187231059049, "yscale15": 0.5276187231059049, "zscale15": 0.5276187231059049, "Cab16": 62.69860181774469, "Cw16": 0.01679232711937071, "xscale16": 0.5117214508079332, "yscale16": 0.5117214508079332, "zscale16": 0.5117214508079332, "Cab17": 66.49668134649879, "Cw17": 0.013156877731935045, "xscale17": 0.527344900946358, "yscale17": 0.527344900946358, "zscale17": 0.527344900946358, "Cab18": 72.17029483208208, "Cw18": 0.01620850767207361, "xscale18": 0.6713597337629575, "yscale18": 0.6713597337629575, "zscale18": 0.6713597337629575, "Cab19": 55.146436589641894, "Cw19": 0.023886315478030537, "xscale19": 0.5549354437365249, "yscale19": 0.5549354437365249, "zscale19": 0.5549354437365249, "Cab20": 27.805605159732217, "Cw20": 0.02805987519145796, "xscale20": 0.5725297749820788, "yscale20": 0.5725297749820788, "zscale20": 0.5725297749820788, "Cab21": 21.419266256517506, "Cw21": 0.024895127030897024, "xscale21": 0.6006439768598186, "yscale21": 0.6006439768598186, "zscale21": 0.6006439768598186, "Cab22": 71.03628898680137, "Cw22": 0.019075637581427975, "xscale22": 0.4341027910489659, "yscale22": 0.4341027910489659, "zscale22": 0.4341027910489659, "Cab23": 72.00376953779153, "Cw23": 0.02631457180520419, "xscale23": 0.6580226063487042, "yscale23": 0.6580226063487042, "zscale23": 0.6580226063487042, "Cab24": 42.52466648675187, "Cw24": 0.04397892623591156, "xscale24": 0.5432466070081331, "yscale24": 0.5432466070081331, "zscale24": 0.5432466070081331, "Cab25": 55.006215386844104, "Cw25": 0.02191431259029948, "xscale25": 0.669528560450856, "yscale25": 0.669528560450856, "zscale25": 0.669528560450856, "Cab26": 89.32442262432768, "Cw26": 0.03598624265716173, "xscale26": 0.5245885757547472, "yscale26": 0.5245885757547472, "zscale26": 0.5245885757547472, "Cab27": 40.667669781743626, "Cw27": 0.017508961604011893, "xscale27": 0.41296633591022114, "yscale27": 0.41296633591022114, "zscale27": 0.41296633591022114, "Cab28": 84.6434637733326, "Cw28": 0.012365956418876603, "xscale28": 0.4474863371052752, "yscale28": 0.4474863371052752, "zscale28": 0.4474863371052752, "Cab29": 23.654626449808166, "Cw29": 0.03122156399404343, "xscale29": 0.4891182046741497, "yscale29": 0.4891182046741497, "zscale29": 0.4891182046741497, "Cab30": 48.19381056825728, "Cw30": 0.011908965032594847, "xscale30": 0.3438752342566694, "yscale30": 0.3438752342566694, "zscale30": 0.3438752342566694, "Cab31": 63.869948201180165, "Cw31": 0.03790460275276817, "xscale31": 0.6192432676490678, "yscale31": 0.6192432676490678, "zscale31": 0.6192432676490678, "Cab32": 75.18678084921788, "Cw32": 0.014134760512717217, "xscale32": 0.47108828124197016, "yscale32": 0.47108828124197016, "zscale32": 0.47108828124197016, "Cab33": 28.71600496056724, "Cw33": 0.03993566099958117, "xscale33": 0.4225064206109838, "yscale33": 0.4225064206109838, "zscale33": 0.4225064206109838, "Cab34": 45.8695447677558, "Cw34": 0.01833263889039035, "xscale34": 0.609238647892639, "yscale34": 0.609238647892639, "zscale34": 0.609238647892639, "Cab35": 45.28844264137382, "Cw35": 0.038857488530923016, "xscale35": 0.37507013213358936, "yscale35": 0.37507013213358936, "zscale35": 0.37507013213358936, "Cab36": 23.59654611312981, "Cw36": 0.04638111839821071, "xscale36": 0.5649723968342416, "yscale36": 0.5649723968342416, "zscale36": 0.5649723968342416, "Cab37": 29.428454130313625, "Cw37": 0.016540962718735872, "xscale37": 0.5344100446081876, "yscale37": 0.5344100446081876, "zscale37": 0.5344100446081876, "Cab38": 84.70714957082203, "Cw38": 0.025839232670621597, "xscale38": 0.5650409306688173, "yscale38": 0.5650409306688173, "zscale38": 0.5650409306688173, "Cab39": 63.40724324225766, "Cw39": 0.03629808141076088, "xscale39": 0.5802413990326999, "yscale39": 0.5802413990326999, "zscale39": 0.5802413990326999, "Cab40": 31.480094334500745, "Cw40": 0.035045694218259336, "xscale40": 0.46950388596207315, "yscale40": 0.46950388596207315, "zscale40": 0.46950388596207315, "Cab41": 76.07681231114753, "Cw41": 0.014604613306901056, "xscale41": 0.5015310868032852, "yscale41": 0.5015310868032852, "zscale41": 0.5015310868032852, "Cab42": 71.07634097039534, "Cw42": 0.045454729212009284, "xscale42": 0.5926402915005772, "yscale42": 0.5926402915005772, "zscale42": 0.5926402915005772, "Cab43": 57.51650628102559, "Cw43": 0.02088533221849455, "xscale43": 0.7090693186332323, "yscale43": 0.7090693186332323, "zscale43": 0.7090693186332323, "Cab44": 53.260120418569635, "Cw44": 0.04219359514890445, "xscale44": 0.4377777128335712, "yscale44": 0.4377777128335712, "zscale44": 0.4377777128335712, "Cab45": 77.43123513347372, "Cw45": 0.019440735859123655, "xscale45": 0.2747050727515137, "yscale45": 0.2747050727515137, "zscale45": 0.2747050727515137, "Cab46": 38.97115722927165, "Cw46": 0.020777248179024852, "xscale46": 0.44327543219890686, "yscale46": 0.44327543219890686, "zscale46": 0.44327543219890686, "Cab47": 66.18337856250625, "Cw47": 0.032352613884641744, "xscale47": 0.48297727905583376, "yscale47": 0.48297727905583376, "zscale47": 0.48297727905583376, "Cab48": 71.48029003622199, "Cw48": 0.03406622966888439, "xscale48": 0.6287966463095052, "yscale48": 0.6287966463095052, "zscale48": 0.6287966463095052, "Cab49": 22.141819199431765, "Cw49": 0.037369577919031415, "xscale49": 0.540716587174091, "yscale49": 0.540716587174091, "zscale49": 0.540716587174091, "Cab50": 50.64019298351299, "Cw50": 0.025739490218720865, "xscale50": 0.651298119621106, "yscale50": 0.651298119621106, "zscale50": 0.651298119621106, "Cab51": 81.84485856004534, "Cw51": 0.042366278622608014, "xscale51": 0.7544710034594253, "yscale51": 0.7544710034594253, "zscale51": 0.7544710034594253, "Cab52": 42.74146301506937, "Cw52": 0.03147224936826664,