{"Cab0": 71.0030899232309, "Cw0": 0.013518579575694526, "xscale0": 0.8278086168183111, "yscale0": 0.8278086168183111, "zscale0": 0.8278086168183111, "Cab1": 84.56779448444306, "Cw1": 0.0498478926492057, "xscale1": 0.5733780528634002, "yscale1": 0.5733780528634002, "zscale1": 0.5733780528634002, "Cab2": 64.9383452698939, "Cw2": 0.03439387251458789, "xscale2": 0.5534321443224656, "yscale2": 0.5534321443224656, "zscale2": 0.5534321443224656, "Cab3": 49.00691476407248, "Cw3": 0.028827950571715312, "xscale3": 0.4790357085824074, "yscale3": 0.4790357085824074, "zscale3": 0.4790357085824074, "Cab4": 50.07963289482851, "Cw4": 0.01370615439691321, "xscale4": 0.5088173544993203, "yscale4": 0.5088173544993203, "zscale4": 0.5088173544993203, "Cab5": 64.54271672228927, "Cw5": 0.049067635683480486, "xscale5": 0.8795591243332903, "yscale5": 0.8795591243332903, "zscale5": 0.8795591243332903, "Cab6": 26.057154418946347, "Cw6": 0.03176607565537292, "xscale6": 0.5707540382162009, "yscale6": 0.5707540382162009, "zscale6": 0.5707540382162009, "Cab7": 85.6674765475466, "Cw7": 0.030258542589693585, "xscale7": 0.6222498660304207, "yscale7": 0.6222498660304207, "zscale7": 0.6222498660304207, "Cab8": 29.589298570839134, "Cw8": 0.015095690123819755, "xscale8": 0.4629470395207389, "yscale8": 0.4629470395207389, "zscale8": 0.4629470395207389, "Cab9": 78.00059641104819, "Cw9": 0.04574305929760932, "xscale9": 0.7951258648190106, "yscale9": 0.7951258648190106, "zscale9": 0.7951258648190106, "Cab10": 52.87966012095203, "Cw10": 0.04811281685438375, "xscale10": 0.4555807609525924, "yscale10": 0.4555807609525924, "zscale10": 0.4555807609525924, "Cab11": 62.72153606387774, "Cw11": 0.015070966216833112, "xscale11": 0.7466245663767194, "yscale11": 0.7466245663767194, "zscale11": 0.7466245663767194, "Cab12": 56.527313310881254, "Cw12": 0.011105442193521045, "xscale12": 0.5886312718070656, "yscale12": 0.5886312718070656, "zscale12": 0.5886312718070656, "Cab13": 34.2712088102497, "Cw13": 0.021832653873572125, "xscale13": 0.6141177616274865, "yscale13": 0.6141177616274865, "zscale13": 0.6141177616274865, "Cab14": 69.52061985130607, "Cw14": 0.013908883886509816, "xscale14": 0.4589337620140011, "yscale14": 0.4589337620140011, "zscale14": 0.4589337620140011, "Cab15": 45.54221390752909, "Cw15": 0.017902131685677163, "xscale15": 0.6884667721844991, "yscale15": 0.6884667721844991, "zscale15": 0.6884667721844991, "Cab16": 88.02829143183844, "Cw16": 0.01056822805419726, "xscale16": 0.6897719833269753, "yscale16": 0.6897719833269753, "zscale16": 0.6897719833269753, "Cab17": 52.7466894535851, "Cw17": 0.035767221987542376, "xscale17": 0.6323328719697882, "yscale17": 0.6323328719697882, "zscale17": 0.6323328719697882, "Cab18": 56.15110469978642, "Cw18": 0.020814151334289856, "xscale18": 0.5959200281398976, "yscale18": 0.5959200281398976, "zscale18": 0.5959200281398976, "Cab19": 53.5576022339482, "Cw19": 0.015355311117708537, "xscale19": 0.4983491009242295, "yscale19": 0.4983491009242295, "zscale19": 0.4983491009242295, "Cab20": 84.80380337335019, "Cw20": 0.022601632331402027, "xscale20": 0.5923773770171059, "yscale20": 0.5923773770171059, "zscale20": 0.5923773770171059, "Cab21": 64.66793154281166, "Cw21": 0.010857164401324223, "xscale21": 0.4882939524340098, "yscale21": 0.4882939524340098, "zscale21": 0.4882939524340098, "Cab22": 55.20998442522746, "Cw22": 0.018825289338398537, "xscale22": 0.4405387717065547, "yscale22": 0.4405387717065547, "zscale22": 0.4405387717065547, "Cab23": 27.77774916744867, "Cw23": 0.0463855049325979, "xscale23": 0.5279616322296534, "yscale23": 0.5279616322296534, "zscale23": 0.5279616322296534, "Cab24": 27.000325281011925, "Cw24": 0.03085672122217488, "xscale24": 0.5569547797848601, "yscale24": 0.5569547797848601, "zscale24": 0.5569547797848601, "Cab25": 60.75472392257924, "Cw25": 0.04684068022811792, "xscale25": 0.5560495630330837, "yscale25": 0.5560495630330837, "zscale25": 0.5560495630330837, "Cab26": 58.07511663498876, "Cw26": 0.0434039365689079, "xscale26": 0.6031404449806187, "yscale26": 0.6031404449806187, "zscale26": 0.6031404449806187, "Cab27": 33.13374770318738, "Cw27": 0.02594099644797898, "xscale27": 0.39620266783343583, "yscale27": 0.39620266783343583, "zscale27": 0.39620266783343583, "Cab28": 60.12380782975981, "Cw28": 0.0322110538372314, "xscale28": 0.4411281515011047, "yscale28": 0.4411281515011047, "zscale28": 0.4411281515011047, "Cab29": 30.26933507471926, "Cw29": 0.036540606018723144, "xscale29": 0.6305144715192372, "yscale29": 0.6305144715192372, "zscale29": 0.6305144715192372, "Cab30": 33.73632978326567, "Cw30": 0.015647881525446578, "xscale30": 0.42323229635746246, "yscale30": 0.42323229635746246, "zscale30": 0.42323229635746246, "Cab31": 67.73389069925953, "Cw31": 0.03472443200074279, "xscale31": 0.5273814530107992, "yscale31": 0.5273814530107992, "zscale31": 0.5273814530107992, "Cab32": 75.77558979050569, "Cw32": 0.0374243738104595, "xscale32": 0.5736140298636591, "yscale32": 0.5736140298636591, "zscale32": 0.5736140298636591, "Cab33": 24.54691900811337, "Cw33": 0.03965630505560808, "xscale33": 0.5281464803836685, "yscale33": 0.5281464803836685, "zscale33": 0.5281464803836685, "Cab34": 85.12997871848212, "Cw34": 0.021840328233376075, "xscale34": 0.47590626144765835, "yscale34": 0.47590626144765835, "zscale34": 0.47590626144765835, "Cab35": 29.52322861999522, "Cw35": 0.027426805298946463, "xscale35": 0.4873858585777801, "yscale35": 0.4873858585777801, "zscale35": 0.4873858585777801, "Cab36": 40.93981832667165, "Cw36": 0.013413509099241296, "xscale36": 0.6193070858693199, "yscale36": 0.6193070858693199, "zscale36": 0.6193070858693199, "Cab37": 83.78788714168425, "Cw37": 0.011067551872683925, "xscale37": 0.44140263631879495, "yscale37": 0.44140263631879495, "zscale37": 0.44140263631879495, "Cab38": 74.48556612881802, "Cw38": 0.04384576228618542, "xscale38": 0.4612380441389798, "yscale38": 0.4612380441389798, "zscale38": 0.4612380441389798, "Cab39": 52.71397079348438, "Cw39": 0.03572061169215308, "xscale39": 0.5276951797139936, "yscale39": 0.5276951797139936, "zscale39": 0.5276951797139936, "Cab40": 65.97261320553002, "Cw40": 0.012222191957258377, "xscale40": 0.5316747600472822, "yscale40": 0.5316747600472822, "zscale40": 0.5316747600472822, "Cab41": 37.7971961124404, "Cw41": 0.023903911155928242, "xscale41": 0.49819551153614744, "yscale41": 0.49819551153614744, "zscale41": 0.49819551153614744, "Cab42": 66.14828208393828, "Cw42": 0.014253706729551178, "xscale42": 0.5012062011696677, "yscale42": 0.5012062011696677, "zscale42": 0.5012062011696677, "Cab43": 40.46071018492465, "Cw43": 0.029574868390842543, "xscale43": 0.5220525281530473, "yscale43": 0.5220525281530473, "zscale43": 0.5220525281530473, "Cab44": 20.101562631883485, "Cw44": 0.027668726355561092, "xscale44": 0.512480328179509, "yscale44": 0.512480328179509, "zscale44": 0.512480328179509, "Cab45": 85.529363475538, "Cw45": 0.02023693057160926, "xscale45": 0.35848310849733256, "yscale45": 0.35848310849733256, "zscale45": 0.35848310849733256, "Cab46": 71.1353729024014, "Cw46": 0.030269153964560043, "xscale46": 0.5194684131610025, "yscale46": 0.5194684131610025, "zscale46": 0.5194684131610025, "Cab47": 88.01507312770062, "Cw47": 0.027719081444763843, "xscale47": 0.6133280021955978, "yscale47": 0.6133280021955978, "zscale47": 0.6133280021955978, "Cab48": 89.37289813617909, "Cw48": 0.044152893177027225, "xscale48": 0.7394337047732584, "yscale48": 0.7394337047732584, "zscale48": 0.7394337047732584, "Cab49": 41.333144323162486, "Cw49": 0.04898236760874406, "xscale49": 0.5931084205244553, "yscale49": 0.5931084205244553, "zscale49": 0.5931084205244553, "Cab50": 46.24909585440059, "Cw50": 0.0326121594874299, "xscale50": 0.5931338384453937, "yscale50": 0.5931338384453937, "zscale50": 0.5931338384453937, "Cab51": 47.49188079495839, "Cw51": 0.03428270367368374, "xscale51": 0.8237475756048523, "yscale51": 0.8237475756048523, "zscale51": 0.8237475756048523, "Cab52": 56.25189236614011, "Cw52": 0.03644868961225261,