{"Cab0": 62.130580491138836, "Cw0": 0.020381247513060773, "xscale0": 0.6740166359644335, "yscale0": 0.6740166359644335, "zscale0": 0.6740166359644335, "Cab1": 58.993869249344684, "Cw1": 0.04236672509269442, "xscale1": 0.6492800477355413, "yscale1": 0.6492800477355413, "zscale1": 0.6492800477355413, "Cab2": 45.85034976609347, "Cw2": 0.03351570960750696, "xscale2": 0.6392415293602621, "yscale2": 0.6392415293602621, "zscale2": 0.6392415293602621, "Cab3": 23.692976795128214, "Cw3": 0.021353248597561526, "xscale3": 0.45449317479441176, "yscale3": 0.45449317479441176, "zscale3": 0.45449317479441176, "Cab4": 74.77488514034181, "Cw4": 0.043339452594004166, "xscale4": 0.630341761027065, "yscale4": 0.630341761027065, "zscale4": 0.630341761027065, "Cab5": 79.3687163671451, "Cw5": 0.04433900437848866, "xscale5": 0.6801102345556019, "yscale5": 0.6801102345556019, "zscale5": 0.6801102345556019, "Cab6": 50.12434366789711, "Cw6": 0.020567566237634366, "xscale6": 0.4444057870022425, "yscale6": 0.4444057870022425, "zscale6": 0.4444057870022425, "Cab7": 56.03981271318373, "Cw7": 0.043941476190597836, "xscale7": 0.646783349427228, "yscale7": 0.646783349427228, "zscale7": 0.646783349427228, "Cab8": 73.70526633289556, "Cw8": 0.036131621863524394, "xscale8": 0.6003459617781747, "yscale8": 0.6003459617781747, "zscale8": 0.6003459617781747, "Cab9": 31.946047445582238, "Cw9": 0.02156396304004638, "xscale9": 0.7871581702299272, "yscale9": 0.7871581702299272, "zscale9": 0.7871581702299272, "Cab10": 45.02716120975621, "Cw10": 0.017147667883492295, "xscale10": 0.5801781870829635, "yscale10": 0.5801781870829635, "zscale10": 0.5801781870829635, "Cab11": 66.89963591647219, "Cw11": 0.023073568645320515, "xscale11": 0.6042122321148056, "yscale11": 0.6042122321148056, "zscale11": 0.6042122321148056, "Cab12": 68.95331898682446, "Cw12": 0.04649213118846713, "xscale12": 0.6230606446083611, "yscale12": 0.6230606446083611, "zscale12": 0.6230606446083611, "Cab13": 62.60943468684657, "Cw13": 0.021875191050363355, "xscale13": 0.5076881037501431, "yscale13": 0.5076881037501431, "zscale13": 0.5076881037501431, "Cab14": 79.37387999983062, "Cw14": 0.044553134891873805, "xscale14": 0.5004863849685388, "yscale14": 0.5004863849685388, "zscale14": 0.5004863849685388, "Cab15": 83.80747810268073, "Cw15": 0.013621703328129536, "xscale15": 0.6235833876820676, "yscale15": 0.6235833876820676, "zscale15": 0.6235833876820676, "Cab16": 28.98803440506012, "Cw16": 0.02657627451575681, "xscale16": 0.5082768397412062, "yscale16": 0.5082768397412062, "zscale16": 0.5082768397412062, "Cab17": 27.6678171391891, "Cw17": 0.03799654486136241, "xscale17": 0.6614770761389668, "yscale17": 0.6614770761389668, "zscale17": 0.6614770761389668, "Cab18": 48.16858399663056, "Cw18": 0.018695734699763027, "xscale18": 0.6214482871086653, "yscale18": 0.6214482871086653, "zscale18": 0.6214482871086653, "Cab19": 68.8893918353937, "Cw19": 0.03743153078643292, "xscale19": 0.5697999216645832, "yscale19": 0.5697999216645832, "zscale19": 0.5697999216645832, "Cab20": 85.5335746870582, "Cw20": 0.022567994733912168, "xscale20": 0.6783093067302329, "yscale20": 0.6783093067302329, "zscale20": 0.6783093067302329, "Cab21": 87.23552571599082, "Cw21": 0.01050946342910183, "xscale21": 0.5262200742670866, "yscale21": 0.5262200742670866, "zscale21": 0.5262200742670866, "Cab22": 86.71219305970394, "Cw22": 0.03607015618509174, "xscale22": 0.4265127218753831, "yscale22": 0.4265127218753831, "zscale22": 0.4265127218753831, "Cab23": 34.09115909829532, "Cw23": 0.04467872774753712, "xscale23": 0.5972571413232944, "yscale23": 0.5972571413232944, "zscale23": 0.5972571413232944, "Cab24": 34.35184240830185, "Cw24": 0.0484951165423125, "xscale24": 0.5389422007545485, "yscale24": 0.5389422007545485, "zscale24": 0.5389422007545485, "Cab25": 66.06388709710812, "Cw25": 0.0292013189145831, "xscale25": 0.6181969024972772, "yscale25": 0.6181969024972772, "zscale25": 0.6181969024972772, "Cab26": 85.61708494956866, "Cw26": 0.020139596265759445, "xscale26": 0.5764337615307891, "yscale26": 0.5764337615307891, "zscale26": 0.5764337615307891, "Cab27": 39.92472076152531, "Cw27": 0.020253805278141773, "xscale27": 0.47165792426791786, "yscale27": 0.47165792426791786, "zscale27": 0.47165792426791786, "Cab28": 27.348711097714606, "Cw28": 0.04422488805640734, "xscale28": 0.34346307139602733, "yscale28": 0.34346307139602733, "zscale28": 0.34346307139602733, "Cab29": 63.77555083454932, "Cw29": 0.026845912951601318, "xscale29": 0.6689093487026132, "yscale29": 0.6689093487026132, "zscale29": 0.6689093487026132, "Cab30": 77.58619275871386, "Cw30": 0.022981656003789673, "xscale30": 0.38964764558775633, "yscale30": 0.38964764558775633, "zscale30": 0.38964764558775633, "Cab31": 79.94816819421875, "Cw31": 0.01361579255152412, "xscale31": 0.5795025217461591, "yscale31": 0.5795025217461591, "zscale31": 0.5795025217461591, "Cab32": 87.35986975606374, "Cw32": 0.023054618854799952, "xscale32": 0.40110888592817606, "yscale32": 0.40110888592817606, "zscale32": 0.40110888592817606, "Cab33": 24.7854291959926, "Cw33": 0.04080336847092122, "xscale33": 0.5604071012043212, "yscale33": 0.5604071012043212, "zscale33": 0.5604071012043212, "Cab34": 53.8594655377507, "Cw34": 0.03337356596505143, "xscale34": 0.4655519895442097, "yscale34": 0.4655519895442097, "zscale34": 0.4655519895442097, "Cab35": 69.6846831130056, "Cw35": 0.03088429959634089, "xscale35": 0.43614340553676617, "yscale35": 0.43614340553676617, "zscale35": 0.43614340553676617, "Cab36": 55.972212717999874, "Cw36": 0.04271437503694387, "xscale36": 0.6214155117291231, "yscale36": 0.6214155117291231, "zscale36": 0.6214155117291231, "Cab37": 24.432448528537986, "Cw37": 0.02679862101585386, "xscale37": 0.43861376965076015, "yscale37": 0.43861376965076015, "zscale37": 0.43861376965076015, "Cab38": 49.44251714730974, "Cw38": 0.04393717925019445, "xscale38": 0.5677347275887218, "yscale38": 0.5677347275887218, "zscale38": 0.5677347275887218, "Cab39": 54.96911176275255, "Cw39": 0.028829497644764467, "xscale39": 0.6259502480405752, "yscale39": 0.6259502480405752, "zscale39": 0.6259502480405752, "Cab40": 22.345962857226525, "Cw40": 0.04447301332008878, "xscale40": 0.5860672330239882, "yscale40": 0.5860672330239882, "zscale40": 0.5860672330239882, "Cab41": 25.34241895882787, "Cw41": 0.0367229611965492, "xscale41": 0.446131268681728, "yscale41": 0.446131268681728, "zscale41": 0.446131268681728, "Cab42": 64.19208018890578, "Cw42": 0.02602200076954224, "xscale42": 0.5654612863221059, "yscale42": 0.5654612863221059, "zscale42": 0.5654612863221059, "Cab43": 88.18388955130843, "Cw43": 0.0219558999149748, "xscale43": 0.6619590560716991, "yscale43": 0.6619590560716991, "zscale43": 0.6619590560716991, "Cab44": 83.83186478123382, "Cw44": 0.0273462316997646, "xscale44": 0.3586251307349974, "yscale44": 0.3586251307349974, "zscale44": 0.3586251307349974, "Cab45": 59.7280483952061, "Cw45": 0.013482731587513648, "xscale45": 0.3630164314181001, "yscale45": 0.3630164314181001, "zscale45": 0.3630164314181001, "Cab46": 73.9213985190228, "Cw46": 0.02520993660184627, "xscale46": 0.532042485333909, "yscale46": 0.532042485333909, "zscale46": 0.532042485333909, "Cab47": 82.23930003388483, "Cw47": 0.019646665538302875, "xscale47": 0.42402590508737265, "yscale47": 0.42402590508737265, "zscale47": 0.42402590508737265, "Cab48": 51.96930513769645, "Cw48": 0.04871904358590535, "xscale48": 0.5811421191681058, "yscale48": 0.5811421191681058, "zscale48": 0.5811421191681058, "Cab49": 49.70069872117489, "Cw49": 0.036123122056948336, "xscale49": 0.5532603426914056, "yscale49": 0.5532603426914056, "zscale49": 0.5532603426914056, "Cab50": 49.02014391360875, "Cw50": 0.011483444311430068, "xscale50": 0.7250491014665461, "yscale50": 0.7250491014665461, "zscale50": 0.7250491014665461, "Cab51": 37.39754738628456, "Cw51": 0.010001320615217307, "xscale51": 0.807334857070733, "yscale51": 0.807334857070733, "zscale51": 0.807334857070733, "Cab52": 80.69828290609973, "Cw52": 0.025828717595337225,