{"Cab0": 32.94635433400023, "Cw0": 0.02880921647895278, "xscale0": 0.8485819538290675, "yscale0": 0.8485819538290675, "zscale0": 0.8485819538290675, "Cab1": 85.84436428800342, "Cw1": 0.04793023122211171, "xscale1": 0.6834251782338467, "yscale1": 0.6834251782338467, "zscale1": 0.6834251782338467, "Cab2": 26.19374357972148, "Cw2": 0.014531202949207152, "xscale2": 0.70761601306686, "yscale2": 0.70761601306686, "zscale2": 0.70761601306686, "Cab3": 46.981342719356334, "Cw3": 0.016709360922458828, "xscale3": 0.4706624314682025, "yscale3": 0.4706624314682025, "zscale3": 0.4706624314682025, "Cab4": 63.997210355677076, "Cw4": 0.017564086493094055, "xscale4": 0.5516528035806351, "yscale4": 0.5516528035806351, "zscale4": 0.5516528035806351, "Cab5": 20.570484681786947, "Cw5": 0.03288463653053149, "xscale5": 0.8480446408130902, "yscale5": 0.8480446408130902, "zscale5": 0.8480446408130902, "Cab6": 54.73866436917373, "Cw6": 0.019810190628016262, "xscale6": 0.6274832815792197, "yscale6": 0.6274832815792197, "zscale6": 0.6274832815792197, "Cab7": 28.251186676003396, "Cw7": 0.038321201093576784, "xscale7": 0.6130769624376684, "yscale7": 0.6130769624376684, "zscale7": 0.6130769624376684, "Cab8": 50.3711390309396, "Cw8": 0.012156368087527483, "xscale8": 0.45839250765454875, "yscale8": 0.45839250765454875, "zscale8": 0.45839250765454875, "Cab9": 44.485493235739256, "Cw9": 0.01961797072237431, "xscale9": 0.6173993513056283, "yscale9": 0.6173993513056283, "zscale9": 0.6173993513056283, "Cab10": 23.36047879252364, "Cw10": 0.01718250594373366, "xscale10": 0.48775293704839107, "yscale10": 0.48775293704839107, "zscale10": 0.48775293704839107, "Cab11": 65.461628288331, "Cw11": 0.012201109252614223, "xscale11": 0.5804385635851472, "yscale11": 0.5804385635851472, "zscale11": 0.5804385635851472, "Cab12": 28.732855745402297, "Cw12": 0.039513418513047134, "xscale12": 0.519575592978446, "yscale12": 0.519575592978446, "zscale12": 0.519575592978446, "Cab13": 73.78968131626976, "Cw13": 0.014768288786581199, "xscale13": 0.5266052140483019, "yscale13": 0.5266052140483019, "zscale13": 0.5266052140483019, "Cab14": 49.184735330091584, "Cw14": 0.027234457486286945, "xscale14": 0.5947915778482895, "yscale14": 0.5947915778482895, "zscale14": 0.5947915778482895, "Cab15": 30.95187939973475, "Cw15": 0.023382909465181866, "xscale15": 0.68146471549098, "yscale15": 0.68146471549098, "zscale15": 0.68146471549098, "Cab16": 41.69868052982244, "Cw16": 0.04984785837230997, "xscale16": 0.6983974901021692, "yscale16": 0.6983974901021692, "zscale16": 0.6983974901021692, "Cab17": 44.81926169691006, "Cw17": 0.014447119523166116, "xscale17": 0.5294591256206391, "yscale17": 0.5294591256206391, "zscale17": 0.5294591256206391, "Cab18": 66.03104917113492, "Cw18": 0.04791203203415974, "xscale18": 0.6443068811667478, "yscale18": 0.6443068811667478, "zscale18": 0.6443068811667478, "Cab19": 75.65366169636033, "Cw19": 0.04962750360199544, "xscale19": 0.5026963958253733, "yscale19": 0.5026963958253733, "zscale19": 0.5026963958253733, "Cab20": 23.956423523429212, "Cw20": 0.020133703161538317, "xscale20": 0.7303692802014478, "yscale20": 0.7303692802014478, "zscale20": 0.7303692802014478, "Cab21": 80.62482662065585, "Cw21": 0.04898966831649825, "xscale21": 0.6199028327633048, "yscale21": 0.6199028327633048, "zscale21": 0.6199028327633048, "Cab22": 28.38084938358358, "Cw22": 0.030536274766597316, "xscale22": 0.43764956432527374, "yscale22": 0.43764956432527374, "zscale22": 0.43764956432527374, "Cab23": 34.2172780992279, "Cw23": 0.045448288656539736, "xscale23": 0.720375788541057, "yscale23": 0.720375788541057, "zscale23": 0.720375788541057, "Cab24": 84.06083642342297, "Cw24": 0.022054678057557002, "xscale24": 0.4781698694329349, "yscale24": 0.4781698694329349, "zscale24": 0.4781698694329349, "Cab25": 70.32238096968057, "Cw25": 0.0427955533792402, "xscale25": 0.661094650213361, "yscale25": 0.661094650213361, "zscale25": 0.661094650213361, "Cab26": 58.051368343269594, "Cw26": 0.010116605974678694, "xscale26": 0.5103188019445528, "yscale26": 0.5103188019445528, "zscale26": 0.5103188019445528, "Cab27": 83.30223314674045, "Cw27": 0.041156087032410686, "xscale27": 0.35261939136810855, "yscale27": 0.35261939136810855, "zscale27": 0.35261939136810855, "Cab28": 84.30158515286861, "Cw28": 0.01908031777190349, "xscale28": 0.37164224625332826, "yscale28": 0.37164224625332826, "zscale28": 0.37164224625332826, "Cab29": 52.176998732217, "Cw29": 0.02555470502056548, "xscale29": 0.5926905553802393, "yscale29": 0.5926905553802393, "zscale29": 0.5926905553802393, "Cab30": 24.266523703013007, "Cw30": 0.02233687740946779, "xscale30": 0.4153321943618327, "yscale30": 0.4153321943618327, "zscale30": 0.4153321943618327, "Cab31": 88.12419558818763, "Cw31": 0.024369963154374497, "xscale31": 0.5485260457685517, "yscale31": 0.5485260457685517, "zscale31": 0.5485260457685517, "Cab32": 68.76344262325993, "Cw32": 0.017138037254009874, "xscale32": 0.5045675654428206, "yscale32": 0.5045675654428206, "zscale32": 0.5045675654428206, "Cab33": 37.5217580652928, "Cw33": 0.022496773627632437, "xscale33": 0.4246516207704914, "yscale33": 0.4246516207704914, "zscale33": 0.4246516207704914, "Cab34": 61.52341290151662, "Cw34": 0.017129456561638345, "xscale34": 0.5274277626549314, "yscale34": 0.5274277626549314, "zscale34": 0.5274277626549314, "Cab35": 43.996053189404904, "Cw35": 0.047857989441442844, "xscale35": 0.4096000321732999, "yscale35": 0.4096000321732999, "zscale35": 0.4096000321732999, "Cab36": 21.28498645178962, "Cw36": 0.02014932802448753, "xscale36": 0.5216620552388453, "yscale36": 0.5216620552388453, "zscale36": 0.5216620552388453, "Cab37": 83.88807955353202, "Cw37": 0.03937208255028485, "xscale37": 0.39395407671089533, "yscale37": 0.39395407671089533, "zscale37": 0.39395407671089533, "Cab38": 26.763204345713753, "Cw38": 0.02495395728655622, "xscale38": 0.5444399432141298, "yscale38": 0.5444399432141298, "zscale38": 0.5444399432141298, "Cab39": 87.69403735729097, "Cw39": 0.012885272849116936, "xscale39": 0.6005161416669662, "yscale39": 0.6005161416669662, "zscale39": 0.6005161416669662, "Cab40": 81.44406441666253, "Cw40": 0.015704587657028507, "xscale40": 0.4497100640889174, "yscale40": 0.4497100640889174, "zscale40": 0.4497100640889174, "Cab41": 66.57980876328327, "Cw41": 0.047654064040615285, "xscale41": 0.4794423845728606, "yscale41": 0.4794423845728606, "zscale41": 0.4794423845728606, "Cab42": 70.28614396917729, "Cw42": 0.039485288785727705, "xscale42": 0.5284218191965965, "yscale42": 0.5284218191965965, "zscale42": 0.5284218191965965, "Cab43": 45.49769694935355, "Cw43": 0.017047693400625265, "xscale43": 0.5955885731688366, "yscale43": 0.5955885731688366, "zscale43": 0.5955885731688366, "Cab44": 85.30516031824415, "Cw44": 0.013901474673944009, "xscale44": 0.502308738108085, "yscale44": 0.502308738108085, "zscale44": 0.502308738108085, "Cab45": 29.104845053642656, "Cw45": 0.03313218913399533, "xscale45": 0.39462754538858785, "yscale45": 0.39462754538858785, "zscale45": 0.39462754538858785, "Cab46": 65.02831860546027, "Cw46": 0.03506382675237968, "xscale46": 0.548302490412835, "yscale46": 0.548302490412835, "zscale46": 0.548302490412835, "Cab47": 26.118478003814204, "Cw47": 0.03706848306251692, "xscale47": 0.47912790405100286, "yscale47": 0.47912790405100286, "zscale47": 0.47912790405100286, "Cab48": 78.21221422666295, "Cw48": 0.04983475628576341, "xscale48": 0.5394044838380764, "yscale48": 0.5394044838380764, "zscale48": 0.5394044838380764, "Cab49": 79.47356868728352, "Cw49": 0.012411888272906638, "xscale49": 0.4179705967510042, "yscale49": 0.4179705967510042, "zscale49": 0.4179705967510042, "Cab50": 67.35839755878115, "Cw50": 0.04146205884449993, "xscale50": 0.7312352599635654, "yscale50": 0.7312352599635654, "zscale50": 0.7312352599635654, "Cab51": 54.49268043695956, "Cw51": 0.04950356627389223, "xscale51": 0.7571485011718208, "yscale51": 0.7571485011718208, "zscale51": 0.7571485011718208, "Cab52": 45.331692235990616, "Cw52": 0.02561408368751775,