{"Cab0": 73.29212157244594, "Cw0": 0.013088903086850446, "xscale0": 0.6385486018275612, "yscale0": 0.6385486018275612, "zscale0": 0.6385486018275612, "Cab1": 85.80208814581658, "Cw1": 0.04138696094947718, "xscale1": 0.517898829448414, "yscale1": 0.517898829448414, "zscale1": 0.517898829448414, "Cab2": 55.77782602035856, "Cw2": 0.044355096988357615, "xscale2": 0.7143244586440628, "yscale2": 0.7143244586440628, "zscale2": 0.7143244586440628, "Cab3": 64.22414345970664, "Cw3": 0.03533598223755347, "xscale3": 0.5497159848643005, "yscale3": 0.5497159848643005, "zscale3": 0.5497159848643005, "Cab4": 89.0118429339924, "Cw4": 0.04193312363349019, "xscale4": 0.7027156465171241, "yscale4": 0.7027156465171241, "zscale4": 0.7027156465171241, "Cab5": 57.73836432401394, "Cw5": 0.020412388949425618, "xscale5": 0.833108278209519, "yscale5": 0.833108278209519, "zscale5": 0.833108278209519, "Cab6": 40.59650920660045, "Cw6": 0.03538681738290351, "xscale6": 0.5844848352674303, "yscale6": 0.5844848352674303, "zscale6": 0.5844848352674303, "Cab7": 41.572762767002885, "Cw7": 0.017397163702994954, "xscale7": 0.4758178937635778, "yscale7": 0.4758178937635778, "zscale7": 0.4758178937635778, "Cab8": 71.70306199996529, "Cw8": 0.04283203269953543, "xscale8": 0.569822059417051, "yscale8": 0.569822059417051, "zscale8": 0.569822059417051, "Cab9": 68.71193827396488, "Cw9": 0.022554812395303055, "xscale9": 0.7918005393522671, "yscale9": 0.7918005393522671, "zscale9": 0.7918005393522671, "Cab10": 84.25904362423407, "Cw10": 0.024430188748205926, "xscale10": 0.4692544223655479, "yscale10": 0.4692544223655479, "zscale10": 0.4692544223655479, "Cab11": 81.7335037302386, "Cw11": 0.027064534616398524, "xscale11": 0.6425958251995408, "yscale11": 0.6425958251995408, "zscale11": 0.6425958251995408, "Cab12": 54.64984709612921, "Cw12": 0.04984941754714418, "xscale12": 0.6449074592054571, "yscale12": 0.6449074592054571, "zscale12": 0.6449074592054571, "Cab13": 67.03970402725591, "Cw13": 0.03888324187390785, "xscale13": 0.7116477538915545, "yscale13": 0.7116477538915545, "zscale13": 0.7116477538915545, "Cab14": 55.43668063896217, "Cw14": 0.04725998591352354, "xscale14": 0.5478667169055427, "yscale14": 0.5478667169055427, "zscale14": 0.5478667169055427, "Cab15": 71.96167489029072, "Cw15": 0.02640901766026347, "xscale15": 0.642354130785339, "yscale15": 0.642354130785339, "zscale15": 0.642354130785339, "Cab16": 66.24339600362777, "Cw16": 0.026033902490551722, "xscale16": 0.47743004952804297, "yscale16": 0.47743004952804297, "zscale16": 0.47743004952804297, "Cab17": 86.75530412424078, "Cw17": 0.01096466575080878, "xscale17": 0.509814378326051, "yscale17": 0.509814378326051, "zscale17": 0.509814378326051, "Cab18": 54.2353019703245, "Cw18": 0.014851645483603976, "xscale18": 0.5499393864298319, "yscale18": 0.5499393864298319, "zscale18": 0.5499393864298319, "Cab19": 48.82221196072904, "Cw19": 0.03477723499853834, "xscale19": 0.4932946654277602, "yscale19": 0.4932946654277602, "zscale19": 0.4932946654277602, "Cab20": 46.21790612569338, "Cw20": 0.014680592191114812, "xscale20": 0.5688209285044609, "yscale20": 0.5688209285044609, "zscale20": 0.5688209285044609, "Cab21": 35.12200651041701, "Cw21": 0.03883939869927949, "xscale21": 0.5522639900449905, "yscale21": 0.5522639900449905, "zscale21": 0.5522639900449905, "Cab22": 34.85963259329402, "Cw22": 0.023882957485700334, "xscale22": 0.4463914727340227, "yscale22": 0.4463914727340227, "zscale22": 0.4463914727340227, "Cab23": 55.03350522462567, "Cw23": 0.04039669444616639, "xscale23": 0.741546553609173, "yscale23": 0.741546553609173, "zscale23": 0.741546553609173, "Cab24": 85.91915246155602, "Cw24": 0.03104445822894391, "xscale24": 0.5040438215962043, "yscale24": 0.5040438215962043, "zscale24": 0.5040438215962043, "Cab25": 85.13965129054617, "Cw25": 0.038364103142415076, "xscale25": 0.4942581895953433, "yscale25": 0.4942581895953433, "zscale25": 0.4942581895953433, "Cab26": 47.53964190427874, "Cw26": 0.044282121015062646, "xscale26": 0.7072923967947774, "yscale26": 0.7072923967947774, "zscale26": 0.7072923967947774, "Cab27": 31.729482509089934, "Cw27": 0.046027526343218716, "xscale27": 0.38499479101854844, "yscale27": 0.38499479101854844, "zscale27": 0.38499479101854844, "Cab28": 53.13995064089588, "Cw28": 0.022633493327940103, "xscale28": 0.4213853837363429, "yscale28": 0.4213853837363429, "zscale28": 0.4213853837363429, "Cab29": 56.56993372746661, "Cw29": 0.04274905361340286, "xscale29": 0.6303850889098049, "yscale29": 0.6303850889098049, "zscale29": 0.6303850889098049, "Cab30": 55.159160615278395, "Cw30": 0.022454189108439878, "xscale30": 0.40903122277416654, "yscale30": 0.40903122277416654, "zscale30": 0.40903122277416654, "Cab31": 59.52476694715, "Cw31": 0.03820352754086558, "xscale31": 0.7161190855317167, "yscale31": 0.7161190855317167, "zscale31": 0.7161190855317167, "Cab32": 50.50737022869687, "Cw32": 0.03826995925662973, "xscale32": 0.3932514014275428, "yscale32": 0.3932514014275428, "zscale32": 0.3932514014275428, "Cab33": 21.504446161119276, "Cw33": 0.03133339968563362, "xscale33": 0.41514784316618586, "yscale33": 0.41514784316618586, "zscale33": 0.41514784316618586, "Cab34": 49.63267029505054, "Cw34": 0.03190475138826105, "xscale34": 0.5171586497697067, "yscale34": 0.5171586497697067, "zscale34": 0.5171586497697067, "Cab35": 60.387211211793954, "Cw35": 0.045900848701172545, "xscale35": 0.3691699023032031, "yscale35": 0.3691699023032031, "zscale35": 0.3691699023032031, "Cab36": 75.77963324391655, "Cw36": 0.010660577606190103, "xscale36": 0.7675789881257595, "yscale36": 0.7675789881257595, "zscale36": 0.7675789881257595, "Cab37": 25.8266255012679, "Cw37": 0.017301341556359425, "xscale37": 0.528277325193475, "yscale37": 0.528277325193475, "zscale37": 0.528277325193475, "Cab38": 36.764324901836886, "Cw38": 0.032756656747005904, "xscale38": 0.5306868242741615, "yscale38": 0.5306868242741615, "zscale38": 0.5306868242741615, "Cab39": 49.89449241501635, "Cw39": 0.03333411261379564, "xscale39": 0.6182425270024245, "yscale39": 0.6182425270024245, "zscale39": 0.6182425270024245, "Cab40": 67.4238935588733, "Cw40": 0.020612773007660862, "xscale40": 0.6343050248282648, "yscale40": 0.6343050248282648, "zscale40": 0.6343050248282648, "Cab41": 78.44310669478999, "Cw41": 0.03611163784917546, "xscale41": 0.49601677525140425, "yscale41": 0.49601677525140425, "zscale41": 0.49601677525140425, "Cab42": 53.5753074410561, "Cw42": 0.010777697901497341, "xscale42": 0.4658456330469983, "yscale42": 0.4658456330469983, "zscale42": 0.4658456330469983, "Cab43": 25.318409082367758, "Cw43": 0.028119251176483465, "xscale43": 0.4923714046207844, "yscale43": 0.4923714046207844, "zscale43": 0.4923714046207844, "Cab44": 61.49795405742877, "Cw44": 0.0237247748030501, "xscale44": 0.3908508122252687, "yscale44": 0.3908508122252687, "zscale44": 0.3908508122252687, "Cab45": 59.87287125137468, "Cw45": 0.03912934052337832, "xscale45": 0.337952292306163, "yscale45": 0.337952292306163, "zscale45": 0.337952292306163, "Cab46": 30.173869322362506, "Cw46": 0.02689405408980504, "xscale46": 0.40231909487635886, "yscale46": 0.40231909487635886, "zscale46": 0.40231909487635886, "Cab47": 23.72137005734086, "Cw47": 0.013001340228308119, "xscale47": 0.6242823479486265, "yscale47": 0.6242823479486265, "zscale47": 0.6242823479486265, "Cab48": 60.52075511929281, "Cw48": 0.04946913518671423, "xscale48": 0.7507345745804519, "yscale48": 0.7507345745804519, "zscale48": 0.7507345745804519, "Cab49": 46.3503800229594, "Cw49": 0.014842694704799424, "xscale49": 0.46121548208696245, "yscale49": 0.46121548208696245, "zscale49": 0.46121548208696245, "Cab50": 88.06383151277826, "Cw50": 0.042891328826165, "xscale50": 0.6295421975783397, "yscale50": 0.6295421975783397, "zscale50": 0.6295421975783397, "Cab51": 82.45267914657762, "Cw51": 0.024807103361459, "xscale51": 0.6107628005977045, "yscale51": 0.6107628005977045, "zscale51": 0.6107628005977045, "Cab52": 44.33998392764899, "Cw52": 0.036736521043844124,