{"Cab0": 29.953776612206752, "Cw0": 0.0410742365554141, "xscale0": 0.8648775118683956, "yscale0": 0.8648775118683956, "zscale0": 0.8648775118683956, "Cab1": 49.574622226097134, "Cw1": 0.03422258438739555, "xscale1": 0.5379386228391106, "yscale1": 0.5379386228391106, "zscale1": 0.5379386228391106, "Cab2": 59.688936981764655, "Cw2": 0.019154003111569014, "xscale2": 0.6458232321166788, "yscale2": 0.6458232321166788, "zscale2": 0.6458232321166788, "Cab3": 65.63905594157555, "Cw3": 0.04046428512253304, "xscale3": 0.5409131703398508, "yscale3": 0.5409131703398508, "zscale3": 0.5409131703398508, "Cab4": 41.12171215319603, "Cw4": 0.023401552931881002, "xscale4": 0.554882615384384, "yscale4": 0.554882615384384, "zscale4": 0.554882615384384, "Cab5": 66.93555744289321, "Cw5": 0.0293169615504585, "xscale5": 0.7054234332088627, "yscale5": 0.7054234332088627, "zscale5": 0.7054234332088627, "Cab6": 23.046653170810846, "Cw6": 0.02217425709006342, "xscale6": 0.637763178238903, "yscale6": 0.637763178238903, "zscale6": 0.637763178238903, "Cab7": 81.43439322568966, "Cw7": 0.024209087485686086, "xscale7": 0.6190615464707369, "yscale7": 0.6190615464707369, "zscale7": 0.6190615464707369, "Cab8": 57.29719622325996, "Cw8": 0.03130695168291365, "xscale8": 0.5182132658541901, "yscale8": 0.5182132658541901, "zscale8": 0.5182132658541901, "Cab9": 84.889257220286, "Cw9": 0.029880126693859227, "xscale9": 0.5553401659728877, "yscale9": 0.5553401659728877, "zscale9": 0.5553401659728877, "Cab10": 47.09190870231528, "Cw10": 0.020159575049495886, "xscale10": 0.5775889118167141, "yscale10": 0.5775889118167141, "zscale10": 0.5775889118167141, "Cab11": 21.467652042033578, "Cw11": 0.0367971445531561, "xscale11": 0.708810546076069, "yscale11": 0.708810546076069, "zscale11": 0.708810546076069, "Cab12": 76.04587245154738, "Cw12": 0.03776836784219178, "xscale12": 0.47292622080808294, "yscale12": 0.47292622080808294, "zscale12": 0.47292622080808294, "Cab13": 54.4156132991821, "Cw13": 0.02529736774876218, "xscale13": 0.6767569627822656, "yscale13": 0.6767569627822656, "zscale13": 0.6767569627822656, "Cab14": 67.19204627544954, "Cw14": 0.03907806711987827, "xscale14": 0.5430298120027955, "yscale14": 0.5430298120027955, "zscale14": 0.5430298120027955, "Cab15": 58.97885324446501, "Cw15": 0.011873113424029458, "xscale15": 0.6632028662004156, "yscale15": 0.6632028662004156, "zscale15": 0.6632028662004156, "Cab16": 20.710847911299197, "Cw16": 0.023669572267234203, "xscale16": 0.5856268369184029, "yscale16": 0.5856268369184029, "zscale16": 0.5856268369184029, "Cab17": 71.78701275218329, "Cw17": 0.027940574490458177, "xscale17": 0.6519774365357116, "yscale17": 0.6519774365357116, "zscale17": 0.6519774365357116, "Cab18": 35.70074503947706, "Cw18": 0.021866998927712645, "xscale18": 0.7441106962764399, "yscale18": 0.7441106962764399, "zscale18": 0.7441106962764399, "Cab19": 69.17654153812373, "Cw19": 0.03423733740553703, "xscale19": 0.49180917171405336, "yscale19": 0.49180917171405336, "zscale19": 0.49180917171405336, "Cab20": 46.36817742768967, "Cw20": 0.04494370219707022, "xscale20": 0.6641506950998362, "yscale20": 0.6641506950998362, "zscale20": 0.6641506950998362, "Cab21": 69.38549857196404, "Cw21": 0.033113186610796555, "xscale21": 0.5077486103176942, "yscale21": 0.5077486103176942, "zscale21": 0.5077486103176942, "Cab22": 47.66816310959851, "Cw22": 0.04209668470366971, "xscale22": 0.42747248837753427, "yscale22": 0.42747248837753427, "zscale22": 0.42747248837753427, "Cab23": 78.36273569449182, "Cw23": 0.0206710470440172, "xscale23": 0.6290661671618428, "yscale23": 0.6290661671618428, "zscale23": 0.6290661671618428, "Cab24": 40.4748614333856, "Cw24": 0.047386332735476606, "xscale24": 0.42982531905931026, "yscale24": 0.42982531905931026, "zscale24": 0.42982531905931026, "Cab25": 23.58534131850464, "Cw25": 0.02771699425081861, "xscale25": 0.49769359753643205, "yscale25": 0.49769359753643205, "zscale25": 0.49769359753643205, "Cab26": 75.60149127858989, "Cw26": 0.04379149436750543, "xscale26": 0.6895547301812729, "yscale26": 0.6895547301812729, "zscale26": 0.6895547301812729, "Cab27": 31.461049141909513, "Cw27": 0.015467945905510715, "xscale27": 0.48912023792087717, "yscale27": 0.48912023792087717, "zscale27": 0.48912023792087717, "Cab28": 40.14221151647921, "Cw28": 0.024436918821003094, "xscale28": 0.4015656412829747, "yscale28": 0.4015656412829747, "zscale28": 0.4015656412829747, "Cab29": 44.742351611300165, "Cw29": 0.012392056885809332, "xscale29": 0.6554268559334337, "yscale29": 0.6554268559334337, "zscale29": 0.6554268559334337, "Cab30": 82.75272528355555, "Cw30": 0.04359808257853901, "xscale30": 0.3356308364244695, "yscale30": 0.3356308364244695, "zscale30": 0.3356308364244695, "Cab31": 86.3938973237922, "Cw31": 0.014614709351405098, "xscale31": 0.6855570442363699, "yscale31": 0.6855570442363699, "zscale31": 0.6855570442363699, "Cab32": 26.95998435241306, "Cw32": 0.029098036535331655, "xscale32": 0.5456009962952442, "yscale32": 0.5456009962952442, "zscale32": 0.5456009962952442, "Cab33": 50.39314066654321, "Cw33": 0.03657704056526404, "xscale33": 0.5571396497823031, "yscale33": 0.5571396497823031, "zscale33": 0.5571396497823031, "Cab34": 21.574189588263067, "Cw34": 0.04678492007460043, "xscale34": 0.45615202058898285, "yscale34": 0.45615202058898285, "zscale34": 0.45615202058898285, "Cab35": 70.86144718213446, "Cw35": 0.017966774961073864, "xscale35": 0.42821821641157937, "yscale35": 0.42821821641157937, "zscale35": 0.42821821641157937, "Cab36": 42.91476448400692, "Cw36": 0.04514452898305175, "xscale36": 0.6891555305427377, "yscale36": 0.6891555305427377, "zscale36": 0.6891555305427377, "Cab37": 52.70160320291996, "Cw37": 0.015214714342615366, "xscale37": 0.43754903902908465, "yscale37": 0.43754903902908465, "zscale37": 0.43754903902908465, "Cab38": 38.50718264080577, "Cw38": 0.03268729613261429, "xscale38": 0.5447270949718582, "yscale38": 0.5447270949718582, "zscale38": 0.5447270949718582, "Cab39": 79.55851802877302, "Cw39": 0.022402672324892403, "xscale39": 0.6374898752846334, "yscale39": 0.6374898752846334, "zscale39": 0.6374898752846334, "Cab40": 67.09908441083059, "Cw40": 0.030489877054921455, "xscale40": 0.5148904758062963, "yscale40": 0.5148904758062963, "zscale40": 0.5148904758062963, "Cab41": 48.60533864685714, "Cw41": 0.01724199127794988, "xscale41": 0.5610257891081629, "yscale41": 0.5610257891081629, "zscale41": 0.5610257891081629, "Cab42": 27.37311559012707, "Cw42": 0.02329645151688551, "xscale42": 0.4424144659676193, "yscale42": 0.4424144659676193, "zscale42": 0.4424144659676193, "Cab43": 49.09017977917691, "Cw43": 0.045583307709426764, "xscale43": 0.5879951316202705, "yscale43": 0.5879951316202705, "zscale43": 0.5879951316202705, "Cab44": 84.1444323129615, "Cw44": 0.04018948287815491, "xscale44": 0.3731043813994896, "yscale44": 0.3731043813994896, "zscale44": 0.3731043813994896, "Cab45": 64.75748995909412, "Cw45": 0.04102793614847491, "xscale45": 0.388587817806396, "yscale45": 0.388587817806396, "zscale45": 0.388587817806396, "Cab46": 57.84398505722025, "Cw46": 0.032922212966868876, "xscale46": 0.425136686179158, "yscale46": 0.425136686179158, "zscale46": 0.425136686179158, "Cab47": 55.42824806261098, "Cw47": 0.027802758335112948, "xscale47": 0.44489629607523556, "yscale47": 0.44489629607523556, "zscale47": 0.44489629607523556, "Cab48": 35.139726426612654, "Cw48": 0.014043088348282091, "xscale48": 0.6160310455756934, "yscale48": 0.6160310455756934, "zscale48": 0.6160310455756934, "Cab49": 86.71172947478364, "Cw49": 0.02128577571253389, "xscale49": 0.5580626455872087, "yscale49": 0.5580626455872087, "zscale49": 0.5580626455872087, "Cab50": 22.455221156810634, "Cw50": 0.03732077500509682, "xscale50": 0.5282733824635516, "yscale50": 0.5282733824635516, "zscale50": 0.5282733824635516, "Cab51": 75.83064360772448, "Cw51": 0.025583857412514944, "xscale51": 0.6949843023827948, "yscale51": 0.6949843023827948, "zscale51": 0.6949843023827948, "Cab52": 42.9889254787212,