{"Cab0": 67.3020779043596, "Cw0": 0.042946988814808844, "xscale0": 0.6719123084933953, "yscale0": 0.6719123084933953, "zscale0": 0.6719123084933953, "Cab1": 56.09575895855462, "Cw1": 0.0400149297686306, "xscale1": 0.5717223549285418, "yscale1": 0.5717223549285418, "zscale1": 0.5717223549285418, "Cab2": 65.84534084806188, "Cw2": 0.03587708941324003, "xscale2": 0.7150588213318076, "yscale2": 0.7150588213318076, "zscale2": 0.7150588213318076, "Cab3": 46.70819097782819, "Cw3": 0.03086994009294127, "xscale3": 0.5762660402739743, "yscale3": 0.5762660402739743, "zscale3": 0.5762660402739743, "Cab4": 80.45452934225753, "Cw4": 0.03380250850072944, "xscale4": 0.6411801608532726, "yscale4": 0.6411801608532726, "zscale4": 0.6411801608532726, "Cab5": 70.88476664056692, "Cw5": 0.023235574237341468, "xscale5": 0.7689978436509702, "yscale5": 0.7689978436509702, "zscale5": 0.7689978436509702, "Cab6": 84.04081591340655, "Cw6": 0.02893541871442369, "xscale6": 0.44612064517279393, "yscale6": 0.44612064517279393, "zscale6": 0.44612064517279393, "Cab7": 80.85153836511732, "Cw7": 0.01765651016990125, "xscale7": 0.6066889787959926, "yscale7": 0.6066889787959926, "zscale7": 0.6066889787959926, "Cab8": 58.02491665596331, "Cw8": 0.030731618240566486, "xscale8": 0.495229685735427, "yscale8": 0.495229685735427, "zscale8": 0.495229685735427, "Cab9": 29.002139853932, "Cw9": 0.02648205443700706, "xscale9": 0.5486920078949872, "yscale9": 0.5486920078949872, "zscale9": 0.5486920078949872, "Cab10": 70.32429597490324, "Cw10": 0.039950697065616415, "xscale10": 0.5401645032872828, "yscale10": 0.5401645032872828, "zscale10": 0.5401645032872828, "Cab11": 42.83780844769477, "Cw11": 0.025280334976065577, "xscale11": 0.5718936038917143, "yscale11": 0.5718936038917143, "zscale11": 0.5718936038917143, "Cab12": 29.83273801156225, "Cw12": 0.04817789543485782, "xscale12": 0.5914280709727979, "yscale12": 0.5914280709727979, "zscale12": 0.5914280709727979, "Cab13": 88.52522724504982, "Cw13": 0.010096438350445483, "xscale13": 0.6078970377468216, "yscale13": 0.6078970377468216, "zscale13": 0.6078970377468216, "Cab14": 87.16047434840675, "Cw14": 0.047705452100832976, "xscale14": 0.4502322624840929, "yscale14": 0.4502322624840929, "zscale14": 0.4502322624840929, "Cab15": 55.50660910265483, "Cw15": 0.03770838347492361, "xscale15": 0.5471442809817516, "yscale15": 0.5471442809817516, "zscale15": 0.5471442809817516, "Cab16": 54.379689526196636, "Cw16": 0.048837078156163005, "xscale16": 0.5002048270469263, "yscale16": 0.5002048270469263, "zscale16": 0.5002048270469263, "Cab17": 27.23561304614386, "Cw17": 0.043582080147398373, "xscale17": 0.5061438448282072, "yscale17": 0.5061438448282072, "zscale17": 0.5061438448282072, "Cab18": 23.9626562719852, "Cw18": 0.04766223027611029, "xscale18": 0.5877292107498273, "yscale18": 0.5877292107498273, "zscale18": 0.5877292107498273, "Cab19": 32.719495041339414, "Cw19": 0.010907391167977641, "xscale19": 0.4838314665520477, "yscale19": 0.4838314665520477, "zscale19": 0.4838314665520477, "Cab20": 53.15574487997924, "Cw20": 0.0489409504573558, "xscale20": 0.5275091854662731, "yscale20": 0.5275091854662731, "zscale20": 0.5275091854662731, "Cab21": 64.68835430117113, "Cw21": 0.04713724250717034, "xscale21": 0.5574725804878586, "yscale21": 0.5574725804878586, "zscale21": 0.5574725804878586, "Cab22": 81.97825699066198, "Cw22": 0.04078219925931405, "xscale22": 0.5149934266464895, "yscale22": 0.5149934266464895, "zscale22": 0.5149934266464895, "Cab23": 45.632547592535, "Cw23": 0.04879576822579362, "xscale23": 0.6012378208154691, "yscale23": 0.6012378208154691, "zscale23": 0.6012378208154691, "Cab24": 20.86382519971644, "Cw24": 0.01762467221653495, "xscale24": 0.469476792003132, "yscale24": 0.469476792003132, "zscale24": 0.469476792003132, "Cab25": 28.99802602751733, "Cw25": 0.027739782872731836, "xscale25": 0.5708886655681182, "yscale25": 0.5708886655681182, "zscale25": 0.5708886655681182, "Cab26": 45.12906728579649, "Cw26": 0.012638026202388178, "xscale26": 0.730257760142837, "yscale26": 0.730257760142837, "zscale26": 0.730257760142837, "Cab27": 20.12926036014307, "Cw27": 0.012394658328848873, "xscale27": 0.3931374762502992, "yscale27": 0.3931374762502992, "zscale27": 0.3931374762502992, "Cab28": 51.350571484746595, "Cw28": 0.023480359982169907, "xscale28": 0.35663327681984475, "yscale28": 0.35663327681984475, "zscale28": 0.35663327681984475, "Cab29": 23.959841870120023, "Cw29": 0.023353353453400387, "xscale29": 0.5528245126867241, "yscale29": 0.5528245126867241, "zscale29": 0.5528245126867241, "Cab30": 40.74921698823681, "Cw30": 0.02389474988647706, "xscale30": 0.41716507140748393, "yscale30": 0.41716507140748393, "zscale30": 0.41716507140748393, "Cab31": 36.345495780774975, "Cw31": 0.030552899693968155, "xscale31": 0.652804070219374, "yscale31": 0.652804070219374, "zscale31": 0.652804070219374, "Cab32": 21.391727389208956, "Cw32": 0.023857079396673586, "xscale32": 0.44072640281521236, "yscale32": 0.44072640281521236, "zscale32": 0.44072640281521236, "Cab33": 73.45304379662574, "Cw33": 0.04786774488653457, "xscale33": 0.5069589968972921, "yscale33": 0.5069589968972921, "zscale33": 0.5069589968972921, "Cab34": 43.872945532191714, "Cw34": 0.026278214650743925, "xscale34": 0.5964559584108589, "yscale34": 0.5964559584108589, "zscale34": 0.5964559584108589, "Cab35": 69.84043795122673, "Cw35": 0.017999651949340275, "xscale35": 0.385662889205439, "yscale35": 0.385662889205439, "zscale35": 0.385662889205439, "Cab36": 58.81088380713928, "Cw36": 0.020845486037115904, "xscale36": 0.5711820086694048, "yscale36": 0.5711820086694048, "zscale36": 0.5711820086694048, "Cab37": 33.9962195673954, "Cw37": 0.03639563037254142, "xscale37": 0.4875717863819792, "yscale37": 0.4875717863819792, "zscale37": 0.4875717863819792, "Cab38": 84.68057342887936, "Cw38": 0.034519479397354065, "xscale38": 0.5337793747181739, "yscale38": 0.5337793747181739, "zscale38": 0.5337793747181739, "Cab39": 67.29754653624514, "Cw39": 0.018709295235591453, "xscale39": 0.5495117813131383, "yscale39": 0.5495117813131383, "zscale39": 0.5495117813131383, "Cab40": 24.811049276826708, "Cw40": 0.010949405123506986, "xscale40": 0.45294243004015783, "yscale40": 0.45294243004015783, "zscale40": 0.45294243004015783, "Cab41": 65.6697159130276, "Cw41": 0.017696295019544228, "xscale41": 0.5281105911447779, "yscale41": 0.5281105911447779, "zscale41": 0.5281105911447779, "Cab42": 34.17990581746281, "Cw42": 0.04902406422959284, "xscale42": 0.48686650372091383, "yscale42": 0.48686650372091383, "zscale42": 0.48686650372091383, "Cab43": 57.62965780575173, "Cw43": 0.034889714389466316, "xscale43": 0.5790431710564257, "yscale43": 0.5790431710564257, "zscale43": 0.5790431710564257, "Cab44": 89.5951357600815, "Cw44": 0.03920089733847738, "xscale44": 0.3672977828788593, "yscale44": 0.3672977828788593, "zscale44": 0.3672977828788593, "Cab45": 53.03112826443378, "Cw45": 0.02851959176468989, "xscale45": 0.3478895270826833, "yscale45": 0.3478895270826833, "zscale45": 0.3478895270826833, "Cab46": 33.953474273214944, "Cw46": 0.019275291960511, "xscale46": 0.4557050211235108, "yscale46": 0.4557050211235108, "zscale46": 0.4557050211235108, "Cab47": 52.2281593391706, "Cw47": 0.010326520379830666, "xscale47": 0.49978521302676027, "yscale47": 0.49978521302676027, "zscale47": 0.49978521302676027, "Cab48": 50.455132970830746, "Cw48": 0.03450182141380058, "xscale48": 0.7348666641719066, "yscale48": 0.7348666641719066, "zscale48": 0.7348666641719066, "Cab49": 67.0659535710792, "Cw49": 0.028104101246363318, "xscale49": 0.5231708108533629, "yscale49": 0.5231708108533629, "zscale49": 0.5231708108533629, "Cab50": 49.0006571238784, "Cw50": 0.01013771782162034, "xscale50": 0.662213564392864, "yscale50": 0.662213564392864, "zscale50": 0.662213564392864, "Cab51": 52.116946563612245, "Cw51": 0.023504628749687402, "xscale51": 0.7621877204804659, "yscale51": 0.7621877204804659, "zscale51": 0.7621877204804659, "Cab52": 41.67666445258904, "Cw52": 0.02390328243050459,