{"Cab0": 58.837663509774536, "Cw0": 0.03869858730065373, "xscale0": 0.8297723873506077, "yscale0": 0.8297723873506077, "zscale0": 0.8297723873506077, "Cab1": 47.34019084835252, "Cw1": 0.04721395896297109, "xscale1": 0.6001951153334465, "yscale1": 0.6001951153334465, "zscale1": 0.6001951153334465, "Cab2": 45.20367920362344, "Cw2": 0.01927995862676512, "xscale2": 0.5531417206549664, "yscale2": 0.5531417206549664, "zscale2": 0.5531417206549664, "Cab3": 50.78311481498295, "Cw3": 0.041686004815503455, "xscale3": 0.5103577018008381, "yscale3": 0.5103577018008381, "zscale3": 0.5103577018008381, "Cab4": 34.05373110699473, "Cw4": 0.03633818206226908, "xscale4": 0.6480835797912178, "yscale4": 0.6480835797912178, "zscale4": 0.6480835797912178, "Cab5": 60.70188401464466, "Cw5": 0.04407751074104493, "xscale5": 0.8762401531877486, "yscale5": 0.8762401531877486, "zscale5": 0.8762401531877486, "Cab6": 71.79604696742969, "Cw6": 0.044070834439300474, "xscale6": 0.6291765404533461, "yscale6": 0.6291765404533461, "zscale6": 0.6291765404533461, "Cab7": 60.35741480184704, "Cw7": 0.03320031013784699, "xscale7": 0.6268643758519794, "yscale7": 0.6268643758519794, "zscale7": 0.6268643758519794, "Cab8": 69.06199519681174, "Cw8": 0.0393307413417036, "xscale8": 0.5217696450697158, "yscale8": 0.5217696450697158, "zscale8": 0.5217696450697158, "Cab9": 24.653467460288102, "Cw9": 0.038683392411039366, "xscale9": 0.5957588239542643, "yscale9": 0.5957588239542643, "zscale9": 0.5957588239542643, "Cab10": 26.55379838022302, "Cw10": 0.04647947312564486, "xscale10": 0.5696893454466835, "yscale10": 0.5696893454466835, "zscale10": 0.5696893454466835, "Cab11": 20.9558558666085, "Cw11": 0.027625203598464453, "xscale11": 0.644577233385899, "yscale11": 0.644577233385899, "zscale11": 0.644577233385899, "Cab12": 64.45919246374794, "Cw12": 0.01667620804547662, "xscale12": 0.5816549413597705, "yscale12": 0.5816549413597705, "zscale12": 0.5816549413597705, "Cab13": 56.358692872758, "Cw13": 0.02714401787114521, "xscale13": 0.5505998964588787, "yscale13": 0.5505998964588787, "zscale13": 0.5505998964588787, "Cab14": 21.08734137845275, "Cw14": 0.039716710645234105, "xscale14": 0.5836244185127732, "yscale14": 0.5836244185127732, "zscale14": 0.5836244185127732, "Cab15": 78.96378507316444, "Cw15": 0.048453810585792866, "xscale15": 0.4708058188400264, "yscale15": 0.4708058188400264, "zscale15": 0.4708058188400264, "Cab16": 46.451013406631134, "Cw16": 0.04259126961748202, "xscale16": 0.5107089684393965, "yscale16": 0.5107089684393965, "zscale16": 0.5107089684393965, "Cab17": 51.011948101141364, "Cw17": 0.03252568240527819, "xscale17": 0.5692524867510621, "yscale17": 0.5692524867510621, "zscale17": 0.5692524867510621, "Cab18": 20.206751579735585, "Cw18": 0.028290058060322226, "xscale18": 0.7362077408102776, "yscale18": 0.7362077408102776, "zscale18": 0.7362077408102776, "Cab19": 45.98405667423547, "Cw19": 0.015738000654807197, "xscale19": 0.5391281599584211, "yscale19": 0.5391281599584211, "zscale19": 0.5391281599584211, "Cab20": 20.65152992766188, "Cw20": 0.03052492976895229, "xscale20": 0.7474630888451271, "yscale20": 0.7474630888451271, "zscale20": 0.7474630888451271, "Cab21": 77.66180961946662, "Cw21": 0.049342505907241214, "xscale21": 0.43328462021830627, "yscale21": 0.43328462021830627, "zscale21": 0.43328462021830627, "Cab22": 80.87804629940305, "Cw22": 0.022100806409672276, "xscale22": 0.5616430388224015, "yscale22": 0.5616430388224015, "zscale22": 0.5616430388224015, "Cab23": 81.80610792670163, "Cw23": 0.01625412907681325, "xscale23": 0.5976854147752669, "yscale23": 0.5976854147752669, "zscale23": 0.5976854147752669, "Cab24": 44.426350414235785, "Cw24": 0.015883207031129328, "xscale24": 0.5353353707158576, "yscale24": 0.5353353707158576, "zscale24": 0.5353353707158576, "Cab25": 49.90559756789632, "Cw25": 0.04830407849315171, "xscale25": 0.6276268193830066, "yscale25": 0.6276268193830066, "zscale25": 0.6276268193830066, "Cab26": 79.90677143888065, "Cw26": 0.01227585271208842, "xscale26": 0.6074495514881213, "yscale26": 0.6074495514881213, "zscale26": 0.6074495514881213, "Cab27": 85.07315841512083, "Cw27": 0.04650409499280255, "xscale27": 0.387224453966135, "yscale27": 0.387224453966135, "zscale27": 0.387224453966135, "Cab28": 78.70622613378482, "Cw28": 0.03933878761515131, "xscale28": 0.4633401363654755, "yscale28": 0.4633401363654755, "zscale28": 0.4633401363654755, "Cab29": 37.12604262481985, "Cw29": 0.0350509958781357, "xscale29": 0.6412265648887235, "yscale29": 0.6412265648887235, "zscale29": 0.6412265648887235, "Cab30": 24.241871138152796, "Cw30": 0.04743337665216978, "xscale30": 0.3832576051275635, "yscale30": 0.3832576051275635, "zscale30": 0.3832576051275635, "Cab31": 51.68048582967924, "Cw31": 0.024769843193103793, "xscale31": 0.7168176926765377, "yscale31": 0.7168176926765377, "zscale31": 0.7168176926765377, "Cab32": 76.47481161694418, "Cw32": 0.029579844738145067, "xscale32": 0.4449268125930472, "yscale32": 0.4449268125930472, "zscale32": 0.4449268125930472, "Cab33": 82.26053027680658, "Cw33": 0.04040729011753252, "xscale33": 0.5405159165146188, "yscale33": 0.5405159165146188, "zscale33": 0.5405159165146188, "Cab34": 68.32554819196051, "Cw34": 0.03750280848726578, "xscale34": 0.5893197377045452, "yscale34": 0.5893197377045452, "zscale34": 0.5893197377045452, "Cab35": 75.20754031564657, "Cw35": 0.028637538899166703, "xscale35": 0.38481525967947944, "yscale35": 0.38481525967947944, "zscale35": 0.38481525967947944, "Cab36": 62.83906094372963, "Cw36": 0.02814060153851075, "xscale36": 0.7091385873837772, "yscale36": 0.7091385873837772, "zscale36": 0.7091385873837772, "Cab37": 44.736581756288956, "Cw37": 0.04432163508038523, "xscale37": 0.35960656168604194, "yscale37": 0.35960656168604194, "zscale37": 0.35960656168604194, "Cab38": 83.1332535455156, "Cw38": 0.027172606277371066, "xscale38": 0.43828544793201984, "yscale38": 0.43828544793201984, "zscale38": 0.43828544793201984, "Cab39": 42.079149213587385, "Cw39": 0.03424995370277475, "xscale39": 0.6880944859127104, "yscale39": 0.6880944859127104, "zscale39": 0.6880944859127104, "Cab40": 56.643533170005554, "Cw40": 0.049131351874179476, "xscale40": 0.5835604562887231, "yscale40": 0.5835604562887231, "zscale40": 0.5835604562887231, "Cab41": 71.80149776043531, "Cw41": 0.013269156307072745, "xscale41": 0.6043460679922729, "yscale41": 0.6043460679922729, "zscale41": 0.6043460679922729, "Cab42": 68.92044990688302, "Cw42": 0.043542249151145476, "xscale42": 0.6322710779214875, "yscale42": 0.6322710779214875, "zscale42": 0.6322710779214875, "Cab43": 87.87601073772845, "Cw43": 0.02338506524476177, "xscale43": 0.7154846306626328, "yscale43": 0.7154846306626328, "zscale43": 0.7154846306626328, "Cab44": 49.001768438879054, "Cw44": 0.0334246709246017, "xscale44": 0.517520223202214, "yscale44": 0.517520223202214, "zscale44": 0.517520223202214, "Cab45": 61.34560685614092, "Cw45": 0.02969440412757989, "xscale45": 0.2795790976551321, "yscale45": 0.2795790976551321, "zscale45": 0.2795790976551321, "Cab46": 28.79726707591747, "Cw46": 0.02135511576782822, "xscale46": 0.3739534150926496, "yscale46": 0.3739534150926496, "zscale46": 0.3739534150926496, "Cab47": 66.88024893868283, "Cw47": 0.043237615891674595, "xscale47": 0.5044946492107135, "yscale47": 0.5044946492107135, "zscale47": 0.5044946492107135, "Cab48": 32.483095075009615, "Cw48": 0.01772021523484611, "xscale48": 0.5941386666896272, "yscale48": 0.5941386666896272, "zscale48": 0.5941386666896272, "Cab49": 31.59760588384492, "Cw49": 0.03289067433342162, "xscale49": 0.44108480236053726, "yscale49": 0.44108480236053726, "zscale49": 0.44108480236053726, "Cab50": 68.80392364581144, "Cw50": 0.013279626613877445, "xscale50": 0.6479071182135695, "yscale50": 0.6479071182135695, "zscale50": 0.6479071182135695, "Cab51": 51.55530115465373, "Cw51": 0.02076116452943684, "xscale51": 0.5755549485517218, "yscale51": 0.5755549485517218, "zscale51": 0.5755549485517218, "Cab52": 73.65863481445079, "Cw52": 0.024969275763092852,