{"Cab0": 79.80663955602625, "Cw0": 0.023860434176351725, "xscale0": 0.6524545104081899, "yscale0": 0.6524545104081899, "zscale0": 0.6524545104081899, "Cab1": 36.360066993512426, "Cw1": 0.038385301029834826, "xscale1": 0.6658131718411189, "yscale1": 0.6658131718411189, "zscale1": 0.6658131718411189, "Cab2": 66.99450341751054, "Cw2": 0.02201137598213874, "xscale2": 0.7001628963123498, "yscale2": 0.7001628963123498, "zscale2": 0.7001628963123498, "Cab3": 25.137882803256595, "Cw3": 0.012797519881661628, "xscale3": 0.4231467358516175, "yscale3": 0.4231467358516175, "zscale3": 0.4231467358516175, "Cab4": 63.964973137390054, "Cw4": 0.0155097713017381, "xscale4": 0.5852883274039999, "yscale4": 0.5852883274039999, "zscale4": 0.5852883274039999, "Cab5": 46.26074689347218, "Cw5": 0.025747292060634884, "xscale5": 0.7000763483827461, "yscale5": 0.7000763483827461, "zscale5": 0.7000763483827461, "Cab6": 64.71068345442427, "Cw6": 0.04816539029915965, "xscale6": 0.458875874211407, "yscale6": 0.458875874211407, "zscale6": 0.458875874211407, "Cab7": 80.63288358911902, "Cw7": 0.03487818390411431, "xscale7": 0.5201682350484795, "yscale7": 0.5201682350484795, "zscale7": 0.5201682350484795, "Cab8": 69.10026516633056, "Cw8": 0.04642194642121876, "xscale8": 0.6428995362839357, "yscale8": 0.6428995362839357, "zscale8": 0.6428995362839357, "Cab9": 73.37731911476743, "Cw9": 0.029300850654916007, "xscale9": 0.8048465457739458, "yscale9": 0.8048465457739458, "zscale9": 0.8048465457739458, "Cab10": 78.05059177148263, "Cw10": 0.042771261157926524, "xscale10": 0.4842522173074893, "yscale10": 0.4842522173074893, "zscale10": 0.4842522173074893, "Cab11": 80.50421207825366, "Cw11": 0.03517555593845736, "xscale11": 0.6389533304742376, "yscale11": 0.6389533304742376, "zscale11": 0.6389533304742376, "Cab12": 85.26048075673424, "Cw12": 0.04302864072073585, "xscale12": 0.6360731840731102, "yscale12": 0.6360731840731102, "zscale12": 0.6360731840731102, "Cab13": 43.58553493348521, "Cw13": 0.026599946488745682, "xscale13": 0.6802293249548268, "yscale13": 0.6802293249548268, "zscale13": 0.6802293249548268, "Cab14": 78.58552413700508, "Cw14": 0.02694682894710402, "xscale14": 0.5005309862155597, "yscale14": 0.5005309862155597, "zscale14": 0.5005309862155597, "Cab15": 40.509667626454416, "Cw15": 0.02727771381768561, "xscale15": 0.686184201565374, "yscale15": 0.686184201565374, "zscale15": 0.686184201565374, "Cab16": 25.49652501873578, "Cw16": 0.02165073626559906, "xscale16": 0.5252289743852756, "yscale16": 0.5252289743852756, "zscale16": 0.5252289743852756, "Cab17": 22.48633390842395, "Cw17": 0.04192908499727419, "xscale17": 0.6631162733885205, "yscale17": 0.6631162733885205, "zscale17": 0.6631162733885205, "Cab18": 46.18848968308116, "Cw18": 0.014480385912671796, "xscale18": 0.6162448579571198, "yscale18": 0.6162448579571198, "zscale18": 0.6162448579571198, "Cab19": 60.514715879552405, "Cw19": 0.04702160836133625, "xscale19": 0.5747665333314743, "yscale19": 0.5747665333314743, "zscale19": 0.5747665333314743, "Cab20": 73.97221252080422, "Cw20": 0.017194364542174646, "xscale20": 0.6399061995578146, "yscale20": 0.6399061995578146, "zscale20": 0.6399061995578146, "Cab21": 61.359009670701, "Cw21": 0.026702658317104284, "xscale21": 0.5116565187580978, "yscale21": 0.5116565187580978, "zscale21": 0.5116565187580978, "Cab22": 49.776090258349114, "Cw22": 0.027285476395340638, "xscale22": 0.5831717618317461, "yscale22": 0.5831717618317461, "zscale22": 0.5831717618317461, "Cab23": 88.09402316384795, "Cw23": 0.0402343017646582, "xscale23": 0.6353321152599213, "yscale23": 0.6353321152599213, "zscale23": 0.6353321152599213, "Cab24": 43.692827682302394, "Cw24": 0.029274217334933274, "xscale24": 0.5509774754266474, "yscale24": 0.5509774754266474, "zscale24": 0.5509774754266474, "Cab25": 37.27336704885502, "Cw25": 0.026956270709478987, "xscale25": 0.5552622012873578, "yscale25": 0.5552622012873578, "zscale25": 0.5552622012873578, "Cab26": 50.93967678163732, "Cw26": 0.019546614640492968, "xscale26": 0.722228974519948, "yscale26": 0.722228974519948, "zscale26": 0.722228974519948, "Cab27": 48.51420147808339, "Cw27": 0.03165499527719226, "xscale27": 0.43984742062830195, "yscale27": 0.43984742062830195, "zscale27": 0.43984742062830195, "Cab28": 53.67841054149675, "Cw28": 0.026745122056875792, "xscale28": 0.42106636152038834, "yscale28": 0.42106636152038834, "zscale28": 0.42106636152038834, "Cab29": 30.138569280812597, "Cw29": 0.045959587289617354, "xscale29": 0.6965022580863581, "yscale29": 0.6965022580863581, "zscale29": 0.6965022580863581, "Cab30": 33.68994347877868, "Cw30": 0.019782437077647836, "xscale30": 0.3046423332431351, "yscale30": 0.3046423332431351, "zscale30": 0.3046423332431351, "Cab31": 70.43866438242466, "Cw31": 0.02267912425465401, "xscale31": 0.6220483459867532, "yscale31": 0.6220483459867532, "zscale31": 0.6220483459867532, "Cab32": 52.37294122508715, "Cw32": 0.018103948159803658, "xscale32": 0.5297280638611135, "yscale32": 0.5297280638611135, "zscale32": 0.5297280638611135, "Cab33": 33.878533283321524, "Cw33": 0.021290648025727586, "xscale33": 0.4288819641456258, "yscale33": 0.4288819641456258, "zscale33": 0.4288819641456258, "Cab34": 22.547832923241124, "Cw34": 0.0279484538556342, "xscale34": 0.4502574210151593, "yscale34": 0.4502574210151593, "zscale34": 0.4502574210151593, "Cab35": 30.462272563506666, "Cw35": 0.011447192755778653, "xscale35": 0.4359235907313714, "yscale35": 0.4359235907313714, "zscale35": 0.4359235907313714, "Cab36": 57.33780038537082, "Cw36": 0.034970252304221114, "xscale36": 0.5450634163297445, "yscale36": 0.5450634163297445, "zscale36": 0.5450634163297445, "Cab37": 45.88704597994095, "Cw37": 0.04335634160724236, "xscale37": 0.45855213216640056, "yscale37": 0.45855213216640056, "zscale37": 0.45855213216640056, "Cab38": 75.4984296724604, "Cw38": 0.04543763837620716, "xscale38": 0.4250828565054432, "yscale38": 0.4250828565054432, "zscale38": 0.4250828565054432, "Cab39": 82.98605175009345, "Cw39": 0.018969880617153975, "xscale39": 0.6510523468332243, "yscale39": 0.6510523468332243, "zscale39": 0.6510523468332243, "Cab40": 33.909480355117005, "Cw40": 0.03188225778524618, "xscale40": 0.5097175441544155, "yscale40": 0.5097175441544155, "zscale40": 0.5097175441544155, "Cab41": 28.342339011559382, "Cw41": 0.04481243238657406, "xscale41": 0.4491447413310986, "yscale41": 0.4491447413310986, "zscale41": 0.4491447413310986, "Cab42": 37.89730947551422, "Cw42": 0.044977989576758116, "xscale42": 0.5434664351253955, "yscale42": 0.5434664351253955, "zscale42": 0.5434664351253955, "Cab43": 39.56063890350353, "Cw43": 0.025388558145312216, "xscale43": 0.6917583875073658, "yscale43": 0.6917583875073658, "zscale43": 0.6917583875073658, "Cab44": 34.30409237626179, "Cw44": 0.03342753687012763, "xscale44": 0.44076787257632555, "yscale44": 0.44076787257632555, "zscale44": 0.44076787257632555, "Cab45": 47.90141485279106, "Cw45": 0.03840096249112964, "xscale45": 0.38555771033147823, "yscale45": 0.38555771033147823, "zscale45": 0.38555771033147823, "Cab46": 37.80581490763809, "Cw46": 0.027269989667809857, "xscale46": 0.47769440232647925, "yscale46": 0.47769440232647925, "zscale46": 0.47769440232647925, "Cab47": 52.76709377546097, "Cw47": 0.04308838995880114, "xscale47": 0.4958333276553256, "yscale47": 0.4958333276553256, "zscale47": 0.4958333276553256, "Cab48": 71.22981736662769, "Cw48": 0.011409336936063084, "xscale48": 0.7603756464051772, "yscale48": 0.7603756464051772, "zscale48": 0.7603756464051772, "Cab49": 25.522203575816693, "Cw49": 0.04523261891163227, "xscale49": 0.44798416680353315, "yscale49": 0.44798416680353315, "zscale49": 0.44798416680353315, "Cab50": 87.02306050982862, "Cw50": 0.023910122609554565, "xscale50": 0.5925813686496006, "yscale50": 0.5925813686496006, "zscale50": 0.5925813686496006, "Cab51": 72.47207918503375, "Cw51": 0.04876475978371426, "xscale51": 0.8338451946659815, "yscale51": 0.8338451946659815, "zscale51": 0.8338451946659815, "Cab52": 55.278250131771216,