{"Cab0": 76.8318397431988, "Cw0": 0.02660303279159041, "xscale0": 0.5865238885677919, "yscale0": 0.5865238885677919, "zscale0": 0.5865238885677919, "Cab1": 37.36727640025846, "Cw1": 0.04731376321095821, "xscale1": 0.5834098747852298, "yscale1": 0.5834098747852298, "zscale1": 0.5834098747852298, "Cab2": 24.978098036013314, "Cw2": 0.04863684769825717, "xscale2": 0.6636677569919747, "yscale2": 0.6636677569919747, "zscale2": 0.6636677569919747, "Cab3": 36.55683960628616, "Cw3": 0.030814997276624914, "xscale3": 0.49408266243532534, "yscale3": 0.49408266243532534, "zscale3": 0.49408266243532534, "Cab4": 69.15819673853996, "Cw4": 0.03121691701805286, "xscale4": 0.690949016354574, "yscale4": 0.690949016354574, "zscale4": 0.690949016354574, "Cab5": 74.84794406118365, "Cw5": 0.011929805541801808, "xscale5": 0.6459536467067687, "yscale5": 0.6459536467067687, "zscale5": 0.6459536467067687, "Cab6": 57.131614487415696, "Cw6": 0.03647679771750409, "xscale6": 0.44294683220108344, "yscale6": 0.44294683220108344, "zscale6": 0.44294683220108344, "Cab7": 30.1502705461435, "Cw7": 0.018475777306393916, "xscale7": 0.5553606424496988, "yscale7": 0.5553606424496988, "zscale7": 0.5553606424496988, "Cab8": 45.091978317068595, "Cw8": 0.016637351401644643, "xscale8": 0.5463322395401676, "yscale8": 0.5463322395401676, "zscale8": 0.5463322395401676, "Cab9": 26.014966080503044, "Cw9": 0.016043625230879148, "xscale9": 0.5992388815937947, "yscale9": 0.5992388815937947, "zscale9": 0.5992388815937947, "Cab10": 33.666440276816395, "Cw10": 0.019802424993000216, "xscale10": 0.5670208179173422, "yscale10": 0.5670208179173422, "zscale10": 0.5670208179173422, "Cab11": 62.09768085803568, "Cw11": 0.026017263503174834, "xscale11": 0.5242347807624773, "yscale11": 0.5242347807624773, "zscale11": 0.5242347807624773, "Cab12": 44.960236733757256, "Cw12": 0.04676136399682526, "xscale12": 0.44354522716845163, "yscale12": 0.44354522716845163, "zscale12": 0.44354522716845163, "Cab13": 82.0884625021084, "Cw13": 0.029830679830940746, "xscale13": 0.6921223588663918, "yscale13": 0.6921223588663918, "zscale13": 0.6921223588663918, "Cab14": 71.5629604773182, "Cw14": 0.04628338423597065, "xscale14": 0.5105142093884415, "yscale14": 0.5105142093884415, "zscale14": 0.5105142093884415, "Cab15": 89.96156071923491, "Cw15": 0.03784318704705451, "xscale15": 0.5100277622403764, "yscale15": 0.5100277622403764, "zscale15": 0.5100277622403764, "Cab16": 66.77246003144549, "Cw16": 0.010986155978750687, "xscale16": 0.6610242446276313, "yscale16": 0.6610242446276313, "zscale16": 0.6610242446276313, "Cab17": 44.622014395250446, "Cw17": 0.01348995913130052, "xscale17": 0.5399700189762537, "yscale17": 0.5399700189762537, "zscale17": 0.5399700189762537, "Cab18": 70.09653450895406, "Cw18": 0.032288784326342516, "xscale18": 0.5411016958003335, "yscale18": 0.5411016958003335, "zscale18": 0.5411016958003335, "Cab19": 52.62450327391622, "Cw19": 0.03414597136884888, "xscale19": 0.5058091686487007, "yscale19": 0.5058091686487007, "zscale19": 0.5058091686487007, "Cab20": 35.45276181968548, "Cw20": 0.03970679403673887, "xscale20": 0.7310175484918775, "yscale20": 0.7310175484918775, "zscale20": 0.7310175484918775, "Cab21": 78.87013293909033, "Cw21": 0.04514247534777606, "xscale21": 0.5857014811401972, "yscale21": 0.5857014811401972, "zscale21": 0.5857014811401972, "Cab22": 62.92097594890647, "Cw22": 0.031730419488478184, "xscale22": 0.54419415959836, "yscale22": 0.54419415959836, "zscale22": 0.54419415959836, "Cab23": 46.54452205718803, "Cw23": 0.016272261050583908, "xscale23": 0.597951950229176, "yscale23": 0.597951950229176, "zscale23": 0.597951950229176, "Cab24": 58.0972953443266, "Cw24": 0.03654319916450919, "xscale24": 0.574382062449637, "yscale24": 0.574382062449637, "zscale24": 0.574382062449637, "Cab25": 69.04605780533667, "Cw25": 0.020823235367293573, "xscale25": 0.5495817563113933, "yscale25": 0.5495817563113933, "zscale25": 0.5495817563113933, "Cab26": 60.49204313751269, "Cw26": 0.049517829421443955, "xscale26": 0.5553256268378037, "yscale26": 0.5553256268378037, "zscale26": 0.5553256268378037, "Cab27": 27.848483002722297, "Cw27": 0.04979591435365628, "xscale27": 0.4691034774595008, "yscale27": 0.4691034774595008, "zscale27": 0.4691034774595008, "Cab28": 50.12891512810948, "Cw28": 0.03509008802350336, "xscale28": 0.41905018853038833, "yscale28": 0.41905018853038833, "zscale28": 0.41905018853038833, "Cab29": 75.67358565337005, "Cw29": 0.016474201591246962, "xscale29": 0.5620544553045749, "yscale29": 0.5620544553045749, "zscale29": 0.5620544553045749, "Cab30": 58.79639124386288, "Cw30": 0.03555272529952457, "xscale30": 0.39441007653695087, "yscale30": 0.39441007653695087, "zscale30": 0.39441007653695087, "Cab31": 75.78665094244985, "Cw31": 0.041713078555060075, "xscale31": 0.6048698054931776, "yscale31": 0.6048698054931776, "zscale31": 0.6048698054931776, "Cab32": 68.94410326014156, "Cw32": 0.03396259393975897, "xscale32": 0.5515873359508918, "yscale32": 0.5515873359508918, "zscale32": 0.5515873359508918, "Cab33": 58.05673829272024, "Cw33": 0.02594961612691782, "xscale33": 0.42519562123029075, "yscale33": 0.42519562123029075, "zscale33": 0.42519562123029075, "Cab34": 44.921705120435035, "Cw34": 0.03215078256326865, "xscale34": 0.5646942542145095, "yscale34": 0.5646942542145095, "zscale34": 0.5646942542145095, "Cab35": 48.856947815255666, "Cw35": 0.0155099713713216, "xscale35": 0.3845545065775761, "yscale35": 0.3845545065775761, "zscale35": 0.3845545065775761, "Cab36": 68.87234451428219, "Cw36": 0.014750000174407378, "xscale36": 0.663949588174061, "yscale36": 0.663949588174061, "zscale36": 0.663949588174061, "Cab37": 35.555009034870224, "Cw37": 0.014898447242384032, "xscale37": 0.3799156412591212, "yscale37": 0.3799156412591212, "zscale37": 0.3799156412591212, "Cab38": 34.34065168009134, "Cw38": 0.04279646985819858, "xscale38": 0.5078290891295264, "yscale38": 0.5078290891295264, "zscale38": 0.5078290891295264, "Cab39": 39.306318928559875, "Cw39": 0.03835595202597549, "xscale39": 0.6204587515239233, "yscale39": 0.6204587515239233, "zscale39": 0.6204587515239233, "Cab40": 87.06194076004886, "Cw40": 0.03133474057444011, "xscale40": 0.4499565620916445, "yscale40": 0.4499565620916445, "zscale40": 0.4499565620916445, "Cab41": 69.3493247504552, "Cw41": 0.042000790446721586, "xscale41": 0.6600584016949548, "yscale41": 0.6600584016949548, "zscale41": 0.6600584016949548, "Cab42": 88.88319639315064, "Cw42": 0.02116201742390377, "xscale42": 0.5361537318492519, "yscale42": 0.5361537318492519, "zscale42": 0.5361537318492519, "Cab43": 60.061807156489394, "Cw43": 0.010195633125060492, "xscale43": 0.6583949496312411, "yscale43": 0.6583949496312411, "zscale43": 0.6583949496312411, "Cab44": 49.241611310707015, "Cw44": 0.034988805944872435, "xscale44": 0.3666960991642457, "yscale44": 0.3666960991642457, "zscale44": 0.3666960991642457, "Cab45": 28.772046466188797, "Cw45": 0.03397812749182919, "xscale45": 0.33593769527358186, "yscale45": 0.33593769527358186, "zscale45": 0.33593769527358186, "Cab46": 86.45734013008786, "Cw46": 0.02766832433893366, "xscale46": 0.5472860171254648, "yscale46": 0.5472860171254648, "zscale46": 0.5472860171254648, "Cab47": 59.286148622480574, "Cw47": 0.029434284259673885, "xscale47": 0.61427802095824, "yscale47": 0.61427802095824, "zscale47": 0.61427802095824, "Cab48": 21.70794615603767, "Cw48": 0.03417198391920718, "xscale48": 0.6337865585695981, "yscale48": 0.6337865585695981, "zscale48": 0.6337865585695981, "Cab49": 60.68862462695708, "Cw49": 0.04332005920411014, "xscale49": 0.5914666955894365, "yscale49": 0.5914666955894365, "zscale49": 0.5914666955894365, "Cab50": 29.00940169545358, "Cw50": 0.01670974326881383, "xscale50": 0.666242184390083, "yscale50": 0.666242184390083, "zscale50": 0.666242184390083, "Cab51": 33.59146041517332, "Cw51": 0.02333252992508922, "xscale51": 0.7107661975419766, "yscale51": 0.7107661975419766, "zscale51": 0.7107661975419766, "Cab52": 79.29824848127195, "Cw52": 0.03002106407889687,