{"Cab0": 75.09114959376035, "Cw0": 0.01698761695293993, "xscale0": 0.6830703558852778, "yscale0": 0.6830703558852778, "zscale0": 0.6830703558852778, "Cab1": 86.67928086545905, "Cw1": 0.031016747497488367, "xscale1": 0.5759827852539964, "yscale1": 0.5759827852539964, "zscale1": 0.5759827852539964, "Cab2": 53.547994891322546, "Cw2": 0.01760188737355868, "xscale2": 0.7167569364708897, "yscale2": 0.7167569364708897, "zscale2": 0.7167569364708897, "Cab3": 81.37660908414097, "Cw3": 0.04899923242514279, "xscale3": 0.44566072836500914, "yscale3": 0.44566072836500914, "zscale3": 0.44566072836500914, "Cab4": 75.56528374589388, "Cw4": 0.04864892958087917, "xscale4": 0.615768545806404, "yscale4": 0.615768545806404, "zscale4": 0.615768545806404, "Cab5": 34.17391712905443, "Cw5": 0.025665042972748707, "xscale5": 0.7180573458072526, "yscale5": 0.7180573458072526, "zscale5": 0.7180573458072526, "Cab6": 39.07336682729811, "Cw6": 0.033227111327012865, "xscale6": 0.4935747654866597, "yscale6": 0.4935747654866597, "zscale6": 0.4935747654866597, "Cab7": 39.63843985172307, "Cw7": 0.01154573936946195, "xscale7": 0.48789160123094355, "yscale7": 0.48789160123094355, "zscale7": 0.48789160123094355, "Cab8": 25.32822576354235, "Cw8": 0.010189386510070904, "xscale8": 0.655517346389331, "yscale8": 0.655517346389331, "zscale8": 0.655517346389331, "Cab9": 50.99467456685552, "Cw9": 0.044990854212140406, "xscale9": 0.5493046724811584, "yscale9": 0.5493046724811584, "zscale9": 0.5493046724811584, "Cab10": 23.86590873524427, "Cw10": 0.047147513071773464, "xscale10": 0.5702832345404966, "yscale10": 0.5702832345404966, "zscale10": 0.5702832345404966, "Cab11": 47.275879235229795, "Cw11": 0.013629187706541238, "xscale11": 0.7431308534541369, "yscale11": 0.7431308534541369, "zscale11": 0.7431308534541369, "Cab12": 30.688937690365247, "Cw12": 0.017905383360481017, "xscale12": 0.4904428974564516, "yscale12": 0.4904428974564516, "zscale12": 0.4904428974564516, "Cab13": 33.72738799212302, "Cw13": 0.027659616922880187, "xscale13": 0.612847377700559, "yscale13": 0.612847377700559, "zscale13": 0.612847377700559, "Cab14": 77.09143740162273, "Cw14": 0.029804936784227944, "xscale14": 0.6300336959766542, "yscale14": 0.6300336959766542, "zscale14": 0.6300336959766542, "Cab15": 57.85950467610836, "Cw15": 0.03230699342940021, "xscale15": 0.5474036904399611, "yscale15": 0.5474036904399611, "zscale15": 0.5474036904399611, "Cab16": 29.33303056744885, "Cw16": 0.02181463310328288, "xscale16": 0.640418466561602, "yscale16": 0.640418466561602, "zscale16": 0.640418466561602, "Cab17": 76.90941407879609, "Cw17": 0.010918992500404583, "xscale17": 0.46245628929742527, "yscale17": 0.46245628929742527, "zscale17": 0.46245628929742527, "Cab18": 71.87981653468123, "Cw18": 0.04498845735486064, "xscale18": 0.7124693580484242, "yscale18": 0.7124693580484242, "zscale18": 0.7124693580484242, "Cab19": 34.67310193991877, "Cw19": 0.034404926198898095, "xscale19": 0.5835136597083507, "yscale19": 0.5835136597083507, "zscale19": 0.5835136597083507, "Cab20": 22.977347270687048, "Cw20": 0.014645685619496262, "xscale20": 0.6918754657323221, "yscale20": 0.6918754657323221, "zscale20": 0.6918754657323221, "Cab21": 63.78150631822958, "Cw21": 0.041278510999066965, "xscale21": 0.6353581930929408, "yscale21": 0.6353581930929408, "zscale21": 0.6353581930929408, "Cab22": 40.72706320305678, "Cw22": 0.025631448589393833, "xscale22": 0.5329286277618708, "yscale22": 0.5329286277618708, "zscale22": 0.5329286277618708, "Cab23": 29.33049614093161, "Cw23": 0.01727974973403288, "xscale23": 0.5682793644398668, "yscale23": 0.5682793644398668, "zscale23": 0.5682793644398668, "Cab24": 51.761547868840395, "Cw24": 0.032444850641291, "xscale24": 0.46275489538356906, "yscale24": 0.46275489538356906, "zscale24": 0.46275489538356906, "Cab25": 78.76225460182232, "Cw25": 0.0327129889732623, "xscale25": 0.5243802938391714, "yscale25": 0.5243802938391714, "zscale25": 0.5243802938391714, "Cab26": 75.8072658857784, "Cw26": 0.019918144415272176, "xscale26": 0.5582432445109817, "yscale26": 0.5582432445109817, "zscale26": 0.5582432445109817, "Cab27": 47.550022684730294, "Cw27": 0.04943680156441779, "xscale27": 0.45064653743759064, "yscale27": 0.45064653743759064, "zscale27": 0.45064653743759064, "Cab28": 48.21638789562986, "Cw28": 0.040839668332236435, "xscale28": 0.3857023973036794, "yscale28": 0.3857023973036794, "zscale28": 0.3857023973036794, "Cab29": 40.96636825828668, "Cw29": 0.021719663313931256, "xscale29": 0.5092046578110017, "yscale29": 0.5092046578110017, "zscale29": 0.5092046578110017, "Cab30": 76.12831585168547, "Cw30": 0.04036567655732507, "xscale30": 0.37153149329569984, "yscale30": 0.37153149329569984, "zscale30": 0.37153149329569984, "Cab31": 36.60774939697663, "Cw31": 0.035494818628168015, "xscale31": 0.5842288993769046, "yscale31": 0.5842288993769046, "zscale31": 0.5842288993769046, "Cab32": 80.08930713384956, "Cw32": 0.03342255274533575, "xscale32": 0.5309171572584727, "yscale32": 0.5309171572584727, "zscale32": 0.5309171572584727, "Cab33": 40.478362471731884, "Cw33": 0.010416076397843633, "xscale33": 0.5548643403739192, "yscale33": 0.5548643403739192, "zscale33": 0.5548643403739192, "Cab34": 25.48035219149898, "Cw34": 0.04137421010360726, "xscale34": 0.502090750379081, "yscale34": 0.502090750379081, "zscale34": 0.502090750379081, "Cab35": 21.84733220345136, "Cw35": 0.016353619409817926, "xscale35": 0.4576347352450337, "yscale35": 0.4576347352450337, "zscale35": 0.4576347352450337, "Cab36": 31.319215689185917, "Cw36": 0.04429759853470129, "xscale36": 0.6783565738116334, "yscale36": 0.6783565738116334, "zscale36": 0.6783565738116334, "Cab37": 50.40421106653599, "Cw37": 0.03804742980941702, "xscale37": 0.5327233558512675, "yscale37": 0.5327233558512675, "zscale37": 0.5327233558512675, "Cab38": 53.02595993857324, "Cw38": 0.025633209708881027, "xscale38": 0.4860777049808553, "yscale38": 0.4860777049808553, "zscale38": 0.4860777049808553, "Cab39": 81.56370361633573, "Cw39": 0.012797439908998976, "xscale39": 0.5970763344952931, "yscale39": 0.5970763344952931, "zscale39": 0.5970763344952931, "Cab40": 50.46836525703864, "Cw40": 0.013019925295521859, "xscale40": 0.45359243112764724, "yscale40": 0.45359243112764724, "zscale40": 0.45359243112764724, "Cab41": 73.97713329613237, "Cw41": 0.032468403454466326, "xscale41": 0.4857526076465249, "yscale41": 0.4857526076465249, "zscale41": 0.4857526076465249, "Cab42": 56.134873880474366, "Cw42": 0.024206210775210072, "xscale42": 0.4472540888762881, "yscale42": 0.4472540888762881, "zscale42": 0.4472540888762881, "Cab43": 74.14581619766227, "Cw43": 0.014825764836053109, "xscale43": 0.567889579377166, "yscale43": 0.567889579377166, "zscale43": 0.567889579377166, "Cab44": 46.13610271212413, "Cw44": 0.04788411217776901, "xscale44": 0.41737002306540816, "yscale44": 0.41737002306540816, "zscale44": 0.41737002306540816, "Cab45": 31.393374835780058, "Cw45": 0.04087705839802303, "xscale45": 0.3186936412315107, "yscale45": 0.3186936412315107, "zscale45": 0.3186936412315107, "Cab46": 57.421038039840354, "Cw46": 0.03423977480076844, "xscale46": 0.4235146731636016, "yscale46": 0.4235146731636016, "zscale46": 0.4235146731636016, "Cab47": 66.50795646154995, "Cw47": 0.04316346003774667, "xscale47": 0.4685812383482421, "yscale47": 0.4685812383482421, "zscale47": 0.4685812383482421, "Cab48": 23.766811628795566, "Cw48": 0.04985561727810554, "xscale48": 0.6654643598526374, "yscale48": 0.6654643598526374, "zscale48": 0.6654643598526374, "Cab49": 54.41096361718582, "Cw49": 0.03323347524393942, "xscale49": 0.49463607417088373, "yscale49": 0.49463607417088373, "zscale49": 0.49463607417088373, "Cab50": 23.045521547610704, "Cw50": 0.026392313965764677, "xscale50": 0.7708031332692962, "yscale50": 0.7708031332692962, "zscale50": 0.7708031332692962, "Cab51": 61.37282948515991, "Cw51": 0.01738258975862944, "xscale51": 0.7350447722390556, "yscale51": 0.7350447722390556, "zscale51": 0.7350447722390556, "Cab52": 30.08257241476288,