{"Cab0": 83.74373424412494, "Cw0": 0.033998697362576734, "xscale0": 0.8494846721344254, "yscale0": 0.8494846721344254, "zscale0": 0.8494846721344254, "Cab1": 80.31644953298888, "Cw1": 0.04429733993536306, "xscale1": 0.6090255500983925, "yscale1": 0.6090255500983925, "zscale1": 0.6090255500983925, "Cab2": 74.32864234808733, "Cw2": 0.04621769287108535, "xscale2": 0.6248382687236744, "yscale2": 0.6248382687236744, "zscale2": 0.6248382687236744, "Cab3": 48.569063821110404, "Cw3": 0.02830715054766169, "xscale3": 0.5511589730405348, "yscale3": 0.5511589730405348, "zscale3": 0.5511589730405348, "Cab4": 83.01844357231326, "Cw4": 0.029634581488209473, "xscale4": 0.5215964894415471, "yscale4": 0.5215964894415471, "zscale4": 0.5215964894415471, "Cab5": 47.056537848081646, "Cw5": 0.03570723830600315, "xscale5": 0.8454458990854451, "yscale5": 0.8454458990854451, "zscale5": 0.8454458990854451, "Cab6": 34.82795264601851, "Cw6": 0.04621080160912132, "xscale6": 0.520934427945726, "yscale6": 0.520934427945726, "zscale6": 0.520934427945726, "Cab7": 55.78666079568452, "Cw7": 0.017327797254474166, "xscale7": 0.5322519028552811, "yscale7": 0.5322519028552811, "zscale7": 0.5322519028552811, "Cab8": 29.88314205873118, "Cw8": 0.04122097237539767, "xscale8": 0.47198045446122955, "yscale8": 0.47198045446122955, "zscale8": 0.47198045446122955, "Cab9": 71.51539959189411, "Cw9": 0.03958744504193085, "xscale9": 0.7392500262440003, "yscale9": 0.7392500262440003, "zscale9": 0.7392500262440003, "Cab10": 25.80026247250541, "Cw10": 0.04040649413881643, "xscale10": 0.5719790604813371, "yscale10": 0.5719790604813371, "zscale10": 0.5719790604813371, "Cab11": 33.79358497303866, "Cw11": 0.010674974967988603, "xscale11": 0.7737576994670164, "yscale11": 0.7737576994670164, "zscale11": 0.7737576994670164, "Cab12": 24.958323023992143, "Cw12": 0.03059029190340054, "xscale12": 0.6158958677950085, "yscale12": 0.6158958677950085, "zscale12": 0.6158958677950085, "Cab13": 27.888369235422775, "Cw13": 0.01620260763005868, "xscale13": 0.5002010377614831, "yscale13": 0.5002010377614831, "zscale13": 0.5002010377614831, "Cab14": 75.29644095282615, "Cw14": 0.04134463200132088, "xscale14": 0.6258228633827476, "yscale14": 0.6258228633827476, "zscale14": 0.6258228633827476, "Cab15": 74.44208083459328, "Cw15": 0.014593615160132658, "xscale15": 0.605224288398976, "yscale15": 0.605224288398976, "zscale15": 0.605224288398976, "Cab16": 28.508384973633277, "Cw16": 0.026709547652788233, "xscale16": 0.5789951181489962, "yscale16": 0.5789951181489962, "zscale16": 0.5789951181489962, "Cab17": 50.14594823725189, "Cw17": 0.04582761192186814, "xscale17": 0.517095460240993, "yscale17": 0.517095460240993, "zscale17": 0.517095460240993, "Cab18": 64.15928777512224, "Cw18": 0.043481503433634244, "xscale18": 0.7469129989567097, "yscale18": 0.7469129989567097, "zscale18": 0.7469129989567097, "Cab19": 31.998801832114847, "Cw19": 0.03690834141752761, "xscale19": 0.5982095675584764, "yscale19": 0.5982095675584764, "zscale19": 0.5982095675584764, "Cab20": 83.77674007440177, "Cw20": 0.04442832334143454, "xscale20": 0.6269442762859742, "yscale20": 0.6269442762859742, "zscale20": 0.6269442762859742, "Cab21": 39.5266501612933, "Cw21": 0.025145626581900258, "xscale21": 0.4570143116623247, "yscale21": 0.4570143116623247, "zscale21": 0.4570143116623247, "Cab22": 32.86415856457065, "Cw22": 0.0453521616846227, "xscale22": 0.42547296331470497, "yscale22": 0.42547296331470497, "zscale22": 0.42547296331470497, "Cab23": 82.71420505371044, "Cw23": 0.03886040878036345, "xscale23": 0.5577115292067347, "yscale23": 0.5577115292067347, "zscale23": 0.5577115292067347, "Cab24": 85.79379183316225, "Cw24": 0.04715352350512206, "xscale24": 0.4823520635698756, "yscale24": 0.4823520635698756, "zscale24": 0.4823520635698756, "Cab25": 26.747089479381316, "Cw25": 0.013891799024385412, "xscale25": 0.7058413451835465, "yscale25": 0.7058413451835465, "zscale25": 0.7058413451835465, "Cab26": 87.08486211315261, "Cw26": 0.0193491086187288, "xscale26": 0.6080989805291213, "yscale26": 0.6080989805291213, "zscale26": 0.6080989805291213, "Cab27": 52.476351744105614, "Cw27": 0.049528740089335534, "xscale27": 0.4448702878679095, "yscale27": 0.4448702878679095, "zscale27": 0.4448702878679095, "Cab28": 42.240705838641254, "Cw28": 0.03786562052134573, "xscale28": 0.46388420033229133, "yscale28": 0.46388420033229133, "zscale28": 0.46388420033229133, "Cab29": 31.809437324289554, "Cw29": 0.030033090034502656, "xscale29": 0.5677540084064812, "yscale29": 0.5677540084064812, "zscale29": 0.5677540084064812, "Cab30": 72.1194960294626, "Cw30": 0.012066343927734674, "xscale30": 0.3455248091736245, "yscale30": 0.3455248091736245, "zscale30": 0.3455248091736245, "Cab31": 84.739685634878, "Cw31": 0.049250452284005326, "xscale31": 0.7316317095590481, "yscale31": 0.7316317095590481, "zscale31": 0.7316317095590481, "Cab32": 32.272627578158776, "Cw32": 0.014260347472391133, "xscale32": 0.38421085462567434, "yscale32": 0.38421085462567434, "zscale32": 0.38421085462567434, "Cab33": 24.618808317326, "Cw33": 0.030797394225828126, "xscale33": 0.575114100191577, "yscale33": 0.575114100191577, "zscale33": 0.575114100191577, "Cab34": 32.439381442642855, "Cw34": 0.0405167982687121, "xscale34": 0.5640722386940821, "yscale34": 0.5640722386940821, "zscale34": 0.5640722386940821, "Cab35": 65.03698492631713, "Cw35": 0.04611062020476761, "xscale35": 0.37730846801398593, "yscale35": 0.37730846801398593, "zscale35": 0.37730846801398593, "Cab36": 67.87296734826887, "Cw36": 0.01402293870812565, "xscale36": 0.5761568835719032, "yscale36": 0.5761568835719032, "zscale36": 0.5761568835719032, "Cab37": 20.31471847551227, "Cw37": 0.03665900749077397, "xscale37": 0.3696235961824705, "yscale37": 0.3696235961824705, "zscale37": 0.3696235961824705, "Cab38": 53.90704007365719, "Cw38": 0.023967810196659087, "xscale38": 0.5202268204474784, "yscale38": 0.5202268204474784, "zscale38": 0.5202268204474784, "Cab39": 78.88189473781156, "Cw39": 0.03556294796907719, "xscale39": 0.7153684548850202, "yscale39": 0.7153684548850202, "zscale39": 0.7153684548850202, "Cab40": 31.987973264354814, "Cw40": 0.016323560763275343, "xscale40": 0.571896687861241, "yscale40": 0.571896687861241, "zscale40": 0.571896687861241, "Cab41": 38.06584531163577, "Cw41": 0.0148239825403541, "xscale41": 0.6537543085480829, "yscale41": 0.6537543085480829, "zscale41": 0.6537543085480829, "Cab42": 28.459171591408513, "Cw42": 0.022926097773665624, "xscale42": 0.47065493664656655, "yscale42": 0.47065493664656655, "zscale42": 0.47065493664656655, "Cab43": 49.53346432077626, "Cw43": 0.01100271246650153, "xscale43": 0.684675965184184, "yscale43": 0.684675965184184, "zscale43": 0.684675965184184, "Cab44": 59.76720115412265, "Cw44": 0.019544906000914613, "xscale44": 0.38460177842509463, "yscale44": 0.38460177842509463, "zscale44": 0.38460177842509463, "Cab45": 66.61991321567281, "Cw45": 0.04130558566144097, "xscale45": 0.36537988105292646, "yscale45": 0.36537988105292646, "zscale45": 0.36537988105292646, "Cab46": 39.108880144345186, "Cw46": 0.017530635972144847, "xscale46": 0.533289577365581, "yscale46": 0.533289577365581, "zscale46": 0.533289577365581, "Cab47": 47.000055671136124, "Cw47": 0.023182864244806048, "xscale47": 0.468480552223532, "yscale47": 0.468480552223532, "zscale47": 0.468480552223532, "Cab48": 70.68388374441511, "Cw48": 0.017676003236974526, "xscale48": 0.7209684381770776, "yscale48": 0.7209684381770776, "zscale48": 0.7209684381770776, "Cab49": 26.822114692690032, "Cw49": 0.011412138379218714, "xscale49": 0.5120992754674045, "yscale49": 0.5120992754674045, "zscale49": 0.5120992754674045, "Cab50": 68.35588708879827, "Cw50": 0.035870501592464146, "xscale50": 0.6997933579173954, "yscale50": 0.6997933579173954, "zscale50": 0.6997933579173954, "Cab51": 59.12720729855008, "Cw51": 0.04151122056683303, "xscale51": 0.7140439250152282, "yscale51": 0.7140439250152282, "zscale51": 0.7140439250152282, "Cab52": 44.81620992435301, "Cw52": 0.03766156209434629,