{"Cab0": 31.947908415294478, "Cw0": 0.026754567239361253, "xscale0": 0.7880907047423158, "yscale0": 0.7880907047423158, "zscale0": 0.7880907047423158, "Cab1": 43.52188139290134, "Cw1": 0.030484686560470875, "xscale1": 0.5313678691285487, "yscale1": 0.5313678691285487, "zscale1": 0.5313678691285487, "Cab2": 21.76526897106965, "Cw2": 0.029983880103210014, "xscale2": 0.6263522006029264, "yscale2": 0.6263522006029264, "zscale2": 0.6263522006029264, "Cab3": 52.07627045828263, "Cw3": 0.02191170794278633, "xscale3": 0.5837704692122851, "yscale3": 0.5837704692122851, "zscale3": 0.5837704692122851, "Cab4": 45.632180395632986, "Cw4": 0.03647505391389489, "xscale4": 0.6520425950310833, "yscale4": 0.6520425950310833, "zscale4": 0.6520425950310833, "Cab5": 64.03536734879347, "Cw5": 0.04964518704323434, "xscale5": 0.6360024117282462, "yscale5": 0.6360024117282462, "zscale5": 0.6360024117282462, "Cab6": 38.677607661297216, "Cw6": 0.04343529873433885, "xscale6": 0.5823819600756527, "yscale6": 0.5823819600756527, "zscale6": 0.5823819600756527, "Cab7": 39.61990434710864, "Cw7": 0.030719417666670024, "xscale7": 0.5926285875835048, "yscale7": 0.5926285875835048, "zscale7": 0.5926285875835048, "Cab8": 79.96102393893045, "Cw8": 0.022744924572439706, "xscale8": 0.49422123798382744, "yscale8": 0.49422123798382744, "zscale8": 0.49422123798382744, "Cab9": 59.9390907066197, "Cw9": 0.03859361366359389, "xscale9": 0.787724306673858, "yscale9": 0.787724306673858, "zscale9": 0.787724306673858, "Cab10": 27.525975561167105, "Cw10": 0.019860458561848388, "xscale10": 0.4207944170446392, "yscale10": 0.4207944170446392, "zscale10": 0.4207944170446392, "Cab11": 30.221575497709527, "Cw11": 0.0157219616232522, "xscale11": 0.5936990479407595, "yscale11": 0.5936990479407595, "zscale11": 0.5936990479407595, "Cab12": 43.35971685986034, "Cw12": 0.029869751147596407, "xscale12": 0.5831199509470242, "yscale12": 0.5831199509470242, "zscale12": 0.5831199509470242, "Cab13": 63.57781893857656, "Cw13": 0.039042484042527234, "xscale13": 0.6672381357548651, "yscale13": 0.6672381357548651, "zscale13": 0.6672381357548651, "Cab14": 87.72948105003114, "Cw14": 0.033730157307496116, "xscale14": 0.5222981755798123, "yscale14": 0.5222981755798123, "zscale14": 0.5222981755798123, "Cab15": 44.97392746077017, "Cw15": 0.029024711708524865, "xscale15": 0.6278577248836158, "yscale15": 0.6278577248836158, "zscale15": 0.6278577248836158, "Cab16": 57.44145069533575, "Cw16": 0.03157681455677543, "xscale16": 0.5843176610435166, "yscale16": 0.5843176610435166, "zscale16": 0.5843176610435166, "Cab17": 21.78992648496833, "Cw17": 0.04519002372188286, "xscale17": 0.6424090000928472, "yscale17": 0.6424090000928472, "zscale17": 0.6424090000928472, "Cab18": 83.44853670703282, "Cw18": 0.030880163172895318, "xscale18": 0.6425843864709753, "yscale18": 0.6425843864709753, "zscale18": 0.6425843864709753, "Cab19": 78.92743608411956, "Cw19": 0.031710996567271534, "xscale19": 0.5099747685681398, "yscale19": 0.5099747685681398, "zscale19": 0.5099747685681398, "Cab20": 32.24461834761928, "Cw20": 0.03510061414587985, "xscale20": 0.5762012643379957, "yscale20": 0.5762012643379957, "zscale20": 0.5762012643379957, "Cab21": 74.69508811534877, "Cw21": 0.01625042048977311, "xscale21": 0.6227136579935475, "yscale21": 0.6227136579935475, "zscale21": 0.6227136579935475, "Cab22": 39.050200922859375, "Cw22": 0.03429476655410269, "xscale22": 0.4300296391899788, "yscale22": 0.4300296391899788, "zscale22": 0.4300296391899788, "Cab23": 68.23426620794802, "Cw23": 0.020104080041554576, "xscale23": 0.5681829644264836, "yscale23": 0.5681829644264836, "zscale23": 0.5681829644264836, "Cab24": 76.25812044097057, "Cw24": 0.015225147531049523, "xscale24": 0.5858018636521478, "yscale24": 0.5858018636521478, "zscale24": 0.5858018636521478, "Cab25": 37.205995601384714, "Cw25": 0.04530000692820217, "xscale25": 0.7001173173055548, "yscale25": 0.7001173173055548, "zscale25": 0.7001173173055548, "Cab26": 46.73471130079461, "Cw26": 0.04380776962351216, "xscale26": 0.5007564570991321, "yscale26": 0.5007564570991321, "zscale26": 0.5007564570991321, "Cab27": 84.51817007377744, "Cw27": 0.0417634029845456, "xscale27": 0.43832252197666915, "yscale27": 0.43832252197666915, "zscale27": 0.43832252197666915, "Cab28": 65.02119100214932, "Cw28": 0.036926671320981916, "xscale28": 0.4459468581404732, "yscale28": 0.4459468581404732, "zscale28": 0.4459468581404732, "Cab29": 62.920588277584294, "Cw29": 0.01944448505201822, "xscale29": 0.5023059569609125, "yscale29": 0.5023059569609125, "zscale29": 0.5023059569609125, "Cab30": 84.85168878782413, "Cw30": 0.01077419825057438, "xscale30": 0.3055590865478657, "yscale30": 0.3055590865478657, "zscale30": 0.3055590865478657, "Cab31": 55.06143252501412, "Cw31": 0.016295858036930642, "xscale31": 0.6112801890819758, "yscale31": 0.6112801890819758, "zscale31": 0.6112801890819758, "Cab32": 35.68362528391204, "Cw32": 0.013914150743004138, "xscale32": 0.4815293317147632, "yscale32": 0.4815293317147632, "zscale32": 0.4815293317147632, "Cab33": 25.55639685127396, "Cw33": 0.04534814006363585, "xscale33": 0.48117591376564933, "yscale33": 0.48117591376564933, "zscale33": 0.48117591376564933, "Cab34": 70.48304635455938, "Cw34": 0.016757077273140963, "xscale34": 0.5990998004375729, "yscale34": 0.5990998004375729, "zscale34": 0.5990998004375729, "Cab35": 52.739700521578555, "Cw35": 0.02771612108571271, "xscale35": 0.41395993480054755, "yscale35": 0.41395993480054755, "zscale35": 0.41395993480054755, "Cab36": 68.37572364325729, "Cw36": 0.03542123743442516, "xscale36": 0.601014338225412, "yscale36": 0.601014338225412, "zscale36": 0.601014338225412, "Cab37": 50.45030359205577, "Cw37": 0.02006813466555422, "xscale37": 0.4491520609048194, "yscale37": 0.4491520609048194, "zscale37": 0.4491520609048194, "Cab38": 45.453733020649054, "Cw38": 0.010694789646116414, "xscale38": 0.547922288804238, "yscale38": 0.547922288804238, "zscale38": 0.547922288804238, "Cab39": 29.294342733884783, "Cw39": 0.0368516594891538, "xscale39": 0.5605987280454298, "yscale39": 0.5605987280454298, "zscale39": 0.5605987280454298, "Cab40": 73.98141366223682, "Cw40": 0.03958180480318268, "xscale40": 0.6109675291220911, "yscale40": 0.6109675291220911, "zscale40": 0.6109675291220911, "Cab41": 79.47698013142274, "Cw41": 0.038073857172319155, "xscale41": 0.6504241361625784, "yscale41": 0.6504241361625784, "zscale41": 0.6504241361625784, "Cab42": 52.05440375909308, "Cw42": 0.04193119588456494, "xscale42": 0.5347380342624781, "yscale42": 0.5347380342624781, "zscale42": 0.5347380342624781, "Cab43": 25.595555118853117, "Cw43": 0.023248691306376027, "xscale43": 0.5002048479541594, "yscale43": 0.5002048479541594, "zscale43": 0.5002048479541594, "Cab44": 70.63308769176085, "Cw44": 0.031464553034091736, "xscale44": 0.45481419637017256, "yscale44": 0.45481419637017256, "zscale44": 0.45481419637017256, "Cab45": 48.496015663443345, "Cw45": 0.025034148792896463, "xscale45": 0.3798357471977319, "yscale45": 0.3798357471977319, "zscale45": 0.3798357471977319, "Cab46": 82.17733311747294, "Cw46": 0.029983124237944032, "xscale46": 0.5571296703228109, "yscale46": 0.5571296703228109, "zscale46": 0.5571296703228109, "Cab47": 56.71635916620123, "Cw47": 0.040845067849630545, "xscale47": 0.5063941103215372, "yscale47": 0.5063941103215372, "zscale47": 0.5063941103215372, "Cab48": 26.653134104164742, "Cw48": 0.02476709902511571, "xscale48": 0.6654126647531934, "yscale48": 0.6654126647531934, "zscale48": 0.6654126647531934, "Cab49": 46.305414596518, "Cw49": 0.037348553409014836, "xscale49": 0.5876602259674151, "yscale49": 0.5876602259674151, "zscale49": 0.5876602259674151, "Cab50": 82.13628669571835, "Cw50": 0.042729782466126895, "xscale50": 0.6844575204538689, "yscale50": 0.6844575204538689, "zscale50": 0.6844575204538689, "Cab51": 36.67098305848565, "Cw51": 0.03089197115505503, "xscale51": 0.8231652401158297, "yscale51": 0.8231652401158297, "zscale51": 0.8231652401158297, "Cab52": 66.08165205325486,