{"Cab0": 59.02566886114385, "Cw0": 0.01845651400403455, "xscale0": 0.5849867830516999, "yscale0": 0.5849867830516999, "zscale0": 0.5849867830516999, "Cab1": 69.32641374143714, "Cw1": 0.04231359853577261, "xscale1": 0.6633844957190956, "yscale1": 0.6633844957190956, "zscale1": 0.6633844957190956, "Cab2": 80.69341922980684, "Cw2": 0.031252994881372294, "xscale2": 0.7277295495828195, "yscale2": 0.7277295495828195, "zscale2": 0.7277295495828195, "Cab3": 24.45766855416516, "Cw3": 0.04170142508055, "xscale3": 0.39598677904220475, "yscale3": 0.39598677904220475, "zscale3": 0.39598677904220475, "Cab4": 33.0981005666332, "Cw4": 0.03841429529021209, "xscale4": 0.7084601287935147, "yscale4": 0.7084601287935147, "zscale4": 0.7084601287935147, "Cab5": 23.65028251084712, "Cw5": 0.03498429261389, "xscale5": 0.6866767508921958, "yscale5": 0.6866767508921958, "zscale5": 0.6866767508921958, "Cab6": 45.76479493773019, "Cw6": 0.010526952994539913, "xscale6": 0.476608761821863, "yscale6": 0.476608761821863, "zscale6": 0.476608761821863, "Cab7": 64.8451881118558, "Cw7": 0.021507528968767477, "xscale7": 0.6172907632112965, "yscale7": 0.6172907632112965, "zscale7": 0.6172907632112965, "Cab8": 23.992406922961504, "Cw8": 0.02774064920837297, "xscale8": 0.47876799473147436, "yscale8": 0.47876799473147436, "zscale8": 0.47876799473147436, "Cab9": 44.964757408038196, "Cw9": 0.027480491860513483, "xscale9": 0.7492798114079438, "yscale9": 0.7492798114079438, "zscale9": 0.7492798114079438, "Cab10": 75.20075622007326, "Cw10": 0.01077819434702135, "xscale10": 0.434040688995656, "yscale10": 0.434040688995656, "zscale10": 0.434040688995656, "Cab11": 89.69676061756137, "Cw11": 0.04193494153582442, "xscale11": 0.6077845837846356, "yscale11": 0.6077845837846356, "zscale11": 0.6077845837846356, "Cab12": 40.63393318203889, "Cw12": 0.011952988047851689, "xscale12": 0.5496368973724104, "yscale12": 0.5496368973724104, "zscale12": 0.5496368973724104, "Cab13": 31.02951039070953, "Cw13": 0.01936458935327234, "xscale13": 0.5410784575947419, "yscale13": 0.5410784575947419, "zscale13": 0.5410784575947419, "Cab14": 32.84330992246508, "Cw14": 0.02643548713983701, "xscale14": 0.4575716420159792, "yscale14": 0.4575716420159792, "zscale14": 0.4575716420159792, "Cab15": 84.27280873746955, "Cw15": 0.017994296789645894, "xscale15": 0.6745766935860558, "yscale15": 0.6745766935860558, "zscale15": 0.6745766935860558, "Cab16": 24.749783374128548, "Cw16": 0.04067494380046711, "xscale16": 0.5267494673738468, "yscale16": 0.5267494673738468, "zscale16": 0.5267494673738468, "Cab17": 45.32299770713005, "Cw17": 0.04624964932236624, "xscale17": 0.5824201204447924, "yscale17": 0.5824201204447924, "zscale17": 0.5824201204447924, "Cab18": 32.71319927378095, "Cw18": 0.03410231577397594, "xscale18": 0.6232304456972273, "yscale18": 0.6232304456972273, "zscale18": 0.6232304456972273, "Cab19": 49.1815897247217, "Cw19": 0.03901384692658756, "xscale19": 0.44187666912087953, "yscale19": 0.44187666912087953, "zscale19": 0.44187666912087953, "Cab20": 31.554459133239526, "Cw20": 0.039441868187692984, "xscale20": 0.5179559248781636, "yscale20": 0.5179559248781636, "zscale20": 0.5179559248781636, "Cab21": 66.65461858200348, "Cw21": 0.02869652343992645, "xscale21": 0.48921241122598674, "yscale21": 0.48921241122598674, "zscale21": 0.48921241122598674, "Cab22": 49.36109652988065, "Cw22": 0.011175341794203288, "xscale22": 0.461465194294262, "yscale22": 0.461465194294262, "zscale22": 0.461465194294262, "Cab23": 65.11383080137676, "Cw23": 0.022766503704663973, "xscale23": 0.5517460898032878, "yscale23": 0.5517460898032878, "zscale23": 0.5517460898032878, "Cab24": 42.83370412735964, "Cw24": 0.04298186523739313, "xscale24": 0.5303667293611292, "yscale24": 0.5303667293611292, "zscale24": 0.5303667293611292, "Cab25": 43.23158461418361, "Cw25": 0.02129397267939872, "xscale25": 0.6118684964326754, "yscale25": 0.6118684964326754, "zscale25": 0.6118684964326754, "Cab26": 84.776352446527, "Cw26": 0.03611719939802221, "xscale26": 0.6588020017208481, "yscale26": 0.6588020017208481, "zscale26": 0.6588020017208481, "Cab27": 33.7879452647844, "Cw27": 0.015495099813188693, "xscale27": 0.4699892166007732, "yscale27": 0.4699892166007732, "zscale27": 0.4699892166007732, "Cab28": 54.027475380041366, "Cw28": 0.02421872735358642, "xscale28": 0.46779150442583256, "yscale28": 0.46779150442583256, "zscale28": 0.46779150442583256, "Cab29": 79.60644703957811, "Cw29": 0.04598282270133553, "xscale29": 0.598399762946559, "yscale29": 0.598399762946559, "zscale29": 0.598399762946559, "Cab30": 68.63579289411864, "Cw30": 0.011486880610870175, "xscale30": 0.39162255367625737, "yscale30": 0.39162255367625737, "zscale30": 0.39162255367625737, "Cab31": 65.35931763096627, "Cw31": 0.03772631680738156, "xscale31": 0.5636876966537508, "yscale31": 0.5636876966537508, "zscale31": 0.5636876966537508, "Cab32": 85.91076462813616, "Cw32": 0.021397125955995744, "xscale32": 0.4200717534268659, "yscale32": 0.4200717534268659, "zscale32": 0.4200717534268659, "Cab33": 33.53902995570294, "Cw33": 0.014219791969634828, "xscale33": 0.4371599069592652, "yscale33": 0.4371599069592652, "zscale33": 0.4371599069592652, "Cab34": 62.81635101418279, "Cw34": 0.04957489749816528, "xscale34": 0.5354070013214325, "yscale34": 0.5354070013214325, "zscale34": 0.5354070013214325, "Cab35": 79.36074059611825, "Cw35": 0.04324173408138862, "xscale35": 0.458028120693124, "yscale35": 0.458028120693124, "zscale35": 0.458028120693124, "Cab36": 63.55017477539355, "Cw36": 0.012035794310272992, "xscale36": 0.6768733053829668, "yscale36": 0.6768733053829668, "zscale36": 0.6768733053829668, "Cab37": 37.845717862716334, "Cw37": 0.042879299250417544, "xscale37": 0.4665473147102468, "yscale37": 0.4665473147102468, "zscale37": 0.4665473147102468, "Cab38": 77.3449133443518, "Cw38": 0.030653252117058737, "xscale38": 0.4116369919217185, "yscale38": 0.4116369919217185, "zscale38": 0.4116369919217185, "Cab39": 46.374134749646345, "Cw39": 0.02427531379139174, "xscale39": 0.691406714513482, "yscale39": 0.691406714513482, "zscale39": 0.691406714513482, "Cab40": 31.095531167786724, "Cw40": 0.016947519935094527, "xscale40": 0.4517384323201361, "yscale40": 0.4517384323201361, "zscale40": 0.4517384323201361, "Cab41": 52.523799258577746, "Cw41": 0.046383565481907835, "xscale41": 0.503322154545966, "yscale41": 0.503322154545966, "zscale41": 0.503322154545966, "Cab42": 64.48101233650821, "Cw42": 0.028303690917384293, "xscale42": 0.5815315425047546, "yscale42": 0.5815315425047546, "zscale42": 0.5815315425047546, "Cab43": 24.95491851500912, "Cw43": 0.04159792352724485, "xscale43": 0.6926830637265925, "yscale43": 0.6926830637265925, "zscale43": 0.6926830637265925, "Cab44": 79.94908217712971, "Cw44": 0.03271118634611364, "xscale44": 0.3691049026331376, "yscale44": 0.3691049026331376, "zscale44": 0.3691049026331376, "Cab45": 74.06033446199034, "Cw45": 0.015215165803137008, "xscale45": 0.33596413212482734, "yscale45": 0.33596413212482734, "zscale45": 0.33596413212482734, "Cab46": 42.75435629404441, "Cw46": 0.03634466540032992, "xscale46": 0.539807491189046, "yscale46": 0.539807491189046, "zscale46": 0.539807491189046, "Cab47": 44.08714707689006, "Cw47": 0.018219343472595934, "xscale47": 0.5304374068492895, "yscale47": 0.5304374068492895, "zscale47": 0.5304374068492895, "Cab48": 31.320693581165635, "Cw48": 0.04777663335120963, "xscale48": 0.5856328748853565, "yscale48": 0.5856328748853565, "zscale48": 0.5856328748853565, "Cab49": 24.099445808997476, "Cw49": 0.032154583760735225, "xscale49": 0.4666143996543882, "yscale49": 0.4666143996543882, "zscale49": 0.4666143996543882, "Cab50": 73.01190796849573, "Cw50": 0.04553511678317187, "xscale50": 0.7395747860701136, "yscale50": 0.7395747860701136, "zscale50": 0.7395747860701136, "Cab51": 49.8090886239756, "Cw51": 0.02975585258833146, "xscale51": 0.7546074095840999, "yscale51": 0.7546074095840999, "zscale51": 0.7546074095840999, "Cab52": 81.17496338110753, "Cw52": 0.015802941642183956,