{"Cab0": 58.66942626807728, "Cw0": 0.04179238520226149, "xscale0": 0.7622225036172341, "yscale0": 0.7622225036172341, "zscale0": 0.7622225036172341, "Cab1": 22.79687834137971, "Cw1": 0.03416074085515316, "xscale1": 0.6838916637890639, "yscale1": 0.6838916637890639, "zscale1": 0.6838916637890639, "Cab2": 33.451107486301524, "Cw2": 0.022192247769345877, "xscale2": 0.7394315592166272, "yscale2": 0.7394315592166272, "zscale2": 0.7394315592166272, "Cab3": 77.67629816607264, "Cw3": 0.018406395458196542, "xscale3": 0.4609875696535895, "yscale3": 0.4609875696535895, "zscale3": 0.4609875696535895, "Cab4": 21.681382335206774, "Cw4": 0.03807404683259707, "xscale4": 0.6575224917825936, "yscale4": 0.6575224917825936, "zscale4": 0.6575224917825936, "Cab5": 71.46159351167852, "Cw5": 0.04524310285102918, "xscale5": 0.8401688576816163, "yscale5": 0.8401688576816163, "zscale5": 0.8401688576816163, "Cab6": 72.19172129579928, "Cw6": 0.01819778076221109, "xscale6": 0.5470266737867252, "yscale6": 0.5470266737867252, "zscale6": 0.5470266737867252, "Cab7": 72.85293152825719, "Cw7": 0.013769513262625615, "xscale7": 0.6573963137822229, "yscale7": 0.6573963137822229, "zscale7": 0.6573963137822229, "Cab8": 66.49187790109453, "Cw8": 0.02387847529897091, "xscale8": 0.6273686079211139, "yscale8": 0.6273686079211139, "zscale8": 0.6273686079211139, "Cab9": 70.37708175104234, "Cw9": 0.03691193703095138, "xscale9": 0.715962183950173, "yscale9": 0.715962183950173, "zscale9": 0.715962183950173, "Cab10": 84.05239491092252, "Cw10": 0.03470013081413082, "xscale10": 0.5910086714267687, "yscale10": 0.5910086714267687, "zscale10": 0.5910086714267687, "Cab11": 82.09494935625915, "Cw11": 0.014840455472042668, "xscale11": 0.6832446586801936, "yscale11": 0.6832446586801936, "zscale11": 0.6832446586801936, "Cab12": 74.34269293968848, "Cw12": 0.01240876343888786, "xscale12": 0.5539738769696306, "yscale12": 0.5539738769696306, "zscale12": 0.5539738769696306, "Cab13": 46.073406446700474, "Cw13": 0.026504481014014022, "xscale13": 0.515335192172806, "yscale13": 0.515335192172806, "zscale13": 0.515335192172806, "Cab14": 71.54090697752213, "Cw14": 0.018541397110652186, "xscale14": 0.6376225738701005, "yscale14": 0.6376225738701005, "zscale14": 0.6376225738701005, "Cab15": 26.91004108300511, "Cw15": 0.023106902735705724, "xscale15": 0.612675276329401, "yscale15": 0.612675276329401, "zscale15": 0.612675276329401, "Cab16": 21.19275470696241, "Cw16": 0.0127733574313014, "xscale16": 0.6483618486748605, "yscale16": 0.6483618486748605, "zscale16": 0.6483618486748605, "Cab17": 24.44720886543002, "Cw17": 0.041809302303983116, "xscale17": 0.5680428371762101, "yscale17": 0.5680428371762101, "zscale17": 0.5680428371762101, "Cab18": 74.25692598300924, "Cw18": 0.04724730199751879, "xscale18": 0.7467866429295895, "yscale18": 0.7467866429295895, "zscale18": 0.7467866429295895, "Cab19": 72.85122631789112, "Cw19": 0.03456606157083163, "xscale19": 0.5020085876210386, "yscale19": 0.5020085876210386, "zscale19": 0.5020085876210386, "Cab20": 29.29836674526491, "Cw20": 0.03153553495973434, "xscale20": 0.7533521298391959, "yscale20": 0.7533521298391959, "zscale20": 0.7533521298391959, "Cab21": 76.10510490083658, "Cw21": 0.022538739775455355, "xscale21": 0.4454698641357647, "yscale21": 0.4454698641357647, "zscale21": 0.4454698641357647, "Cab22": 69.96407921937809, "Cw22": 0.04618305254390189, "xscale22": 0.6022705989200154, "yscale22": 0.6022705989200154, "zscale22": 0.6022705989200154, "Cab23": 84.37080832729829, "Cw23": 0.024762367461465314, "xscale23": 0.6064414735458544, "yscale23": 0.6064414735458544, "zscale23": 0.6064414735458544, "Cab24": 83.0558456069, "Cw24": 0.04854496973712094, "xscale24": 0.4520252023286351, "yscale24": 0.4520252023286351, "zscale24": 0.4520252023286351, "Cab25": 33.99352114825843, "Cw25": 0.021286752447241795, "xscale25": 0.6649172869604147, "yscale25": 0.6649172869604147, "zscale25": 0.6649172869604147, "Cab26": 82.37148115712476, "Cw26": 0.027919641963553336, "xscale26": 0.6803003988756684, "yscale26": 0.6803003988756684, "zscale26": 0.6803003988756684, "Cab27": 64.34183586455114, "Cw27": 0.023928646507544137, "xscale27": 0.41653986846579144, "yscale27": 0.41653986846579144, "zscale27": 0.41653986846579144, "Cab28": 49.70251545813071, "Cw28": 0.02232544449609975, "xscale28": 0.4637272457250602, "yscale28": 0.4637272457250602, "zscale28": 0.4637272457250602, "Cab29": 89.68671796263158, "Cw29": 0.03070117391822521, "xscale29": 0.6730225827612284, "yscale29": 0.6730225827612284, "zscale29": 0.6730225827612284, "Cab30": 35.39613583075335, "Cw30": 0.023770137868305133, "xscale30": 0.4154470825386371, "yscale30": 0.4154470825386371, "zscale30": 0.4154470825386371, "Cab31": 46.66938956049079, "Cw31": 0.03541545244784412, "xscale31": 0.7301027286599384, "yscale31": 0.7301027286599384, "zscale31": 0.7301027286599384, "Cab32": 37.03687763209206, "Cw32": 0.02580562506584424, "xscale32": 0.4548532709643093, "yscale32": 0.4548532709643093, "zscale32": 0.4548532709643093, "Cab33": 81.46037174775728, "Cw33": 0.027262004761192137, "xscale33": 0.5374685907626254, "yscale33": 0.5374685907626254, "zscale33": 0.5374685907626254, "Cab34": 68.62113540536336, "Cw34": 0.010361471959726028, "xscale34": 0.5103221609642736, "yscale34": 0.5103221609642736, "zscale34": 0.5103221609642736, "Cab35": 47.82445655116768, "Cw35": 0.01260770690907766, "xscale35": 0.4981991806873022, "yscale35": 0.4981991806873022, "zscale35": 0.4981991806873022, "Cab36": 32.76408425064655, "Cw36": 0.03390595320659705, "xscale36": 0.7213417450202076, "yscale36": 0.7213417450202076, "zscale36": 0.7213417450202076, "Cab37": 72.95435040358689, "Cw37": 0.03822975999366002, "xscale37": 0.5352117843937411, "yscale37": 0.5352117843937411, "zscale37": 0.5352117843937411, "Cab38": 76.48262981923443, "Cw38": 0.049252254086794, "xscale38": 0.47365776205236615, "yscale38": 0.47365776205236615, "zscale38": 0.47365776205236615, "Cab39": 62.50954644646399, "Cw39": 0.03555849025774753, "xscale39": 0.6219470157614909, "yscale39": 0.6219470157614909, "zscale39": 0.6219470157614909, "Cab40": 39.76298026806645, "Cw40": 0.03265122052725329, "xscale40": 0.49320491068912653, "yscale40": 0.49320491068912653, "zscale40": 0.49320491068912653, "Cab41": 76.5083914852687, "Cw41": 0.03281740054780523, "xscale41": 0.6331281934487057, "yscale41": 0.6331281934487057, "zscale41": 0.6331281934487057, "Cab42": 45.795390535055446, "Cw42": 0.034916634465356, "xscale42": 0.5966267111951152, "yscale42": 0.5966267111951152, "zscale42": 0.5966267111951152, "Cab43": 60.51378340801106, "Cw43": 0.03103645103369218, "xscale43": 0.4923846598761581, "yscale43": 0.4923846598761581, "zscale43": 0.4923846598761581, "Cab44": 66.61216240591904, "Cw44": 0.01327022911535379, "xscale44": 0.45981139673500215, "yscale44": 0.45981139673500215, "zscale44": 0.45981139673500215, "Cab45": 33.19609461722353, "Cw45": 0.030441138603516757, "xscale45": 0.37577643959223633, "yscale45": 0.37577643959223633, "zscale45": 0.37577643959223633, "Cab46": 75.78511029940424, "Cw46": 0.01586803368012197, "xscale46": 0.4037619648871173, "yscale46": 0.4037619648871173, "zscale46": 0.4037619648871173, "Cab47": 43.53596047170098, "Cw47": 0.04170927517556842, "xscale47": 0.558053291300088, "yscale47": 0.558053291300088, "zscale47": 0.558053291300088, "Cab48": 22.344131783660785, "Cw48": 0.013489470957493959, "xscale48": 0.5306887999237581, "yscale48": 0.5306887999237581, "zscale48": 0.5306887999237581, "Cab49": 67.17970670952887, "Cw49": 0.03994639578232632, "xscale49": 0.44067723594259645, "yscale49": 0.44067723594259645, "zscale49": 0.44067723594259645, "Cab50": 38.46056926567802, "Cw50": 0.045503383639988466, "xscale50": 0.6491970413051801, "yscale50": 0.6491970413051801, "zscale50": 0.6491970413051801, "Cab51": 43.67014071186252, "Cw51": 0.027915561781509543, "xscale51": 0.7531889090833633, "yscale51": 0.7531889090833633, "zscale51": 0.7531889090833633, "Cab52": 52.944739792593005, "Cw52": 0.03799856497219411,