{"Cab0": 30.69977663690692, "Cw0": 0.01399600709660687, "xscale0": 0.618594024884413, "yscale0": 0.618594024884413, "zscale0": 0.618594024884413, "Cab1": 62.8161039308496, "Cw1": 0.04156375045555588, "xscale1": 0.5660051272699617, "yscale1": 0.5660051272699617, "zscale1": 0.5660051272699617, "Cab2": 57.79253526277406, "Cw2": 0.020099988219818274, "xscale2": 0.5562543501708869, "yscale2": 0.5562543501708869, "zscale2": 0.5562543501708869, "Cab3": 36.05111498341932, "Cw3": 0.046293826738140136, "xscale3": 0.4514336603621698, "yscale3": 0.4514336603621698, "zscale3": 0.4514336603621698, "Cab4": 60.158785881584244, "Cw4": 0.044904006259744264, "xscale4": 0.4879620104769578, "yscale4": 0.4879620104769578, "zscale4": 0.4879620104769578, "Cab5": 54.972368605988464, "Cw5": 0.015148616958925602, "xscale5": 0.8407070760332751, "yscale5": 0.8407070760332751, "zscale5": 0.8407070760332751, "Cab6": 45.174109529550414, "Cw6": 0.019465579954441332, "xscale6": 0.5747612246318835, "yscale6": 0.5747612246318835, "zscale6": 0.5747612246318835, "Cab7": 33.333946931135515, "Cw7": 0.03819991141545752, "xscale7": 0.5882685830069337, "yscale7": 0.5882685830069337, "zscale7": 0.5882685830069337, "Cab8": 43.76950797042993, "Cw8": 0.01441575650361131, "xscale8": 0.6357350280839767, "yscale8": 0.6357350280839767, "zscale8": 0.6357350280839767, "Cab9": 35.53227853593655, "Cw9": 0.03217886221682378, "xscale9": 0.656430834834432, "yscale9": 0.656430834834432, "zscale9": 0.656430834834432, "Cab10": 81.87398637841284, "Cw10": 0.03556503106280705, "xscale10": 0.4721113863922636, "yscale10": 0.4721113863922636, "zscale10": 0.4721113863922636, "Cab11": 52.60967039052844, "Cw11": 0.04476272283352867, "xscale11": 0.5683482431727241, "yscale11": 0.5683482431727241, "zscale11": 0.5683482431727241, "Cab12": 89.92229382527456, "Cw12": 0.04138673884357329, "xscale12": 0.4534353929790799, "yscale12": 0.4534353929790799, "zscale12": 0.4534353929790799, "Cab13": 28.389519053048854, "Cw13": 0.027659503166978558, "xscale13": 0.7332232734427198, "yscale13": 0.7332232734427198, "zscale13": 0.7332232734427198, "Cab14": 68.89860714529499, "Cw14": 0.03848958418016612, "xscale14": 0.6466501258718589, "yscale14": 0.6466501258718589, "zscale14": 0.6466501258718589, "Cab15": 70.62953927768726, "Cw15": 0.02904753676223433, "xscale15": 0.6370115397401737, "yscale15": 0.6370115397401737, "zscale15": 0.6370115397401737, "Cab16": 29.75244687444289, "Cw16": 0.040600906021976385, "xscale16": 0.6900837847427885, "yscale16": 0.6900837847427885, "zscale16": 0.6900837847427885, "Cab17": 87.23218346608226, "Cw17": 0.028492827300203645, "xscale17": 0.5926378889668268, "yscale17": 0.5926378889668268, "zscale17": 0.5926378889668268, "Cab18": 52.66548365465002, "Cw18": 0.013824265111333856, "xscale18": 0.5365866136686176, "yscale18": 0.5365866136686176, "zscale18": 0.5365866136686176, "Cab19": 55.5848066558217, "Cw19": 0.03833408842995435, "xscale19": 0.5388870617747278, "yscale19": 0.5388870617747278, "zscale19": 0.5388870617747278, "Cab20": 68.42496117078547, "Cw20": 0.029688510108412468, "xscale20": 0.52001789759526, "yscale20": 0.52001789759526, "zscale20": 0.52001789759526, "Cab21": 43.07145431677524, "Cw21": 0.04328518037509524, "xscale21": 0.5639484987014148, "yscale21": 0.5639484987014148, "zscale21": 0.5639484987014148, "Cab22": 48.70200124327936, "Cw22": 0.027919498722722542, "xscale22": 0.5100749346997705, "yscale22": 0.5100749346997705, "zscale22": 0.5100749346997705, "Cab23": 34.55467549875825, "Cw23": 0.024916168850059414, "xscale23": 0.5200958186891164, "yscale23": 0.5200958186891164, "zscale23": 0.5200958186891164, "Cab24": 45.59668447013526, "Cw24": 0.02614190401934522, "xscale24": 0.6002464177121074, "yscale24": 0.6002464177121074, "zscale24": 0.6002464177121074, "Cab25": 87.52355483054681, "Cw25": 0.028713072948350606, "xscale25": 0.5482563425313253, "yscale25": 0.5482563425313253, "zscale25": 0.5482563425313253, "Cab26": 52.42216125520567, "Cw26": 0.015032004328996016, "xscale26": 0.49365650190976745, "yscale26": 0.49365650190976745, "zscale26": 0.49365650190976745, "Cab27": 73.22145893760444, "Cw27": 0.04141553553948388, "xscale27": 0.5003519258404786, "yscale27": 0.5003519258404786, "zscale27": 0.5003519258404786, "Cab28": 20.426550014752337, "Cw28": 0.039550916215641725, "xscale28": 0.44713887869865193, "yscale28": 0.44713887869865193, "zscale28": 0.44713887869865193, "Cab29": 54.35254398749685, "Cw29": 0.040362356017831946, "xscale29": 0.6870247044531518, "yscale29": 0.6870247044531518, "zscale29": 0.6870247044531518, "Cab30": 58.33132478759144, "Cw30": 0.027748871269359564, "xscale30": 0.37697422691935006, "yscale30": 0.37697422691935006, "zscale30": 0.37697422691935006, "Cab31": 40.055889025978644, "Cw31": 0.04463755518715853, "xscale31": 0.7016739237783564, "yscale31": 0.7016739237783564, "zscale31": 0.7016739237783564, "Cab32": 47.69361159518043, "Cw32": 0.02152213693463865, "xscale32": 0.5083018805740723, "yscale32": 0.5083018805740723, "zscale32": 0.5083018805740723, "Cab33": 74.55684613656507, "Cw33": 0.02318690145640545, "xscale33": 0.4100184117120879, "yscale33": 0.4100184117120879, "zscale33": 0.4100184117120879, "Cab34": 51.917779001898616, "Cw34": 0.047047495065510335, "xscale34": 0.4961286661516477, "yscale34": 0.4961286661516477, "zscale34": 0.4961286661516477, "Cab35": 33.62190767021861, "Cw35": 0.031115071657827696, "xscale35": 0.34781651024291305, "yscale35": 0.34781651024291305, "zscale35": 0.34781651024291305, "Cab36": 40.620839423907476, "Cw36": 0.046695769043269234, "xscale36": 0.6336988268753673, "yscale36": 0.6336988268753673, "zscale36": 0.6336988268753673, "Cab37": 79.62600240849312, "Cw37": 0.04695749829792325, "xscale37": 0.5192320925138779, "yscale37": 0.5192320925138779, "zscale37": 0.5192320925138779, "Cab38": 81.11217149933753, "Cw38": 0.03584681473592612, "xscale38": 0.43525329023302517, "yscale38": 0.43525329023302517, "zscale38": 0.43525329023302517, "Cab39": 82.3490073692522, "Cw39": 0.026981615397195874, "xscale39": 0.50528243419841, "yscale39": 0.50528243419841, "zscale39": 0.50528243419841, "Cab40": 87.23857149459138, "Cw40": 0.019447098656317614, "xscale40": 0.47063427548809084, "yscale40": 0.47063427548809084, "zscale40": 0.47063427548809084, "Cab41": 43.918519860481595, "Cw41": 0.04513880715382841, "xscale41": 0.5578578211555079, "yscale41": 0.5578578211555079, "zscale41": 0.5578578211555079, "Cab42": 63.4969898487579, "Cw42": 0.034092307493334084, "xscale42": 0.5747623753126603, "yscale42": 0.5747623753126603, "zscale42": 0.5747623753126603, "Cab43": 81.33490248023065, "Cw43": 0.01765441172334508, "xscale43": 0.70284747856101, "yscale43": 0.70284747856101, "zscale43": 0.70284747856101, "Cab44": 71.91216002168656, "Cw44": 0.010389261223555893, "xscale44": 0.468278062765586, "yscale44": 0.468278062765586, "zscale44": 0.468278062765586, "Cab45": 55.36114088130662, "Cw45": 0.02905157881086505, "xscale45": 0.377027824278507, "yscale45": 0.377027824278507, "zscale45": 0.377027824278507, "Cab46": 62.71715832254761, "Cw46": 0.024044334170276765, "xscale46": 0.4400485065885092, "yscale46": 0.4400485065885092, "zscale46": 0.4400485065885092, "Cab47": 75.12545509662942, "Cw47": 0.032285627882392434, "xscale47": 0.5052414847069356, "yscale47": 0.5052414847069356, "zscale47": 0.5052414847069356, "Cab48": 46.98934117468129, "Cw48": 0.018596417973716722, "xscale48": 0.5385598712949264, "yscale48": 0.5385598712949264, "zscale48": 0.5385598712949264, "Cab49": 43.22953590333611, "Cw49": 0.02370148779164189, "xscale49": 0.5900039483074057, "yscale49": 0.5900039483074057, "zscale49": 0.5900039483074057, "Cab50": 69.54051205381313, "Cw50": 0.049130971878878875, "xscale50": 0.6519620227900413, "yscale50": 0.6519620227900413, "zscale50": 0.6519620227900413, "Cab51": 30.986739330929453, "Cw51": 0.038169630576051355, "xscale51": 0.6655585255425233, "yscale51": 0.6655585255425233, "zscale51": 0.6655585255425233, "Cab52": 69.49097137955418, "Cw52": 0.02009820055172251,