{"Cab0": 79.62278936671837, "Cw0": 0.012537261100421585, "xscale0": 0.6212281779569535, "yscale0": 0.6212281779569535, "zscale0": 0.6212281779569535, "Cab1": 29.39809066997551, "Cw1": 0.029531797910019607, "xscale1": 0.6482152385664489, "yscale1": 0.6482152385664489, "zscale1": 0.6482152385664489, "Cab2": 88.85871417152103, "Cw2": 0.015987885050841096, "xscale2": 0.7601654888701265, "yscale2": 0.7601654888701265, "zscale2": 0.7601654888701265, "Cab3": 51.84413883063722, "Cw3": 0.04570298526555746, "xscale3": 0.5090773477753532, "yscale3": 0.5090773477753532, "zscale3": 0.5090773477753532, "Cab4": 60.46026892641805, "Cw4": 0.041035827171238375, "xscale4": 0.4845717957143364, "yscale4": 0.4845717957143364, "zscale4": 0.4845717957143364, "Cab5": 45.99902190282694, "Cw5": 0.02222091118534366, "xscale5": 0.6691706322290221, "yscale5": 0.6691706322290221, "zscale5": 0.6691706322290221, "Cab6": 79.80205837925611, "Cw6": 0.028527030415387948, "xscale6": 0.6365094847927337, "yscale6": 0.6365094847927337, "zscale6": 0.6365094847927337, "Cab7": 35.276652249422916, "Cw7": 0.04398698978841828, "xscale7": 0.5189534957391152, "yscale7": 0.5189534957391152, "zscale7": 0.5189534957391152, "Cab8": 81.08336803182442, "Cw8": 0.044388999544636695, "xscale8": 0.615707764459019, "yscale8": 0.615707764459019, "zscale8": 0.615707764459019, "Cab9": 89.82370225222539, "Cw9": 0.028859826731198794, "xscale9": 0.6706792984671072, "yscale9": 0.6706792984671072, "zscale9": 0.6706792984671072, "Cab10": 71.92281867080881, "Cw10": 0.024468019442072567, "xscale10": 0.4492694036618077, "yscale10": 0.4492694036618077, "zscale10": 0.4492694036618077, "Cab11": 32.920669772164125, "Cw11": 0.030380504359381277, "xscale11": 0.5639228328320608, "yscale11": 0.5639228328320608, "zscale11": 0.5639228328320608, "Cab12": 62.86218049127593, "Cw12": 0.012228817441701012, "xscale12": 0.57370318757936, "yscale12": 0.57370318757936, "zscale12": 0.57370318757936, "Cab13": 27.58866391409517, "Cw13": 0.0315536578018253, "xscale13": 0.613589594448024, "yscale13": 0.613589594448024, "zscale13": 0.613589594448024, "Cab14": 47.74134291394976, "Cw14": 0.04877986934952912, "xscale14": 0.5337826399755587, "yscale14": 0.5337826399755587, "zscale14": 0.5337826399755587, "Cab15": 71.72898238017893, "Cw15": 0.01590773889614375, "xscale15": 0.5081472996667933, "yscale15": 0.5081472996667933, "zscale15": 0.5081472996667933, "Cab16": 64.83965435929488, "Cw16": 0.047769619378148234, "xscale16": 0.5122486126970491, "yscale16": 0.5122486126970491, "zscale16": 0.5122486126970491, "Cab17": 61.166933279814494, "Cw17": 0.04753204263662556, "xscale17": 0.6618098496725079, "yscale17": 0.6618098496725079, "zscale17": 0.6618098496725079, "Cab18": 86.81311346166292, "Cw18": 0.04574283163405372, "xscale18": 0.7627014895407267, "yscale18": 0.7627014895407267, "zscale18": 0.7627014895407267, "Cab19": 31.67975979335693, "Cw19": 0.04062300375068072, "xscale19": 0.6390767769829034, "yscale19": 0.6390767769829034, "zscale19": 0.6390767769829034, "Cab20": 37.935528538058236, "Cw20": 0.019859905955401616, "xscale20": 0.6976380015984851, "yscale20": 0.6976380015984851, "zscale20": 0.6976380015984851, "Cab21": 37.989413940768614, "Cw21": 0.015936499226810428, "xscale21": 0.5410435391077725, "yscale21": 0.5410435391077725, "zscale21": 0.5410435391077725, "Cab22": 37.329808124943575, "Cw22": 0.02151551961127531, "xscale22": 0.5416113398794473, "yscale22": 0.5416113398794473, "zscale22": 0.5416113398794473, "Cab23": 69.77151089375663, "Cw23": 0.023459844930658315, "xscale23": 0.6294953743867382, "yscale23": 0.6294953743867382, "zscale23": 0.6294953743867382, "Cab24": 85.28057087089599, "Cw24": 0.03805613270737325, "xscale24": 0.4982358352086988, "yscale24": 0.4982358352086988, "zscale24": 0.4982358352086988, "Cab25": 52.18785877785872, "Cw25": 0.03970320115878431, "xscale25": 0.5426086174991875, "yscale25": 0.5426086174991875, "zscale25": 0.5426086174991875, "Cab26": 26.074546364360586, "Cw26": 0.023093370319473543, "xscale26": 0.5339556207189116, "yscale26": 0.5339556207189116, "zscale26": 0.5339556207189116, "Cab27": 85.22790772699928, "Cw27": 0.041685302535944914, "xscale27": 0.47902210690638836, "yscale27": 0.47902210690638836, "zscale27": 0.47902210690638836, "Cab28": 30.72293073602323, "Cw28": 0.01688987885432945, "xscale28": 0.48957739733821454, "yscale28": 0.48957739733821454, "zscale28": 0.48957739733821454, "Cab29": 77.41782714464486, "Cw29": 0.025673547435223612, "xscale29": 0.6223593187703557, "yscale29": 0.6223593187703557, "zscale29": 0.6223593187703557, "Cab30": 33.02297034695085, "Cw30": 0.047995482421892985, "xscale30": 0.4092180093217915, "yscale30": 0.4092180093217915, "zscale30": 0.4092180093217915, "Cab31": 52.6326752851452, "Cw31": 0.0437155823143562, "xscale31": 0.5482622991930112, "yscale31": 0.5482622991930112, "zscale31": 0.5482622991930112, "Cab32": 37.126281006659724, "Cw32": 0.04285773560423963, "xscale32": 0.40879949362146084, "yscale32": 0.40879949362146084, "zscale32": 0.40879949362146084, "Cab33": 79.55531297877202, "Cw33": 0.03373747465322498, "xscale33": 0.4516730375313475, "yscale33": 0.4516730375313475, "zscale33": 0.4516730375313475, "Cab34": 29.821593317850322, "Cw34": 0.04323981914673271, "xscale34": 0.5598285344462972, "yscale34": 0.5598285344462972, "zscale34": 0.5598285344462972, "Cab35": 40.432071143169594, "Cw35": 0.020924075922412886, "xscale35": 0.41850540358363797, "yscale35": 0.41850540358363797, "zscale35": 0.41850540358363797, "Cab36": 82.01145084108632, "Cw36": 0.03841082583156595, "xscale36": 0.5473035991178914, "yscale36": 0.5473035991178914, "zscale36": 0.5473035991178914, "Cab37": 74.10697187102986, "Cw37": 0.049187453893458535, "xscale37": 0.5338147857391885, "yscale37": 0.5338147857391885, "zscale37": 0.5338147857391885, "Cab38": 87.88385470387222, "Cw38": 0.013465620156476312, "xscale38": 0.5032204523408568, "yscale38": 0.5032204523408568, "zscale38": 0.5032204523408568, "Cab39": 23.069776441747813, "Cw39": 0.025706619392837998, "xscale39": 0.6088696452525383, "yscale39": 0.6088696452525383, "zscale39": 0.6088696452525383, "Cab40": 43.88309979389214, "Cw40": 0.034698344059016194, "xscale40": 0.48028692038035325, "yscale40": 0.48028692038035325, "zscale40": 0.48028692038035325, "Cab41": 65.33821961852351, "Cw41": 0.021354409269862436, "xscale41": 0.4882999774747499, "yscale41": 0.4882999774747499, "zscale41": 0.4882999774747499, "Cab42": 31.33070994428901, "Cw42": 0.021975420824821446, "xscale42": 0.6057618291649609, "yscale42": 0.6057618291649609, "zscale42": 0.6057618291649609, "Cab43": 58.631656941541195, "Cw43": 0.01687403739653455, "xscale43": 0.7339273252285067, "yscale43": 0.7339273252285067, "zscale43": 0.7339273252285067, "Cab44": 31.061181448307085, "Cw44": 0.013437982886562977, "xscale44": 0.42570910210494883, "yscale44": 0.42570910210494883, "zscale44": 0.42570910210494883, "Cab45": 50.52311353489357, "Cw45": 0.0485923066429159, "xscale45": 0.39420208714948984, "yscale45": 0.39420208714948984, "zscale45": 0.39420208714948984, "Cab46": 77.67093200059243, "Cw46": 0.024837042276122486, "xscale46": 0.5354351826290656, "yscale46": 0.5354351826290656, "zscale46": 0.5354351826290656, "Cab47": 59.404942860089385, "Cw47": 0.010824840384164612, "xscale47": 0.4468890521240294, "yscale47": 0.4468890521240294, "zscale47": 0.4468890521240294, "Cab48": 43.24188772847955, "Cw48": 0.024628256199131827, "xscale48": 0.6984479316185022, "yscale48": 0.6984479316185022, "zscale48": 0.6984479316185022, "Cab49": 87.49574889207142, "Cw49": 0.012733744498572612, "xscale49": 0.5071391511490206, "yscale49": 0.5071391511490206, "zscale49": 0.5071391511490206, "Cab50": 77.37960088253112, "Cw50": 0.015096594209717696, "xscale50": 0.5483812898480592, "yscale50": 0.5483812898480592, "zscale50": 0.5483812898480592, "Cab51": 45.28141133299518, "Cw51": 0.01124019003793042, "xscale51": 0.7263010816523693, "yscale51": 0.7263010816523693, "zscale51": 0.7263010816523693, "Cab52": 20.183224014396618,