{"Cab0": 30.975526682151653, "Cw0": 0.049583077862748855, "xscale0": 0.7683014762207678, "yscale0": 0.7683014762207678, "zscale0": 0.7683014762207678, "Cab1": 63.23466806968163, "Cw1": 0.03853821918147324, "xscale1": 0.5582486109529708, "yscale1": 0.5582486109529708, "zscale1": 0.5582486109529708, "Cab2": 79.94139603990882, "Cw2": 0.024737337697315148, "xscale2": 0.6292955314322322, "yscale2": 0.6292955314322322, "zscale2": 0.6292955314322322, "Cab3": 69.05571714669934, "Cw3": 0.019257091140780835, "xscale3": 0.4884860280021598, "yscale3": 0.4884860280021598, "zscale3": 0.4884860280021598, "Cab4": 80.72109479319752, "Cw4": 0.04625435948029034, "xscale4": 0.6721189930700631, "yscale4": 0.6721189930700631, "zscale4": 0.6721189930700631, "Cab5": 31.41672512326035, "Cw5": 0.039518113067945594, "xscale5": 0.6882959151929544, "yscale5": 0.6882959151929544, "zscale5": 0.6882959151929544, "Cab6": 81.80940034115386, "Cw6": 0.03275130771560123, "xscale6": 0.5036985129373727, "yscale6": 0.5036985129373727, "zscale6": 0.5036985129373727, "Cab7": 84.94178673188424, "Cw7": 0.014830338199232362, "xscale7": 0.5586084690131845, "yscale7": 0.5586084690131845, "zscale7": 0.5586084690131845, "Cab8": 24.31923148262396, "Cw8": 0.041733091717055644, "xscale8": 0.5403043976562637, "yscale8": 0.5403043976562637, "zscale8": 0.5403043976562637, "Cab9": 47.25859048842442, "Cw9": 0.03177429477232434, "xscale9": 0.6691560034574262, "yscale9": 0.6691560034574262, "zscale9": 0.6691560034574262, "Cab10": 68.96633207360938, "Cw10": 0.010840886373713726, "xscale10": 0.45328296399144374, "yscale10": 0.45328296399144374, "zscale10": 0.45328296399144374, "Cab11": 86.53115631192165, "Cw11": 0.038778238530406045, "xscale11": 0.5715669785707287, "yscale11": 0.5715669785707287, "zscale11": 0.5715669785707287, "Cab12": 82.58508561696183, "Cw12": 0.013724845927227575, "xscale12": 0.5923443318556539, "yscale12": 0.5923443318556539, "zscale12": 0.5923443318556539, "Cab13": 66.2174157912298, "Cw13": 0.02721152025482635, "xscale13": 0.7479386309564662, "yscale13": 0.7479386309564662, "zscale13": 0.7479386309564662, "Cab14": 67.3735237817557, "Cw14": 0.03555614405061699, "xscale14": 0.6480144768811492, "yscale14": 0.6480144768811492, "zscale14": 0.6480144768811492, "Cab15": 44.30544588292956, "Cw15": 0.02033266191252879, "xscale15": 0.6016948949256138, "yscale15": 0.6016948949256138, "zscale15": 0.6016948949256138, "Cab16": 78.0339146949681, "Cw16": 0.016140988001934895, "xscale16": 0.5203175912908675, "yscale16": 0.5203175912908675, "zscale16": 0.5203175912908675, "Cab17": 24.692322840605623, "Cw17": 0.014799070058428088, "xscale17": 0.656746079898807, "yscale17": 0.656746079898807, "zscale17": 0.656746079898807, "Cab18": 84.76167933078185, "Cw18": 0.0477817391385925, "xscale18": 0.7194106043861592, "yscale18": 0.7194106043861592, "zscale18": 0.7194106043861592, "Cab19": 48.644490443334426, "Cw19": 0.02197968038639886, "xscale19": 0.47495737572113883, "yscale19": 0.47495737572113883, "zscale19": 0.47495737572113883, "Cab20": 58.501317574553525, "Cw20": 0.01718370437934709, "xscale20": 0.5125603703207268, "yscale20": 0.5125603703207268, "zscale20": 0.5125603703207268, "Cab21": 53.49457413960405, "Cw21": 0.02473772688004037, "xscale21": 0.5070152403331565, "yscale21": 0.5070152403331565, "zscale21": 0.5070152403331565, "Cab22": 75.51870339173755, "Cw22": 0.04826534382758939, "xscale22": 0.45764038236266535, "yscale22": 0.45764038236266535, "zscale22": 0.45764038236266535, "Cab23": 73.8431157636989, "Cw23": 0.04646432206080282, "xscale23": 0.7143605818079415, "yscale23": 0.7143605818079415, "zscale23": 0.7143605818079415, "Cab24": 24.606258862275105, "Cw24": 0.03453719720257991, "xscale24": 0.6335371582385063, "yscale24": 0.6335371582385063, "zscale24": 0.6335371582385063, "Cab25": 75.76832281138175, "Cw25": 0.018217499055790252, "xscale25": 0.5672940303658274, "yscale25": 0.5672940303658274, "zscale25": 0.5672940303658274, "Cab26": 84.4377593377184, "Cw26": 0.037648669204010894, "xscale26": 0.6003297029069355, "yscale26": 0.6003297029069355, "zscale26": 0.6003297029069355, "Cab27": 41.355332765608765, "Cw27": 0.02879656450168397, "xscale27": 0.4695842407582666, "yscale27": 0.4695842407582666, "zscale27": 0.4695842407582666, "Cab28": 52.52253030596416, "Cw28": 0.01787822803436732, "xscale28": 0.4688152868981329, "yscale28": 0.4688152868981329, "zscale28": 0.4688152868981329, "Cab29": 64.36314941477774, "Cw29": 0.015751014295746726, "xscale29": 0.5581462908489765, "yscale29": 0.5581462908489765, "zscale29": 0.5581462908489765, "Cab30": 20.587967411699882, "Cw30": 0.03943058308806482, "xscale30": 0.40970787051002583, "yscale30": 0.40970787051002583, "zscale30": 0.40970787051002583, "Cab31": 24.7907857507999, "Cw31": 0.03994167466618528, "xscale31": 0.6590632147816152, "yscale31": 0.6590632147816152, "zscale31": 0.6590632147816152, "Cab32": 34.27337835516835, "Cw32": 0.011913829791949384, "xscale32": 0.49998836772662647, "yscale32": 0.49998836772662647, "zscale32": 0.49998836772662647, "Cab33": 54.48767058283218, "Cw33": 0.014967436170529726, "xscale33": 0.5643125852629446, "yscale33": 0.5643125852629446, "zscale33": 0.5643125852629446, "Cab34": 70.49285686124182, "Cw34": 0.03059920974101841, "xscale34": 0.5690177634610354, "yscale34": 0.5690177634610354, "zscale34": 0.5690177634610354, "Cab35": 79.1479907357978, "Cw35": 0.01611424840198875, "xscale35": 0.36458400241919653, "yscale35": 0.36458400241919653, "zscale35": 0.36458400241919653, "Cab36": 65.12934391552031, "Cw36": 0.01764384396126766, "xscale36": 0.6761691264325371, "yscale36": 0.6761691264325371, "zscale36": 0.6761691264325371, "Cab37": 38.20441340476398, "Cw37": 0.03134279352467429, "xscale37": 0.46564172308903773, "yscale37": 0.46564172308903773, "zscale37": 0.46564172308903773, "Cab38": 21.970882053766164, "Cw38": 0.040823976516813694, "xscale38": 0.5529693019207267, "yscale38": 0.5529693019207267, "zscale38": 0.5529693019207267, "Cab39": 44.02071812883835, "Cw39": 0.01501212325393976, "xscale39": 0.6137905941249039, "yscale39": 0.6137905941249039, "zscale39": 0.6137905941249039, "Cab40": 80.56854578035626, "Cw40": 0.041043387956492164, "xscale40": 0.44877991958968333, "yscale40": 0.44877991958968333, "zscale40": 0.44877991958968333, "Cab41": 24.059239087818355, "Cw41": 0.035346200257475355, "xscale41": 0.6215609000647389, "yscale41": 0.6215609000647389, "zscale41": 0.6215609000647389, "Cab42": 52.62312135696188, "Cw42": 0.01642091962267493, "xscale42": 0.6422158732628389, "yscale42": 0.6422158732628389, "zscale42": 0.6422158732628389, "Cab43": 53.685919515144874, "Cw43": 0.04330304416178769, "xscale43": 0.6527953748953262, "yscale43": 0.6527953748953262, "zscale43": 0.6527953748953262, "Cab44": 70.29980660056165, "Cw44": 0.015767485995564434, "xscale44": 0.4168740889974179, "yscale44": 0.4168740889974179, "zscale44": 0.4168740889974179, "Cab45": 29.13492040974384, "Cw45": 0.015285968260964889, "xscale45": 0.2816432048921189, "yscale45": 0.2816432048921189, "zscale45": 0.2816432048921189, "Cab46": 23.96972196425977, "Cw46": 0.035323279371751545, "xscale46": 0.407754081850767, "yscale46": 0.407754081850767, "zscale46": 0.407754081850767, "Cab47": 89.75681061812648, "Cw47": 0.034995109177169595, "xscale47": 0.6001638729755394, "yscale47": 0.6001638729755394, "zscale47": 0.6001638729755394, "Cab48": 82.19584380620894, "Cw48": 0.03723165846024985, "xscale48": 0.7864437982694698, "yscale48": 0.7864437982694698, "zscale48": 0.7864437982694698, "Cab49": 54.053056435585596, "Cw49": 0.04620020247517428, "xscale49": 0.5591559466942183, "yscale49": 0.5591559466942183, "zscale49": 0.5591559466942183, "Cab50": 33.11947970024032, "Cw50": 0.03826438605669112, "xscale50": 0.7204111601910828, "yscale50": 0.7204111601910828, "zscale50": 0.7204111601910828, "Cab51": 45.687449935385914, "Cw51": 0.021089127083831972, "xscale51": 0.8019327625032634, "yscale51": 0.8019327625032634, "zscale51": 0.8019327625032634, "Cab52": 45.46734753096973,