{"Cab0": 88.83843884132666, "Cw0": 0.04116934158429669, "xscale0": 0.8162272019404515, "yscale0": 0.8162272019404515, "zscale0": 0.8162272019404515, "Cab1": 30.41012783394636, "Cw1": 0.047870225142186494, "xscale1": 0.6860989830291101, "yscale1": 0.6860989830291101, "zscale1": 0.6860989830291101, "Cab2": 58.10796659754843, "Cw2": 0.04134016559990169, "xscale2": 0.735744401436443, "yscale2": 0.735744401436443, "zscale2": 0.735744401436443, "Cab3": 22.446175393604534, "Cw3": 0.025855646028725872, "xscale3": 0.468760663562894, "yscale3": 0.468760663562894, "zscale3": 0.468760663562894, "Cab4": 87.31698974993519, "Cw4": 0.0349365896663263, "xscale4": 0.6797441608275471, "yscale4": 0.6797441608275471, "zscale4": 0.6797441608275471, "Cab5": 50.77039145180553, "Cw5": 0.029824342481667626, "xscale5": 0.8783215511153695, "yscale5": 0.8783215511153695, "zscale5": 0.8783215511153695, "Cab6": 39.02993032967851, "Cw6": 0.041301925543944414, "xscale6": 0.5207326464488606, "yscale6": 0.5207326464488606, "zscale6": 0.5207326464488606, "Cab7": 37.26517660103438, "Cw7": 0.02191983717281521, "xscale7": 0.5311868030058173, "yscale7": 0.5311868030058173, "zscale7": 0.5311868030058173, "Cab8": 72.91086825371269, "Cw8": 0.014905332434183495, "xscale8": 0.45305379009543906, "yscale8": 0.45305379009543906, "zscale8": 0.45305379009543906, "Cab9": 37.059972631345026, "Cw9": 0.014199377368260938, "xscale9": 0.7882676173928388, "yscale9": 0.7882676173928388, "zscale9": 0.7882676173928388, "Cab10": 60.20705174846363, "Cw10": 0.044757474501031624, "xscale10": 0.46385003902378313, "yscale10": 0.46385003902378313, "zscale10": 0.46385003902378313, "Cab11": 89.31824270294224, "Cw11": 0.04936931703649364, "xscale11": 0.7556018022823044, "yscale11": 0.7556018022823044, "zscale11": 0.7556018022823044, "Cab12": 48.180132250635566, "Cw12": 0.04307978600482111, "xscale12": 0.5405007481590659, "yscale12": 0.5405007481590659, "zscale12": 0.5405007481590659, "Cab13": 36.644948998397375, "Cw13": 0.029853638615258686, "xscale13": 0.552305270713572, "yscale13": 0.552305270713572, "zscale13": 0.552305270713572, "Cab14": 26.69600973716541, "Cw14": 0.027672450640999546, "xscale14": 0.6140636696023766, "yscale14": 0.6140636696023766, "zscale14": 0.6140636696023766, "Cab15": 21.38049716436235, "Cw15": 0.01893841365921331, "xscale15": 0.4939539766954702, "yscale15": 0.4939539766954702, "zscale15": 0.4939539766954702, "Cab16": 22.841146679853246, "Cw16": 0.016352197148104784, "xscale16": 0.6695721006623999, "yscale16": 0.6695721006623999, "zscale16": 0.6695721006623999, "Cab17": 86.81619591591677, "Cw17": 0.016759494037798063, "xscale17": 0.6619435046930537, "yscale17": 0.6619435046930537, "zscale17": 0.6619435046930537, "Cab18": 53.48673911466852, "Cw18": 0.01718709119165959, "xscale18": 0.738246281938199, "yscale18": 0.738246281938199, "zscale18": 0.738246281938199, "Cab19": 88.62749235345191, "Cw19": 0.0336424022956318, "xscale19": 0.45232949681751194, "yscale19": 0.45232949681751194, "zscale19": 0.45232949681751194, "Cab20": 45.958867144967016, "Cw20": 0.030620268104250073, "xscale20": 0.6571965956236774, "yscale20": 0.6571965956236774, "zscale20": 0.6571965956236774, "Cab21": 56.1456681150202, "Cw21": 0.03287517652825212, "xscale21": 0.6292090625283789, "yscale21": 0.6292090625283789, "zscale21": 0.6292090625283789, "Cab22": 48.77456601310742, "Cw22": 0.040050666276960335, "xscale22": 0.4416351907321015, "yscale22": 0.4416351907321015, "zscale22": 0.4416351907321015, "Cab23": 35.65145956105911, "Cw23": 0.026611423156879012, "xscale23": 0.530824005985009, "yscale23": 0.530824005985009, "zscale23": 0.530824005985009, "Cab24": 66.16491373570292, "Cw24": 0.039126601397332705, "xscale24": 0.5559697699712003, "yscale24": 0.5559697699712003, "zscale24": 0.5559697699712003, "Cab25": 28.81861021659668, "Cw25": 0.04006529735547287, "xscale25": 0.7078761271672456, "yscale25": 0.7078761271672456, "zscale25": 0.7078761271672456, "Cab26": 71.30853596060763, "Cw26": 0.03661673474135957, "xscale26": 0.5830126552469864, "yscale26": 0.5830126552469864, "zscale26": 0.5830126552469864, "Cab27": 43.83416569167449, "Cw27": 0.01600688179132819, "xscale27": 0.40840905549644435, "yscale27": 0.40840905549644435, "zscale27": 0.40840905549644435, "Cab28": 67.96174213132129, "Cw28": 0.04384373814931181, "xscale28": 0.48855994538069314, "yscale28": 0.48855994538069314, "zscale28": 0.48855994538069314, "Cab29": 46.82372382753955, "Cw29": 0.03805618707198974, "xscale29": 0.710645139328116, "yscale29": 0.710645139328116, "zscale29": 0.710645139328116, "Cab30": 40.40754134354495, "Cw30": 0.029569521352538604, "xscale30": 0.32736101091753067, "yscale30": 0.32736101091753067, "zscale30": 0.32736101091753067, "Cab31": 71.31252546150651, "Cw31": 0.042277582160537994, "xscale31": 0.6867862164733616, "yscale31": 0.6867862164733616, "zscale31": 0.6867862164733616, "Cab32": 66.90783305314383, "Cw32": 0.030911553333709117, "xscale32": 0.4922752424247301, "yscale32": 0.4922752424247301, "zscale32": 0.4922752424247301, "Cab33": 81.59797304420384, "Cw33": 0.035280511277770404, "xscale33": 0.5748637132696771, "yscale33": 0.5748637132696771, "zscale33": 0.5748637132696771, "Cab34": 46.75906857954146, "Cw34": 0.030058906662346715, "xscale34": 0.4573601415564424, "yscale34": 0.4573601415564424, "zscale34": 0.4573601415564424, "Cab35": 41.036060312141416, "Cw35": 0.030341217962218003, "xscale35": 0.4660566715006306, "yscale35": 0.4660566715006306, "zscale35": 0.4660566715006306, "Cab36": 66.93423162151069, "Cw36": 0.018398387331228533, "xscale36": 0.7733177487220189, "yscale36": 0.7733177487220189, "zscale36": 0.7733177487220189, "Cab37": 45.258666647879956, "Cw37": 0.04423449927788939, "xscale37": 0.45906988205782634, "yscale37": 0.45906988205782634, "zscale37": 0.45906988205782634, "Cab38": 69.90384887847617, "Cw38": 0.046145791219640214, "xscale38": 0.5328174296237126, "yscale38": 0.5328174296237126, "zscale38": 0.5328174296237126, "Cab39": 80.05623764492658, "Cw39": 0.040663774543057085, "xscale39": 0.5270840109219709, "yscale39": 0.5270840109219709, "zscale39": 0.5270840109219709, "Cab40": 45.53313144942493, "Cw40": 0.0245003364648601, "xscale40": 0.5299132665218784, "yscale40": 0.5299132665218784, "zscale40": 0.5299132665218784, "Cab41": 48.28660123678873, "Cw41": 0.045626142141392136, "xscale41": 0.5390819483433318, "yscale41": 0.5390819483433318, "zscale41": 0.5390819483433318, "Cab42": 88.43539035205701, "Cw42": 0.038824700755254675, "xscale42": 0.5739218458349691, "yscale42": 0.5739218458349691, "zscale42": 0.5739218458349691, "Cab43": 87.43485502142282, "Cw43": 0.015807481576233223, "xscale43": 0.5826813005010736, "yscale43": 0.5826813005010736, "zscale43": 0.5826813005010736, "Cab44": 53.20141674226692, "Cw44": 0.038946391845881716, "xscale44": 0.39953715341013124, "yscale44": 0.39953715341013124, "zscale44": 0.39953715341013124, "Cab45": 60.19365299781836, "Cw45": 0.02207891009608753, "xscale45": 0.3351699620748734, "yscale45": 0.3351699620748734, "zscale45": 0.3351699620748734, "Cab46": 45.92740977938334, "Cw46": 0.04716133201806436, "xscale46": 0.4745394725337314, "yscale46": 0.4745394725337314, "zscale46": 0.4745394725337314, "Cab47": 70.75763478172233, "Cw47": 0.04429414780450483, "xscale47": 0.5806633573850359, "yscale47": 0.5806633573850359, "zscale47": 0.5806633573850359, "Cab48": 51.43815436383714, "Cw48": 0.028165047422971226, "xscale48": 0.7130982715392858, "yscale48": 0.7130982715392858, "zscale48": 0.7130982715392858, "Cab49": 23.88172481524226, "Cw49": 0.01361110227525391, "xscale49": 0.5511159847739933, "yscale49": 0.5511159847739933, "zscale49": 0.5511159847739933, "Cab50": 46.733590942595434, "Cw50": 0.014965551878717377, "xscale50": 0.5838413933814395, "yscale50": 0.5838413933814395, "zscale50": 0.5838413933814395, "Cab51": 88.51388823702099, "Cw51": 0.02121789238583878, "xscale51": 0.7271853826157657, "yscale51": 0.7271853826157657, "zscale51": 0.7271853826157657, "Cab52": 24.49416628987896,