{"Cab0": 32.87281290915321, "Cw0": 0.036771795676267524, "xscale0": 0.7794244969286436, "yscale0": 0.7794244969286436, "zscale0": 0.7794244969286436, "Cab1": 82.60632209876442, "Cw1": 0.014833683811272293, "xscale1": 0.5838792887801014, "yscale1": 0.5838792887801014, "zscale1": 0.5838792887801014, "Cab2": 84.41426974963828, "Cw2": 0.024034772233376737, "xscale2": 0.6940924765330038, "yscale2": 0.6940924765330038, "zscale2": 0.6940924765330038, "Cab3": 27.329882222953348, "Cw3": 0.012426626030733318, "xscale3": 0.40181572096571827, "yscale3": 0.40181572096571827, "zscale3": 0.40181572096571827, "Cab4": 26.61884871428569, "Cw4": 0.02815032865150946, "xscale4": 0.534633460532969, "yscale4": 0.534633460532969, "zscale4": 0.534633460532969, "Cab5": 29.98828707934069, "Cw5": 0.01501284700036266, "xscale5": 0.6296870469730446, "yscale5": 0.6296870469730446, "zscale5": 0.6296870469730446, "Cab6": 62.65442136015941, "Cw6": 0.010167995161042174, "xscale6": 0.5152195704438061, "yscale6": 0.5152195704438061, "zscale6": 0.5152195704438061, "Cab7": 39.86253534948866, "Cw7": 0.04190925042858011, "xscale7": 0.512071485150627, "yscale7": 0.512071485150627, "zscale7": 0.512071485150627, "Cab8": 59.770690937038296, "Cw8": 0.04567712967756564, "xscale8": 0.4833550918847672, "yscale8": 0.4833550918847672, "zscale8": 0.4833550918847672, "Cab9": 33.11166856648201, "Cw9": 0.01254096603183664, "xscale9": 0.611306093575695, "yscale9": 0.611306093575695, "zscale9": 0.611306093575695, "Cab10": 26.07591152921858, "Cw10": 0.03922662677976761, "xscale10": 0.4636593769683472, "yscale10": 0.4636593769683472, "zscale10": 0.4636593769683472, "Cab11": 37.16312999108741, "Cw11": 0.047659044987146036, "xscale11": 0.7050675359860497, "yscale11": 0.7050675359860497, "zscale11": 0.7050675359860497, "Cab12": 80.95706436615467, "Cw12": 0.013635929213285847, "xscale12": 0.479013401405012, "yscale12": 0.479013401405012, "zscale12": 0.479013401405012, "Cab13": 28.520989455043647, "Cw13": 0.031207530313480433, "xscale13": 0.6661740077198699, "yscale13": 0.6661740077198699, "zscale13": 0.6661740077198699, "Cab14": 32.746928170608854, "Cw14": 0.03151980040881558, "xscale14": 0.4948495988091004, "yscale14": 0.4948495988091004, "zscale14": 0.4948495988091004, "Cab15": 79.80088752648724, "Cw15": 0.021241754204939664, "xscale15": 0.6662857134522475, "yscale15": 0.6662857134522475, "zscale15": 0.6662857134522475, "Cab16": 25.32816433934505, "Cw16": 0.03084970438198844, "xscale16": 0.49563501500116025, "yscale16": 0.49563501500116025, "zscale16": 0.49563501500116025, "Cab17": 47.75109760949876, "Cw17": 0.010083530858719745, "xscale17": 0.47558662470928126, "yscale17": 0.47558662470928126, "zscale17": 0.47558662470928126, "Cab18": 87.64655348670215, "Cw18": 0.015161213470447327, "xscale18": 0.5577757636578895, "yscale18": 0.5577757636578895, "zscale18": 0.5577757636578895, "Cab19": 64.17129713653455, "Cw19": 0.031300667450472636, "xscale19": 0.5770234853984307, "yscale19": 0.5770234853984307, "zscale19": 0.5770234853984307, "Cab20": 24.580249744954784, "Cw20": 0.036736004809153844, "xscale20": 0.7169015859966998, "yscale20": 0.7169015859966998, "zscale20": 0.7169015859966998, "Cab21": 60.05385302056153, "Cw21": 0.02048078750717082, "xscale21": 0.605194697904756, "yscale21": 0.605194697904756, "zscale21": 0.605194697904756, "Cab22": 75.14238025090862, "Cw22": 0.026574814891016513, "xscale22": 0.5945065307637885, "yscale22": 0.5945065307637885, "zscale22": 0.5945065307637885, "Cab23": 47.39238692176292, "Cw23": 0.028285081346105412, "xscale23": 0.73865539263538, "yscale23": 0.73865539263538, "zscale23": 0.73865539263538, "Cab24": 71.81154944517918, "Cw24": 0.03444730019358267, "xscale24": 0.5209483713670958, "yscale24": 0.5209483713670958, "zscale24": 0.5209483713670958, "Cab25": 73.37188630840606, "Cw25": 0.019578747593260105, "xscale25": 0.7067075423683309, "yscale25": 0.7067075423683309, "zscale25": 0.7067075423683309, "Cab26": 88.6629215547618, "Cw26": 0.029408987608125062, "xscale26": 0.4991334452177031, "yscale26": 0.4991334452177031, "zscale26": 0.4991334452177031, "Cab27": 84.86689859226624, "Cw27": 0.0305655843867114, "xscale27": 0.36246662014174347, "yscale27": 0.36246662014174347, "zscale27": 0.36246662014174347, "Cab28": 58.11084969743766, "Cw28": 0.04164541373464483, "xscale28": 0.37530970234119176, "yscale28": 0.37530970234119176, "zscale28": 0.37530970234119176, "Cab29": 84.2272452694365, "Cw29": 0.01607750482974037, "xscale29": 0.682725863902122, "yscale29": 0.682725863902122, "zscale29": 0.682725863902122, "Cab30": 53.80496544788364, "Cw30": 0.01003597390316624, "xscale30": 0.41291678058456116, "yscale30": 0.41291678058456116, "zscale30": 0.41291678058456116, "Cab31": 37.89350048566408, "Cw31": 0.042004790996447924, "xscale31": 0.7179844682138182, "yscale31": 0.7179844682138182, "zscale31": 0.7179844682138182, "Cab32": 21.766935930382324, "Cw32": 0.019578307017658475, "xscale32": 0.395917747482814, "yscale32": 0.395917747482814, "zscale32": 0.395917747482814, "Cab33": 88.99919499302862, "Cw33": 0.026026835154553105, "xscale33": 0.41186213841342256, "yscale33": 0.41186213841342256, "zscale33": 0.41186213841342256, "Cab34": 78.94314476721402, "Cw34": 0.0472204992853724, "xscale34": 0.561556020610108, "yscale34": 0.561556020610108, "zscale34": 0.561556020610108, "Cab35": 43.729840169328405, "Cw35": 0.044530724281572245, "xscale35": 0.3826745610603385, "yscale35": 0.3826745610603385, "zscale35": 0.3826745610603385, "Cab36": 44.795066846080836, "Cw36": 0.026431334853675513, "xscale36": 0.6903177344387764, "yscale36": 0.6903177344387764, "zscale36": 0.6903177344387764, "Cab37": 35.52366330600832, "Cw37": 0.03500042594861875, "xscale37": 0.40336815621106215, "yscale37": 0.40336815621106215, "zscale37": 0.40336815621106215, "Cab38": 23.404677094855895, "Cw38": 0.015282938666702061, "xscale38": 0.4297397360667554, "yscale38": 0.4297397360667554, "zscale38": 0.4297397360667554, "Cab39": 47.21717508167768, "Cw39": 0.01031965109182357, "xscale39": 0.5950556959731119, "yscale39": 0.5950556959731119, "zscale39": 0.5950556959731119, "Cab40": 70.62688988532304, "Cw40": 0.02579581730023993, "xscale40": 0.45703433892926637, "yscale40": 0.45703433892926637, "zscale40": 0.45703433892926637, "Cab41": 86.28172715535887, "Cw41": 0.012195145355684205, "xscale41": 0.5561333065324549, "yscale41": 0.5561333065324549, "zscale41": 0.5561333065324549, "Cab42": 88.77803551483855, "Cw42": 0.041388507021289773, "xscale42": 0.6435757314146161, "yscale42": 0.6435757314146161, "zscale42": 0.6435757314146161, "Cab43": 30.638965679730997, "Cw43": 0.04725293810442838, "xscale43": 0.5673583499393033, "yscale43": 0.5673583499393033, "zscale43": 0.5673583499393033, "Cab44": 37.86877007131384, "Cw44": 0.026752740998754077, "xscale44": 0.3739516052759742, "yscale44": 0.3739516052759742, "zscale44": 0.3739516052759742, "Cab45": 38.66907681190165, "Cw45": 0.04978563805814967, "xscale45": 0.33674258798765416, "yscale45": 0.33674258798765416, "zscale45": 0.33674258798765416, "Cab46": 47.689674415097976, "Cw46": 0.039281940506170974, "xscale46": 0.38936553059409446, "yscale46": 0.38936553059409446, "zscale46": 0.38936553059409446, "Cab47": 81.61641630540458, "Cw47": 0.048746470214044685, "xscale47": 0.44347541353830117, "yscale47": 0.44347541353830117, "zscale47": 0.44347541353830117, "Cab48": 47.21987997464739, "Cw48": 0.036647931372292296, "xscale48": 0.6733898755022127, "yscale48": 0.6733898755022127, "zscale48": 0.6733898755022127, "Cab49": 21.213459614943027, "Cw49": 0.02130661968291327, "xscale49": 0.5476876652576357, "yscale49": 0.5476876652576357, "zscale49": 0.5476876652576357, "Cab50": 26.78738980743377, "Cw50": 0.03793817990059864, "xscale50": 0.5372504512535111, "yscale50": 0.5372504512535111, "zscale50": 0.5372504512535111, "Cab51": 56.96010157412013, "Cw51": 0.04608528235784846, "xscale51": 0.6708017067408302, "yscale51": 0.6708017067408302, "zscale51": 0.6708017067408302, "Cab52": 85.49282566510334,