{"Cab0": 29.12665496183299, "Cw0": 0.03290593311935168, "xscale0": 0.8687089922652749, "yscale0": 0.8687089922652749, "zscale0": 0.8687089922652749, "Cab1": 74.91534613176292, "Cw1": 0.04043288560844703, "xscale1": 0.491966510667197, "yscale1": 0.491966510667197, "zscale1": 0.491966510667197, "Cab2": 24.359270322068056, "Cw2": 0.03630911294238447, "xscale2": 0.6570247093513915, "yscale2": 0.6570247093513915, "zscale2": 0.6570247093513915, "Cab3": 26.251868704228812, "Cw3": 0.030442640119772546, "xscale3": 0.4094199263537389, "yscale3": 0.4094199263537389, "zscale3": 0.4094199263537389, "Cab4": 31.53948842679727, "Cw4": 0.040501376279364204, "xscale4": 0.583182818881476, "yscale4": 0.583182818881476, "zscale4": 0.583182818881476, "Cab5": 40.0542216842793, "Cw5": 0.04515563747108726, "xscale5": 0.8517398391280533, "yscale5": 0.8517398391280533, "zscale5": 0.8517398391280533, "Cab6": 68.76717398613735, "Cw6": 0.027421757694121973, "xscale6": 0.5067835149281241, "yscale6": 0.5067835149281241, "zscale6": 0.5067835149281241, "Cab7": 48.689327642131026, "Cw7": 0.032735186322375945, "xscale7": 0.6049938285441664, "yscale7": 0.6049938285441664, "zscale7": 0.6049938285441664, "Cab8": 77.7449028881352, "Cw8": 0.020119956687318308, "xscale8": 0.6270547203236986, "yscale8": 0.6270547203236986, "zscale8": 0.6270547203236986, "Cab9": 21.840576087694743, "Cw9": 0.029087372775138745, "xscale9": 0.6518731113062772, "yscale9": 0.6518731113062772, "zscale9": 0.6518731113062772, "Cab10": 83.69288314852446, "Cw10": 0.02702842206924118, "xscale10": 0.4905211762325542, "yscale10": 0.4905211762325542, "zscale10": 0.4905211762325542, "Cab11": 64.99690308673067, "Cw11": 0.03527353003717284, "xscale11": 0.7382497850163261, "yscale11": 0.7382497850163261, "zscale11": 0.7382497850163261, "Cab12": 63.33909920298609, "Cw12": 0.014480552156392462, "xscale12": 0.6499656204624237, "yscale12": 0.6499656204624237, "zscale12": 0.6499656204624237, "Cab13": 64.17958995389446, "Cw13": 0.013421381567545692, "xscale13": 0.6824084543384326, "yscale13": 0.6824084543384326, "zscale13": 0.6824084543384326, "Cab14": 42.27381069471281, "Cw14": 0.014561681386102313, "xscale14": 0.5241790301627772, "yscale14": 0.5241790301627772, "zscale14": 0.5241790301627772, "Cab15": 77.92360163277871, "Cw15": 0.037245162470505314, "xscale15": 0.6297342652925134, "yscale15": 0.6297342652925134, "zscale15": 0.6297342652925134, "Cab16": 42.75084601961878, "Cw16": 0.03593748234030519, "xscale16": 0.567680229617837, "yscale16": 0.567680229617837, "zscale16": 0.567680229617837, "Cab17": 40.55871300755275, "Cw17": 0.038734008218790215, "xscale17": 0.6107133899431503, "yscale17": 0.6107133899431503, "zscale17": 0.6107133899431503, "Cab18": 81.30746161963913, "Cw18": 0.03037387217500727, "xscale18": 0.6932831647612133, "yscale18": 0.6932831647612133, "zscale18": 0.6932831647612133, "Cab19": 46.0069541071265, "Cw19": 0.02678600046430807, "xscale19": 0.4812310272969453, "yscale19": 0.4812310272969453, "zscale19": 0.4812310272969453, "Cab20": 73.63576146246947, "Cw20": 0.037589616708501215, "xscale20": 0.5185196836705805, "yscale20": 0.5185196836705805, "zscale20": 0.5185196836705805, "Cab21": 65.61845894553431, "Cw21": 0.044206965652641816, "xscale21": 0.6231741171598912, "yscale21": 0.6231741171598912, "zscale21": 0.6231741171598912, "Cab22": 88.17669076492459, "Cw22": 0.04526172949452388, "xscale22": 0.5670371003351307, "yscale22": 0.5670371003351307, "zscale22": 0.5670371003351307, "Cab23": 37.09144683991839, "Cw23": 0.044510431661039455, "xscale23": 0.5862964990024032, "yscale23": 0.5862964990024032, "zscale23": 0.5862964990024032, "Cab24": 23.55562971167426, "Cw24": 0.04438409006046403, "xscale24": 0.47818316891317353, "yscale24": 0.47818316891317353, "zscale24": 0.47818316891317353, "Cab25": 59.520172285124474, "Cw25": 0.04158869097642362, "xscale25": 0.6601371553711214, "yscale25": 0.6601371553711214, "zscale25": 0.6601371553711214, "Cab26": 82.17222970155962, "Cw26": 0.0243550346545448, "xscale26": 0.7268747416611069, "yscale26": 0.7268747416611069, "zscale26": 0.7268747416611069, "Cab27": 69.6204917614122, "Cw27": 0.010740779499062016, "xscale27": 0.41358773513010677, "yscale27": 0.41358773513010677, "zscale27": 0.41358773513010677, "Cab28": 68.37335225887185, "Cw28": 0.010787326938372251, "xscale28": 0.34556728234810236, "yscale28": 0.34556728234810236, "zscale28": 0.34556728234810236, "Cab29": 50.76956752778258, "Cw29": 0.03712760964729546, "xscale29": 0.5101278048159336, "yscale29": 0.5101278048159336, "zscale29": 0.5101278048159336, "Cab30": 82.04730453175091, "Cw30": 0.04051235152395185, "xscale30": 0.43799807193887635, "yscale30": 0.43799807193887635, "zscale30": 0.43799807193887635, "Cab31": 48.209003178865686, "Cw31": 0.036900359328447846, "xscale31": 0.6766704863965687, "yscale31": 0.6766704863965687, "zscale31": 0.6766704863965687, "Cab32": 39.371582008367625, "Cw32": 0.047731123867843644, "xscale32": 0.5751588395202291, "yscale32": 0.5751588395202291, "zscale32": 0.5751588395202291, "Cab33": 50.5214489252323, "Cw33": 0.029807713226419993, "xscale33": 0.5178946480805708, "yscale33": 0.5178946480805708, "zscale33": 0.5178946480805708, "Cab34": 86.80662243316853, "Cw34": 0.028642825534558103, "xscale34": 0.4972268481750716, "yscale34": 0.4972268481750716, "zscale34": 0.4972268481750716, "Cab35": 76.51117817683965, "Cw35": 0.016099843765438777, "xscale35": 0.4125602797725175, "yscale35": 0.4125602797725175, "zscale35": 0.4125602797725175, "Cab36": 25.83396339438321, "Cw36": 0.04783328077670969, "xscale36": 0.7137994117360994, "yscale36": 0.7137994117360994, "zscale36": 0.7137994117360994, "Cab37": 29.34488218765025, "Cw37": 0.01211032908671255, "xscale37": 0.4736900779759019, "yscale37": 0.4736900779759019, "zscale37": 0.4736900779759019, "Cab38": 22.864359862100862, "Cw38": 0.028964682556028284, "xscale38": 0.5279889604303059, "yscale38": 0.5279889604303059, "zscale38": 0.5279889604303059, "Cab39": 84.65551786465895, "Cw39": 0.047302175391255516, "xscale39": 0.6655769492960361, "yscale39": 0.6655769492960361, "zscale39": 0.6655769492960361, "Cab40": 89.14110379633932, "Cw40": 0.02941044741817577, "xscale40": 0.5592061705503308, "yscale40": 0.5592061705503308, "zscale40": 0.5592061705503308, "Cab41": 40.52093470689822, "Cw41": 0.04026247322946772, "xscale41": 0.5267377001941105, "yscale41": 0.5267377001941105, "zscale41": 0.5267377001941105, "Cab42": 24.58638248276082, "Cw42": 0.029002677042283258, "xscale42": 0.5851882500618849, "yscale42": 0.5851882500618849, "zscale42": 0.5851882500618849, "Cab43": 52.451414162674915, "Cw43": 0.010672486309478, "xscale43": 0.5812100440781908, "yscale43": 0.5812100440781908, "zscale43": 0.5812100440781908, "Cab44": 63.51544638614623, "Cw44": 0.049127829942876754, "xscale44": 0.40680848987018753, "yscale44": 0.40680848987018753, "zscale44": 0.40680848987018753, "Cab45": 23.223989171495507, "Cw45": 0.03448728102401891, "xscale45": 0.3706278136869338, "yscale45": 0.3706278136869338, "zscale45": 0.3706278136869338, "Cab46": 89.71639026497401, "Cw46": 0.012176353721587372, "xscale46": 0.5099304995035089, "yscale46": 0.5099304995035089, "zscale46": 0.5099304995035089, "Cab47": 82.71075505881467, "Cw47": 0.018069970754357664, "xscale47": 0.4990702728798268, "yscale47": 0.4990702728798268, "zscale47": 0.4990702728798268, "Cab48": 51.80756068582137, "Cw48": 0.0397002918887589, "xscale48": 0.7437131206280212, "yscale48": 0.7437131206280212, "zscale48": 0.7437131206280212, "Cab49": 49.13988343558971, "Cw49": 0.02209220290755063, "xscale49": 0.5968552796116926, "yscale49": 0.5968552796116926, "zscale49": 0.5968552796116926, "Cab50": 74.8036560611398, "Cw50": 0.018611273985775133, "xscale50": 0.6730122065010739, "yscale50": 0.6730122065010739, "zscale50": 0.6730122065010739, "Cab51": 86.7005372775902, "Cw51": 0.036188398855778965, "xscale51": 0.5693087333571821, "yscale51": 0.5693087333571821, "zscale51": 0.5693087333571821, "Cab52": 29.71890472801804, "Cw52": 0.04653735807765529,