{"Cab0": 45.815947532235214, "Cw0": 0.03685753270560004, "xscale0": 0.8309471548681568, "yscale0": 0.8309471548681568, "zscale0": 0.8309471548681568, "Cab1": 40.37040546098768, "Cw1": 0.024567352831737024, "xscale1": 0.572785739208846, "yscale1": 0.572785739208846, "zscale1": 0.572785739208846, "Cab2": 32.184512119870064, "Cw2": 0.03310354210116028, "xscale2": 0.6045420045230983, "yscale2": 0.6045420045230983, "zscale2": 0.6045420045230983, "Cab3": 31.178409909645403, "Cw3": 0.04773182013878189, "xscale3": 0.5211093805571445, "yscale3": 0.5211093805571445, "zscale3": 0.5211093805571445, "Cab4": 82.20369149701884, "Cw4": 0.040871123087739776, "xscale4": 0.6942751419610644, "yscale4": 0.6942751419610644, "zscale4": 0.6942751419610644, "Cab5": 88.80294837409532, "Cw5": 0.038820840366718234, "xscale5": 0.8977658463917623, "yscale5": 0.8977658463917623, "zscale5": 0.8977658463917623, "Cab6": 49.00564669423268, "Cw6": 0.03577792694618077, "xscale6": 0.4574054463951678, "yscale6": 0.4574054463951678, "zscale6": 0.4574054463951678, "Cab7": 79.09172977733796, "Cw7": 0.02455076231518565, "xscale7": 0.6350885808349087, "yscale7": 0.6350885808349087, "zscale7": 0.6350885808349087, "Cab8": 75.74668030662656, "Cw8": 0.017667709436720514, "xscale8": 0.5861508699151211, "yscale8": 0.5861508699151211, "zscale8": 0.5861508699151211, "Cab9": 52.8733623762991, "Cw9": 0.019244412188665187, "xscale9": 0.6414831170444546, "yscale9": 0.6414831170444546, "zscale9": 0.6414831170444546, "Cab10": 34.48470625063206, "Cw10": 0.02536785918826004, "xscale10": 0.42281091821925, "yscale10": 0.42281091821925, "zscale10": 0.42281091821925, "Cab11": 28.566828525853563, "Cw11": 0.025483776302283892, "xscale11": 0.5833000480961338, "yscale11": 0.5833000480961338, "zscale11": 0.5833000480961338, "Cab12": 54.34651943019746, "Cw12": 0.03646742461399438, "xscale12": 0.6072959669260869, "yscale12": 0.6072959669260869, "zscale12": 0.6072959669260869, "Cab13": 58.54331615494375, "Cw13": 0.021949922530434776, "xscale13": 0.5767073315161781, "yscale13": 0.5767073315161781, "zscale13": 0.5767073315161781, "Cab14": 48.99112553148875, "Cw14": 0.018270443862496426, "xscale14": 0.47840337004362654, "yscale14": 0.47840337004362654, "zscale14": 0.47840337004362654, "Cab15": 77.42539629787026, "Cw15": 0.017141948217376142, "xscale15": 0.5756418059693635, "yscale15": 0.5756418059693635, "zscale15": 0.5756418059693635, "Cab16": 67.39439585839925, "Cw16": 0.04074100571709577, "xscale16": 0.5906353191496972, "yscale16": 0.5906353191496972, "zscale16": 0.5906353191496972, "Cab17": 65.06458530157155, "Cw17": 0.03256170192576492, "xscale17": 0.5396161867214897, "yscale17": 0.5396161867214897, "zscale17": 0.5396161867214897, "Cab18": 82.67114516442342, "Cw18": 0.04221194722992205, "xscale18": 0.5652632150926858, "yscale18": 0.5652632150926858, "zscale18": 0.5652632150926858, "Cab19": 48.43196647157334, "Cw19": 0.037037028763497154, "xscale19": 0.5565242719363226, "yscale19": 0.5565242719363226, "zscale19": 0.5565242719363226, "Cab20": 78.00970963766633, "Cw20": 0.046309960712848916, "xscale20": 0.5232994307357492, "yscale20": 0.5232994307357492, "zscale20": 0.5232994307357492, "Cab21": 53.385194488485965, "Cw21": 0.0116656738383716, "xscale21": 0.594186358660507, "yscale21": 0.594186358660507, "zscale21": 0.594186358660507, "Cab22": 80.8759471372019, "Cw22": 0.01237281204344352, "xscale22": 0.5583284134390847, "yscale22": 0.5583284134390847, "zscale22": 0.5583284134390847, "Cab23": 64.25288734185372, "Cw23": 0.0224517830392435, "xscale23": 0.7142676532131071, "yscale23": 0.7142676532131071, "zscale23": 0.7142676532131071, "Cab24": 65.24532304383975, "Cw24": 0.017449573890775314, "xscale24": 0.5408193113796764, "yscale24": 0.5408193113796764, "zscale24": 0.5408193113796764, "Cab25": 43.38703327062373, "Cw25": 0.044350929384241865, "xscale25": 0.5125456805518633, "yscale25": 0.5125456805518633, "zscale25": 0.5125456805518633, "Cab26": 46.575409391535004, "Cw26": 0.022892889585041917, "xscale26": 0.616524971575523, "yscale26": 0.616524971575523, "zscale26": 0.616524971575523, "Cab27": 86.3568326324882, "Cw27": 0.04466901463705084, "xscale27": 0.4859410626373153, "yscale27": 0.4859410626373153, "zscale27": 0.4859410626373153, "Cab28": 32.39959884137856, "Cw28": 0.01858116979957277, "xscale28": 0.36845468384780905, "yscale28": 0.36845468384780905, "zscale28": 0.36845468384780905, "Cab29": 48.10167257359754, "Cw29": 0.028817226149477515, "xscale29": 0.6378634006073792, "yscale29": 0.6378634006073792, "zscale29": 0.6378634006073792, "Cab30": 35.74668905451914, "Cw30": 0.019784928126168513, "xscale30": 0.3848211655744103, "yscale30": 0.3848211655744103, "zscale30": 0.3848211655744103, "Cab31": 41.42819067470964, "Cw31": 0.04532997423410029, "xscale31": 0.6958412804716201, "yscale31": 0.6958412804716201, "zscale31": 0.6958412804716201, "Cab32": 62.271155703625574, "Cw32": 0.013334639462330329, "xscale32": 0.460172917361689, "yscale32": 0.460172917361689, "zscale32": 0.460172917361689, "Cab33": 77.3859727621674, "Cw33": 0.026757661726783052, "xscale33": 0.5545248396404634, "yscale33": 0.5545248396404634, "zscale33": 0.5545248396404634, "Cab34": 58.08992514662237, "Cw34": 0.03031371291578607, "xscale34": 0.6017460308123475, "yscale34": 0.6017460308123475, "zscale34": 0.6017460308123475, "Cab35": 46.31376519859356, "Cw35": 0.029210311259202502, "xscale35": 0.4350497884526985, "yscale35": 0.4350497884526985, "zscale35": 0.4350497884526985, "Cab36": 88.35163427213661, "Cw36": 0.015438564009478269, "xscale36": 0.7118438174794584, "yscale36": 0.7118438174794584, "zscale36": 0.7118438174794584, "Cab37": 28.527673767523694, "Cw37": 0.01078022680367722, "xscale37": 0.4220203549821596, "yscale37": 0.4220203549821596, "zscale37": 0.4220203549821596, "Cab38": 36.16052479789748, "Cw38": 0.026629886420532725, "xscale38": 0.3860471574383571, "yscale38": 0.3860471574383571, "zscale38": 0.3860471574383571, "Cab39": 48.888769190512306, "Cw39": 0.011190333545853392, "xscale39": 0.6252294091989221, "yscale39": 0.6252294091989221, "zscale39": 0.6252294091989221, "Cab40": 85.81837499073039, "Cw40": 0.04866620713462087, "xscale40": 0.6428398344945537, "yscale40": 0.6428398344945537, "zscale40": 0.6428398344945537, "Cab41": 63.291190869081575, "Cw41": 0.03606672531005463, "xscale41": 0.5291117191486384, "yscale41": 0.5291117191486384, "zscale41": 0.5291117191486384, "Cab42": 52.17243468486266, "Cw42": 0.02771538471241345, "xscale42": 0.6291258821583481, "yscale42": 0.6291258821583481, "zscale42": 0.6291258821583481, "Cab43": 84.70860102314182, "Cw43": 0.04125961237090427, "xscale43": 0.5124184112422342, "yscale43": 0.5124184112422342, "zscale43": 0.5124184112422342, "Cab44": 27.236266784366876, "Cw44": 0.03693467941168367, "xscale44": 0.5106235523976421, "yscale44": 0.5106235523976421, "zscale44": 0.5106235523976421, "Cab45": 66.68283378890425, "Cw45": 0.04888824286048793, "xscale45": 0.3210827147601244, "yscale45": 0.3210827147601244, "zscale45": 0.3210827147601244, "Cab46": 64.3510281937068, "Cw46": 0.012857931668234231, "xscale46": 0.42817545581879957, "yscale46": 0.42817545581879957, "zscale46": 0.42817545581879957, "Cab47": 51.73615411864583, "Cw47": 0.02264589833673413, "xscale47": 0.4657046256767972, "yscale47": 0.4657046256767972, "zscale47": 0.4657046256767972, "Cab48": 88.14147266395457, "Cw48": 0.034628979010003974, "xscale48": 0.6601288865125695, "yscale48": 0.6601288865125695, "zscale48": 0.6601288865125695, "Cab49": 65.95719762304572, "Cw49": 0.025597074669063392, "xscale49": 0.5173820929286223, "yscale49": 0.5173820929286223, "zscale49": 0.5173820929286223, "Cab50": 35.065637835475044, "Cw50": 0.04338022721268298, "xscale50": 0.7110585566284533, "yscale50": 0.7110585566284533, "zscale50": 0.7110585566284533, "Cab51": 43.29592899037583, "Cw51": 0.041796825664550244, "xscale51": 0.8178434309428605, "yscale51": 0.8178434309428605, "zscale51": 0.8178434309428605, "Cab52": 25.626289060885636, "Cw52": 0.041942995400461376,