{"Cab0": 61.6818868152512, "Cw0": 0.024166511698693223, "xscale0": 0.6521327948480408, "yscale0": 0.6521327948480408, "zscale0": 0.6521327948480408, "Cab1": 53.17267019967751, "Cw1": 0.04540639127502864, "xscale1": 0.638795557167448, "yscale1": 0.638795557167448, "zscale1": 0.638795557167448, "Cab2": 53.82253594691288, "Cw2": 0.04427449135845919, "xscale2": 0.6538219312013496, "yscale2": 0.6538219312013496, "zscale2": 0.6538219312013496, "Cab3": 61.68819541301942, "Cw3": 0.03734909025193111, "xscale3": 0.5110709219963943, "yscale3": 0.5110709219963943, "zscale3": 0.5110709219963943, "Cab4": 55.94413829456155, "Cw4": 0.010767104663358614, "xscale4": 0.676387671233912, "yscale4": 0.676387671233912, "zscale4": 0.676387671233912, "Cab5": 35.59805815394186, "Cw5": 0.04645433547627328, "xscale5": 0.8555186093340461, "yscale5": 0.8555186093340461, "zscale5": 0.8555186093340461, "Cab6": 48.576712079040284, "Cw6": 0.04112828074812762, "xscale6": 0.642578007948157, "yscale6": 0.642578007948157, "zscale6": 0.642578007948157, "Cab7": 25.82716798362894, "Cw7": 0.01172100639455838, "xscale7": 0.4734740005717865, "yscale7": 0.4734740005717865, "zscale7": 0.4734740005717865, "Cab8": 69.40728928906505, "Cw8": 0.042912339771473344, "xscale8": 0.6187767507720211, "yscale8": 0.6187767507720211, "zscale8": 0.6187767507720211, "Cab9": 39.28750646520583, "Cw9": 0.011426854375484732, "xscale9": 0.7071059190779041, "yscale9": 0.7071059190779041, "zscale9": 0.7071059190779041, "Cab10": 79.25520812596372, "Cw10": 0.03771814087766363, "xscale10": 0.4581307305073222, "yscale10": 0.4581307305073222, "zscale10": 0.4581307305073222, "Cab11": 80.10771198242904, "Cw11": 0.03371009224088269, "xscale11": 0.7031587000114571, "yscale11": 0.7031587000114571, "zscale11": 0.7031587000114571, "Cab12": 71.7731704125227, "Cw12": 0.026559262309334655, "xscale12": 0.5139595082106073, "yscale12": 0.5139595082106073, "zscale12": 0.5139595082106073, "Cab13": 52.173991249226155, "Cw13": 0.010843076538465186, "xscale13": 0.506054743194914, "yscale13": 0.506054743194914, "zscale13": 0.506054743194914, "Cab14": 61.12463549015116, "Cw14": 0.04460840778740961, "xscale14": 0.5971254208906993, "yscale14": 0.5971254208906993, "zscale14": 0.5971254208906993, "Cab15": 35.79549049220686, "Cw15": 0.035832570101640766, "xscale15": 0.5089924044805844, "yscale15": 0.5089924044805844, "zscale15": 0.5089924044805844, "Cab16": 76.5298775405297, "Cw16": 0.03140268006045683, "xscale16": 0.5119142267081994, "yscale16": 0.5119142267081994, "zscale16": 0.5119142267081994, "Cab17": 89.43392732921193, "Cw17": 0.03222090512628895, "xscale17": 0.5370280333493216, "yscale17": 0.5370280333493216, "zscale17": 0.5370280333493216, "Cab18": 60.0477721076352, "Cw18": 0.021298945975949536, "xscale18": 0.5983312713086913, "yscale18": 0.5983312713086913, "zscale18": 0.5983312713086913, "Cab19": 24.70744021482796, "Cw19": 0.042793338866641516, "xscale19": 0.6149462785719835, "yscale19": 0.6149462785719835, "zscale19": 0.6149462785719835, "Cab20": 74.96186324387021, "Cw20": 0.03209470274287425, "xscale20": 0.6452380230338404, "yscale20": 0.6452380230338404, "zscale20": 0.6452380230338404, "Cab21": 29.24228718506614, "Cw21": 0.04674854675156252, "xscale21": 0.47265594668909583, "yscale21": 0.47265594668909583, "zscale21": 0.47265594668909583, "Cab22": 38.59929392661875, "Cw22": 0.015592070966287981, "xscale22": 0.5203305031415494, "yscale22": 0.5203305031415494, "zscale22": 0.5203305031415494, "Cab23": 24.637957904209014, "Cw23": 0.026754535060824057, "xscale23": 0.5878696861667377, "yscale23": 0.5878696861667377, "zscale23": 0.5878696861667377, "Cab24": 84.33191496434242, "Cw24": 0.03086473778047629, "xscale24": 0.6222813143057827, "yscale24": 0.6222813143057827, "zscale24": 0.6222813143057827, "Cab25": 62.30970953503707, "Cw25": 0.025966075310069503, "xscale25": 0.5207677576193819, "yscale25": 0.5207677576193819, "zscale25": 0.5207677576193819, "Cab26": 82.80281703554175, "Cw26": 0.041987141094711355, "xscale26": 0.5211925753600021, "yscale26": 0.5211925753600021, "zscale26": 0.5211925753600021, "Cab27": 87.13785472813582, "Cw27": 0.025920809325784534, "xscale27": 0.46750259547778333, "yscale27": 0.46750259547778333, "zscale27": 0.46750259547778333, "Cab28": 64.94391236941343, "Cw28": 0.015117152167016786, "xscale28": 0.37911945367302646, "yscale28": 0.37911945367302646, "zscale28": 0.37911945367302646, "Cab29": 30.740505910595722, "Cw29": 0.021824013967869142, "xscale29": 0.6487516039527681, "yscale29": 0.6487516039527681, "zscale29": 0.6487516039527681, "Cab30": 38.88804729158047, "Cw30": 0.022466110100144772, "xscale30": 0.41010678579665355, "yscale30": 0.41010678579665355, "zscale30": 0.41010678579665355, "Cab31": 39.296462076187616, "Cw31": 0.04759019581888467, "xscale31": 0.550981171221488, "yscale31": 0.550981171221488, "zscale31": 0.550981171221488, "Cab32": 44.51838510571814, "Cw32": 0.015879167850908107, "xscale32": 0.5544354291806256, "yscale32": 0.5544354291806256, "zscale32": 0.5544354291806256, "Cab33": 58.71745886577884, "Cw33": 0.036649707823769494, "xscale33": 0.42564288929048055, "yscale33": 0.42564288929048055, "zscale33": 0.42564288929048055, "Cab34": 34.38509360731039, "Cw34": 0.04541757371013842, "xscale34": 0.5603198242464873, "yscale34": 0.5603198242464873, "zscale34": 0.5603198242464873, "Cab35": 58.76891686273147, "Cw35": 0.015147444658325444, "xscale35": 0.35157047813986875, "yscale35": 0.35157047813986875, "zscale35": 0.35157047813986875, "Cab36": 42.347040388005254, "Cw36": 0.023203819251494263, "xscale36": 0.7469117296579497, "yscale36": 0.7469117296579497, "zscale36": 0.7469117296579497, "Cab37": 62.942608370217, "Cw37": 0.013253193830426623, "xscale37": 0.5030484523301181, "yscale37": 0.5030484523301181, "zscale37": 0.5030484523301181, "Cab38": 33.98181539223452, "Cw38": 0.030662856898376216, "xscale38": 0.5289225374724824, "yscale38": 0.5289225374724824, "zscale38": 0.5289225374724824, "Cab39": 58.620969333900746, "Cw39": 0.039291587837956415, "xscale39": 0.5984458512976506, "yscale39": 0.5984458512976506, "zscale39": 0.5984458512976506, "Cab40": 41.49691591927508, "Cw40": 0.03435362277831183, "xscale40": 0.636174803634474, "yscale40": 0.636174803634474, "zscale40": 0.636174803634474, "Cab41": 63.74181043664098, "Cw41": 0.04903076646449692, "xscale41": 0.5688347013230134, "yscale41": 0.5688347013230134, "zscale41": 0.5688347013230134, "Cab42": 59.962814544927845, "Cw42": 0.023478295921037305, "xscale42": 0.5389708987845881, "yscale42": 0.5389708987845881, "zscale42": 0.5389708987845881, "Cab43": 56.83892672698793, "Cw43": 0.0495785303607954, "xscale43": 0.6578537486378501, "yscale43": 0.6578537486378501, "zscale43": 0.6578537486378501, "Cab44": 42.332178975956104, "Cw44": 0.022432147436282877, "xscale44": 0.45411771622568003, "yscale44": 0.45411771622568003, "zscale44": 0.45411771622568003, "Cab45": 86.02611577316235, "Cw45": 0.021980633912668066, "xscale45": 0.33994854884593123, "yscale45": 0.33994854884593123, "zscale45": 0.33994854884593123, "Cab46": 48.53225924560705, "Cw46": 0.015097001003915134, "xscale46": 0.4632131501172316, "yscale46": 0.4632131501172316, "zscale46": 0.4632131501172316, "Cab47": 69.68459971674554, "Cw47": 0.03515216226641003, "xscale47": 0.4946505650579624, "yscale47": 0.4946505650579624, "zscale47": 0.4946505650579624, "Cab48": 66.90265103273825, "Cw48": 0.03184309237562574, "xscale48": 0.7110789367092167, "yscale48": 0.7110789367092167, "zscale48": 0.7110789367092167, "Cab49": 81.84827867501568, "Cw49": 0.035648226444116235, "xscale49": 0.49391801080554554, "yscale49": 0.49391801080554554, "zscale49": 0.49391801080554554, "Cab50": 88.77882964589374, "Cw50": 0.024683370153188562, "xscale50": 0.5560285991162932, "yscale50": 0.5560285991162932, "zscale50": 0.5560285991162932, "Cab51": 50.669955970049784, "Cw51": 0.046177699430305315, "xscale51": 0.7477340706114398, "yscale51": 0.7477340706114398, "zscale51": 0.7477340706114398, "Cab52": 25.22958337166036,