{"Cab0": 85.02228346553906, "Cw0": 0.02317091733187601, "xscale0": 0.7049781664297949, "yscale0": 0.7049781664297949, "zscale0": 0.7049781664297949, "Cab1": 71.66821830344031, "Cw1": 0.017075314554292734, "xscale1": 0.49722616768775296, "yscale1": 0.49722616768775296, "zscale1": 0.49722616768775296, "Cab2": 36.05022466910361, "Cw2": 0.04638270922571831, "xscale2": 0.763880216215173, "yscale2": 0.763880216215173, "zscale2": 0.763880216215173, "Cab3": 81.94712381957011, "Cw3": 0.03704409769138644, "xscale3": 0.5731752600908951, "yscale3": 0.5731752600908951, "zscale3": 0.5731752600908951, "Cab4": 66.05410289341364, "Cw4": 0.04413962179037996, "xscale4": 0.58582113893724, "yscale4": 0.58582113893724, "zscale4": 0.58582113893724, "Cab5": 30.487047709942786, "Cw5": 0.049515083606093524, "xscale5": 0.8512000572209624, "yscale5": 0.8512000572209624, "zscale5": 0.8512000572209624, "Cab6": 72.48553757345897, "Cw6": 0.024297360926033153, "xscale6": 0.4738717713627013, "yscale6": 0.4738717713627013, "zscale6": 0.4738717713627013, "Cab7": 66.7935530165694, "Cw7": 0.01957811486764877, "xscale7": 0.49112940852860787, "yscale7": 0.49112940852860787, "zscale7": 0.49112940852860787, "Cab8": 85.65546242745931, "Cw8": 0.022160924457639255, "xscale8": 0.6213896633892082, "yscale8": 0.6213896633892082, "zscale8": 0.6213896633892082, "Cab9": 64.98812960285161, "Cw9": 0.049942730088187316, "xscale9": 0.6535038821656646, "yscale9": 0.6535038821656646, "zscale9": 0.6535038821656646, "Cab10": 27.171836091945593, "Cw10": 0.04158565482002092, "xscale10": 0.48765092816019207, "yscale10": 0.48765092816019207, "zscale10": 0.48765092816019207, "Cab11": 68.58355598054843, "Cw11": 0.036508618830100946, "xscale11": 0.6045904575312416, "yscale11": 0.6045904575312416, "zscale11": 0.6045904575312416, "Cab12": 61.22217375028489, "Cw12": 0.012170208083355708, "xscale12": 0.6090189295564594, "yscale12": 0.6090189295564594, "zscale12": 0.6090189295564594, "Cab13": 66.2097829887856, "Cw13": 0.025827963216210024, "xscale13": 0.5457046637344093, "yscale13": 0.5457046637344093, "zscale13": 0.5457046637344093, "Cab14": 80.40047249295282, "Cw14": 0.013710277276505752, "xscale14": 0.5431218973517962, "yscale14": 0.5431218973517962, "zscale14": 0.5431218973517962, "Cab15": 25.200251771863783, "Cw15": 0.02239909524352729, "xscale15": 0.5823841153802167, "yscale15": 0.5823841153802167, "zscale15": 0.5823841153802167, "Cab16": 34.382639360012995, "Cw16": 0.031355286193125664, "xscale16": 0.5304356778148359, "yscale16": 0.5304356778148359, "zscale16": 0.5304356778148359, "Cab17": 84.39566588486183, "Cw17": 0.03530452564917029, "xscale17": 0.4960316148932796, "yscale17": 0.4960316148932796, "zscale17": 0.4960316148932796, "Cab18": 88.74923844814468, "Cw18": 0.0350594830702994, "xscale18": 0.6094518667420966, "yscale18": 0.6094518667420966, "zscale18": 0.6094518667420966, "Cab19": 49.152992744616775, "Cw19": 0.043709342295514396, "xscale19": 0.5255788131055009, "yscale19": 0.5255788131055009, "zscale19": 0.5255788131055009, "Cab20": 72.17371840155513, "Cw20": 0.03135784562693939, "xscale20": 0.592045933041712, "yscale20": 0.592045933041712, "zscale20": 0.592045933041712, "Cab21": 28.187794863576165, "Cw21": 0.028274289556642532, "xscale21": 0.5691559997162645, "yscale21": 0.5691559997162645, "zscale21": 0.5691559997162645, "Cab22": 68.8334604209275, "Cw22": 0.025512192917317912, "xscale22": 0.45272747808881336, "yscale22": 0.45272747808881336, "zscale22": 0.45272747808881336, "Cab23": 77.87751272150555, "Cw23": 0.036587250406945174, "xscale23": 0.5180428136971266, "yscale23": 0.5180428136971266, "zscale23": 0.5180428136971266, "Cab24": 38.18085495673185, "Cw24": 0.03680594964630158, "xscale24": 0.5617807976014313, "yscale24": 0.5617807976014313, "zscale24": 0.5617807976014313, "Cab25": 76.25312935182161, "Cw25": 0.01817628282065615, "xscale25": 0.587668976961322, "yscale25": 0.587668976961322, "zscale25": 0.587668976961322, "Cab26": 51.971464154522934, "Cw26": 0.011937907693843371, "xscale26": 0.5228449510599396, "yscale26": 0.5228449510599396, "zscale26": 0.5228449510599396, "Cab27": 66.39249168098493, "Cw27": 0.04023258854432376, "xscale27": 0.4623577351895393, "yscale27": 0.4623577351895393, "zscale27": 0.4623577351895393, "Cab28": 22.213373723814055, "Cw28": 0.048482902188127196, "xscale28": 0.35048589701665794, "yscale28": 0.35048589701665794, "zscale28": 0.35048589701665794, "Cab29": 34.50117413726055, "Cw29": 0.012646966341040362, "xscale29": 0.515160491207794, "yscale29": 0.515160491207794, "zscale29": 0.515160491207794, "Cab30": 52.938298952666095, "Cw30": 0.03715210865798975, "xscale30": 0.3671319019654169, "yscale30": 0.3671319019654169, "zscale30": 0.3671319019654169, "Cab31": 64.9302320299932, "Cw31": 0.03599198857762686, "xscale31": 0.5630471808697556, "yscale31": 0.5630471808697556, "zscale31": 0.5630471808697556, "Cab32": 25.66093096974447, "Cw32": 0.02786934448062532, "xscale32": 0.3930645770131118, "yscale32": 0.3930645770131118, "zscale32": 0.3930645770131118, "Cab33": 32.58733656048596, "Cw33": 0.0118233206093874, "xscale33": 0.5300506834650957, "yscale33": 0.5300506834650957, "zscale33": 0.5300506834650957, "Cab34": 64.77107670406298, "Cw34": 0.014235060712501565, "xscale34": 0.5226133095493128, "yscale34": 0.5226133095493128, "zscale34": 0.5226133095493128, "Cab35": 39.49103887753739, "Cw35": 0.040427003157112985, "xscale35": 0.3684079984761249, "yscale35": 0.3684079984761249, "zscale35": 0.3684079984761249, "Cab36": 21.949472000693714, "Cw36": 0.04637204079321678, "xscale36": 0.7147420823129155, "yscale36": 0.7147420823129155, "zscale36": 0.7147420823129155, "Cab37": 71.4493202855245, "Cw37": 0.04039327546355507, "xscale37": 0.4794334761542455, "yscale37": 0.4794334761542455, "zscale37": 0.4794334761542455, "Cab38": 32.55950601265173, "Cw38": 0.041141903018492604, "xscale38": 0.5318180108644338, "yscale38": 0.5318180108644338, "zscale38": 0.5318180108644338, "Cab39": 43.328644319847484, "Cw39": 0.04438154793454382, "xscale39": 0.4874969481460544, "yscale39": 0.4874969481460544, "zscale39": 0.4874969481460544, "Cab40": 59.09975727973424, "Cw40": 0.03825921463055962, "xscale40": 0.6267027983506672, "yscale40": 0.6267027983506672, "zscale40": 0.6267027983506672, "Cab41": 44.59523609423053, "Cw41": 0.03013762320246282, "xscale41": 0.5491796017616061, "yscale41": 0.5491796017616061, "zscale41": 0.5491796017616061, "Cab42": 73.16730821267456, "Cw42": 0.03111885441788046, "xscale42": 0.5660226492801574, "yscale42": 0.5660226492801574, "zscale42": 0.5660226492801574, "Cab43": 52.62687640774073, "Cw43": 0.047304017493012156, "xscale43": 0.6642891382692346, "yscale43": 0.6642891382692346, "zscale43": 0.6642891382692346, "Cab44": 81.56256773649883, "Cw44": 0.03980413111105708, "xscale44": 0.40042664287969676, "yscale44": 0.40042664287969676, "zscale44": 0.40042664287969676, "Cab45": 20.86632401437745, "Cw45": 0.04265816908615484, "xscale45": 0.30067952380435553, "yscale45": 0.30067952380435553, "zscale45": 0.30067952380435553, "Cab46": 41.69812847946352, "Cw46": 0.02533791633567587, "xscale46": 0.5460750427249493, "yscale46": 0.5460750427249493, "zscale46": 0.5460750427249493, "Cab47": 86.05094772318482, "Cw47": 0.0321354712483268, "xscale47": 0.6013526850172769, "yscale47": 0.6013526850172769, "zscale47": 0.6013526850172769, "Cab48": 22.982864457762744, "Cw48": 0.028739994317218735, "xscale48": 0.5737601498669773, "yscale48": 0.5737601498669773, "zscale48": 0.5737601498669773, "Cab49": 25.050155242323285, "Cw49": 0.04586867934125296, "xscale49": 0.44869087942279656, "yscale49": 0.44869087942279656, "zscale49": 0.44869087942279656, "Cab50": 50.32352088095298, "Cw50": 0.01036615101731487, "xscale50": 0.570502657035902, "yscale50": 0.570502657035902, "zscale50": 0.570502657035902, "Cab51": 83.1228010881973, "Cw51": 0.0312729869864848, "xscale51": 0.7615425211277974, "yscale51": 0.7615425211277974, "zscale51": 0.7615425211277974, "Cab52": 82.03152353166037, "Cw52": 0.020230468638596538,