{"Cab0": 48.356882069934386, "Cw0": 0.032165842470755004, "xscale0": 0.8460906713217902, "yscale0": 0.8460906713217902, "zscale0": 0.8460906713217902, "Cab1": 85.80565494264276, "Cw1": 0.039897705323525726, "xscale1": 0.6673539103876222, "yscale1": 0.6673539103876222, "zscale1": 0.6673539103876222, "Cab2": 70.90448245133038, "Cw2": 0.018936337245004167, "xscale2": 0.7562373728386298, "yscale2": 0.7562373728386298, "zscale2": 0.7562373728386298, "Cab3": 39.251930833933336, "Cw3": 0.024507577964786906, "xscale3": 0.5290175198247777, "yscale3": 0.5290175198247777, "zscale3": 0.5290175198247777, "Cab4": 70.84322933332979, "Cw4": 0.04096898009759355, "xscale4": 0.6534490756478533, "yscale4": 0.6534490756478533, "zscale4": 0.6534490756478533, "Cab5": 42.207669694445556, "Cw5": 0.027102189156764538, "xscale5": 0.764696053886947, "yscale5": 0.764696053886947, "zscale5": 0.764696053886947, "Cab6": 74.78953990065058, "Cw6": 0.0468597277076929, "xscale6": 0.6245042542212629, "yscale6": 0.6245042542212629, "zscale6": 0.6245042542212629, "Cab7": 45.94069146941146, "Cw7": 0.02718915055649114, "xscale7": 0.5327281288770518, "yscale7": 0.5327281288770518, "zscale7": 0.5327281288770518, "Cab8": 55.75604203889049, "Cw8": 0.02018838607927336, "xscale8": 0.6241267093025042, "yscale8": 0.6241267093025042, "zscale8": 0.6241267093025042, "Cab9": 44.77000236047472, "Cw9": 0.03524927783420793, "xscale9": 0.5714600193084917, "yscale9": 0.5714600193084917, "zscale9": 0.5714600193084917, "Cab10": 21.56632778382292, "Cw10": 0.04649652618178286, "xscale10": 0.45254990075134366, "yscale10": 0.45254990075134366, "zscale10": 0.45254990075134366, "Cab11": 43.0313753222856, "Cw11": 0.039611575475977, "xscale11": 0.6585497136754674, "yscale11": 0.6585497136754674, "zscale11": 0.6585497136754674, "Cab12": 58.26442407354437, "Cw12": 0.03361611437131613, "xscale12": 0.4657571876937744, "yscale12": 0.4657571876937744, "zscale12": 0.4657571876937744, "Cab13": 73.93984378858514, "Cw13": 0.0384198729056967, "xscale13": 0.5104712597374735, "yscale13": 0.5104712597374735, "zscale13": 0.5104712597374735, "Cab14": 86.1697331980189, "Cw14": 0.04997980241292584, "xscale14": 0.5385809862462901, "yscale14": 0.5385809862462901, "zscale14": 0.5385809862462901, "Cab15": 38.61001403495208, "Cw15": 0.013583998554417526, "xscale15": 0.5654257544623132, "yscale15": 0.5654257544623132, "zscale15": 0.5654257544623132, "Cab16": 88.64278987694706, "Cw16": 0.021001695118482093, "xscale16": 0.6061513811386534, "yscale16": 0.6061513811386534, "zscale16": 0.6061513811386534, "Cab17": 64.19876514855174, "Cw17": 0.013163284870956034, "xscale17": 0.49645891005554454, "yscale17": 0.49645891005554454, "zscale17": 0.49645891005554454, "Cab18": 77.14689017559414, "Cw18": 0.03738740396497731, "xscale18": 0.7426812992723483, "yscale18": 0.7426812992723483, "zscale18": 0.7426812992723483, "Cab19": 36.672187322539806, "Cw19": 0.023836769475681186, "xscale19": 0.6539501807864526, "yscale19": 0.6539501807864526, "zscale19": 0.6539501807864526, "Cab20": 83.3401281037493, "Cw20": 0.018799005066223177, "xscale20": 0.6017558087776238, "yscale20": 0.6017558087776238, "zscale20": 0.6017558087776238, "Cab21": 64.22967347193426, "Cw21": 0.03649642800765689, "xscale21": 0.6403440641873576, "yscale21": 0.6403440641873576, "zscale21": 0.6403440641873576, "Cab22": 28.616014906314575, "Cw22": 0.01970849365223017, "xscale22": 0.539624451466657, "yscale22": 0.539624451466657, "zscale22": 0.539624451466657, "Cab23": 62.51743611955602, "Cw23": 0.014175571168228655, "xscale23": 0.7132231361315086, "yscale23": 0.7132231361315086, "zscale23": 0.7132231361315086, "Cab24": 27.587062444967955, "Cw24": 0.018496147083343184, "xscale24": 0.6085491903482025, "yscale24": 0.6085491903482025, "zscale24": 0.6085491903482025, "Cab25": 80.58050579369718, "Cw25": 0.02647706847345216, "xscale25": 0.6445580980885474, "yscale25": 0.6445580980885474, "zscale25": 0.6445580980885474, "Cab26": 69.83188565406739, "Cw26": 0.049853880363691885, "xscale26": 0.5951338008901459, "yscale26": 0.5951338008901459, "zscale26": 0.5951338008901459, "Cab27": 88.47533146731803, "Cw27": 0.036363510802459344, "xscale27": 0.5057884143751049, "yscale27": 0.5057884143751049, "zscale27": 0.5057884143751049, "Cab28": 66.71345936331063, "Cw28": 0.04916567023523651, "xscale28": 0.3461920940157677, "yscale28": 0.3461920940157677, "zscale28": 0.3461920940157677, "Cab29": 56.800169827639316, "Cw29": 0.02437161163626603, "xscale29": 0.6314136275132642, "yscale29": 0.6314136275132642, "zscale29": 0.6314136275132642, "Cab30": 59.83493067946949, "Cw30": 0.033109603138892094, "xscale30": 0.4421217897742812, "yscale30": 0.4421217897742812, "zscale30": 0.4421217897742812, "Cab31": 42.94459043234801, "Cw31": 0.03399859121632665, "xscale31": 0.5672234749338002, "yscale31": 0.5672234749338002, "zscale31": 0.5672234749338002, "Cab32": 86.50827914764429, "Cw32": 0.012361060595644631, "xscale32": 0.528719983077938, "yscale32": 0.528719983077938, "zscale32": 0.528719983077938, "Cab33": 23.705521101493275, "Cw33": 0.044351996999312394, "xscale33": 0.4890712405372429, "yscale33": 0.4890712405372429, "zscale33": 0.4890712405372429, "Cab34": 69.79506513601405, "Cw34": 0.023371694329776614, "xscale34": 0.4691533956165323, "yscale34": 0.4691533956165323, "zscale34": 0.4691533956165323, "Cab35": 30.735370828720924, "Cw35": 0.02495545885696058, "xscale35": 0.3724401084779819, "yscale35": 0.3724401084779819, "zscale35": 0.3724401084779819, "Cab36": 54.607879470627665, "Cw36": 0.0462075793522929, "xscale36": 0.7331444866794513, "yscale36": 0.7331444866794513, "zscale36": 0.7331444866794513, "Cab37": 21.359138615514077, "Cw37": 0.026770754528030086, "xscale37": 0.5146300697215807, "yscale37": 0.5146300697215807, "zscale37": 0.5146300697215807, "Cab38": 78.37931808674259, "Cw38": 0.041089127557457215, "xscale38": 0.553686745095827, "yscale38": 0.553686745095827, "zscale38": 0.553686745095827, "Cab39": 80.0124830998308, "Cw39": 0.04326607670343228, "xscale39": 0.6370266968250821, "yscale39": 0.6370266968250821, "zscale39": 0.6370266968250821, "Cab40": 89.39717226343754, "Cw40": 0.04783163165068743, "xscale40": 0.4533960229574448, "yscale40": 0.4533960229574448, "zscale40": 0.4533960229574448, "Cab41": 59.86483455467134, "Cw41": 0.046035244362520426, "xscale41": 0.6130783858684874, "yscale41": 0.6130783858684874, "zscale41": 0.6130783858684874, "Cab42": 50.85255406717841, "Cw42": 0.03662893127369531, "xscale42": 0.5606890268969219, "yscale42": 0.5606890268969219, "zscale42": 0.5606890268969219, "Cab43": 48.896893582353755, "Cw43": 0.03103481420472224, "xscale43": 0.6981084422034551, "yscale43": 0.6981084422034551, "zscale43": 0.6981084422034551, "Cab44": 86.24553097820048, "Cw44": 0.010370157229714825, "xscale44": 0.41026016420167194, "yscale44": 0.41026016420167194, "zscale44": 0.41026016420167194, "Cab45": 73.4507499562972, "Cw45": 0.03429508254396355, "xscale45": 0.34157952103063044, "yscale45": 0.34157952103063044, "zscale45": 0.34157952103063044, "Cab46": 68.07391734302333, "Cw46": 0.04831156190853125, "xscale46": 0.45412086064411594, "yscale46": 0.45412086064411594, "zscale46": 0.45412086064411594, "Cab47": 38.71713335108516, "Cw47": 0.03748628870029257, "xscale47": 0.5781453912353745, "yscale47": 0.5781453912353745, "zscale47": 0.5781453912353745, "Cab48": 79.16562643273117, "Cw48": 0.0196807746093842, "xscale48": 0.7857359716891812, "yscale48": 0.7857359716891812, "zscale48": 0.7857359716891812, "Cab49": 71.92436186129886, "Cw49": 0.017120856636096228, "xscale49": 0.5010254489399395, "yscale49": 0.5010254489399395, "zscale49": 0.5010254489399395, "Cab50": 27.045767759525383, "Cw50": 0.048089921133769066, "xscale50": 0.6310695936563077, "yscale50": 0.6310695936563077, "zscale50": 0.6310695936563077, "Cab51": 78.52456019640725, "Cw51": 0.03204342008473686, "xscale51": 0.7923493540735654, "yscale51": 0.7923493540735654, "zscale51": 0.7923493540735654, "Cab52": 72.20507913730958, "Cw52": 0.03703791061425183,