{"Cab0": 72.1229168341347, "Cw0": 0.04183968700036358, "xscale0": 0.8578717312462093, "yscale0": 0.8578717312462093, "zscale0": 0.8578717312462093, "Cab1": 64.43045897078227, "Cw1": 0.031949939516577215, "xscale1": 0.5434281738800643, "yscale1": 0.5434281738800643, "zscale1": 0.5434281738800643, "Cab2": 83.96494576111297, "Cw2": 0.032203661870474055, "xscale2": 0.6747562611114963, "yscale2": 0.6747562611114963, "zscale2": 0.6747562611114963, "Cab3": 71.25786638965593, "Cw3": 0.012576254704419476, "xscale3": 0.5289673035043632, "yscale3": 0.5289673035043632, "zscale3": 0.5289673035043632, "Cab4": 89.06594271801454, "Cw4": 0.03586750510618829, "xscale4": 0.5275223620895699, "yscale4": 0.5275223620895699, "zscale4": 0.5275223620895699, "Cab5": 42.24612174609672, "Cw5": 0.024928848949145523, "xscale5": 0.7961768330094288, "yscale5": 0.7961768330094288, "zscale5": 0.7961768330094288, "Cab6": 68.31313697341747, "Cw6": 0.013287772572859438, "xscale6": 0.49880945486416073, "yscale6": 0.49880945486416073, "zscale6": 0.49880945486416073, "Cab7": 45.888219657904855, "Cw7": 0.04725401576079114, "xscale7": 0.48297470438070605, "yscale7": 0.48297470438070605, "zscale7": 0.48297470438070605, "Cab8": 77.82302348048204, "Cw8": 0.010468588569557827, "xscale8": 0.5809052967242111, "yscale8": 0.5809052967242111, "zscale8": 0.5809052967242111, "Cab9": 41.22943672489065, "Cw9": 0.032141811438671654, "xscale9": 0.7782761834228157, "yscale9": 0.7782761834228157, "zscale9": 0.7782761834228157, "Cab10": 25.188490897895143, "Cw10": 0.02200345790892108, "xscale10": 0.5322417331072283, "yscale10": 0.5322417331072283, "zscale10": 0.5322417331072283, "Cab11": 25.370771952337293, "Cw11": 0.017241755340296573, "xscale11": 0.7014872548352417, "yscale11": 0.7014872548352417, "zscale11": 0.7014872548352417, "Cab12": 61.607810183160254, "Cw12": 0.031534501596799144, "xscale12": 0.6010473513527462, "yscale12": 0.6010473513527462, "zscale12": 0.6010473513527462, "Cab13": 39.54276948492306, "Cw13": 0.04939512152006193, "xscale13": 0.6577719178432766, "yscale13": 0.6577719178432766, "zscale13": 0.6577719178432766, "Cab14": 78.24593028323413, "Cw14": 0.03401143207877023, "xscale14": 0.5044667725443204, "yscale14": 0.5044667725443204, "zscale14": 0.5044667725443204, "Cab15": 64.16689791842197, "Cw15": 0.015073788826018166, "xscale15": 0.6309147391974065, "yscale15": 0.6309147391974065, "zscale15": 0.6309147391974065, "Cab16": 32.206727862479, "Cw16": 0.03895563381987162, "xscale16": 0.5551409402137836, "yscale16": 0.5551409402137836, "zscale16": 0.5551409402137836, "Cab17": 69.12720635715255, "Cw17": 0.021229182345615962, "xscale17": 0.6437950665871366, "yscale17": 0.6437950665871366, "zscale17": 0.6437950665871366, "Cab18": 47.01211161808476, "Cw18": 0.03876539789291087, "xscale18": 0.7695735941950651, "yscale18": 0.7695735941950651, "zscale18": 0.7695735941950651, "Cab19": 58.40586983839721, "Cw19": 0.013479018092735134, "xscale19": 0.5385419855636451, "yscale19": 0.5385419855636451, "zscale19": 0.5385419855636451, "Cab20": 55.654098456868994, "Cw20": 0.043082965444853336, "xscale20": 0.6411148062734815, "yscale20": 0.6411148062734815, "zscale20": 0.6411148062734815, "Cab21": 47.26814782289499, "Cw21": 0.030074428810154742, "xscale21": 0.49063821063879387, "yscale21": 0.49063821063879387, "zscale21": 0.49063821063879387, "Cab22": 40.7392777715888, "Cw22": 0.02658174618693994, "xscale22": 0.47900694103617636, "yscale22": 0.47900694103617636, "zscale22": 0.47900694103617636, "Cab23": 83.9497339616841, "Cw23": 0.04579447992522017, "xscale23": 0.6499197501650399, "yscale23": 0.6499197501650399, "zscale23": 0.6499197501650399, "Cab24": 24.77618791385052, "Cw24": 0.01194034488874352, "xscale24": 0.43220165899773566, "yscale24": 0.43220165899773566, "zscale24": 0.43220165899773566, "Cab25": 87.45796702317915, "Cw25": 0.025064154027780883, "xscale25": 0.5338546670891976, "yscale25": 0.5338546670891976, "zscale25": 0.5338546670891976, "Cab26": 76.12513115986553, "Cw26": 0.04292355348202725, "xscale26": 0.7033533322025325, "yscale26": 0.7033533322025325, "zscale26": 0.7033533322025325, "Cab27": 36.90966405758932, "Cw27": 0.04682314289686865, "xscale27": 0.4542580321196398, "yscale27": 0.4542580321196398, "zscale27": 0.4542580321196398, "Cab28": 51.76261916157804, "Cw28": 0.04643545700544868, "xscale28": 0.3777748166146018, "yscale28": 0.3777748166146018, "zscale28": 0.3777748166146018, "Cab29": 68.23382746181899, "Cw29": 0.03435500994497776, "xscale29": 0.6333933904299378, "yscale29": 0.6333933904299378, "zscale29": 0.6333933904299378, "Cab30": 84.89507782604444, "Cw30": 0.03529607613586508, "xscale30": 0.43066944000523916, "yscale30": 0.43066944000523916, "zscale30": 0.43066944000523916, "Cab31": 48.04676618850086, "Cw31": 0.04290537356722409, "xscale31": 0.7514154365008048, "yscale31": 0.7514154365008048, "zscale31": 0.7514154365008048, "Cab32": 44.16298161357204, "Cw32": 0.025858130465454578, "xscale32": 0.4971771064146752, "yscale32": 0.4971771064146752, "zscale32": 0.4971771064146752, "Cab33": 48.110507313910674, "Cw33": 0.028128192829268324, "xscale33": 0.4421228752408562, "yscale33": 0.4421228752408562, "zscale33": 0.4421228752408562, "Cab34": 44.761928331512195, "Cw34": 0.04782028368223099, "xscale34": 0.5985035298543505, "yscale34": 0.5985035298543505, "zscale34": 0.5985035298543505, "Cab35": 78.5492967946008, "Cw35": 0.016628009402524756, "xscale35": 0.49570643344913035, "yscale35": 0.49570643344913035, "zscale35": 0.49570643344913035, "Cab36": 67.43852173083238, "Cw36": 0.02539766443505141, "xscale36": 0.7048594788969209, "yscale36": 0.7048594788969209, "zscale36": 0.7048594788969209, "Cab37": 36.41967102994401, "Cw37": 0.029198029080436158, "xscale37": 0.5226971462684881, "yscale37": 0.5226971462684881, "zscale37": 0.5226971462684881, "Cab38": 47.63948224612006, "Cw38": 0.04280691691359595, "xscale38": 0.5687448383025263, "yscale38": 0.5687448383025263, "zscale38": 0.5687448383025263, "Cab39": 78.66688713258316, "Cw39": 0.03008271788756149, "xscale39": 0.5776149472420627, "yscale39": 0.5776149472420627, "zscale39": 0.5776149472420627, "Cab40": 89.73658818623352, "Cw40": 0.04042886082207841, "xscale40": 0.5384667999004504, "yscale40": 0.5384667999004504, "zscale40": 0.5384667999004504, "Cab41": 24.537125850974014, "Cw41": 0.029870445884981542, "xscale41": 0.5954770185126474, "yscale41": 0.5954770185126474, "zscale41": 0.5954770185126474, "Cab42": 35.300598710346726, "Cw42": 0.01806702069929746, "xscale42": 0.45793775868711123, "yscale42": 0.45793775868711123, "zscale42": 0.45793775868711123, "Cab43": 22.326896463246992, "Cw43": 0.026946447864594117, "xscale43": 0.5179240548988213, "yscale43": 0.5179240548988213, "zscale43": 0.5179240548988213, "Cab44": 65.26976817157201, "Cw44": 0.026895326055705986, "xscale44": 0.3885578977249736, "yscale44": 0.3885578977249736, "zscale44": 0.3885578977249736, "Cab45": 35.68636817588247, "Cw45": 0.02345210479149494, "xscale45": 0.33257418052017995, "yscale45": 0.33257418052017995, "zscale45": 0.33257418052017995, "Cab46": 44.77542968707395, "Cw46": 0.01281122441151414, "xscale46": 0.4512957086367826, "yscale46": 0.4512957086367826, "zscale46": 0.4512957086367826, "Cab47": 81.52692127447952, "Cw47": 0.04786597975254605, "xscale47": 0.49359893271751853, "yscale47": 0.49359893271751853, "zscale47": 0.49359893271751853, "Cab48": 86.6289080393194, "Cw48": 0.03931650320782619, "xscale48": 0.6135181987184384, "yscale48": 0.6135181987184384, "zscale48": 0.6135181987184384, "Cab49": 41.42493863642423, "Cw49": 0.04618726551880515, "xscale49": 0.5205904160649436, "yscale49": 0.5205904160649436, "zscale49": 0.5205904160649436, "Cab50": 65.4617780875102, "Cw50": 0.04371241278125952, "xscale50": 0.7538600855519209, "yscale50": 0.7538600855519209, "zscale50": 0.7538600855519209, "Cab51": 62.035192810881156, "Cw51": 0.012436492750789197, "xscale51": 0.6704689263076458, "yscale51": 0.6704689263076458, "zscale51": 0.6704689263076458, "Cab52": 21.59209431627456,