{"Cab0": 69.14112186417535, "Cw0": 0.010839071110576493, "xscale0": 0.7913878536049965, "yscale0": 0.7913878536049965, "zscale0": 0.7913878536049965, "Cab1": 33.27948393469615, "Cw1": 0.03932391921044189, "xscale1": 0.6052206468592927, "yscale1": 0.6052206468592927, "zscale1": 0.6052206468592927, "Cab2": 87.15508251016846, "Cw2": 0.04703829120215233, "xscale2": 0.7479565430108939, "yscale2": 0.7479565430108939, "zscale2": 0.7479565430108939, "Cab3": 54.88168653401816, "Cw3": 0.034394828862460564, "xscale3": 0.42648051606793497, "yscale3": 0.42648051606793497, "zscale3": 0.42648051606793497, "Cab4": 23.67590135065657, "Cw4": 0.04294121475041225, "xscale4": 0.5033089349181926, "yscale4": 0.5033089349181926, "zscale4": 0.5033089349181926, "Cab5": 51.88757488446527, "Cw5": 0.031681417007234675, "xscale5": 0.8036889799725916, "yscale5": 0.8036889799725916, "zscale5": 0.8036889799725916, "Cab6": 20.02757498663681, "Cw6": 0.039821600288199144, "xscale6": 0.4625127724913085, "yscale6": 0.4625127724913085, "zscale6": 0.4625127724913085, "Cab7": 81.53745033363833, "Cw7": 0.013772127035760624, "xscale7": 0.639964413239373, "yscale7": 0.639964413239373, "zscale7": 0.639964413239373, "Cab8": 32.90478777855079, "Cw8": 0.03548519587579192, "xscale8": 0.6311858177070387, "yscale8": 0.6311858177070387, "zscale8": 0.6311858177070387, "Cab9": 77.5397675187229, "Cw9": 0.04616067633817379, "xscale9": 0.5751780362438479, "yscale9": 0.5751780362438479, "zscale9": 0.5751780362438479, "Cab10": 46.07139522052127, "Cw10": 0.018988044513489413, "xscale10": 0.528530548732306, "yscale10": 0.528530548732306, "zscale10": 0.528530548732306, "Cab11": 53.741515866112984, "Cw11": 0.015130603581453453, "xscale11": 0.600238140160616, "yscale11": 0.600238140160616, "zscale11": 0.600238140160616, "Cab12": 69.15519400351911, "Cw12": 0.030965491360778627, "xscale12": 0.4619913606492881, "yscale12": 0.4619913606492881, "zscale12": 0.4619913606492881, "Cab13": 78.79374419693855, "Cw13": 0.016647156943837935, "xscale13": 0.5331236716502608, "yscale13": 0.5331236716502608, "zscale13": 0.5331236716502608, "Cab14": 63.48141610693665, "Cw14": 0.03500441792880473, "xscale14": 0.5642253335878087, "yscale14": 0.5642253335878087, "zscale14": 0.5642253335878087, "Cab15": 36.19191837982896, "Cw15": 0.040134320415731416, "xscale15": 0.5410378367304208, "yscale15": 0.5410378367304208, "zscale15": 0.5410378367304208, "Cab16": 42.433896717051084, "Cw16": 0.04029536499300384, "xscale16": 0.6424044421834084, "yscale16": 0.6424044421834084, "zscale16": 0.6424044421834084, "Cab17": 45.15803955805052, "Cw17": 0.02644051113607162, "xscale17": 0.4994406802248416, "yscale17": 0.4994406802248416, "zscale17": 0.4994406802248416, "Cab18": 66.0069899620984, "Cw18": 0.025354490395864147, "xscale18": 0.7232329309904106, "yscale18": 0.7232329309904106, "zscale18": 0.7232329309904106, "Cab19": 84.9718929488839, "Cw19": 0.027364213558728444, "xscale19": 0.49895869818720145, "yscale19": 0.49895869818720145, "zscale19": 0.49895869818720145, "Cab20": 38.409312925686045, "Cw20": 0.019604464242962825, "xscale20": 0.5393958671453893, "yscale20": 0.5393958671453893, "zscale20": 0.5393958671453893, "Cab21": 23.66363319140881, "Cw21": 0.0409473054660029, "xscale21": 0.501682431728706, "yscale21": 0.501682431728706, "zscale21": 0.501682431728706, "Cab22": 27.63414812326713, "Cw22": 0.021242077279321193, "xscale22": 0.4141454674703872, "yscale22": 0.4141454674703872, "zscale22": 0.4141454674703872, "Cab23": 39.21950696080573, "Cw23": 0.018355830233944076, "xscale23": 0.6700791212560855, "yscale23": 0.6700791212560855, "zscale23": 0.6700791212560855, "Cab24": 43.37312347697872, "Cw24": 0.01621402314103168, "xscale24": 0.5083280386538739, "yscale24": 0.5083280386538739, "zscale24": 0.5083280386538739, "Cab25": 50.965909485918274, "Cw25": 0.04232003475161056, "xscale25": 0.7114183070060794, "yscale25": 0.7114183070060794, "zscale25": 0.7114183070060794, "Cab26": 84.93392156704572, "Cw26": 0.04991220967739911, "xscale26": 0.6120154764266047, "yscale26": 0.6120154764266047, "zscale26": 0.6120154764266047, "Cab27": 22.244218848900392, "Cw27": 0.032678342005021746, "xscale27": 0.4468976463679553, "yscale27": 0.4468976463679553, "zscale27": 0.4468976463679553, "Cab28": 55.09104564843945, "Cw28": 0.0422667336968593, "xscale28": 0.484240747242952, "yscale28": 0.484240747242952, "zscale28": 0.484240747242952, "Cab29": 76.63167561767807, "Cw29": 0.04579466986378142, "xscale29": 0.5308229124202304, "yscale29": 0.5308229124202304, "zscale29": 0.5308229124202304, "Cab30": 24.243677320866087, "Cw30": 0.013107599329756105, "xscale30": 0.3437635345002852, "yscale30": 0.3437635345002852, "zscale30": 0.3437635345002852, "Cab31": 84.57870528078745, "Cw31": 0.04125135848888485, "xscale31": 0.7413224045152894, "yscale31": 0.7413224045152894, "zscale31": 0.7413224045152894, "Cab32": 62.242599801233084, "Cw32": 0.025682566389388685, "xscale32": 0.5037597337181159, "yscale32": 0.5037597337181159, "zscale32": 0.5037597337181159, "Cab33": 86.48332916975379, "Cw33": 0.014270752903308979, "xscale33": 0.5176044905066134, "yscale33": 0.5176044905066134, "zscale33": 0.5176044905066134, "Cab34": 61.424540614856525, "Cw34": 0.042085906313833056, "xscale34": 0.5788537398447092, "yscale34": 0.5788537398447092, "zscale34": 0.5788537398447092, "Cab35": 25.619559640790786, "Cw35": 0.0328137372614444, "xscale35": 0.4838759897348528, "yscale35": 0.4838759897348528, "zscale35": 0.4838759897348528, "Cab36": 71.66260304751539, "Cw36": 0.031996251234312365, "xscale36": 0.686873282155766, "yscale36": 0.686873282155766, "zscale36": 0.686873282155766, "Cab37": 80.299355849177, "Cw37": 0.029687536393317407, "xscale37": 0.42519588606727643, "yscale37": 0.42519588606727643, "zscale37": 0.42519588606727643, "Cab38": 39.18025575719956, "Cw38": 0.020974437193517173, "xscale38": 0.529248783629693, "yscale38": 0.529248783629693, "zscale38": 0.529248783629693, "Cab39": 45.50207716041011, "Cw39": 0.039586489963903335, "xscale39": 0.4803566724792044, "yscale39": 0.4803566724792044, "zscale39": 0.4803566724792044, "Cab40": 54.27973607878371, "Cw40": 0.014389401233081286, "xscale40": 0.5385501265978554, "yscale40": 0.5385501265978554, "zscale40": 0.5385501265978554, "Cab41": 23.52368931437984, "Cw41": 0.03504333955417056, "xscale41": 0.49380117510058635, "yscale41": 0.49380117510058635, "zscale41": 0.49380117510058635, "Cab42": 61.69715598029346, "Cw42": 0.01735888562714284, "xscale42": 0.6599778801854737, "yscale42": 0.6599778801854737, "zscale42": 0.6599778801854737, "Cab43": 62.46100688932087, "Cw43": 0.02776864312964239, "xscale43": 0.6057579045304672, "yscale43": 0.6057579045304672, "zscale43": 0.6057579045304672, "Cab44": 32.88593618310598, "Cw44": 0.03045207587745266, "xscale44": 0.49214028845355573, "yscale44": 0.49214028845355573, "zscale44": 0.49214028845355573, "Cab45": 40.04384267663394, "Cw45": 0.022411034138869537, "xscale45": 0.35328861796939426, "yscale45": 0.35328861796939426, "zscale45": 0.35328861796939426, "Cab46": 77.52216004189384, "Cw46": 0.01099597651151273, "xscale46": 0.47656107093354216, "yscale46": 0.47656107093354216, "zscale46": 0.47656107093354216, "Cab47": 49.13013822871605, "Cw47": 0.013287581257822105, "xscale47": 0.5395756811006587, "yscale47": 0.5395756811006587, "zscale47": 0.5395756811006587, "Cab48": 39.73270161573564, "Cw48": 0.04097222449756536, "xscale48": 0.5534215606905223, "yscale48": 0.5534215606905223, "zscale48": 0.5534215606905223, "Cab49": 29.624712656838703, "Cw49": 0.024773907531264593, "xscale49": 0.5941370863488818, "yscale49": 0.5941370863488818, "zscale49": 0.5941370863488818, "Cab50": 35.80934705381558, "Cw50": 0.03417579452916125, "xscale50": 0.6368262309616737, "yscale50": 0.6368262309616737, "zscale50": 0.6368262309616737, "Cab51": 38.51434024083809, "Cw51": 0.025980779262033522, "xscale51": 0.5891484441643449, "yscale51": 0.5891484441643449, "zscale51": 0.5891484441643449, "Cab52": 72.78974343896016, "Cw52": 0.021961728254666968,