{"Cab0": 73.50006296449416, "Cw0": 0.01423353731562033, "xscale0": 0.6025786397785639, "yscale0": 0.6025786397785639, "zscale0": 0.6025786397785639, "Cab1": 73.64726650655871, "Cw1": 0.024412492687897476, "xscale1": 0.6066869571781682, "yscale1": 0.6066869571781682, "zscale1": 0.6066869571781682, "Cab2": 30.066081490510065, "Cw2": 0.027189469850847456, "xscale2": 0.5835129494034984, "yscale2": 0.5835129494034984, "zscale2": 0.5835129494034984, "Cab3": 22.712596445901344, "Cw3": 0.04566825993931886, "xscale3": 0.5895020490588473, "yscale3": 0.5895020490588473, "zscale3": 0.5895020490588473, "Cab4": 43.701909322478656, "Cw4": 0.017451335423765924, "xscale4": 0.6686661914527094, "yscale4": 0.6686661914527094, "zscale4": 0.6686661914527094, "Cab5": 71.25670322402519, "Cw5": 0.029582544438708572, "xscale5": 0.8531905879573369, "yscale5": 0.8531905879573369, "zscale5": 0.8531905879573369, "Cab6": 74.01661987996134, "Cw6": 0.03888720536088956, "xscale6": 0.49468326313641187, "yscale6": 0.49468326313641187, "zscale6": 0.49468326313641187, "Cab7": 25.19887167136603, "Cw7": 0.03261028156860222, "xscale7": 0.4790824114764338, "yscale7": 0.4790824114764338, "zscale7": 0.4790824114764338, "Cab8": 51.53552232591874, "Cw8": 0.03214356221171428, "xscale8": 0.4992823275068823, "yscale8": 0.4992823275068823, "zscale8": 0.4992823275068823, "Cab9": 85.5680407447542, "Cw9": 0.025696597553563454, "xscale9": 0.7312573274980242, "yscale9": 0.7312573274980242, "zscale9": 0.7312573274980242, "Cab10": 87.15635094087847, "Cw10": 0.031107833099012834, "xscale10": 0.48548311924385773, "yscale10": 0.48548311924385773, "zscale10": 0.48548311924385773, "Cab11": 66.86473851491806, "Cw11": 0.02774401105076265, "xscale11": 0.7470212818105108, "yscale11": 0.7470212818105108, "zscale11": 0.7470212818105108, "Cab12": 73.98093069818539, "Cw12": 0.02775820433352659, "xscale12": 0.5243726362180573, "yscale12": 0.5243726362180573, "zscale12": 0.5243726362180573, "Cab13": 48.6342242817539, "Cw13": 0.035796269552713554, "xscale13": 0.5457890984540663, "yscale13": 0.5457890984540663, "zscale13": 0.5457890984540663, "Cab14": 77.24738546044165, "Cw14": 0.013417293348369058, "xscale14": 0.467566375179543, "yscale14": 0.467566375179543, "zscale14": 0.467566375179543, "Cab15": 89.00875970944466, "Cw15": 0.016588452106866207, "xscale15": 0.543957032128894, "yscale15": 0.543957032128894, "zscale15": 0.543957032128894, "Cab16": 44.14468283816153, "Cw16": 0.038535009473391064, "xscale16": 0.6340351327314544, "yscale16": 0.6340351327314544, "zscale16": 0.6340351327314544, "Cab17": 60.99648861882093, "Cw17": 0.01812859536131482, "xscale17": 0.5477969328627053, "yscale17": 0.5477969328627053, "zscale17": 0.5477969328627053, "Cab18": 54.448799491667025, "Cw18": 0.04350664430734482, "xscale18": 0.542108493859532, "yscale18": 0.542108493859532, "zscale18": 0.542108493859532, "Cab19": 35.807732597295924, "Cw19": 0.013577771196366401, "xscale19": 0.5587781747153491, "yscale19": 0.5587781747153491, "zscale19": 0.5587781747153491, "Cab20": 53.92946860142006, "Cw20": 0.041865518325361874, "xscale20": 0.6501211442510982, "yscale20": 0.6501211442510982, "zscale20": 0.6501211442510982, "Cab21": 37.63232874184297, "Cw21": 0.02226884434662526, "xscale21": 0.5613217811346543, "yscale21": 0.5613217811346543, "zscale21": 0.5613217811346543, "Cab22": 37.72250398660708, "Cw22": 0.014904776166348714, "xscale22": 0.5850034807796035, "yscale22": 0.5850034807796035, "zscale22": 0.5850034807796035, "Cab23": 23.37305321950418, "Cw23": 0.010516073301579915, "xscale23": 0.5487204669723794, "yscale23": 0.5487204669723794, "zscale23": 0.5487204669723794, "Cab24": 21.03289276205549, "Cw24": 0.0441585706016532, "xscale24": 0.48060714970288176, "yscale24": 0.48060714970288176, "zscale24": 0.48060714970288176, "Cab25": 45.632055452107494, "Cw25": 0.02291520508940046, "xscale25": 0.6157880787988422, "yscale25": 0.6157880787988422, "zscale25": 0.6157880787988422, "Cab26": 47.06324437817342, "Cw26": 0.021093609504742712, "xscale26": 0.6052676652126662, "yscale26": 0.6052676652126662, "zscale26": 0.6052676652126662, "Cab27": 61.344697019179435, "Cw27": 0.01871079222689069, "xscale27": 0.5094865158721854, "yscale27": 0.5094865158721854, "zscale27": 0.5094865158721854, "Cab28": 47.34000294164064, "Cw28": 0.015921860518049842, "xscale28": 0.35017052130718035, "yscale28": 0.35017052130718035, "zscale28": 0.35017052130718035, "Cab29": 43.55063258449164, "Cw29": 0.040152786563105426, "xscale29": 0.5431467638979369, "yscale29": 0.5431467638979369, "zscale29": 0.5431467638979369, "Cab30": 47.04688687580522, "Cw30": 0.04616504520900953, "xscale30": 0.38796480746058276, "yscale30": 0.38796480746058276, "zscale30": 0.38796480746058276, "Cab31": 54.298487062422026, "Cw31": 0.015209587782252183, "xscale31": 0.7405123242533397, "yscale31": 0.7405123242533397, "zscale31": 0.7405123242533397, "Cab32": 55.61198215367728, "Cw32": 0.027626412410745586, "xscale32": 0.5046629186757702, "yscale32": 0.5046629186757702, "zscale32": 0.5046629186757702, "Cab33": 66.4891029593844, "Cw33": 0.010863276920789575, "xscale33": 0.4552740948711522, "yscale33": 0.4552740948711522, "zscale33": 0.4552740948711522, "Cab34": 81.5185296760055, "Cw34": 0.04830304880093777, "xscale34": 0.5825250015670097, "yscale34": 0.5825250015670097, "zscale34": 0.5825250015670097, "Cab35": 39.49838318402216, "Cw35": 0.03833095696461593, "xscale35": 0.3492878809751415, "yscale35": 0.3492878809751415, "zscale35": 0.3492878809751415, "Cab36": 44.48297362199196, "Cw36": 0.02248894281180798, "xscale36": 0.7244224589092993, "yscale36": 0.7244224589092993, "zscale36": 0.7244224589092993, "Cab37": 89.50445412766433, "Cw37": 0.04917624363750195, "xscale37": 0.3871151188503055, "yscale37": 0.3871151188503055, "zscale37": 0.3871151188503055, "Cab38": 56.75130489387914, "Cw38": 0.022631676736292468, "xscale38": 0.40388787827828104, "yscale38": 0.40388787827828104, "zscale38": 0.40388787827828104, "Cab39": 47.15565491571268, "Cw39": 0.017235010066807215, "xscale39": 0.5315137301174621, "yscale39": 0.5315137301174621, "zscale39": 0.5315137301174621, "Cab40": 87.69976281539452, "Cw40": 0.0496220109884487, "xscale40": 0.6193369481555986, "yscale40": 0.6193369481555986, "zscale40": 0.6193369481555986, "Cab41": 26.140756496119927, "Cw41": 0.04856242096970751, "xscale41": 0.6458670404144483, "yscale41": 0.6458670404144483, "zscale41": 0.6458670404144483, "Cab42": 43.26093267395953, "Cw42": 0.03605702391783355, "xscale42": 0.5602328544789119, "yscale42": 0.5602328544789119, "zscale42": 0.5602328544789119, "Cab43": 25.863209418132605, "Cw43": 0.023303216915150547, "xscale43": 0.4991391693625388, "yscale43": 0.4991391693625388, "zscale43": 0.4991391693625388, "Cab44": 24.221691788833823, "Cw44": 0.02198701993104569, "xscale44": 0.5008736673456231, "yscale44": 0.5008736673456231, "zscale44": 0.5008736673456231, "Cab45": 73.88388637897174, "Cw45": 0.03815586472826534, "xscale45": 0.34699590459951135, "yscale45": 0.34699590459951135, "zscale45": 0.34699590459951135, "Cab46": 29.635272333805137, "Cw46": 0.0306971651776718, "xscale46": 0.37299157972595093, "yscale46": 0.37299157972595093, "zscale46": 0.37299157972595093, "Cab47": 89.2494737822662, "Cw47": 0.01811139777693103, "xscale47": 0.5399606971311532, "yscale47": 0.5399606971311532, "zscale47": 0.5399606971311532, "Cab48": 88.81116018230156, "Cw48": 0.010130609557972403, "xscale48": 0.7556145069306149, "yscale48": 0.7556145069306149, "zscale48": 0.7556145069306149, "Cab49": 67.01740667659688, "Cw49": 0.044536188019517246, "xscale49": 0.607244257908061, "yscale49": 0.607244257908061, "zscale49": 0.607244257908061, "Cab50": 67.09284343505571, "Cw50": 0.02754882023970661, "xscale50": 0.6392370555904227, "yscale50": 0.6392370555904227, "zscale50": 0.6392370555904227, "Cab51": 88.14463315283268, "Cw51": 0.014193695303232636, "xscale51": 0.5755243948668103, "yscale51": 0.5755243948668103, "zscale51": 0.5755243948668103, "Cab52": 25.261203842059906,