{"Cab0": 25.27390860191771, "Cw0": 0.040034133054767794, "xscale0": 0.7461021741632653, "yscale0": 0.7461021741632653, "zscale0": 0.7461021741632653, "Cab1": 66.42604302473032, "Cw1": 0.02434754721866561, "xscale1": 0.6467420599621436, "yscale1": 0.6467420599621436, "zscale1": 0.6467420599621436, "Cab2": 30.054454076635082, "Cw2": 0.04357428982676617, "xscale2": 0.7420026765631232, "yscale2": 0.7420026765631232, "zscale2": 0.7420026765631232, "Cab3": 49.27299431070872, "Cw3": 0.01514701851548193, "xscale3": 0.412471903081285, "yscale3": 0.412471903081285, "zscale3": 0.412471903081285, "Cab4": 42.072982095936894, "Cw4": 0.044100197654585914, "xscale4": 0.6172193638390265, "yscale4": 0.6172193638390265, "zscale4": 0.6172193638390265, "Cab5": 26.435137108687748, "Cw5": 0.01834962578733773, "xscale5": 0.736334777310917, "yscale5": 0.736334777310917, "zscale5": 0.736334777310917, "Cab6": 44.3031194781804, "Cw6": 0.03121487155421053, "xscale6": 0.5219829736325906, "yscale6": 0.5219829736325906, "zscale6": 0.5219829736325906, "Cab7": 67.53290830652651, "Cw7": 0.048864820410130454, "xscale7": 0.5236724858712603, "yscale7": 0.5236724858712603, "zscale7": 0.5236724858712603, "Cab8": 59.59147198258852, "Cw8": 0.019992244104048908, "xscale8": 0.4805874024939, "yscale8": 0.4805874024939, "zscale8": 0.4805874024939, "Cab9": 67.757692641111, "Cw9": 0.011078037872513886, "xscale9": 0.5809261955979078, "yscale9": 0.5809261955979078, "zscale9": 0.5809261955979078, "Cab10": 36.9513336828866, "Cw10": 0.044759116190450574, "xscale10": 0.4658431949736377, "yscale10": 0.4658431949736377, "zscale10": 0.4658431949736377, "Cab11": 21.14280656059086, "Cw11": 0.010450827134044292, "xscale11": 0.5284736008993198, "yscale11": 0.5284736008993198, "zscale11": 0.5284736008993198, "Cab12": 25.71831053728046, "Cw12": 0.04744890032546066, "xscale12": 0.5339285979641534, "yscale12": 0.5339285979641534, "zscale12": 0.5339285979641534, "Cab13": 47.34958097334196, "Cw13": 0.03999207246245912, "xscale13": 0.6056182752065654, "yscale13": 0.6056182752065654, "zscale13": 0.6056182752065654, "Cab14": 78.46158644953226, "Cw14": 0.049919632337885635, "xscale14": 0.4624564513679238, "yscale14": 0.4624564513679238, "zscale14": 0.4624564513679238, "Cab15": 77.15499939865349, "Cw15": 0.023864705517913365, "xscale15": 0.6231814888908171, "yscale15": 0.6231814888908171, "zscale15": 0.6231814888908171, "Cab16": 62.618054527525246, "Cw16": 0.04475802235294579, "xscale16": 0.6305038840144448, "yscale16": 0.6305038840144448, "zscale16": 0.6305038840144448, "Cab17": 36.04934964673673, "Cw17": 0.015877038286858096, "xscale17": 0.5541067366973199, "yscale17": 0.5541067366973199, "zscale17": 0.5541067366973199, "Cab18": 88.20053424952741, "Cw18": 0.03112146008389432, "xscale18": 0.7490571094815563, "yscale18": 0.7490571094815563, "zscale18": 0.7490571094815563, "Cab19": 38.547160825042305, "Cw19": 0.040841200327538546, "xscale19": 0.6064816181958644, "yscale19": 0.6064816181958644, "zscale19": 0.6064816181958644, "Cab20": 22.933269005677296, "Cw20": 0.04668140801519111, "xscale20": 0.5493714045070585, "yscale20": 0.5493714045070585, "zscale20": 0.5493714045070585, "Cab21": 74.56019431222657, "Cw21": 0.025593278691949946, "xscale21": 0.4491707739232187, "yscale21": 0.4491707739232187, "zscale21": 0.4491707739232187, "Cab22": 23.895329061573584, "Cw22": 0.04329550402973407, "xscale22": 0.5868984890798823, "yscale22": 0.5868984890798823, "zscale22": 0.5868984890798823, "Cab23": 69.26977475275187, "Cw23": 0.013013233167606861, "xscale23": 0.5942470688555115, "yscale23": 0.5942470688555115, "zscale23": 0.5942470688555115, "Cab24": 89.14962837620475, "Cw24": 0.04499398740113559, "xscale24": 0.46453315262061395, "yscale24": 0.46453315262061395, "zscale24": 0.46453315262061395, "Cab25": 67.34977717657274, "Cw25": 0.01482433061858698, "xscale25": 0.6570229164282216, "yscale25": 0.6570229164282216, "zscale25": 0.6570229164282216, "Cab26": 68.51723091942621, "Cw26": 0.04459090764951786, "xscale26": 0.5707173900952702, "yscale26": 0.5707173900952702, "zscale26": 0.5707173900952702, "Cab27": 70.57422469131248, "Cw27": 0.04296536820986108, "xscale27": 0.45208975777999766, "yscale27": 0.45208975777999766, "zscale27": 0.45208975777999766, "Cab28": 37.801385718844195, "Cw28": 0.010500358941509674, "xscale28": 0.34158986118113766, "yscale28": 0.34158986118113766, "zscale28": 0.34158986118113766, "Cab29": 80.34816432524283, "Cw29": 0.027556469240837274, "xscale29": 0.5850719900299244, "yscale29": 0.5850719900299244, "zscale29": 0.5850719900299244, "Cab30": 79.36010688303209, "Cw30": 0.013129629745938254, "xscale30": 0.350461438642103, "yscale30": 0.350461438642103, "zscale30": 0.350461438642103, "Cab31": 22.923668844513873, "Cw31": 0.01420015391204804, "xscale31": 0.5091420543778101, "yscale31": 0.5091420543778101, "zscale31": 0.5091420543778101, "Cab32": 46.021761082802925, "Cw32": 0.01492878235875768, "xscale32": 0.4077716167436932, "yscale32": 0.4077716167436932, "zscale32": 0.4077716167436932, "Cab33": 67.64564933185744, "Cw33": 0.03264704687304576, "xscale33": 0.4009494368993672, "yscale33": 0.4009494368993672, "zscale33": 0.4009494368993672, "Cab34": 72.17390340413395, "Cw34": 0.04054472221848068, "xscale34": 0.5700674586599804, "yscale34": 0.5700674586599804, "zscale34": 0.5700674586599804, "Cab35": 37.29112142794264, "Cw35": 0.028930704221402342, "xscale35": 0.45698870653582474, "yscale35": 0.45698870653582474, "zscale35": 0.45698870653582474, "Cab36": 24.458014629948735, "Cw36": 0.04455418808581095, "xscale36": 0.7388875375020576, "yscale36": 0.7388875375020576, "zscale36": 0.7388875375020576, "Cab37": 30.14928670312601, "Cw37": 0.03326521001352172, "xscale37": 0.5355853119649858, "yscale37": 0.5355853119649858, "zscale37": 0.5355853119649858, "Cab38": 64.49395013875221, "Cw38": 0.03928699882081818, "xscale38": 0.48714110622448853, "yscale38": 0.48714110622448853, "zscale38": 0.48714110622448853, "Cab39": 57.05003038998525, "Cw39": 0.02962828664490308, "xscale39": 0.5568346642463893, "yscale39": 0.5568346642463893, "zscale39": 0.5568346642463893, "Cab40": 80.63435827895609, "Cw40": 0.016040663715814557, "xscale40": 0.48584017171113736, "yscale40": 0.48584017171113736, "zscale40": 0.48584017171113736, "Cab41": 46.31994798242256, "Cw41": 0.031480513561928845, "xscale41": 0.44481383774273964, "yscale41": 0.44481383774273964, "zscale41": 0.44481383774273964, "Cab42": 83.10973191003806, "Cw42": 0.01056266875495711, "xscale42": 0.44619896886535493, "yscale42": 0.44619896886535493, "zscale42": 0.44619896886535493, "Cab43": 49.57424053218632, "Cw43": 0.01337266830823109, "xscale43": 0.7008112975094317, "yscale43": 0.7008112975094317, "zscale43": 0.7008112975094317, "Cab44": 42.623393293664925, "Cw44": 0.047494919350935, "xscale44": 0.4978472755152245, "yscale44": 0.4978472755152245, "zscale44": 0.4978472755152245, "Cab45": 71.11699939875183, "Cw45": 0.03720108743828713, "xscale45": 0.39649935453236546, "yscale45": 0.39649935453236546, "zscale45": 0.39649935453236546, "Cab46": 48.163984021408595, "Cw46": 0.03036159714198642, "xscale46": 0.4140514903504396, "yscale46": 0.4140514903504396, "zscale46": 0.4140514903504396, "Cab47": 34.38130158528692, "Cw47": 0.030880993641103437, "xscale47": 0.472961833574945, "yscale47": 0.472961833574945, "zscale47": 0.472961833574945, "Cab48": 56.55052656802384, "Cw48": 0.012936624484349077, "xscale48": 0.6119082542222184, "yscale48": 0.6119082542222184, "zscale48": 0.6119082542222184, "Cab49": 59.23623421585411, "Cw49": 0.03986768341286275, "xscale49": 0.563180457680721, "yscale49": 0.563180457680721, "zscale49": 0.563180457680721, "Cab50": 83.3343223701263, "Cw50": 0.012730374443968745, "xscale50": 0.6319896450974659, "yscale50": 0.6319896450974659, "zscale50": 0.6319896450974659, "Cab51": 66.46960675721479, "Cw51": 0.03109051953649721, "xscale51": 0.6363429552944975, "yscale51": 0.6363429552944975, "zscale51": 0.6363429552944975, "Cab52": 27.77012062614959, "Cw52": 0.04465579104663893,