{"Cab0": 51.084364697791216, "Cw0": 0.04892727897946043, "xscale0": 0.8072475684505108, "yscale0": 0.8072475684505108, "zscale0": 0.8072475684505108, "Cab1": 57.12365626624918, "Cw1": 0.030748702562759973, "xscale1": 0.513260251089092, "yscale1": 0.513260251089092, "zscale1": 0.513260251089092, "Cab2": 25.43216780436909, "Cw2": 0.02682144363801376, "xscale2": 0.6539034616762058, "yscale2": 0.6539034616762058, "zscale2": 0.6539034616762058, "Cab3": 47.232658110361285, "Cw3": 0.045130839308600776, "xscale3": 0.4777344125427282, "yscale3": 0.4777344125427282, "zscale3": 0.4777344125427282, "Cab4": 35.946640522386474, "Cw4": 0.029462691502437445, "xscale4": 0.5050279864516422, "yscale4": 0.5050279864516422, "zscale4": 0.5050279864516422, "Cab5": 48.27321104539955, "Cw5": 0.031488660689379395, "xscale5": 0.826077129072466, "yscale5": 0.826077129072466, "zscale5": 0.826077129072466, "Cab6": 26.884443704903234, "Cw6": 0.037876984297529094, "xscale6": 0.5880313042745985, "yscale6": 0.5880313042745985, "zscale6": 0.5880313042745985, "Cab7": 48.711013340433674, "Cw7": 0.048428865745313215, "xscale7": 0.49505236988109474, "yscale7": 0.49505236988109474, "zscale7": 0.49505236988109474, "Cab8": 63.40783945974541, "Cw8": 0.021102959605211708, "xscale8": 0.5931156381054895, "yscale8": 0.5931156381054895, "zscale8": 0.5931156381054895, "Cab9": 44.3004994645314, "Cw9": 0.03979203037273574, "xscale9": 0.5574008916717997, "yscale9": 0.5574008916717997, "zscale9": 0.5574008916717997, "Cab10": 82.06329532081584, "Cw10": 0.014275297587990976, "xscale10": 0.45039698162702846, "yscale10": 0.45039698162702846, "zscale10": 0.45039698162702846, "Cab11": 48.9269771040768, "Cw11": 0.04990763734363784, "xscale11": 0.7176424148069689, "yscale11": 0.7176424148069689, "zscale11": 0.7176424148069689, "Cab12": 79.3733944640932, "Cw12": 0.04299939945613495, "xscale12": 0.5630668615591584, "yscale12": 0.5630668615591584, "zscale12": 0.5630668615591584, "Cab13": 54.43236619125512, "Cw13": 0.019363639603065086, "xscale13": 0.5678886908022941, "yscale13": 0.5678886908022941, "zscale13": 0.5678886908022941, "Cab14": 37.6821955271102, "Cw14": 0.032792040997500424, "xscale14": 0.5425177544799066, "yscale14": 0.5425177544799066, "zscale14": 0.5425177544799066, "Cab15": 86.33742101522171, "Cw15": 0.015316536040274414, "xscale15": 0.6638665187627776, "yscale15": 0.6638665187627776, "zscale15": 0.6638665187627776, "Cab16": 55.61541617905059, "Cw16": 0.010986204675890617, "xscale16": 0.48360541796689926, "yscale16": 0.48360541796689926, "zscale16": 0.48360541796689926, "Cab17": 21.91695734106698, "Cw17": 0.03710358622284543, "xscale17": 0.4938279619698576, "yscale17": 0.4938279619698576, "zscale17": 0.4938279619698576, "Cab18": 42.570625021508846, "Cw18": 0.020880416665371535, "xscale18": 0.7355431453733617, "yscale18": 0.7355431453733617, "zscale18": 0.7355431453733617, "Cab19": 82.52986828942235, "Cw19": 0.016183555858838877, "xscale19": 0.5523987795883865, "yscale19": 0.5523987795883865, "zscale19": 0.5523987795883865, "Cab20": 81.68049989561722, "Cw20": 0.02047536851470659, "xscale20": 0.7615822702307871, "yscale20": 0.7615822702307871, "zscale20": 0.7615822702307871, "Cab21": 81.40600486494378, "Cw21": 0.02160518162915588, "xscale21": 0.511308838538854, "yscale21": 0.511308838538854, "zscale21": 0.511308838538854, "Cab22": 26.274189541880773, "Cw22": 0.017706280777736574, "xscale22": 0.4659222299564144, "yscale22": 0.4659222299564144, "zscale22": 0.4659222299564144, "Cab23": 37.34511355903966, "Cw23": 0.027072875510417378, "xscale23": 0.5883647303119333, "yscale23": 0.5883647303119333, "zscale23": 0.5883647303119333, "Cab24": 21.05229114046607, "Cw24": 0.02726244927642006, "xscale24": 0.5772104075286646, "yscale24": 0.5772104075286646, "zscale24": 0.5772104075286646, "Cab25": 40.766191200654085, "Cw25": 0.010807684410219332, "xscale25": 0.517554610338963, "yscale25": 0.517554610338963, "zscale25": 0.517554610338963, "Cab26": 44.86453368522548, "Cw26": 0.031095916683321005, "xscale26": 0.6552076653613407, "yscale26": 0.6552076653613407, "zscale26": 0.6552076653613407, "Cab27": 22.710612878998933, "Cw27": 0.021668753912850135, "xscale27": 0.48170322321752773, "yscale27": 0.48170322321752773, "zscale27": 0.48170322321752773, "Cab28": 56.60819257516681, "Cw28": 0.047867944420524916, "xscale28": 0.3642349416374546, "yscale28": 0.3642349416374546, "zscale28": 0.3642349416374546, "Cab29": 26.17795177231664, "Cw29": 0.03987708517324679, "xscale29": 0.5863213851511281, "yscale29": 0.5863213851511281, "zscale29": 0.5863213851511281, "Cab30": 28.5564084879869, "Cw30": 0.0190544817763047, "xscale30": 0.3981283151405112, "yscale30": 0.3981283151405112, "zscale30": 0.3981283151405112, "Cab31": 62.413062986887454, "Cw31": 0.030245939745357102, "xscale31": 0.7185345775747969, "yscale31": 0.7185345775747969, "zscale31": 0.7185345775747969, "Cab32": 64.90256075994381, "Cw32": 0.01809124039306126, "xscale32": 0.40426295723361405, "yscale32": 0.40426295723361405, "zscale32": 0.40426295723361405, "Cab33": 70.20291641303794, "Cw33": 0.04267363373702529, "xscale33": 0.5219023153804963, "yscale33": 0.5219023153804963, "zscale33": 0.5219023153804963, "Cab34": 59.394350453593155, "Cw34": 0.020303347612346024, "xscale34": 0.5356511132399564, "yscale34": 0.5356511132399564, "zscale34": 0.5356511132399564, "Cab35": 68.45162950447337, "Cw35": 0.04970697845600529, "xscale35": 0.41350318381094525, "yscale35": 0.41350318381094525, "zscale35": 0.41350318381094525, "Cab36": 80.93828036688404, "Cw36": 0.017304066369361805, "xscale36": 0.7345115086675735, "yscale36": 0.7345115086675735, "zscale36": 0.7345115086675735, "Cab37": 86.83079527661113, "Cw37": 0.023898335546382907, "xscale37": 0.390767244393526, "yscale37": 0.390767244393526, "zscale37": 0.390767244393526, "Cab38": 73.34400601163927, "Cw38": 0.015685474936577935, "xscale38": 0.5725932003417081, "yscale38": 0.5725932003417081, "zscale38": 0.5725932003417081, "Cab39": 40.430415997644545, "Cw39": 0.013253457579386407, "xscale39": 0.7080152025760361, "yscale39": 0.7080152025760361, "zscale39": 0.7080152025760361, "Cab40": 61.72032198771034, "Cw40": 0.026711453229914202, "xscale40": 0.5346526480271035, "yscale40": 0.5346526480271035, "zscale40": 0.5346526480271035, "Cab41": 57.10798585374705, "Cw41": 0.020816294506425335, "xscale41": 0.5604922010546829, "yscale41": 0.5604922010546829, "zscale41": 0.5604922010546829, "Cab42": 72.21823790091469, "Cw42": 0.03777190692952301, "xscale42": 0.4456997467081035, "yscale42": 0.4456997467081035, "zscale42": 0.4456997467081035, "Cab43": 87.13348443036462, "Cw43": 0.03149429677312688, "xscale43": 0.7185896566752831, "yscale43": 0.7185896566752831, "zscale43": 0.7185896566752831, "Cab44": 51.366135412076694, "Cw44": 0.014659645125338483, "xscale44": 0.4996990689402156, "yscale44": 0.4996990689402156, "zscale44": 0.4996990689402156, "Cab45": 68.17025027019503, "Cw45": 0.03729400152018405, "xscale45": 0.33134084240283185, "yscale45": 0.33134084240283185, "zscale45": 0.33134084240283185, "Cab46": 23.39707918416578, "Cw46": 0.015467883786744227, "xscale46": 0.44399707785397396, "yscale46": 0.44399707785397396, "zscale46": 0.44399707785397396, "Cab47": 85.8685844517376, "Cw47": 0.011713464456700589, "xscale47": 0.5469619942467094, "yscale47": 0.5469619942467094, "zscale47": 0.5469619942467094, "Cab48": 86.02786506947517, "Cw48": 0.029944495189903456, "xscale48": 0.6489759695720096, "yscale48": 0.6489759695720096, "zscale48": 0.6489759695720096, "Cab49": 31.066246940938008, "Cw49": 0.0431156483440119, "xscale49": 0.40886888566414, "yscale49": 0.40886888566414, "zscale49": 0.40886888566414, "Cab50": 67.93406505549592, "Cw50": 0.02211065719994367, "xscale50": 0.6973028041717138, "yscale50": 0.6973028041717138, "zscale50": 0.6973028041717138, "Cab51": 84.94847961811705, "Cw51": 0.041911840023414366, "xscale51": 0.7947058768320272, "yscale51": 0.7947058768320272, "zscale51": 0.7947058768320272, "Cab52": 32.700662896762,