{"Cab0": 83.1574223800847, "Cw0": 0.027328851667099398, "xscale0": 0.6708153684436257, "yscale0": 0.6708153684436257, "zscale0": 0.6708153684436257, "Cab1": 78.06638575607931, "Cw1": 0.019501129473689184, "xscale1": 0.5058733779838267, "yscale1": 0.5058733779838267, "zscale1": 0.5058733779838267, "Cab2": 29.07595979886942, "Cw2": 0.04689102115602758, "xscale2": 0.6866097319369706, "yscale2": 0.6866097319369706, "zscale2": 0.6866097319369706, "Cab3": 65.12366013301059, "Cw3": 0.046610846706783525, "xscale3": 0.5812687289244619, "yscale3": 0.5812687289244619, "zscale3": 0.5812687289244619, "Cab4": 37.093176617972645, "Cw4": 0.012610478915427135, "xscale4": 0.538656961958595, "yscale4": 0.538656961958595, "zscale4": 0.538656961958595, "Cab5": 22.935000964476107, "Cw5": 0.01071368477856288, "xscale5": 0.7950445012945739, "yscale5": 0.7950445012945739, "zscale5": 0.7950445012945739, "Cab6": 38.663053948605565, "Cw6": 0.044853501253815216, "xscale6": 0.45853353200008734, "yscale6": 0.45853353200008734, "zscale6": 0.45853353200008734, "Cab7": 28.65604885854168, "Cw7": 0.02806203457450354, "xscale7": 0.441230516080372, "yscale7": 0.441230516080372, "zscale7": 0.441230516080372, "Cab8": 35.17681033661886, "Cw8": 0.01853874092046033, "xscale8": 0.4857694084070206, "yscale8": 0.4857694084070206, "zscale8": 0.4857694084070206, "Cab9": 36.883608145694865, "Cw9": 0.016083634948957277, "xscale9": 0.7754702549486983, "yscale9": 0.7754702549486983, "zscale9": 0.7754702549486983, "Cab10": 56.394200280366285, "Cw10": 0.04560700196813551, "xscale10": 0.5660569897860777, "yscale10": 0.5660569897860777, "zscale10": 0.5660569897860777, "Cab11": 67.93386355159923, "Cw11": 0.02243861823580068, "xscale11": 0.574718565822243, "yscale11": 0.574718565822243, "zscale11": 0.574718565822243, "Cab12": 64.93126757198698, "Cw12": 0.04364767928703896, "xscale12": 0.5774263466074016, "yscale12": 0.5774263466074016, "zscale12": 0.5774263466074016, "Cab13": 33.8298215202887, "Cw13": 0.021569990394796165, "xscale13": 0.7448507489833366, "yscale13": 0.7448507489833366, "zscale13": 0.7448507489833366, "Cab14": 67.61753984034056, "Cw14": 0.030963919523097197, "xscale14": 0.4986990238302453, "yscale14": 0.4986990238302453, "zscale14": 0.4986990238302453, "Cab15": 28.933260889786247, "Cw15": 0.022757152931677568, "xscale15": 0.6521272351008915, "yscale15": 0.6521272351008915, "zscale15": 0.6521272351008915, "Cab16": 31.675468592871283, "Cw16": 0.019073215270760144, "xscale16": 0.647334502978167, "yscale16": 0.647334502978167, "zscale16": 0.647334502978167, "Cab17": 44.05252591633445, "Cw17": 0.03772075354506865, "xscale17": 0.4665657958151997, "yscale17": 0.4665657958151997, "zscale17": 0.4665657958151997, "Cab18": 51.79755278267351, "Cw18": 0.03912878653272184, "xscale18": 0.6143900878372922, "yscale18": 0.6143900878372922, "zscale18": 0.6143900878372922, "Cab19": 71.11510771582863, "Cw19": 0.015306814816517038, "xscale19": 0.4413339031638141, "yscale19": 0.4413339031638141, "zscale19": 0.4413339031638141, "Cab20": 58.29860576163776, "Cw20": 0.037665518590230304, "xscale20": 0.6396804638573744, "yscale20": 0.6396804638573744, "zscale20": 0.6396804638573744, "Cab21": 55.86479764966942, "Cw21": 0.025766533722653237, "xscale21": 0.5677626474259689, "yscale21": 0.5677626474259689, "zscale21": 0.5677626474259689, "Cab22": 21.7841756126115, "Cw22": 0.02705404940494858, "xscale22": 0.4819116934688064, "yscale22": 0.4819116934688064, "zscale22": 0.4819116934688064, "Cab23": 51.40978338579289, "Cw23": 0.04446786239546291, "xscale23": 0.5794305635864916, "yscale23": 0.5794305635864916, "zscale23": 0.5794305635864916, "Cab24": 49.84525865844442, "Cw24": 0.01328758886336134, "xscale24": 0.5730611493626598, "yscale24": 0.5730611493626598, "zscale24": 0.5730611493626598, "Cab25": 84.18951143093524, "Cw25": 0.01601907053080187, "xscale25": 0.6189145375108424, "yscale25": 0.6189145375108424, "zscale25": 0.6189145375108424, "Cab26": 88.49125334594014, "Cw26": 0.03538906684646435, "xscale26": 0.6740507092274773, "yscale26": 0.6740507092274773, "zscale26": 0.6740507092274773, "Cab27": 40.60304773439749, "Cw27": 0.03307749842093583, "xscale27": 0.4729056514620705, "yscale27": 0.4729056514620705, "zscale27": 0.4729056514620705, "Cab28": 73.55432534709115, "Cw28": 0.02141464419273274, "xscale28": 0.3950145522926898, "yscale28": 0.3950145522926898, "zscale28": 0.3950145522926898, "Cab29": 70.83424773003665, "Cw29": 0.03550168874457053, "xscale29": 0.5148924812968567, "yscale29": 0.5148924812968567, "zscale29": 0.5148924812968567, "Cab30": 69.59533361961945, "Cw30": 0.021345577670700305, "xscale30": 0.36549222576328366, "yscale30": 0.36549222576328366, "zscale30": 0.36549222576328366, "Cab31": 81.38612204548117, "Cw31": 0.03747567855128549, "xscale31": 0.7101292233993213, "yscale31": 0.7101292233993213, "zscale31": 0.7101292233993213, "Cab32": 77.02105919507375, "Cw32": 0.037644036335207465, "xscale32": 0.5599839675375785, "yscale32": 0.5599839675375785, "zscale32": 0.5599839675375785, "Cab33": 27.17645897362228, "Cw33": 0.012100394284013105, "xscale33": 0.41676656141674595, "yscale33": 0.41676656141674595, "zscale33": 0.41676656141674595, "Cab34": 27.314633028628123, "Cw34": 0.02327654251299113, "xscale34": 0.4557851524561918, "yscale34": 0.4557851524561918, "zscale34": 0.4557851524561918, "Cab35": 46.949999832671026, "Cw35": 0.01715025659983471, "xscale35": 0.3459252751419197, "yscale35": 0.3459252751419197, "zscale35": 0.3459252751419197, "Cab36": 22.888442457023654, "Cw36": 0.048865017593412545, "xscale36": 0.5469405928691331, "yscale36": 0.5469405928691331, "zscale36": 0.5469405928691331, "Cab37": 57.02959005108081, "Cw37": 0.03499101481049313, "xscale37": 0.3995244640139545, "yscale37": 0.3995244640139545, "zscale37": 0.3995244640139545, "Cab38": 79.57234587826102, "Cw38": 0.02667445834308465, "xscale38": 0.48097591794509165, "yscale38": 0.48097591794509165, "zscale38": 0.48097591794509165, "Cab39": 82.25236570739804, "Cw39": 0.03957866582171591, "xscale39": 0.6448548059809482, "yscale39": 0.6448548059809482, "zscale39": 0.6448548059809482, "Cab40": 73.0045078654481, "Cw40": 0.018939095552687246, "xscale40": 0.45242960668330423, "yscale40": 0.45242960668330423, "zscale40": 0.45242960668330423, "Cab41": 51.277972625691376, "Cw41": 0.0490643965833153, "xscale41": 0.4588410932249609, "yscale41": 0.4588410932249609, "zscale41": 0.4588410932249609, "Cab42": 74.43876179159818, "Cw42": 0.047300963365279426, "xscale42": 0.5545030908780944, "yscale42": 0.5545030908780944, "zscale42": 0.5545030908780944, "Cab43": 26.74510585283447, "Cw43": 0.01239661612354726, "xscale43": 0.6593873332822103, "yscale43": 0.6593873332822103, "zscale43": 0.6593873332822103, "Cab44": 65.2474199222448, "Cw44": 0.04374476521371192, "xscale44": 0.46814873827168635, "yscale44": 0.46814873827168635, "zscale44": 0.46814873827168635, "Cab45": 88.8509264332798, "Cw45": 0.01854762024617992, "xscale45": 0.397429728232333, "yscale45": 0.397429728232333, "zscale45": 0.397429728232333, "Cab46": 34.15383131243063, "Cw46": 0.025374538338040088, "xscale46": 0.5192640988184437, "yscale46": 0.5192640988184437, "zscale46": 0.5192640988184437, "Cab47": 42.67476807099147, "Cw47": 0.035614161358312406, "xscale47": 0.43703535348432965, "yscale47": 0.43703535348432965, "zscale47": 0.43703535348432965, "Cab48": 60.90669496250821, "Cw48": 0.034614496298845325, "xscale48": 0.6075601081805673, "yscale48": 0.6075601081805673, "zscale48": 0.6075601081805673, "Cab49": 25.918330828878396, "Cw49": 0.015432566815771317, "xscale49": 0.500777831481256, "yscale49": 0.500777831481256, "zscale49": 0.500777831481256, "Cab50": 59.18311735047305, "Cw50": 0.024071650663174435, "xscale50": 0.5776478485731208, "yscale50": 0.5776478485731208, "zscale50": 0.5776478485731208, "Cab51": 52.3679101714329, "Cw51": 0.03726840950755147, "xscale51": 0.7152754620161226, "yscale51": 0.7152754620161226, "zscale51": 0.7152754620161226, "Cab52": 24.20074785161086, "Cw52": 0.0406175640386161,