{"Cab0": 66.04576943088976, "Cw0": 0.03260533172313783, "xscale0": 0.6962272773571869, "yscale0": 0.6962272773571869, "zscale0": 0.6962272773571869, "Cab1": 88.76846138648206, "Cw1": 0.030525480066805118, "xscale1": 0.6609605324065061, "yscale1": 0.6609605324065061, "zscale1": 0.6609605324065061, "Cab2": 82.15148447225431, "Cw2": 0.024133738940576, "xscale2": 0.6463708564093081, "yscale2": 0.6463708564093081, "zscale2": 0.6463708564093081, "Cab3": 83.93736350559368, "Cw3": 0.029196801400464385, "xscale3": 0.4170388205024965, "yscale3": 0.4170388205024965, "zscale3": 0.4170388205024965, "Cab4": 74.01091087728, "Cw4": 0.04363366407026526, "xscale4": 0.6983249319856664, "yscale4": 0.6983249319856664, "zscale4": 0.6983249319856664, "Cab5": 27.595609104952345, "Cw5": 0.01157506707476148, "xscale5": 0.8376561519128326, "yscale5": 0.8376561519128326, "zscale5": 0.8376561519128326, "Cab6": 29.4675671549428, "Cw6": 0.049609990440105965, "xscale6": 0.5442661301156261, "yscale6": 0.5442661301156261, "zscale6": 0.5442661301156261, "Cab7": 74.63214908616351, "Cw7": 0.04288970346458275, "xscale7": 0.5425368324179857, "yscale7": 0.5425368324179857, "zscale7": 0.5425368324179857, "Cab8": 53.257758302501486, "Cw8": 0.04034641883286374, "xscale8": 0.6046473609255342, "yscale8": 0.6046473609255342, "zscale8": 0.6046473609255342, "Cab9": 46.39101839225046, "Cw9": 0.03004236600978452, "xscale9": 0.6373753762739126, "yscale9": 0.6373753762739126, "zscale9": 0.6373753762739126, "Cab10": 77.84365690066417, "Cw10": 0.010097147221340039, "xscale10": 0.5413848797258617, "yscale10": 0.5413848797258617, "zscale10": 0.5413848797258617, "Cab11": 57.945945792668084, "Cw11": 0.01627364074503677, "xscale11": 0.6629470086912708, "yscale11": 0.6629470086912708, "zscale11": 0.6629470086912708, "Cab12": 67.7034021120912, "Cw12": 0.03718453938126821, "xscale12": 0.4830623703753564, "yscale12": 0.4830623703753564, "zscale12": 0.4830623703753564, "Cab13": 88.97013954464646, "Cw13": 0.04417494171576075, "xscale13": 0.6460388192504619, "yscale13": 0.6460388192504619, "zscale13": 0.6460388192504619, "Cab14": 40.89850157374388, "Cw14": 0.04679366724589246, "xscale14": 0.6511351255378777, "yscale14": 0.6511351255378777, "zscale14": 0.6511351255378777, "Cab15": 38.35563358899529, "Cw15": 0.014122761302514917, "xscale15": 0.6246784928919515, "yscale15": 0.6246784928919515, "zscale15": 0.6246784928919515, "Cab16": 81.19209626240405, "Cw16": 0.04931842393793182, "xscale16": 0.6335966936247585, "yscale16": 0.6335966936247585, "zscale16": 0.6335966936247585, "Cab17": 57.85973397670442, "Cw17": 0.01593216989799632, "xscale17": 0.5298520616648442, "yscale17": 0.5298520616648442, "zscale17": 0.5298520616648442, "Cab18": 42.435693690611664, "Cw18": 0.043277747816764, "xscale18": 0.5477889266931949, "yscale18": 0.5477889266931949, "zscale18": 0.5477889266931949, "Cab19": 60.06656579685332, "Cw19": 0.03688785272641969, "xscale19": 0.4586534073869322, "yscale19": 0.4586534073869322, "zscale19": 0.4586534073869322, "Cab20": 49.12552989799067, "Cw20": 0.04697920444299992, "xscale20": 0.688443573239714, "yscale20": 0.688443573239714, "zscale20": 0.688443573239714, "Cab21": 89.45699572619837, "Cw21": 0.03791830296680761, "xscale21": 0.4816700522804395, "yscale21": 0.4816700522804395, "zscale21": 0.4816700522804395, "Cab22": 61.92801004067899, "Cw22": 0.011324483517410834, "xscale22": 0.46110816027390633, "yscale22": 0.46110816027390633, "zscale22": 0.46110816027390633, "Cab23": 69.67136964360297, "Cw23": 0.018333226221225643, "xscale23": 0.6714775660707955, "yscale23": 0.6714775660707955, "zscale23": 0.6714775660707955, "Cab24": 39.27763868729996, "Cw24": 0.029635980301877883, "xscale24": 0.5060937702371416, "yscale24": 0.5060937702371416, "zscale24": 0.5060937702371416, "Cab25": 85.81612345528957, "Cw25": 0.01157991265291936, "xscale25": 0.5699826847191009, "yscale25": 0.5699826847191009, "zscale25": 0.5699826847191009, "Cab26": 29.887245190871642, "Cw26": 0.017163236132862175, "xscale26": 0.550382070745642, "yscale26": 0.550382070745642, "zscale26": 0.550382070745642, "Cab27": 84.37708867974297, "Cw27": 0.028141611981079825, "xscale27": 0.477527324226884, "yscale27": 0.477527324226884, "zscale27": 0.477527324226884, "Cab28": 52.179190251516225, "Cw28": 0.013463460795717804, "xscale28": 0.47396140430644, "yscale28": 0.47396140430644, "zscale28": 0.47396140430644, "Cab29": 54.6138842312018, "Cw29": 0.021863745020116523, "xscale29": 0.5486989488363629, "yscale29": 0.5486989488363629, "zscale29": 0.5486989488363629, "Cab30": 48.570410322644314, "Cw30": 0.04819244055025596, "xscale30": 0.34780849227538235, "yscale30": 0.34780849227538235, "zscale30": 0.34780849227538235, "Cab31": 69.3611258589099, "Cw31": 0.043185748017501614, "xscale31": 0.5681144908635908, "yscale31": 0.5681144908635908, "zscale31": 0.5681144908635908, "Cab32": 39.35773756579832, "Cw32": 0.045618532141864426, "xscale32": 0.3930801131137537, "yscale32": 0.3930801131137537, "zscale32": 0.3930801131137537, "Cab33": 74.30646430029041, "Cw33": 0.0284505468960585, "xscale33": 0.5610163600849354, "yscale33": 0.5610163600849354, "zscale33": 0.5610163600849354, "Cab34": 60.52900463233839, "Cw34": 0.04877349074040992, "xscale34": 0.5082870076027316, "yscale34": 0.5082870076027316, "zscale34": 0.5082870076027316, "Cab35": 49.87256064697735, "Cw35": 0.04197716480621711, "xscale35": 0.4612651702429162, "yscale35": 0.4612651702429162, "zscale35": 0.4612651702429162, "Cab36": 59.35986243844756, "Cw36": 0.022650861148451024, "xscale36": 0.7433667863561471, "yscale36": 0.7433667863561471, "zscale36": 0.7433667863561471, "Cab37": 75.36939673998896, "Cw37": 0.03281259334461063, "xscale37": 0.4153668924919139, "yscale37": 0.4153668924919139, "zscale37": 0.4153668924919139, "Cab38": 59.14690752574107, "Cw38": 0.029784548632865906, "xscale38": 0.4244709045598215, "yscale38": 0.4244709045598215, "zscale38": 0.4244709045598215, "Cab39": 79.40407157242088, "Cw39": 0.01971411918049723, "xscale39": 0.5599374308342947, "yscale39": 0.5599374308342947, "zscale39": 0.5599374308342947, "Cab40": 47.52575718243239, "Cw40": 0.04736168302787629, "xscale40": 0.49209018038573316, "yscale40": 0.49209018038573316, "zscale40": 0.49209018038573316, "Cab41": 50.12243524266033, "Cw41": 0.012104921052599367, "xscale41": 0.6518956228367049, "yscale41": 0.6518956228367049, "zscale41": 0.6518956228367049, "Cab42": 45.67500399351122, "Cw42": 0.0364489761142427, "xscale42": 0.4594542719196864, "yscale42": 0.4594542719196864, "zscale42": 0.4594542719196864, "Cab43": 82.06728106791017, "Cw43": 0.04464221067044905, "xscale43": 0.7068883406161335, "yscale43": 0.7068883406161335, "zscale43": 0.7068883406161335, "Cab44": 45.5871427526162, "Cw44": 0.03611431497817013, "xscale44": 0.3898446565812184, "yscale44": 0.3898446565812184, "zscale44": 0.3898446565812184, "Cab45": 60.613288970818694, "Cw45": 0.02395329585257863, "xscale45": 0.2999595312492316, "yscale45": 0.2999595312492316, "zscale45": 0.2999595312492316, "Cab46": 75.27178231017854, "Cw46": 0.03555473950183804, "xscale46": 0.39488167022850107, "yscale46": 0.39488167022850107, "zscale46": 0.39488167022850107, "Cab47": 86.15846844748033, "Cw47": 0.017667710514038846, "xscale47": 0.5987247199433405, "yscale47": 0.5987247199433405, "zscale47": 0.5987247199433405, "Cab48": 70.98818612188117, "Cw48": 0.039251755505758816, "xscale48": 0.6946609963973938, "yscale48": 0.6946609963973938, "zscale48": 0.6946609963973938, "Cab49": 74.46986129179176, "Cw49": 0.02597949347021808, "xscale49": 0.5875282528163126, "yscale49": 0.5875282528163126, "zscale49": 0.5875282528163126, "Cab50": 75.30690152627535, "Cw50": 0.03700500899676772, "xscale50": 0.6233302122460564, "yscale50": 0.6233302122460564, "zscale50": 0.6233302122460564, "Cab51": 64.48941303959813, "Cw51": 0.0366878948348468, "xscale51": 0.5805338296312625, "yscale51": 0.5805338296312625, "zscale51": 0.5805338296312625, "Cab52": 73.0228069476581, "Cw52": 0.01873731049439456,