{"Cab0": 86.61303341164806, "Cw0": 0.04705652540136496, "xscale0": 0.7990581748892497, "yscale0": 0.7990581748892497, "zscale0": 0.7990581748892497, "Cab1": 84.13705122995988, "Cw1": 0.017173435725912033, "xscale1": 0.6780162245707221, "yscale1": 0.6780162245707221, "zscale1": 0.6780162245707221, "Cab2": 87.24560911507636, "Cw2": 0.038181204541681016, "xscale2": 0.6506923337902918, "yscale2": 0.6506923337902918, "zscale2": 0.6506923337902918, "Cab3": 30.552854910887824, "Cw3": 0.010774234359977153, "xscale3": 0.5319658218177002, "yscale3": 0.5319658218177002, "zscale3": 0.5319658218177002, "Cab4": 67.97542526433463, "Cw4": 0.02167179195231956, "xscale4": 0.5750304339112041, "yscale4": 0.5750304339112041, "zscale4": 0.5750304339112041, "Cab5": 87.08325536096679, "Cw5": 0.027995048136527284, "xscale5": 0.619764875575477, "yscale5": 0.619764875575477, "zscale5": 0.619764875575477, "Cab6": 49.82419449439158, "Cw6": 0.04638904213823393, "xscale6": 0.46822970005941045, "yscale6": 0.46822970005941045, "zscale6": 0.46822970005941045, "Cab7": 58.61383523091887, "Cw7": 0.014241757036813865, "xscale7": 0.5502384370188104, "yscale7": 0.5502384370188104, "zscale7": 0.5502384370188104, "Cab8": 62.27264515493073, "Cw8": 0.039133884200360854, "xscale8": 0.5182200815834767, "yscale8": 0.5182200815834767, "zscale8": 0.5182200815834767, "Cab9": 74.64614685984364, "Cw9": 0.02995900888438717, "xscale9": 0.6093425895656852, "yscale9": 0.6093425895656852, "zscale9": 0.6093425895656852, "Cab10": 28.657151827619245, "Cw10": 0.029401668833443535, "xscale10": 0.5338348393851288, "yscale10": 0.5338348393851288, "zscale10": 0.5338348393851288, "Cab11": 47.447532805351315, "Cw11": 0.0387440505475054, "xscale11": 0.5575405548781661, "yscale11": 0.5575405548781661, "zscale11": 0.5575405548781661, "Cab12": 74.69948854967669, "Cw12": 0.026339456436209246, "xscale12": 0.5853266788508361, "yscale12": 0.5853266788508361, "zscale12": 0.5853266788508361, "Cab13": 69.21041474184148, "Cw13": 0.04613322632633081, "xscale13": 0.7180663068445039, "yscale13": 0.7180663068445039, "zscale13": 0.7180663068445039, "Cab14": 29.054806947845066, "Cw14": 0.04457772005805623, "xscale14": 0.5140327707396268, "yscale14": 0.5140327707396268, "zscale14": 0.5140327707396268, "Cab15": 72.18740435083771, "Cw15": 0.017624806312697465, "xscale15": 0.6871809753317745, "yscale15": 0.6871809753317745, "zscale15": 0.6871809753317745, "Cab16": 55.974255982709224, "Cw16": 0.048486135980886524, "xscale16": 0.6503142027546056, "yscale16": 0.6503142027546056, "zscale16": 0.6503142027546056, "Cab17": 43.744428687377905, "Cw17": 0.017175349175424424, "xscale17": 0.6032223176789643, "yscale17": 0.6032223176789643, "zscale17": 0.6032223176789643, "Cab18": 44.241831775278065, "Cw18": 0.028868558740508463, "xscale18": 0.6038427930495572, "yscale18": 0.6038427930495572, "zscale18": 0.6038427930495572, "Cab19": 49.025574099534275, "Cw19": 0.029400935188519196, "xscale19": 0.4939141798391508, "yscale19": 0.4939141798391508, "zscale19": 0.4939141798391508, "Cab20": 43.463266382502354, "Cw20": 0.018926360975062867, "xscale20": 0.5579114499959106, "yscale20": 0.5579114499959106, "zscale20": 0.5579114499959106, "Cab21": 37.5214687442792, "Cw21": 0.03279157353046522, "xscale21": 0.45366448084078287, "yscale21": 0.45366448084078287, "zscale21": 0.45366448084078287, "Cab22": 22.186728629789975, "Cw22": 0.028408676562887702, "xscale22": 0.4953197687712882, "yscale22": 0.4953197687712882, "zscale22": 0.4953197687712882, "Cab23": 58.60691739475612, "Cw23": 0.04078953818239768, "xscale23": 0.6353453544339713, "yscale23": 0.6353453544339713, "zscale23": 0.6353453544339713, "Cab24": 88.48807011860582, "Cw24": 0.04601098827554759, "xscale24": 0.6007287626365448, "yscale24": 0.6007287626365448, "zscale24": 0.6007287626365448, "Cab25": 78.59908045446196, "Cw25": 0.010660458153051087, "xscale25": 0.7320328422516619, "yscale25": 0.7320328422516619, "zscale25": 0.7320328422516619, "Cab26": 82.66619226754368, "Cw26": 0.03988110727169997, "xscale26": 0.5328096056907421, "yscale26": 0.5328096056907421, "zscale26": 0.5328096056907421, "Cab27": 33.431392668071055, "Cw27": 0.02426036199969523, "xscale27": 0.3689323464823157, "yscale27": 0.3689323464823157, "zscale27": 0.3689323464823157, "Cab28": 86.56720424508987, "Cw28": 0.03670714205146339, "xscale28": 0.3371518251272539, "yscale28": 0.3371518251272539, "zscale28": 0.3371518251272539, "Cab29": 35.69848898096854, "Cw29": 0.02132497563063831, "xscale29": 0.6494837004603631, "yscale29": 0.6494837004603631, "zscale29": 0.6494837004603631, "Cab30": 45.71893902479256, "Cw30": 0.04218613735440043, "xscale30": 0.30773109682228283, "yscale30": 0.30773109682228283, "zscale30": 0.30773109682228283, "Cab31": 49.1864949291338, "Cw31": 0.021672925856391325, "xscale31": 0.7008663304309434, "yscale31": 0.7008663304309434, "zscale31": 0.7008663304309434, "Cab32": 21.06830235840291, "Cw32": 0.038831464646864426, "xscale32": 0.4641412016821947, "yscale32": 0.4641412016821947, "zscale32": 0.4641412016821947, "Cab33": 70.82143340945218, "Cw33": 0.029387562596361452, "xscale33": 0.4866355428092405, "yscale33": 0.4866355428092405, "zscale33": 0.4866355428092405, "Cab34": 79.18241045188105, "Cw34": 0.023376250035637335, "xscale34": 0.5508986224614522, "yscale34": 0.5508986224614522, "zscale34": 0.5508986224614522, "Cab35": 88.970653750675, "Cw35": 0.017945491163038004, "xscale35": 0.41440194631913596, "yscale35": 0.41440194631913596, "zscale35": 0.41440194631913596, "Cab36": 28.09569981767722, "Cw36": 0.02852746129677705, "xscale36": 0.7387969846443337, "yscale36": 0.7387969846443337, "zscale36": 0.7387969846443337, "Cab37": 76.48753360697461, "Cw37": 0.04946224252130248, "xscale37": 0.43293749724537683, "yscale37": 0.43293749724537683, "zscale37": 0.43293749724537683, "Cab38": 66.63077387070064, "Cw38": 0.026592262798824193, "xscale38": 0.3888621577250143, "yscale38": 0.3888621577250143, "zscale38": 0.3888621577250143, "Cab39": 68.28058918861059, "Cw39": 0.011175264077954111, "xscale39": 0.5626428573800656, "yscale39": 0.5626428573800656, "zscale39": 0.5626428573800656, "Cab40": 85.64797251433582, "Cw40": 0.012060254794690365, "xscale40": 0.5270492971119526, "yscale40": 0.5270492971119526, "zscale40": 0.5270492971119526, "Cab41": 45.64038760129795, "Cw41": 0.027047103863411942, "xscale41": 0.5246194097349965, "yscale41": 0.5246194097349965, "zscale41": 0.5246194097349965, "Cab42": 89.7614624469792, "Cw42": 0.010967406417469064, "xscale42": 0.6382078162416726, "yscale42": 0.6382078162416726, "zscale42": 0.6382078162416726, "Cab43": 65.4958400252332, "Cw43": 0.03430862396099454, "xscale43": 0.5710700227042792, "yscale43": 0.5710700227042792, "zscale43": 0.5710700227042792, "Cab44": 46.41986483417092, "Cw44": 0.03417178524740231, "xscale44": 0.36765698421675713, "yscale44": 0.36765698421675713, "zscale44": 0.36765698421675713, "Cab45": 53.20220210712305, "Cw45": 0.02920791153778359, "xscale45": 0.3529119938096871, "yscale45": 0.3529119938096871, "zscale45": 0.3529119938096871, "Cab46": 85.62725072975599, "Cw46": 0.03546359745736346, "xscale46": 0.551174279536532, "yscale46": 0.551174279536532, "zscale46": 0.551174279536532, "Cab47": 20.988786277152432, "Cw47": 0.01921087237771142, "xscale47": 0.6084146382340418, "yscale47": 0.6084146382340418, "zscale47": 0.6084146382340418, "Cab48": 44.99332013766407, "Cw48": 0.047105635969110486, "xscale48": 0.7209870874655968, "yscale48": 0.7209870874655968, "zscale48": 0.7209870874655968, "Cab49": 62.9948205001028, "Cw49": 0.03652949437866927, "xscale49": 0.5910860716544857, "yscale49": 0.5910860716544857, "zscale49": 0.5910860716544857, "Cab50": 84.33235916622701, "Cw50": 0.020350042173272596, "xscale50": 0.7775741109896557, "yscale50": 0.7775741109896557, "zscale50": 0.7775741109896557, "Cab51": 48.22147727318257, "Cw51": 0.025509556214198904, "xscale51": 0.5815744182183922, "yscale51": 0.5815744182183922, "zscale51": 0.5815744182183922, "Cab52": 76.27152128385924,