{"Cab0": 73.02924473164815, "Cw0": 0.04181147781119831, "xscale0": 0.6332713606697878, "yscale0": 0.6332713606697878, "zscale0": 0.6332713606697878, "Cab1": 38.8832791599686, "Cw1": 0.03401587906624884, "xscale1": 0.5089658992321953, "yscale1": 0.5089658992321953, "zscale1": 0.5089658992321953, "Cab2": 73.87330136312691, "Cw2": 0.03137708834221231, "xscale2": 0.5214101759451581, "yscale2": 0.5214101759451581, "zscale2": 0.5214101759451581, "Cab3": 88.94650263188815, "Cw3": 0.043748352717392885, "xscale3": 0.5529637654683791, "yscale3": 0.5529637654683791, "zscale3": 0.5529637654683791, "Cab4": 81.31500219968306, "Cw4": 0.03805321016692991, "xscale4": 0.5703508584558967, "yscale4": 0.5703508584558967, "zscale4": 0.5703508584558967, "Cab5": 69.11689387945631, "Cw5": 0.02568754131321767, "xscale5": 0.6325406548465154, "yscale5": 0.6325406548465154, "zscale5": 0.6325406548465154, "Cab6": 20.280586318380752, "Cw6": 0.02737997818507599, "xscale6": 0.523984783554311, "yscale6": 0.523984783554311, "zscale6": 0.523984783554311, "Cab7": 70.77760215207428, "Cw7": 0.011264334771608868, "xscale7": 0.6043416087049271, "yscale7": 0.6043416087049271, "zscale7": 0.6043416087049271, "Cab8": 32.37328320517986, "Cw8": 0.03371005010496176, "xscale8": 0.506598467577539, "yscale8": 0.506598467577539, "zscale8": 0.506598467577539, "Cab9": 29.219082508549224, "Cw9": 0.01104229172093098, "xscale9": 0.608612224963091, "yscale9": 0.608612224963091, "zscale9": 0.608612224963091, "Cab10": 81.71630449287693, "Cw10": 0.03446642168458339, "xscale10": 0.5567168760733192, "yscale10": 0.5567168760733192, "zscale10": 0.5567168760733192, "Cab11": 67.49497485012495, "Cw11": 0.01054127349355976, "xscale11": 0.7315013539734363, "yscale11": 0.7315013539734363, "zscale11": 0.7315013539734363, "Cab12": 83.41308038599021, "Cw12": 0.013395499095650623, "xscale12": 0.4738650798564035, "yscale12": 0.4738650798564035, "zscale12": 0.4738650798564035, "Cab13": 46.89958602280993, "Cw13": 0.046506954847747584, "xscale13": 0.5085776772522335, "yscale13": 0.5085776772522335, "zscale13": 0.5085776772522335, "Cab14": 27.15746568679916, "Cw14": 0.017479408608299166, "xscale14": 0.4842583973030411, "yscale14": 0.4842583973030411, "zscale14": 0.4842583973030411, "Cab15": 49.992090486267855, "Cw15": 0.03280432446475639, "xscale15": 0.5790572047216834, "yscale15": 0.5790572047216834, "zscale15": 0.5790572047216834, "Cab16": 42.02295123552621, "Cw16": 0.02950710488260632, "xscale16": 0.5108574624813932, "yscale16": 0.5108574624813932, "zscale16": 0.5108574624813932, "Cab17": 25.236507893520756, "Cw17": 0.049567384971228014, "xscale17": 0.4596269090216039, "yscale17": 0.4596269090216039, "zscale17": 0.4596269090216039, "Cab18": 60.56376017816272, "Cw18": 0.013257766128341819, "xscale18": 0.6281378428141877, "yscale18": 0.6281378428141877, "zscale18": 0.6281378428141877, "Cab19": 55.66773011717739, "Cw19": 0.024357948537239833, "xscale19": 0.4636173786053212, "yscale19": 0.4636173786053212, "zscale19": 0.4636173786053212, "Cab20": 81.18757128597963, "Cw20": 0.029826599768499003, "xscale20": 0.5259310830328591, "yscale20": 0.5259310830328591, "zscale20": 0.5259310830328591, "Cab21": 58.20531460411285, "Cw21": 0.026501122952141333, "xscale21": 0.48404621537156606, "yscale21": 0.48404621537156606, "zscale21": 0.48404621537156606, "Cab22": 88.74180388441525, "Cw22": 0.0463176841118413, "xscale22": 0.47079890366896127, "yscale22": 0.47079890366896127, "zscale22": 0.47079890366896127, "Cab23": 75.07021738637462, "Cw23": 0.01986336737910154, "xscale23": 0.716053544268928, "yscale23": 0.716053544268928, "zscale23": 0.716053544268928, "Cab24": 58.87439383517334, "Cw24": 0.017950525864899543, "xscale24": 0.580668106583731, "yscale24": 0.580668106583731, "zscale24": 0.580668106583731, "Cab25": 28.538246490771932, "Cw25": 0.014353856329172389, "xscale25": 0.4952548176772615, "yscale25": 0.4952548176772615, "zscale25": 0.4952548176772615, "Cab26": 34.39893861869936, "Cw26": 0.04744880194242814, "xscale26": 0.7061092214163928, "yscale26": 0.7061092214163928, "zscale26": 0.7061092214163928, "Cab27": 74.70411029961696, "Cw27": 0.03265893926235551, "xscale27": 0.4840420012117636, "yscale27": 0.4840420012117636, "zscale27": 0.4840420012117636, "Cab28": 30.039247182540457, "Cw28": 0.03411381183437896, "xscale28": 0.4647560346580232, "yscale28": 0.4647560346580232, "zscale28": 0.4647560346580232, "Cab29": 78.88047939035081, "Cw29": 0.029677707002671985, "xscale29": 0.5358742399322076, "yscale29": 0.5358742399322076, "zscale29": 0.5358742399322076, "Cab30": 23.409080393043165, "Cw30": 0.04412901484981701, "xscale30": 0.44939182798907695, "yscale30": 0.44939182798907695, "zscale30": 0.44939182798907695, "Cab31": 23.715994478382882, "Cw31": 0.026424594642380922, "xscale31": 0.5150691901226071, "yscale31": 0.5150691901226071, "zscale31": 0.5150691901226071, "Cab32": 31.509196176409045, "Cw32": 0.02535618503207177, "xscale32": 0.481441679245845, "yscale32": 0.481441679245845, "zscale32": 0.481441679245845, "Cab33": 65.19304048418968, "Cw33": 0.02228959303346727, "xscale33": 0.413803974246539, "yscale33": 0.413803974246539, "zscale33": 0.413803974246539, "Cab34": 62.2626662493042, "Cw34": 0.030421557084652787, "xscale34": 0.44987603051054975, "yscale34": 0.44987603051054975, "zscale34": 0.44987603051054975, "Cab35": 63.08119039005301, "Cw35": 0.041089445967551715, "xscale35": 0.40602429925926287, "yscale35": 0.40602429925926287, "zscale35": 0.40602429925926287, "Cab36": 52.47531078899886, "Cw36": 0.024523834095594027, "xscale36": 0.6034087949601064, "yscale36": 0.6034087949601064, "zscale36": 0.6034087949601064, "Cab37": 89.14540519527672, "Cw37": 0.01160721901259063, "xscale37": 0.45069840775502695, "yscale37": 0.45069840775502695, "zscale37": 0.45069840775502695, "Cab38": 34.42952276005259, "Cw38": 0.026350057410293462, "xscale38": 0.4046787013826823, "yscale38": 0.4046787013826823, "zscale38": 0.4046787013826823, "Cab39": 31.27138609937539, "Cw39": 0.03979660661348689, "xscale39": 0.5862366027585845, "yscale39": 0.5862366027585845, "zscale39": 0.5862366027585845, "Cab40": 53.09606232001329, "Cw40": 0.03567762266866991, "xscale40": 0.4599365447367522, "yscale40": 0.4599365447367522, "zscale40": 0.4599365447367522, "Cab41": 76.16720989664461, "Cw41": 0.014594317339892585, "xscale41": 0.45978333887698475, "yscale41": 0.45978333887698475, "zscale41": 0.45978333887698475, "Cab42": 82.71747336103248, "Cw42": 0.03458632364187555, "xscale42": 0.45566076022763397, "yscale42": 0.45566076022763397, "zscale42": 0.45566076022763397, "Cab43": 47.46333665280288, "Cw43": 0.015175140443018775, "xscale43": 0.6908331242807287, "yscale43": 0.6908331242807287, "zscale43": 0.6908331242807287, "Cab44": 25.721363170591175, "Cw44": 0.04379502103135289, "xscale44": 0.45692482622234004, "yscale44": 0.45692482622234004, "zscale44": 0.45692482622234004, "Cab45": 87.78012851152883, "Cw45": 0.04397266693491156, "xscale45": 0.3969853607957422, "yscale45": 0.3969853607957422, "zscale45": 0.3969853607957422, "Cab46": 22.163790890856557, "Cw46": 0.022491052155738614, "xscale46": 0.49944862126949624, "yscale46": 0.49944862126949624, "zscale46": 0.49944862126949624, "Cab47": 76.01662497201181, "Cw47": 0.0360301337544488, "xscale47": 0.5018132174504599, "yscale47": 0.5018132174504599, "zscale47": 0.5018132174504599, "Cab48": 55.38518268311277, "Cw48": 0.0303513499842372, "xscale48": 0.5982531429278436, "yscale48": 0.5982531429278436, "zscale48": 0.5982531429278436, "Cab49": 33.15528310065283, "Cw49": 0.02992811701419274, "xscale49": 0.4625463873050791, "yscale49": 0.4625463873050791, "zscale49": 0.4625463873050791, "Cab50": 69.44883757593232, "Cw50": 0.024913002297165168, "xscale50": 0.5301847798238152, "yscale50": 0.5301847798238152, "zscale50": 0.5301847798238152, "Cab51": 44.175715367521306, "Cw51": 0.026774378018646787, "xscale51": 0.7608179751361348, "yscale51": 0.7608179751361348, "zscale51": 0.7608179751361348, "Cab52": 37.703859602466, "Cw52": 0.04848912062195634,