{"Cab0": 37.72377116787289, "Cw0": 0.031481480936185455, "xscale0": 0.7195207799298293, "yscale0": 0.7195207799298293, "zscale0": 0.7195207799298293, "Cab1": 83.62499697865069, "Cw1": 0.03758704508792599, "xscale1": 0.5612274159304611, "yscale1": 0.5612274159304611, "zscale1": 0.5612274159304611, "Cab2": 78.24981299054699, "Cw2": 0.02421989833747467, "xscale2": 0.6083010318422132, "yscale2": 0.6083010318422132, "zscale2": 0.6083010318422132, "Cab3": 86.40930714203004, "Cw3": 0.049209558602496144, "xscale3": 0.5170297093796055, "yscale3": 0.5170297093796055, "zscale3": 0.5170297093796055, "Cab4": 41.892310410281134, "Cw4": 0.023028058092829477, "xscale4": 0.7139244974526577, "yscale4": 0.7139244974526577, "zscale4": 0.7139244974526577, "Cab5": 30.98662876370925, "Cw5": 0.031142639570433533, "xscale5": 0.6684510232987236, "yscale5": 0.6684510232987236, "zscale5": 0.6684510232987236, "Cab6": 74.8130383377088, "Cw6": 0.020787150855245434, "xscale6": 0.49412303994536555, "yscale6": 0.49412303994536555, "zscale6": 0.49412303994536555, "Cab7": 54.32772185024834, "Cw7": 0.047820215241475804, "xscale7": 0.5424711956578936, "yscale7": 0.5424711956578936, "zscale7": 0.5424711956578936, "Cab8": 34.10645805448684, "Cw8": 0.010952710390147198, "xscale8": 0.5891718703841685, "yscale8": 0.5891718703841685, "zscale8": 0.5891718703841685, "Cab9": 88.78033458512296, "Cw9": 0.010355507035834472, "xscale9": 0.5727978069622267, "yscale9": 0.5727978069622267, "zscale9": 0.5727978069622267, "Cab10": 85.88930137261431, "Cw10": 0.048166573466468486, "xscale10": 0.5698196869169572, "yscale10": 0.5698196869169572, "zscale10": 0.5698196869169572, "Cab11": 53.24088201035842, "Cw11": 0.03512392787020095, "xscale11": 0.754838613087145, "yscale11": 0.754838613087145, "zscale11": 0.754838613087145, "Cab12": 46.98489590811833, "Cw12": 0.038122647669543513, "xscale12": 0.4419526008411588, "yscale12": 0.4419526008411588, "zscale12": 0.4419526008411588, "Cab13": 29.07024516445491, "Cw13": 0.016384655971699948, "xscale13": 0.7206251962085419, "yscale13": 0.7206251962085419, "zscale13": 0.7206251962085419, "Cab14": 88.37785074616174, "Cw14": 0.015371326597424732, "xscale14": 0.6467223039827755, "yscale14": 0.6467223039827755, "zscale14": 0.6467223039827755, "Cab15": 29.718311423572544, "Cw15": 0.03661243531080554, "xscale15": 0.6484842678415552, "yscale15": 0.6484842678415552, "zscale15": 0.6484842678415552, "Cab16": 82.2616885330414, "Cw16": 0.04344121131605953, "xscale16": 0.5792423833964272, "yscale16": 0.5792423833964272, "zscale16": 0.5792423833964272, "Cab17": 51.15296009280023, "Cw17": 0.045263985067207434, "xscale17": 0.6292531310959226, "yscale17": 0.6292531310959226, "zscale17": 0.6292531310959226, "Cab18": 80.58548876643854, "Cw18": 0.043019719788727616, "xscale18": 0.5770625481197471, "yscale18": 0.5770625481197471, "zscale18": 0.5770625481197471, "Cab19": 77.6046509192325, "Cw19": 0.02715588286131948, "xscale19": 0.6260244896569875, "yscale19": 0.6260244896569875, "zscale19": 0.6260244896569875, "Cab20": 57.87252149211174, "Cw20": 0.045703348102829534, "xscale20": 0.6336547091739945, "yscale20": 0.6336547091739945, "zscale20": 0.6336547091739945, "Cab21": 59.512009247601185, "Cw21": 0.013520471846526974, "xscale21": 0.5718597912248886, "yscale21": 0.5718597912248886, "zscale21": 0.5718597912248886, "Cab22": 87.34036930182126, "Cw22": 0.010697053348593132, "xscale22": 0.5867046322884985, "yscale22": 0.5867046322884985, "zscale22": 0.5867046322884985, "Cab23": 60.41021349587859, "Cw23": 0.039298392670003374, "xscale23": 0.5022250982697514, "yscale23": 0.5022250982697514, "zscale23": 0.5022250982697514, "Cab24": 76.28126955093215, "Cw24": 0.04080379472389677, "xscale24": 0.6087648123589624, "yscale24": 0.6087648123589624, "zscale24": 0.6087648123589624, "Cab25": 85.94951116687379, "Cw25": 0.010919752257190255, "xscale25": 0.4959739358139834, "yscale25": 0.4959739358139834, "zscale25": 0.4959739358139834, "Cab26": 20.69652614650847, "Cw26": 0.03534581222767712, "xscale26": 0.6081964785235057, "yscale26": 0.6081964785235057, "zscale26": 0.6081964785235057, "Cab27": 37.590686153061824, "Cw27": 0.041790380193958296, "xscale27": 0.37986844512015033, "yscale27": 0.37986844512015033, "zscale27": 0.37986844512015033, "Cab28": 74.81498644019742, "Cw28": 0.029354048107561717, "xscale28": 0.34970021920581307, "yscale28": 0.34970021920581307, "zscale28": 0.34970021920581307, "Cab29": 47.14123237470274, "Cw29": 0.04514378838133751, "xscale29": 0.4878811801258844, "yscale29": 0.4878811801258844, "zscale29": 0.4878811801258844, "Cab30": 73.94734624087178, "Cw30": 0.045055151605251746, "xscale30": 0.30688000186454445, "yscale30": 0.30688000186454445, "zscale30": 0.30688000186454445, "Cab31": 22.83532737983994, "Cw31": 0.04974426958290399, "xscale31": 0.5557752498882518, "yscale31": 0.5557752498882518, "zscale31": 0.5557752498882518, "Cab32": 56.42708194365263, "Cw32": 0.02834228949987328, "xscale32": 0.47995908651070956, "yscale32": 0.47995908651070956, "zscale32": 0.47995908651070956, "Cab33": 50.623150609214065, "Cw33": 0.014117926877857423, "xscale33": 0.5292132757237072, "yscale33": 0.5292132757237072, "zscale33": 0.5292132757237072, "Cab34": 88.59929631525817, "Cw34": 0.01135324573922274, "xscale34": 0.608093755239625, "yscale34": 0.608093755239625, "zscale34": 0.608093755239625, "Cab35": 78.9531400297423, "Cw35": 0.029645053797916605, "xscale35": 0.49167351976930507, "yscale35": 0.49167351976930507, "zscale35": 0.49167351976930507, "Cab36": 30.337740780845998, "Cw36": 0.016328881896736595, "xscale36": 0.5196140664985937, "yscale36": 0.5196140664985937, "zscale36": 0.5196140664985937, "Cab37": 28.954592747329855, "Cw37": 0.027202764822537383, "xscale37": 0.42896273903842896, "yscale37": 0.42896273903842896, "zscale37": 0.42896273903842896, "Cab38": 51.43406005124385, "Cw38": 0.04470578939341373, "xscale38": 0.4478308361537113, "yscale38": 0.4478308361537113, "zscale38": 0.4478308361537113, "Cab39": 51.79308101869407, "Cw39": 0.016063099066893214, "xscale39": 0.7096352141707796, "yscale39": 0.7096352141707796, "zscale39": 0.7096352141707796, "Cab40": 67.22915740046322, "Cw40": 0.010183814908210685, "xscale40": 0.599900893775613, "yscale40": 0.599900893775613, "zscale40": 0.599900893775613, "Cab41": 67.40200289646344, "Cw41": 0.03888619065116425, "xscale41": 0.5148213476103708, "yscale41": 0.5148213476103708, "zscale41": 0.5148213476103708, "Cab42": 33.94234766488683, "Cw42": 0.021954619588013317, "xscale42": 0.5020233367865811, "yscale42": 0.5020233367865811, "zscale42": 0.5020233367865811, "Cab43": 32.99598781364535, "Cw43": 0.019448891666564154, "xscale43": 0.5937545315263311, "yscale43": 0.5937545315263311, "zscale43": 0.5937545315263311, "Cab44": 72.05049367571658, "Cw44": 0.04992216840468458, "xscale44": 0.41821300134787937, "yscale44": 0.41821300134787937, "zscale44": 0.41821300134787937, "Cab45": 59.65101756009884, "Cw45": 0.014725480992485567, "xscale45": 0.3075435397287244, "yscale45": 0.3075435397287244, "zscale45": 0.3075435397287244, "Cab46": 68.98043540763102, "Cw46": 0.010432494681527564, "xscale46": 0.5508428159228129, "yscale46": 0.5508428159228129, "zscale46": 0.5508428159228129, "Cab47": 55.76031136608513, "Cw47": 0.03221671133508721, "xscale47": 0.4544346356404638, "yscale47": 0.4544346356404638, "zscale47": 0.4544346356404638, "Cab48": 82.87884489838144, "Cw48": 0.01783498141455947, "xscale48": 0.7231330020731653, "yscale48": 0.7231330020731653, "zscale48": 0.7231330020731653, "Cab49": 76.44513178531707, "Cw49": 0.041146174996045524, "xscale49": 0.4652892057290666, "yscale49": 0.4652892057290666, "zscale49": 0.4652892057290666, "Cab50": 74.67230581173533, "Cw50": 0.038094692863912774, "xscale50": 0.7192930350712424, "yscale50": 0.7192930350712424, "zscale50": 0.7192930350712424, "Cab51": 39.2877909711753, "Cw51": 0.011765006313504682, "xscale51": 0.6194604004479427, "yscale51": 0.6194604004479427, "zscale51": 0.6194604004479427, "Cab52": 52.595052874176524,