{"Cab0": 42.89354092391724, "Cw0": 0.022847466405644855, "xscale0": 0.846565146008813, "yscale0": 0.846565146008813, "zscale0": 0.846565146008813, "Cab1": 60.904941116420034, "Cw1": 0.046608474050135434, "xscale1": 0.6689343626868979, "yscale1": 0.6689343626868979, "zscale1": 0.6689343626868979, "Cab2": 26.721695892924515, "Cw2": 0.03961427628930966, "xscale2": 0.7544908261099874, "yscale2": 0.7544908261099874, "zscale2": 0.7544908261099874, "Cab3": 70.48719893596831, "Cw3": 0.01810750601892035, "xscale3": 0.4124263246690485, "yscale3": 0.4124263246690485, "zscale3": 0.4124263246690485, "Cab4": 25.517464322893495, "Cw4": 0.019653606804417814, "xscale4": 0.5418137142381767, "yscale4": 0.5418137142381767, "zscale4": 0.5418137142381767, "Cab5": 63.34330118350574, "Cw5": 0.017001725927124497, "xscale5": 0.7642994973641553, "yscale5": 0.7642994973641553, "zscale5": 0.7642994973641553, "Cab6": 69.75388523499282, "Cw6": 0.047583263281305854, "xscale6": 0.46784506191452135, "yscale6": 0.46784506191452135, "zscale6": 0.46784506191452135, "Cab7": 68.04252968155731, "Cw7": 0.043200200937159955, "xscale7": 0.5382912159041152, "yscale7": 0.5382912159041152, "zscale7": 0.5382912159041152, "Cab8": 58.6297964035281, "Cw8": 0.02744855448926859, "xscale8": 0.5811942164767064, "yscale8": 0.5811942164767064, "zscale8": 0.5811942164767064, "Cab9": 57.91926669512789, "Cw9": 0.03558106829250851, "xscale9": 0.7932909921856779, "yscale9": 0.7932909921856779, "zscale9": 0.7932909921856779, "Cab10": 63.57117084616814, "Cw10": 0.034231116810661356, "xscale10": 0.5492788141666579, "yscale10": 0.5492788141666579, "zscale10": 0.5492788141666579, "Cab11": 48.107979686110404, "Cw11": 0.04052899024013459, "xscale11": 0.599509804271787, "yscale11": 0.599509804271787, "zscale11": 0.599509804271787, "Cab12": 83.28226143138818, "Cw12": 0.028179566089585044, "xscale12": 0.5407506757565339, "yscale12": 0.5407506757565339, "zscale12": 0.5407506757565339, "Cab13": 87.11824626732528, "Cw13": 0.04103664692239385, "xscale13": 0.7016063074978746, "yscale13": 0.7016063074978746, "zscale13": 0.7016063074978746, "Cab14": 28.79587111814166, "Cw14": 0.01422811874956242, "xscale14": 0.5688594863476178, "yscale14": 0.5688594863476178, "zscale14": 0.5688594863476178, "Cab15": 55.8096508023193, "Cw15": 0.03192130306076488, "xscale15": 0.49545562728505266, "yscale15": 0.49545562728505266, "zscale15": 0.49545562728505266, "Cab16": 84.49265824114258, "Cw16": 0.02609085160408988, "xscale16": 0.5677392805137208, "yscale16": 0.5677392805137208, "zscale16": 0.5677392805137208, "Cab17": 31.83013351449152, "Cw17": 0.046184001788016106, "xscale17": 0.4841152164644028, "yscale17": 0.4841152164644028, "zscale17": 0.4841152164644028, "Cab18": 44.028452312203015, "Cw18": 0.04212251050193844, "xscale18": 0.6789417190021189, "yscale18": 0.6789417190021189, "zscale18": 0.6789417190021189, "Cab19": 67.47170003401658, "Cw19": 0.04152601128235849, "xscale19": 0.5818903580576839, "yscale19": 0.5818903580576839, "zscale19": 0.5818903580576839, "Cab20": 47.27286347176215, "Cw20": 0.03132274538424094, "xscale20": 0.5969753102289894, "yscale20": 0.5969753102289894, "zscale20": 0.5969753102289894, "Cab21": 75.6412635126148, "Cw21": 0.0408296367702128, "xscale21": 0.5942275629326109, "yscale21": 0.5942275629326109, "zscale21": 0.5942275629326109, "Cab22": 40.41171122438864, "Cw22": 0.021885411497344312, "xscale22": 0.5581224183284095, "yscale22": 0.5581224183284095, "zscale22": 0.5581224183284095, "Cab23": 51.98910924388089, "Cw23": 0.021499669474916987, "xscale23": 0.6538785551456383, "yscale23": 0.6538785551456383, "zscale23": 0.6538785551456383, "Cab24": 75.94517528234817, "Cw24": 0.0346506616375273, "xscale24": 0.49982529658588687, "yscale24": 0.49982529658588687, "zscale24": 0.49982529658588687, "Cab25": 71.68539787682109, "Cw25": 0.04969792767288723, "xscale25": 0.7168977928069182, "yscale25": 0.7168977928069182, "zscale25": 0.7168977928069182, "Cab26": 83.87989897186893, "Cw26": 0.014705938864771576, "xscale26": 0.7335224652150258, "yscale26": 0.7335224652150258, "zscale26": 0.7335224652150258, "Cab27": 38.521041730178624, "Cw27": 0.038988246467375316, "xscale27": 0.36093877587617995, "yscale27": 0.36093877587617995, "zscale27": 0.36093877587617995, "Cab28": 40.34696113993296, "Cw28": 0.02426515892627091, "xscale28": 0.36270708645681765, "yscale28": 0.36270708645681765, "zscale28": 0.36270708645681765, "Cab29": 84.7392654445864, "Cw29": 0.018904460986004852, "xscale29": 0.5055409793869245, "yscale29": 0.5055409793869245, "zscale29": 0.5055409793869245, "Cab30": 26.59610639641515, "Cw30": 0.04080072249676763, "xscale30": 0.3253385819128353, "yscale30": 0.3253385819128353, "zscale30": 0.3253385819128353, "Cab31": 76.87596168758749, "Cw31": 0.024725363349713838, "xscale31": 0.7277035010089424, "yscale31": 0.7277035010089424, "zscale31": 0.7277035010089424, "Cab32": 89.5100449676997, "Cw32": 0.04100546959385543, "xscale32": 0.4455566878188236, "yscale32": 0.4455566878188236, "zscale32": 0.4455566878188236, "Cab33": 43.91133172275276, "Cw33": 0.01709188499657284, "xscale33": 0.5101714047712537, "yscale33": 0.5101714047712537, "zscale33": 0.5101714047712537, "Cab34": 39.21905018892005, "Cw34": 0.041508983028677525, "xscale34": 0.5852305239394422, "yscale34": 0.5852305239394422, "zscale34": 0.5852305239394422, "Cab35": 53.37128300795944, "Cw35": 0.039728189983740475, "xscale35": 0.38914235011436754, "yscale35": 0.38914235011436754, "zscale35": 0.38914235011436754, "Cab36": 85.41004516045261, "Cw36": 0.035896986506223486, "xscale36": 0.7336285637366251, "yscale36": 0.7336285637366251, "zscale36": 0.7336285637366251, "Cab37": 46.6298091788819, "Cw37": 0.028336353165341555, "xscale37": 0.4055037398142941, "yscale37": 0.4055037398142941, "zscale37": 0.4055037398142941, "Cab38": 31.847204750594813, "Cw38": 0.04402139172664209, "xscale38": 0.4194855602359117, "yscale38": 0.4194855602359117, "zscale38": 0.4194855602359117, "Cab39": 54.16434817868253, "Cw39": 0.04388050440932535, "xscale39": 0.4870468453011751, "yscale39": 0.4870468453011751, "zscale39": 0.4870468453011751, "Cab40": 77.14094862560582, "Cw40": 0.04288344483777951, "xscale40": 0.4712308847663285, "yscale40": 0.4712308847663285, "zscale40": 0.4712308847663285, "Cab41": 64.00412247542957, "Cw41": 0.011036947162712236, "xscale41": 0.6471552527229876, "yscale41": 0.6471552527229876, "zscale41": 0.6471552527229876, "Cab42": 54.123110313929146, "Cw42": 0.041858303592617545, "xscale42": 0.5937913407003688, "yscale42": 0.5937913407003688, "zscale42": 0.5937913407003688, "Cab43": 46.5000355964882, "Cw43": 0.03762321635439787, "xscale43": 0.49071324595396154, "yscale43": 0.49071324595396154, "zscale43": 0.49071324595396154, "Cab44": 31.258497280376606, "Cw44": 0.0284200456121343, "xscale44": 0.37221713740274237, "yscale44": 0.37221713740274237, "zscale44": 0.37221713740274237, "Cab45": 86.60565055252037, "Cw45": 0.02719944399937055, "xscale45": 0.3022575660019632, "yscale45": 0.3022575660019632, "zscale45": 0.3022575660019632, "Cab46": 62.66444483609277, "Cw46": 0.028333105086730363, "xscale46": 0.4210062132646463, "yscale46": 0.4210062132646463, "zscale46": 0.4210062132646463, "Cab47": 66.8921821261556, "Cw47": 0.044854851669581045, "xscale47": 0.6000810044714815, "yscale47": 0.6000810044714815, "zscale47": 0.6000810044714815, "Cab48": 54.28414569088615, "Cw48": 0.012291076209529682, "xscale48": 0.5900234987877914, "yscale48": 0.5900234987877914, "zscale48": 0.5900234987877914, "Cab49": 79.84045878271053, "Cw49": 0.03906605511096551, "xscale49": 0.45531475020306317, "yscale49": 0.45531475020306317, "zscale49": 0.45531475020306317, "Cab50": 59.61792018986585, "Cw50": 0.03018826187445315, "xscale50": 0.5574928635152132, "yscale50": 0.5574928635152132, "zscale50": 0.5574928635152132, "Cab51": 86.09384472949925, "Cw51": 0.028515207268517792, "xscale51": 0.8390372046680856, "yscale51": 0.8390372046680856, "zscale51": 0.8390372046680856, "Cab52": 80.23858478351201,