{"Cab0": 22.33591587536772, "Cw0": 0.014963733095205592, "xscale0": 0.6366682263842308, "yscale0": 0.6366682263842308, "zscale0": 0.6366682263842308, "Cab1": 80.36247863549285, "Cw1": 0.03155054625586379, "xscale1": 0.622411845781955, "yscale1": 0.622411845781955, "zscale1": 0.622411845781955, "Cab2": 30.27723575096715, "Cw2": 0.04854916302612604, "xscale2": 0.5348893709159865, "yscale2": 0.5348893709159865, "zscale2": 0.5348893709159865, "Cab3": 31.735142712988534, "Cw3": 0.025618833071075285, "xscale3": 0.5899088853512923, "yscale3": 0.5899088853512923, "zscale3": 0.5899088853512923, "Cab4": 72.1355442579287, "Cw4": 0.03417242843848648, "xscale4": 0.6279574553121373, "yscale4": 0.6279574553121373, "zscale4": 0.6279574553121373, "Cab5": 41.28946137436153, "Cw5": 0.021933805971477545, "xscale5": 0.6798135969037333, "yscale5": 0.6798135969037333, "zscale5": 0.6798135969037333, "Cab6": 55.953264122534435, "Cw6": 0.04104208853820584, "xscale6": 0.6318218069731246, "yscale6": 0.6318218069731246, "zscale6": 0.6318218069731246, "Cab7": 31.55338689827444, "Cw7": 0.04637760389152694, "xscale7": 0.6592113709916715, "yscale7": 0.6592113709916715, "zscale7": 0.6592113709916715, "Cab8": 79.28258440954772, "Cw8": 0.02237701205937001, "xscale8": 0.612790999663114, "yscale8": 0.612790999663114, "zscale8": 0.612790999663114, "Cab9": 38.92730365231685, "Cw9": 0.02718443917569415, "xscale9": 0.774660994989327, "yscale9": 0.774660994989327, "zscale9": 0.774660994989327, "Cab10": 29.192187247620236, "Cw10": 0.02692811589631222, "xscale10": 0.41876911285172086, "yscale10": 0.41876911285172086, "zscale10": 0.41876911285172086, "Cab11": 26.207346114322185, "Cw11": 0.011264073937092643, "xscale11": 0.6121029237806098, "yscale11": 0.6121029237806098, "zscale11": 0.6121029237806098, "Cab12": 28.269593511599638, "Cw12": 0.040720635593417626, "xscale12": 0.5461646648984477, "yscale12": 0.5461646648984477, "zscale12": 0.5461646648984477, "Cab13": 75.54951488597925, "Cw13": 0.016845162054077087, "xscale13": 0.6674127697990341, "yscale13": 0.6674127697990341, "zscale13": 0.6674127697990341, "Cab14": 34.630385631346364, "Cw14": 0.02516034453671051, "xscale14": 0.5968232429514218, "yscale14": 0.5968232429514218, "zscale14": 0.5968232429514218, "Cab15": 29.222265040575977, "Cw15": 0.03399261105211875, "xscale15": 0.5416257216372035, "yscale15": 0.5416257216372035, "zscale15": 0.5416257216372035, "Cab16": 76.91187435533982, "Cw16": 0.04187878713667396, "xscale16": 0.6349135268516968, "yscale16": 0.6349135268516968, "zscale16": 0.6349135268516968, "Cab17": 54.60888672160364, "Cw17": 0.018847311544148204, "xscale17": 0.4522081229636663, "yscale17": 0.4522081229636663, "zscale17": 0.4522081229636663, "Cab18": 66.89482043947348, "Cw18": 0.02956893695258133, "xscale18": 0.555252662158568, "yscale18": 0.555252662158568, "zscale18": 0.555252662158568, "Cab19": 37.80012366712643, "Cw19": 0.04322262721802585, "xscale19": 0.5489573140931591, "yscale19": 0.5489573140931591, "zscale19": 0.5489573140931591, "Cab20": 88.34561331306082, "Cw20": 0.04297130250206901, "xscale20": 0.6030058381093499, "yscale20": 0.6030058381093499, "zscale20": 0.6030058381093499, "Cab21": 46.03130926141422, "Cw21": 0.026017104665301397, "xscale21": 0.5117992190373108, "yscale21": 0.5117992190373108, "zscale21": 0.5117992190373108, "Cab22": 31.15401701668094, "Cw22": 0.014282151987309302, "xscale22": 0.4154944759719517, "yscale22": 0.4154944759719517, "zscale22": 0.4154944759719517, "Cab23": 44.6704313112552, "Cw23": 0.013851814969451218, "xscale23": 0.552282819690634, "yscale23": 0.552282819690634, "zscale23": 0.552282819690634, "Cab24": 62.6772615061271, "Cw24": 0.01697716802901693, "xscale24": 0.5258377829494606, "yscale24": 0.5258377829494606, "zscale24": 0.5258377829494606, "Cab25": 42.53177049019297, "Cw25": 0.02549398178168845, "xscale25": 0.555179501859863, "yscale25": 0.555179501859863, "zscale25": 0.555179501859863, "Cab26": 89.12579063238617, "Cw26": 0.04009075104979365, "xscale26": 0.6320200676873922, "yscale26": 0.6320200676873922, "zscale26": 0.6320200676873922, "Cab27": 50.74850324239441, "Cw27": 0.016350854580456778, "xscale27": 0.5178912551059991, "yscale27": 0.5178912551059991, "zscale27": 0.5178912551059991, "Cab28": 28.44975314297278, "Cw28": 0.024486310575676205, "xscale28": 0.33756332615837903, "yscale28": 0.33756332615837903, "zscale28": 0.33756332615837903, "Cab29": 48.03538748255414, "Cw29": 0.038328319635141724, "xscale29": 0.5116219708349052, "yscale29": 0.5116219708349052, "zscale29": 0.5116219708349052, "Cab30": 25.553981533532724, "Cw30": 0.04866405568887406, "xscale30": 0.34650460511205217, "yscale30": 0.34650460511205217, "zscale30": 0.34650460511205217, "Cab31": 67.06788367076578, "Cw31": 0.04810051311364038, "xscale31": 0.7010557192338105, "yscale31": 0.7010557192338105, "zscale31": 0.7010557192338105, "Cab32": 40.612720747863065, "Cw32": 0.03162952346806339, "xscale32": 0.49877077289889776, "yscale32": 0.49877077289889776, "zscale32": 0.49877077289889776, "Cab33": 66.29675591922745, "Cw33": 0.01975846616985352, "xscale33": 0.39280101837468406, "yscale33": 0.39280101837468406, "zscale33": 0.39280101837468406, "Cab34": 75.15255822072648, "Cw34": 0.038668034137081024, "xscale34": 0.47070341615467176, "yscale34": 0.47070341615467176, "zscale34": 0.47070341615467176, "Cab35": 85.85025365228219, "Cw35": 0.02717135791051454, "xscale35": 0.4569415408780832, "yscale35": 0.4569415408780832, "zscale35": 0.4569415408780832, "Cab36": 65.49298434529146, "Cw36": 0.020393221789451174, "xscale36": 0.7437380759284746, "yscale36": 0.7437380759284746, "zscale36": 0.7437380759284746, "Cab37": 30.764991719467965, "Cw37": 0.03290128960794543, "xscale37": 0.429079930019694, "yscale37": 0.429079930019694, "zscale37": 0.429079930019694, "Cab38": 72.31890071891816, "Cw38": 0.029767416254099434, "xscale38": 0.4752794435780234, "yscale38": 0.4752794435780234, "zscale38": 0.4752794435780234, "Cab39": 72.95592824043618, "Cw39": 0.04366756540507741, "xscale39": 0.6135972010773643, "yscale39": 0.6135972010773643, "zscale39": 0.6135972010773643, "Cab40": 45.25798365319288, "Cw40": 0.025649094350681564, "xscale40": 0.6429728222779523, "yscale40": 0.6429728222779523, "zscale40": 0.6429728222779523, "Cab41": 64.24904023365625, "Cw41": 0.01717804916757564, "xscale41": 0.4694691343537971, "yscale41": 0.4694691343537971, "zscale41": 0.4694691343537971, "Cab42": 83.80664131297627, "Cw42": 0.04913584820961051, "xscale42": 0.49446477046579274, "yscale42": 0.49446477046579274, "zscale42": 0.49446477046579274, "Cab43": 79.5574514593994, "Cw43": 0.048259285263195936, "xscale43": 0.5489729797955976, "yscale43": 0.5489729797955976, "zscale43": 0.5489729797955976, "Cab44": 58.61136675591414, "Cw44": 0.04592088329310896, "xscale44": 0.5014008442930847, "yscale44": 0.5014008442930847, "zscale44": 0.5014008442930847, "Cab45": 52.720613389643354, "Cw45": 0.030248042055558984, "xscale45": 0.3005680717031635, "yscale45": 0.3005680717031635, "zscale45": 0.3005680717031635, "Cab46": 21.844348440096088, "Cw46": 0.022346995914224302, "xscale46": 0.4753797763155769, "yscale46": 0.4753797763155769, "zscale46": 0.4753797763155769, "Cab47": 80.55951455792666, "Cw47": 0.010212844695945087, "xscale47": 0.5729239277397024, "yscale47": 0.5729239277397024, "zscale47": 0.5729239277397024, "Cab48": 77.73361783892028, "Cw48": 0.04515072772228377, "xscale48": 0.6008784617623397, "yscale48": 0.6008784617623397, "zscale48": 0.6008784617623397, "Cab49": 36.00706575406655, "Cw49": 0.016733011035797232, "xscale49": 0.49024042982924687, "yscale49": 0.49024042982924687, "zscale49": 0.49024042982924687, "Cab50": 64.42293774025752, "Cw50": 0.031087488406106034, "xscale50": 0.7409098089777231, "yscale50": 0.7409098089777231, "zscale50": 0.7409098089777231, "Cab51": 47.39494578296439, "Cw51": 0.03936586365341997, "xscale51": 0.729014230301441, "yscale51": 0.729014230301441, "zscale51": 0.729014230301441, "Cab52": 65.54034013890629, "Cw52": 0.0277944761916084,