{"Cab0": 48.54383746691155, "Cw0": 0.014830752673831533, "xscale0": 0.6891736092214307, "yscale0": 0.6891736092214307, "zscale0": 0.6891736092214307, "Cab1": 83.12141995578583, "Cw1": 0.044073877826924755, "xscale1": 0.5146420467740337, "yscale1": 0.5146420467740337, "zscale1": 0.5146420467740337, "Cab2": 83.96942737848829, "Cw2": 0.019758106810420124, "xscale2": 0.6922469614665006, "yscale2": 0.6922469614665006, "zscale2": 0.6922469614665006, "Cab3": 34.20469770677289, "Cw3": 0.03533227777037738, "xscale3": 0.5333329775046808, "yscale3": 0.5333329775046808, "zscale3": 0.5333329775046808, "Cab4": 36.563815723712196, "Cw4": 0.01926374275160745, "xscale4": 0.6546076737420194, "yscale4": 0.6546076737420194, "zscale4": 0.6546076737420194, "Cab5": 48.6830904567521, "Cw5": 0.01670204073494273, "xscale5": 0.8271545943122558, "yscale5": 0.8271545943122558, "zscale5": 0.8271545943122558, "Cab6": 30.975036678318084, "Cw6": 0.04744833507818189, "xscale6": 0.48225590644362415, "yscale6": 0.48225590644362415, "zscale6": 0.48225590644362415, "Cab7": 34.29854053850822, "Cw7": 0.0409571870619317, "xscale7": 0.5923128906221243, "yscale7": 0.5923128906221243, "zscale7": 0.5923128906221243, "Cab8": 34.14584100084548, "Cw8": 0.012460791902307804, "xscale8": 0.6625147075883779, "yscale8": 0.6625147075883779, "zscale8": 0.6625147075883779, "Cab9": 57.02837097661481, "Cw9": 0.026131503346758567, "xscale9": 0.5614188284404676, "yscale9": 0.5614188284404676, "zscale9": 0.5614188284404676, "Cab10": 40.73864800094624, "Cw10": 0.04247404172338971, "xscale10": 0.44602171495995563, "yscale10": 0.44602171495995563, "zscale10": 0.44602171495995563, "Cab11": 31.1190355127423, "Cw11": 0.022004099610264644, "xscale11": 0.7436876963595325, "yscale11": 0.7436876963595325, "zscale11": 0.7436876963595325, "Cab12": 38.36950570395699, "Cw12": 0.019444136661167365, "xscale12": 0.4977428836582505, "yscale12": 0.4977428836582505, "zscale12": 0.4977428836582505, "Cab13": 75.5489750303593, "Cw13": 0.02330216754392834, "xscale13": 0.7000769053736978, "yscale13": 0.7000769053736978, "zscale13": 0.7000769053736978, "Cab14": 69.34050870757952, "Cw14": 0.016976133192075263, "xscale14": 0.614276656898177, "yscale14": 0.614276656898177, "zscale14": 0.614276656898177, "Cab15": 86.06638580271753, "Cw15": 0.011828809517649277, "xscale15": 0.607555932616163, "yscale15": 0.607555932616163, "zscale15": 0.607555932616163, "Cab16": 39.889652820679295, "Cw16": 0.03545078869562718, "xscale16": 0.5132855871885028, "yscale16": 0.5132855871885028, "zscale16": 0.5132855871885028, "Cab17": 25.442118378399293, "Cw17": 0.02502363752702646, "xscale17": 0.45621406002319903, "yscale17": 0.45621406002319903, "zscale17": 0.45621406002319903, "Cab18": 68.15067687760529, "Cw18": 0.04483546015370167, "xscale18": 0.6304191488874734, "yscale18": 0.6304191488874734, "zscale18": 0.6304191488874734, "Cab19": 60.1868503066804, "Cw19": 0.03704925051304047, "xscale19": 0.6587158485443493, "yscale19": 0.6587158485443493, "zscale19": 0.6587158485443493, "Cab20": 53.80908363020839, "Cw20": 0.02559692312821558, "xscale20": 0.739231624915745, "yscale20": 0.739231624915745, "zscale20": 0.739231624915745, "Cab21": 87.57889935814335, "Cw21": 0.015736674363738087, "xscale21": 0.5584548150816816, "yscale21": 0.5584548150816816, "zscale21": 0.5584548150816816, "Cab22": 73.14197859370884, "Cw22": 0.03628528728520925, "xscale22": 0.6079579720523863, "yscale22": 0.6079579720523863, "zscale22": 0.6079579720523863, "Cab23": 82.67617999075561, "Cw23": 0.02097561560201297, "xscale23": 0.501084898359476, "yscale23": 0.501084898359476, "zscale23": 0.501084898359476, "Cab24": 66.55760390686066, "Cw24": 0.014931962429576662, "xscale24": 0.48718464457268756, "yscale24": 0.48718464457268756, "zscale24": 0.48718464457268756, "Cab25": 65.75531472468339, "Cw25": 0.045632528234404134, "xscale25": 0.6714028252928269, "yscale25": 0.6714028252928269, "zscale25": 0.6714028252928269, "Cab26": 29.861792542728008, "Cw26": 0.03549079282516902, "xscale26": 0.49833981360413254, "yscale26": 0.49833981360413254, "zscale26": 0.49833981360413254, "Cab27": 31.35825557501819, "Cw27": 0.025979915263014165, "xscale27": 0.37253380482010245, "yscale27": 0.37253380482010245, "zscale27": 0.37253380482010245, "Cab28": 79.33767080259825, "Cw28": 0.03212670740876043, "xscale28": 0.41256086813042075, "yscale28": 0.41256086813042075, "zscale28": 0.41256086813042075, "Cab29": 52.15649374723677, "Cw29": 0.04892750257703517, "xscale29": 0.560990076758808, "yscale29": 0.560990076758808, "zscale29": 0.560990076758808, "Cab30": 55.41251039297966, "Cw30": 0.03065616445272043, "xscale30": 0.45281241630272245, "yscale30": 0.45281241630272245, "zscale30": 0.45281241630272245, "Cab31": 52.08032671260359, "Cw31": 0.02613653207098461, "xscale31": 0.6060632144127261, "yscale31": 0.6060632144127261, "zscale31": 0.6060632144127261, "Cab32": 37.52830283321073, "Cw32": 0.03692642315320097, "xscale32": 0.4778216736882684, "yscale32": 0.4778216736882684, "zscale32": 0.4778216736882684, "Cab33": 20.90415462041771, "Cw33": 0.04371755829536783, "xscale33": 0.49698437990533384, "yscale33": 0.49698437990533384, "zscale33": 0.49698437990533384, "Cab34": 47.28969567031851, "Cw34": 0.028704968555423815, "xscale34": 0.5353392524157944, "yscale34": 0.5353392524157944, "zscale34": 0.5353392524157944, "Cab35": 39.38739939433012, "Cw35": 0.0335485521056967, "xscale35": 0.42116684112401515, "yscale35": 0.42116684112401515, "zscale35": 0.42116684112401515, "Cab36": 36.874723355273446, "Cw36": 0.04778670244978863, "xscale36": 0.7688805963251033, "yscale36": 0.7688805963251033, "zscale36": 0.7688805963251033, "Cab37": 38.16328439741743, "Cw37": 0.027652163719327348, "xscale37": 0.4332038308337314, "yscale37": 0.4332038308337314, "zscale37": 0.4332038308337314, "Cab38": 75.92875200267163, "Cw38": 0.02563385187171418, "xscale38": 0.44134129445065773, "yscale38": 0.44134129445065773, "zscale38": 0.44134129445065773, "Cab39": 87.86761060470636, "Cw39": 0.034923501081285314, "xscale39": 0.582136342637636, "yscale39": 0.582136342637636, "zscale39": 0.582136342637636, "Cab40": 75.44646208801893, "Cw40": 0.04460060204108053, "xscale40": 0.44975217504473186, "yscale40": 0.44975217504473186, "zscale40": 0.44975217504473186, "Cab41": 61.65008480638913, "Cw41": 0.04650974087974448, "xscale41": 0.5026691037982787, "yscale41": 0.5026691037982787, "zscale41": 0.5026691037982787, "Cab42": 83.64433484199944, "Cw42": 0.04155933283863993, "xscale42": 0.6145157413991242, "yscale42": 0.6145157413991242, "zscale42": 0.6145157413991242, "Cab43": 32.30005944065703, "Cw43": 0.028478013853518357, "xscale43": 0.5622120965516363, "yscale43": 0.5622120965516363, "zscale43": 0.5622120965516363, "Cab44": 41.85717537866677, "Cw44": 0.010775417499818585, "xscale44": 0.47068709824712734, "yscale44": 0.47068709824712734, "zscale44": 0.47068709824712734, "Cab45": 77.38301002046578, "Cw45": 0.01954244874710904, "xscale45": 0.3908276406910853, "yscale45": 0.3908276406910853, "zscale45": 0.3908276406910853, "Cab46": 66.1555116659352, "Cw46": 0.035518872669621046, "xscale46": 0.42562978920915795, "yscale46": 0.42562978920915795, "zscale46": 0.42562978920915795, "Cab47": 30.760801132797276, "Cw47": 0.030259156570385325, "xscale47": 0.5329509396393062, "yscale47": 0.5329509396393062, "zscale47": 0.5329509396393062, "Cab48": 56.36681008978581, "Cw48": 0.04806923493300781, "xscale48": 0.6935597367288708, "yscale48": 0.6935597367288708, "zscale48": 0.6935597367288708, "Cab49": 25.635485519337237, "Cw49": 0.021986404509879057, "xscale49": 0.47434773908070244, "yscale49": 0.47434773908070244, "zscale49": 0.47434773908070244, "Cab50": 89.27217441166736, "Cw50": 0.020509476721929536, "xscale50": 0.5922819768044573, "yscale50": 0.5922819768044573, "zscale50": 0.5922819768044573, "Cab51": 55.27876778575172, "Cw51": 0.01626556223364966, "xscale51": 0.829169422309031, "yscale51": 0.829169422309031, "zscale51": 0.829169422309031, "Cab52": 61.15373364431306,