{"Cab0": 83.58909846083662, "Cw0": 0.020753623002825208, "xscale0": 0.7440643944630789, "yscale0": 0.7440643944630789, "zscale0": 0.7440643944630789, "Cab1": 37.257250064853636, "Cw1": 0.012089722338395368, "xscale1": 0.5136523532283511, "yscale1": 0.5136523532283511, "zscale1": 0.5136523532283511, "Cab2": 50.92050383825562, "Cw2": 0.01605223141433038, "xscale2": 0.669486111070881, "yscale2": 0.669486111070881, "zscale2": 0.669486111070881, "Cab3": 42.190143451613935, "Cw3": 0.032697063404472156, "xscale3": 0.39678454317549705, "yscale3": 0.39678454317549705, "zscale3": 0.39678454317549705, "Cab4": 20.064818186843315, "Cw4": 0.03474189626436364, "xscale4": 0.5722922964638156, "yscale4": 0.5722922964638156, "zscale4": 0.5722922964638156, "Cab5": 84.2986627320444, "Cw5": 0.0112308159973247, "xscale5": 0.7916479273264754, "yscale5": 0.7916479273264754, "zscale5": 0.7916479273264754, "Cab6": 87.89945209964529, "Cw6": 0.043384820370173466, "xscale6": 0.6087220722980008, "yscale6": 0.6087220722980008, "zscale6": 0.6087220722980008, "Cab7": 28.761192268269156, "Cw7": 0.015673368186748183, "xscale7": 0.5761001666019907, "yscale7": 0.5761001666019907, "zscale7": 0.5761001666019907, "Cab8": 51.703961592371726, "Cw8": 0.024134771985631888, "xscale8": 0.6199787195478806, "yscale8": 0.6199787195478806, "zscale8": 0.6199787195478806, "Cab9": 69.50610655460713, "Cw9": 0.02314482386088861, "xscale9": 0.5486323579574369, "yscale9": 0.5486323579574369, "zscale9": 0.5486323579574369, "Cab10": 40.17633702278077, "Cw10": 0.011539032470791702, "xscale10": 0.5162005944770975, "yscale10": 0.5162005944770975, "zscale10": 0.5162005944770975, "Cab11": 76.33192781997326, "Cw11": 0.013786629101947692, "xscale11": 0.6444612455572574, "yscale11": 0.6444612455572574, "zscale11": 0.6444612455572574, "Cab12": 63.38921081679031, "Cw12": 0.044296704257847305, "xscale12": 0.45197153581114086, "yscale12": 0.45197153581114086, "zscale12": 0.45197153581114086, "Cab13": 36.153911666913515, "Cw13": 0.01934458216624648, "xscale13": 0.7339086238007602, "yscale13": 0.7339086238007602, "zscale13": 0.7339086238007602, "Cab14": 67.86239456816145, "Cw14": 0.015391516520256467, "xscale14": 0.6316447796379211, "yscale14": 0.6316447796379211, "zscale14": 0.6316447796379211, "Cab15": 54.57972186532335, "Cw15": 0.03628267427219965, "xscale15": 0.5487411329515488, "yscale15": 0.5487411329515488, "zscale15": 0.5487411329515488, "Cab16": 73.15212856767546, "Cw16": 0.021919919279286833, "xscale16": 0.5021063611131019, "yscale16": 0.5021063611131019, "zscale16": 0.5021063611131019, "Cab17": 68.97586240370111, "Cw17": 0.027466307722043067, "xscale17": 0.6551770272510253, "yscale17": 0.6551770272510253, "zscale17": 0.6551770272510253, "Cab18": 83.57181341231238, "Cw18": 0.010303811245592534, "xscale18": 0.5306236996023134, "yscale18": 0.5306236996023134, "zscale18": 0.5306236996023134, "Cab19": 35.82099864156196, "Cw19": 0.04923258729620349, "xscale19": 0.5768133883418061, "yscale19": 0.5768133883418061, "zscale19": 0.5768133883418061, "Cab20": 47.48371419384772, "Cw20": 0.023933041940738857, "xscale20": 0.7507974686501127, "yscale20": 0.7507974686501127, "zscale20": 0.7507974686501127, "Cab21": 71.69478198310918, "Cw21": 0.04094138898623825, "xscale21": 0.43664962925634226, "yscale21": 0.43664962925634226, "zscale21": 0.43664962925634226, "Cab22": 84.53591426207338, "Cw22": 0.014490261660033572, "xscale22": 0.5202549589792563, "yscale22": 0.5202549589792563, "zscale22": 0.5202549589792563, "Cab23": 82.2020856509501, "Cw23": 0.028334542092177575, "xscale23": 0.5547671294384179, "yscale23": 0.5547671294384179, "zscale23": 0.5547671294384179, "Cab24": 71.48734283275896, "Cw24": 0.023040805981192375, "xscale24": 0.5544393525987747, "yscale24": 0.5544393525987747, "zscale24": 0.5544393525987747, "Cab25": 81.85754452306597, "Cw25": 0.02670958727292659, "xscale25": 0.533567075617975, "yscale25": 0.533567075617975, "zscale25": 0.533567075617975, "Cab26": 25.231923164256166, "Cw26": 0.02948241352363052, "xscale26": 0.5954488488031494, "yscale26": 0.5954488488031494, "zscale26": 0.5954488488031494, "Cab27": 36.29607341686195, "Cw27": 0.03565802147857234, "xscale27": 0.43770919597218944, "yscale27": 0.43770919597218944, "zscale27": 0.43770919597218944, "Cab28": 29.21453025108844, "Cw28": 0.04835755293495989, "xscale28": 0.42581880153389084, "yscale28": 0.42581880153389084, "zscale28": 0.42581880153389084, "Cab29": 41.667783571578084, "Cw29": 0.039720930124398104, "xscale29": 0.48883095752563477, "yscale29": 0.48883095752563477, "zscale29": 0.48883095752563477, "Cab30": 27.75255988554182, "Cw30": 0.01527898989154678, "xscale30": 0.34743356987849633, "yscale30": 0.34743356987849633, "zscale30": 0.34743356987849633, "Cab31": 78.40048571140531, "Cw31": 0.019833885741207688, "xscale31": 0.5464338873508698, "yscale31": 0.5464338873508698, "zscale31": 0.5464338873508698, "Cab32": 39.66023455366121, "Cw32": 0.01852274275139778, "xscale32": 0.5030747530757275, "yscale32": 0.5030747530757275, "zscale32": 0.5030747530757275, "Cab33": 80.20774431848918, "Cw33": 0.04214598154447549, "xscale33": 0.46986842728059475, "yscale33": 0.46986842728059475, "zscale33": 0.46986842728059475, "Cab34": 51.27550024258588, "Cw34": 0.023826596594668688, "xscale34": 0.4080800534450739, "yscale34": 0.4080800534450739, "zscale34": 0.4080800534450739, "Cab35": 75.60113395336055, "Cw35": 0.02604090568265454, "xscale35": 0.43709254493538996, "yscale35": 0.43709254493538996, "zscale35": 0.43709254493538996, "Cab36": 58.13845716093917, "Cw36": 0.048745917610349236, "xscale36": 0.533954894111288, "yscale36": 0.533954894111288, "zscale36": 0.533954894111288, "Cab37": 58.549183685242014, "Cw37": 0.04816247356581286, "xscale37": 0.5207053439867092, "yscale37": 0.5207053439867092, "zscale37": 0.5207053439867092, "Cab38": 72.89283472541939, "Cw38": 0.021086064878394893, "xscale38": 0.5219181097832246, "yscale38": 0.5219181097832246, "zscale38": 0.5219181097832246, "Cab39": 72.68822461697494, "Cw39": 0.016248829038429925, "xscale39": 0.5824533694368146, "yscale39": 0.5824533694368146, "zscale39": 0.5824533694368146, "Cab40": 76.76352073043827, "Cw40": 0.01948593013742314, "xscale40": 0.5500287493281206, "yscale40": 0.5500287493281206, "zscale40": 0.5500287493281206, "Cab41": 69.8243946647031, "Cw41": 0.01293011771707517, "xscale41": 0.5184655128490311, "yscale41": 0.5184655128490311, "zscale41": 0.5184655128490311, "Cab42": 57.89755694823974, "Cw42": 0.03172529308247847, "xscale42": 0.4927629757107619, "yscale42": 0.4927629757107619, "zscale42": 0.4927629757107619, "Cab43": 70.7021082908494, "Cw43": 0.03945873204843773, "xscale43": 0.5580445459449246, "yscale43": 0.5580445459449246, "zscale43": 0.5580445459449246, "Cab44": 84.88305748057952, "Cw44": 0.014561815184167153, "xscale44": 0.49047054289193687, "yscale44": 0.49047054289193687, "zscale44": 0.49047054289193687, "Cab45": 63.0141343691424, "Cw45": 0.018522587861882017, "xscale45": 0.32417085702844683, "yscale45": 0.32417085702844683, "zscale45": 0.32417085702844683, "Cab46": 76.79645706756686, "Cw46": 0.02754687520752732, "xscale46": 0.4766220695194575, "yscale46": 0.4766220695194575, "zscale46": 0.4766220695194575, "Cab47": 23.946490530705894, "Cw47": 0.04900981103289065, "xscale47": 0.5376211436681668, "yscale47": 0.5376211436681668, "zscale47": 0.5376211436681668, "Cab48": 89.24837159026953, "Cw48": 0.03147224732104958, "xscale48": 0.7506034911757036, "yscale48": 0.7506034911757036, "zscale48": 0.7506034911757036, "Cab49": 38.81742609535729, "Cw49": 0.04234168571462962, "xscale49": 0.4839446886655612, "yscale49": 0.4839446886655612, "zscale49": 0.4839446886655612, "Cab50": 56.55208469936575, "Cw50": 0.012953194762528843, "xscale50": 0.7444131171930956, "yscale50": 0.7444131171930956, "zscale50": 0.7444131171930956, "Cab51": 56.47739131508385, "Cw51": 0.010196020321052055, "xscale51": 0.608737873419734, "yscale51": 0.608737873419734, "zscale51": 0.608737873419734, "Cab52": 45.34500165192278,