{"Cab0": 81.97652162360319, "Cw0": 0.019185339281937934, "xscale0": 0.6689891484390227, "yscale0": 0.6689891484390227, "zscale0": 0.6689891484390227, "Cab1": 67.26939103142935, "Cw1": 0.026404345806951453, "xscale1": 0.6709155245029692, "yscale1": 0.6709155245029692, "zscale1": 0.6709155245029692, "Cab2": 51.48275081083014, "Cw2": 0.04041187805360305, "xscale2": 0.7391023102151917, "yscale2": 0.7391023102151917, "zscale2": 0.7391023102151917, "Cab3": 48.99555605909501, "Cw3": 0.04357605376845454, "xscale3": 0.5408373088103697, "yscale3": 0.5408373088103697, "zscale3": 0.5408373088103697, "Cab4": 73.228027812736, "Cw4": 0.035092612753165574, "xscale4": 0.6412438900629115, "yscale4": 0.6412438900629115, "zscale4": 0.6412438900629115, "Cab5": 78.52828378165324, "Cw5": 0.03467671690070524, "xscale5": 0.6707955319413467, "yscale5": 0.6707955319413467, "zscale5": 0.6707955319413467, "Cab6": 58.889737287345234, "Cw6": 0.043513442466766354, "xscale6": 0.5207148092833199, "yscale6": 0.5207148092833199, "zscale6": 0.5207148092833199, "Cab7": 39.17775533923296, "Cw7": 0.03409405961623794, "xscale7": 0.4928893982481833, "yscale7": 0.4928893982481833, "zscale7": 0.4928893982481833, "Cab8": 72.63596060355917, "Cw8": 0.016334594684039666, "xscale8": 0.4999038734154592, "yscale8": 0.4999038734154592, "zscale8": 0.4999038734154592, "Cab9": 21.124154633117005, "Cw9": 0.01958262135202988, "xscale9": 0.6195858417535647, "yscale9": 0.6195858417535647, "zscale9": 0.6195858417535647, "Cab10": 88.03452238869116, "Cw10": 0.036722091919400415, "xscale10": 0.4616151967455597, "yscale10": 0.4616151967455597, "zscale10": 0.4616151967455597, "Cab11": 60.00499629504806, "Cw11": 0.044107317090615286, "xscale11": 0.6148858968409655, "yscale11": 0.6148858968409655, "zscale11": 0.6148858968409655, "Cab12": 88.8499262983917, "Cw12": 0.04223009389383871, "xscale12": 0.6388311050127643, "yscale12": 0.6388311050127643, "zscale12": 0.6388311050127643, "Cab13": 77.94764245731838, "Cw13": 0.049413638021087385, "xscale13": 0.660175627670179, "yscale13": 0.660175627670179, "zscale13": 0.660175627670179, "Cab14": 30.258364595436163, "Cw14": 0.041393724478155806, "xscale14": 0.5074568848227221, "yscale14": 0.5074568848227221, "zscale14": 0.5074568848227221, "Cab15": 71.01976166421305, "Cw15": 0.030569466496559353, "xscale15": 0.6822631767936524, "yscale15": 0.6822631767936524, "zscale15": 0.6822631767936524, "Cab16": 21.105628434347622, "Cw16": 0.04248871436300714, "xscale16": 0.6541393894036323, "yscale16": 0.6541393894036323, "zscale16": 0.6541393894036323, "Cab17": 23.098795860706954, "Cw17": 0.02505959402581813, "xscale17": 0.5874800736824053, "yscale17": 0.5874800736824053, "zscale17": 0.5874800736824053, "Cab18": 29.257836874573883, "Cw18": 0.04302747246918175, "xscale18": 0.7582965165650593, "yscale18": 0.7582965165650593, "zscale18": 0.7582965165650593, "Cab19": 56.85811293487827, "Cw19": 0.028540829496211333, "xscale19": 0.4588455245081796, "yscale19": 0.4588455245081796, "zscale19": 0.4588455245081796, "Cab20": 21.693155519343584, "Cw20": 0.04182426386839846, "xscale20": 0.5149047043877134, "yscale20": 0.5149047043877134, "zscale20": 0.5149047043877134, "Cab21": 53.267044719444684, "Cw21": 0.010553211943870426, "xscale21": 0.5017287778468918, "yscale21": 0.5017287778468918, "zscale21": 0.5017287778468918, "Cab22": 45.61179112774188, "Cw22": 0.019135609330671592, "xscale22": 0.48389169291741174, "yscale22": 0.48389169291741174, "zscale22": 0.48389169291741174, "Cab23": 38.06199565639774, "Cw23": 0.010241104649840373, "xscale23": 0.7261196522817478, "yscale23": 0.7261196522817478, "zscale23": 0.7261196522817478, "Cab24": 34.75909569761021, "Cw24": 0.027808199619595762, "xscale24": 0.6304766595700004, "yscale24": 0.6304766595700004, "zscale24": 0.6304766595700004, "Cab25": 86.64534151576646, "Cw25": 0.02334954921765407, "xscale25": 0.6655731377973608, "yscale25": 0.6655731377973608, "zscale25": 0.6655731377973608, "Cab26": 20.163162973096668, "Cw26": 0.014132288821724123, "xscale26": 0.5226524735117459, "yscale26": 0.5226524735117459, "zscale26": 0.5226524735117459, "Cab27": 62.614052721316355, "Cw27": 0.027849082321579496, "xscale27": 0.48256122036559845, "yscale27": 0.48256122036559845, "zscale27": 0.48256122036559845, "Cab28": 64.77362595894928, "Cw28": 0.019454873501900914, "xscale28": 0.3669612769470481, "yscale28": 0.3669612769470481, "zscale28": 0.3669612769470481, "Cab29": 56.562680491123096, "Cw29": 0.029439084058074612, "xscale29": 0.531874964680524, "yscale29": 0.531874964680524, "zscale29": 0.531874964680524, "Cab30": 62.76984111992854, "Cw30": 0.022145984583831428, "xscale30": 0.345037269248597, "yscale30": 0.345037269248597, "zscale30": 0.345037269248597, "Cab31": 73.77220746797855, "Cw31": 0.03208968133918126, "xscale31": 0.5795983240845624, "yscale31": 0.5795983240845624, "zscale31": 0.5795983240845624, "Cab32": 54.72904028037232, "Cw32": 0.03124328536459614, "xscale32": 0.5548793338966466, "yscale32": 0.5548793338966466, "zscale32": 0.5548793338966466, "Cab33": 55.61963790721315, "Cw33": 0.020074305917086536, "xscale33": 0.5240836406250807, "yscale33": 0.5240836406250807, "zscale33": 0.5240836406250807, "Cab34": 52.121386678025154, "Cw34": 0.038767711754836134, "xscale34": 0.4909614669954502, "yscale34": 0.4909614669954502, "zscale34": 0.4909614669954502, "Cab35": 88.92973807802181, "Cw35": 0.031618207352876, "xscale35": 0.41412657638078687, "yscale35": 0.41412657638078687, "zscale35": 0.41412657638078687, "Cab36": 65.63249298031775, "Cw36": 0.022459068199441788, "xscale36": 0.6802959108087884, "yscale36": 0.6802959108087884, "zscale36": 0.6802959108087884, "Cab37": 81.20388604940683, "Cw37": 0.02810032793364288, "xscale37": 0.526330744390198, "yscale37": 0.526330744390198, "zscale37": 0.526330744390198, "Cab38": 37.781160191618376, "Cw38": 0.04685744923156397, "xscale38": 0.46388240066260433, "yscale38": 0.46388240066260433, "zscale38": 0.46388240066260433, "Cab39": 74.16636183395505, "Cw39": 0.030231121020380766, "xscale39": 0.65744220901298, "yscale39": 0.65744220901298, "zscale39": 0.65744220901298, "Cab40": 67.94800963053387, "Cw40": 0.026255050093311194, "xscale40": 0.5890398210152379, "yscale40": 0.5890398210152379, "zscale40": 0.5890398210152379, "Cab41": 72.57754117604588, "Cw41": 0.02595132017436142, "xscale41": 0.6444976971306197, "yscale41": 0.6444976971306197, "zscale41": 0.6444976971306197, "Cab42": 20.896090012866917, "Cw42": 0.03772330245811451, "xscale42": 0.5683417464260565, "yscale42": 0.5683417464260565, "zscale42": 0.5683417464260565, "Cab43": 52.86625858350617, "Cw43": 0.04870974931598909, "xscale43": 0.5850973468321029, "yscale43": 0.5850973468321029, "zscale43": 0.5850973468321029, "Cab44": 36.551824240882866, "Cw44": 0.010047688026954998, "xscale44": 0.35823379556417895, "yscale44": 0.35823379556417895, "zscale44": 0.35823379556417895, "Cab45": 74.85619062489772, "Cw45": 0.010639784440860356, "xscale45": 0.27749962099398756, "yscale45": 0.27749962099398756, "zscale45": 0.27749962099398756, "Cab46": 27.77359292388353, "Cw46": 0.03054879752731387, "xscale46": 0.404681821451232, "yscale46": 0.404681821451232, "zscale46": 0.404681821451232, "Cab47": 48.28602012079652, "Cw47": 0.014863715514002892, "xscale47": 0.5973113029465774, "yscale47": 0.5973113029465774, "zscale47": 0.5973113029465774, "Cab48": 31.607091157095905, "Cw48": 0.03496766137891024, "xscale48": 0.5835830668804659, "yscale48": 0.5835830668804659, "zscale48": 0.5835830668804659, "Cab49": 68.79921240412843, "Cw49": 0.03906750215684305, "xscale49": 0.4340684215143232, "yscale49": 0.4340684215143232, "zscale49": 0.4340684215143232, "Cab50": 38.0705646659552, "Cw50": 0.018659674855431883, "xscale50": 0.6579685308626979, "yscale50": 0.6579685308626979, "zscale50": 0.6579685308626979, "Cab51": 81.84656967760955, "Cw51": 0.013802152095528007, "xscale51": 0.7629004486584646, "yscale51": 0.7629004486584646, "zscale51": 0.7629004486584646, "Cab52": 40.75967542197465, "Cw52": 0.01027441424751301,