{"Cab0": 87.77821513121403, "Cw0": 0.03799700585376887, "xscale0": 0.8359273313224757, "yscale0": 0.8359273313224757, "zscale0": 0.8359273313224757, "Cab1": 43.28108943592805, "Cw1": 0.02981442001416844, "xscale1": 0.5325412477460094, "yscale1": 0.5325412477460094, "zscale1": 0.5325412477460094, "Cab2": 50.86289507985329, "Cw2": 0.017079823195730412, "xscale2": 0.6406455034002538, "yscale2": 0.6406455034002538, "zscale2": 0.6406455034002538, "Cab3": 77.76541952500736, "Cw3": 0.04020585408833809, "xscale3": 0.5736545140244068, "yscale3": 0.5736545140244068, "zscale3": 0.5736545140244068, "Cab4": 64.81307598770292, "Cw4": 0.04314322459187104, "xscale4": 0.6419240031992852, "yscale4": 0.6419240031992852, "zscale4": 0.6419240031992852, "Cab5": 25.991480383515952, "Cw5": 0.015994115504026372, "xscale5": 0.9089811848692837, "yscale5": 0.9089811848692837, "zscale5": 0.9089811848692837, "Cab6": 64.07161983340545, "Cw6": 0.015640710805632847, "xscale6": 0.6191536411291665, "yscale6": 0.6191536411291665, "zscale6": 0.6191536411291665, "Cab7": 49.74663633285391, "Cw7": 0.022969439057038903, "xscale7": 0.5230093164005435, "yscale7": 0.5230093164005435, "zscale7": 0.5230093164005435, "Cab8": 67.57649732166001, "Cw8": 0.042407655374893105, "xscale8": 0.607056286745929, "yscale8": 0.607056286745929, "zscale8": 0.607056286745929, "Cab9": 74.94457284184159, "Cw9": 0.03932913385075514, "xscale9": 0.6973856440057741, "yscale9": 0.6973856440057741, "zscale9": 0.6973856440057741, "Cab10": 32.785240656805556, "Cw10": 0.03561501112228606, "xscale10": 0.46685872607059853, "yscale10": 0.46685872607059853, "zscale10": 0.46685872607059853, "Cab11": 84.6373898442128, "Cw11": 0.04030872619547572, "xscale11": 0.7136721370612601, "yscale11": 0.7136721370612601, "zscale11": 0.7136721370612601, "Cab12": 59.659120918599235, "Cw12": 0.020568058459237336, "xscale12": 0.6341952533542665, "yscale12": 0.6341952533542665, "zscale12": 0.6341952533542665, "Cab13": 89.77314961122818, "Cw13": 0.040949435271224154, "xscale13": 0.6842203172521162, "yscale13": 0.6842203172521162, "zscale13": 0.6842203172521162, "Cab14": 85.59339486986876, "Cw14": 0.017694460311183224, "xscale14": 0.5006309619663204, "yscale14": 0.5006309619663204, "zscale14": 0.5006309619663204, "Cab15": 67.59743801543561, "Cw15": 0.031819776934887425, "xscale15": 0.5932757429573144, "yscale15": 0.5932757429573144, "zscale15": 0.5932757429573144, "Cab16": 20.142997556176383, "Cw16": 0.034288185051059086, "xscale16": 0.5592687516400652, "yscale16": 0.5592687516400652, "zscale16": 0.5592687516400652, "Cab17": 56.713339351833405, "Cw17": 0.03647747686614752, "xscale17": 0.6333572231757757, "yscale17": 0.6333572231757757, "zscale17": 0.6333572231757757, "Cab18": 82.04236499021971, "Cw18": 0.014263189861150357, "xscale18": 0.5415418598322083, "yscale18": 0.5415418598322083, "zscale18": 0.5415418598322083, "Cab19": 37.239986145790255, "Cw19": 0.04640051431419879, "xscale19": 0.5769830235938913, "yscale19": 0.5769830235938913, "zscale19": 0.5769830235938913, "Cab20": 73.20418661112907, "Cw20": 0.043518942586153346, "xscale20": 0.7476426285156683, "yscale20": 0.7476426285156683, "zscale20": 0.7476426285156683, "Cab21": 72.31837582102159, "Cw21": 0.04416518102472915, "xscale21": 0.5908556753998468, "yscale21": 0.5908556753998468, "zscale21": 0.5908556753998468, "Cab22": 21.086268088043564, "Cw22": 0.03713356211132876, "xscale22": 0.5566847602870829, "yscale22": 0.5566847602870829, "zscale22": 0.5566847602870829, "Cab23": 58.658562571937026, "Cw23": 0.010089771929834025, "xscale23": 0.5357205562809783, "yscale23": 0.5357205562809783, "zscale23": 0.5357205562809783, "Cab24": 33.83715544657856, "Cw24": 0.028516064542184652, "xscale24": 0.5891453282130552, "yscale24": 0.5891453282130552, "zscale24": 0.5891453282130552, "Cab25": 53.49393982658406, "Cw25": 0.045235064666107494, "xscale25": 0.5036353332510526, "yscale25": 0.5036353332510526, "zscale25": 0.5036353332510526, "Cab26": 85.76644868383855, "Cw26": 0.012990216770985216, "xscale26": 0.7147532838907208, "yscale26": 0.7147532838907208, "zscale26": 0.7147532838907208, "Cab27": 62.09842080742262, "Cw27": 0.033238233417998864, "xscale27": 0.4412455644544054, "yscale27": 0.4412455644544054, "zscale27": 0.4412455644544054, "Cab28": 25.868997794132586, "Cw28": 0.017829195514112644, "xscale28": 0.4952286864151568, "yscale28": 0.4952286864151568, "zscale28": 0.4952286864151568, "Cab29": 43.43387961244198, "Cw29": 0.039726534072461066, "xscale29": 0.5669027786713684, "yscale29": 0.5669027786713684, "zscale29": 0.5669027786713684, "Cab30": 29.469328769567326, "Cw30": 0.021962383401902576, "xscale30": 0.39302731123575413, "yscale30": 0.39302731123575413, "zscale30": 0.39302731123575413, "Cab31": 47.25923570121338, "Cw31": 0.018455491731483205, "xscale31": 0.7525186756315677, "yscale31": 0.7525186756315677, "zscale31": 0.7525186756315677, "Cab32": 40.35800693199745, "Cw32": 0.03864579625755021, "xscale32": 0.4816204856950605, "yscale32": 0.4816204856950605, "zscale32": 0.4816204856950605, "Cab33": 23.718331808738455, "Cw33": 0.038308234320811665, "xscale33": 0.5653835879882941, "yscale33": 0.5653835879882941, "zscale33": 0.5653835879882941, "Cab34": 41.59637322198104, "Cw34": 0.03671765758768245, "xscale34": 0.458745156419004, "yscale34": 0.458745156419004, "zscale34": 0.458745156419004, "Cab35": 38.252712250727285, "Cw35": 0.03087808313281818, "xscale35": 0.38098851837520314, "yscale35": 0.38098851837520314, "zscale35": 0.38098851837520314, "Cab36": 70.11943470770413, "Cw36": 0.045216436800457546, "xscale36": 0.5189306563294445, "yscale36": 0.5189306563294445, "zscale36": 0.5189306563294445, "Cab37": 40.807965112912385, "Cw37": 0.03335278581413634, "xscale37": 0.41877121265946277, "yscale37": 0.41877121265946277, "zscale37": 0.41877121265946277, "Cab38": 50.7366398124753, "Cw38": 0.017640496069762167, "xscale38": 0.5216912352829676, "yscale38": 0.5216912352829676, "zscale38": 0.5216912352829676, "Cab39": 22.624033840431682, "Cw39": 0.02112540483452332, "xscale39": 0.6778244688656718, "yscale39": 0.6778244688656718, "zscale39": 0.6778244688656718, "Cab40": 27.785683251310424, "Cw40": 0.04828636708587697, "xscale40": 0.6425940791364616, "yscale40": 0.6425940791364616, "zscale40": 0.6425940791364616, "Cab41": 26.883828790278848, "Cw41": 0.04647845003186661, "xscale41": 0.5397703573984534, "yscale41": 0.5397703573984534, "zscale41": 0.5397703573984534, "Cab42": 31.64388217246866, "Cw42": 0.040764218417243606, "xscale42": 0.468335122619015, "yscale42": 0.468335122619015, "zscale42": 0.468335122619015, "Cab43": 79.39690002736718, "Cw43": 0.04156769515821265, "xscale43": 0.7070684288705548, "yscale43": 0.7070684288705548, "zscale43": 0.7070684288705548, "Cab44": 20.75602635695685, "Cw44": 0.02871484764330802, "xscale44": 0.4585211493440696, "yscale44": 0.4585211493440696, "zscale44": 0.4585211493440696, "Cab45": 59.539215204397024, "Cw45": 0.02919304279261902, "xscale45": 0.3581562037523202, "yscale45": 0.3581562037523202, "zscale45": 0.3581562037523202, "Cab46": 78.3172890359163, "Cw46": 0.0432479028546685, "xscale46": 0.39595265936647883, "yscale46": 0.39595265936647883, "zscale46": 0.39595265936647883, "Cab47": 60.68960657112764, "Cw47": 0.01263579564165802, "xscale47": 0.5329385911090386, "yscale47": 0.5329385911090386, "zscale47": 0.5329385911090386, "Cab48": 87.4314397423248, "Cw48": 0.030624001323489164, "xscale48": 0.658656716798206, "yscale48": 0.658656716798206, "zscale48": 0.658656716798206, "Cab49": 84.41668583733114, "Cw49": 0.023845743970453255, "xscale49": 0.4322812281191337, "yscale49": 0.4322812281191337, "zscale49": 0.4322812281191337, "Cab50": 44.8071605343962, "Cw50": 0.02385667995840585, "xscale50": 0.720297358044337, "yscale50": 0.720297358044337, "zscale50": 0.720297358044337, "Cab51": 47.10029029827376, "Cw51": 0.0398417606907418, "xscale51": 0.6050650128401337, "yscale51": 0.6050650128401337, "zscale51": 0.6050650128401337, "Cab52": 20.938179231910674,