{"Cab0": 70.22882290704513, "Cw0": 0.03286605794917258, "xscale0": 0.5978884568375595, "yscale0": 0.5978884568375595, "zscale0": 0.5978884568375595, "Cab1": 72.42998559611613, "Cw1": 0.028332343181381038, "xscale1": 0.6476869988164721, "yscale1": 0.6476869988164721, "zscale1": 0.6476869988164721, "Cab2": 54.08497797852156, "Cw2": 0.016638335651940773, "xscale2": 0.5547292774867355, "yscale2": 0.5547292774867355, "zscale2": 0.5547292774867355, "Cab3": 70.94320819972681, "Cw3": 0.031172189380253783, "xscale3": 0.5847011809790086, "yscale3": 0.5847011809790086, "zscale3": 0.5847011809790086, "Cab4": 75.7640225504712, "Cw4": 0.024454913925966014, "xscale4": 0.6164559182269593, "yscale4": 0.6164559182269593, "zscale4": 0.6164559182269593, "Cab5": 83.3412916882202, "Cw5": 0.047272717959342556, "xscale5": 0.6705000427104671, "yscale5": 0.6705000427104671, "zscale5": 0.6705000427104671, "Cab6": 62.744024587842006, "Cw6": 0.027695644053697052, "xscale6": 0.524467682402974, "yscale6": 0.524467682402974, "zscale6": 0.524467682402974, "Cab7": 27.98319144014323, "Cw7": 0.021029160721347848, "xscale7": 0.6294381109240147, "yscale7": 0.6294381109240147, "zscale7": 0.6294381109240147, "Cab8": 34.081344026272944, "Cw8": 0.028406144478967527, "xscale8": 0.5644102746563037, "yscale8": 0.5644102746563037, "zscale8": 0.5644102746563037, "Cab9": 33.38182870112862, "Cw9": 0.04382513537960218, "xscale9": 0.5571765561074303, "yscale9": 0.5571765561074303, "zscale9": 0.5571765561074303, "Cab10": 81.30952225682306, "Cw10": 0.038684266794957976, "xscale10": 0.5668190587517432, "yscale10": 0.5668190587517432, "zscale10": 0.5668190587517432, "Cab11": 42.27455598305658, "Cw11": 0.037176145276452376, "xscale11": 0.7627232181682715, "yscale11": 0.7627232181682715, "zscale11": 0.7627232181682715, "Cab12": 20.533365119574057, "Cw12": 0.013804635123986718, "xscale12": 0.443402893485309, "yscale12": 0.443402893485309, "zscale12": 0.443402893485309, "Cab13": 73.08716513720903, "Cw13": 0.04796326755437731, "xscale13": 0.7300977814698845, "yscale13": 0.7300977814698845, "zscale13": 0.7300977814698845, "Cab14": 30.489081963709534, "Cw14": 0.0489923098869514, "xscale14": 0.5299246020786317, "yscale14": 0.5299246020786317, "zscale14": 0.5299246020786317, "Cab15": 32.565837107050584, "Cw15": 0.023788384887018142, "xscale15": 0.611965686775182, "yscale15": 0.611965686775182, "zscale15": 0.611965686775182, "Cab16": 33.6099900557866, "Cw16": 0.03352696000057394, "xscale16": 0.5001380627388556, "yscale16": 0.5001380627388556, "zscale16": 0.5001380627388556, "Cab17": 61.877641284071196, "Cw17": 0.03122947151382846, "xscale17": 0.633821839119606, "yscale17": 0.633821839119606, "zscale17": 0.633821839119606, "Cab18": 80.4283765408639, "Cw18": 0.0458439357361352, "xscale18": 0.7712158750895552, "yscale18": 0.7712158750895552, "zscale18": 0.7712158750895552, "Cab19": 55.28608436762541, "Cw19": 0.03220602811541031, "xscale19": 0.47612810953632817, "yscale19": 0.47612810953632817, "zscale19": 0.47612810953632817, "Cab20": 50.38406013250834, "Cw20": 0.021912641203966306, "xscale20": 0.6132576833150598, "yscale20": 0.6132576833150598, "zscale20": 0.6132576833150598, "Cab21": 55.835806081817275, "Cw21": 0.011394326422285035, "xscale21": 0.5072873020184063, "yscale21": 0.5072873020184063, "zscale21": 0.5072873020184063, "Cab22": 24.212008955102807, "Cw22": 0.012869077280714234, "xscale22": 0.5784112755189449, "yscale22": 0.5784112755189449, "zscale22": 0.5784112755189449, "Cab23": 44.786291543769316, "Cw23": 0.017659930951907165, "xscale23": 0.5044656831186589, "yscale23": 0.5044656831186589, "zscale23": 0.5044656831186589, "Cab24": 24.363449427732576, "Cw24": 0.023904826762895605, "xscale24": 0.516669022088159, "yscale24": 0.516669022088159, "zscale24": 0.516669022088159, "Cab25": 83.0731070640797, "Cw25": 0.01650559344465428, "xscale25": 0.629181908203067, "yscale25": 0.629181908203067, "zscale25": 0.629181908203067, "Cab26": 26.34404972635215, "Cw26": 0.04545904193386271, "xscale26": 0.7071397800381422, "yscale26": 0.7071397800381422, "zscale26": 0.7071397800381422, "Cab27": 74.19181216046584, "Cw27": 0.02217247291827642, "xscale27": 0.35790908048857933, "yscale27": 0.35790908048857933, "zscale27": 0.35790908048857933, "Cab28": 70.90079295527815, "Cw28": 0.03181056269698206, "xscale28": 0.4897772840922388, "yscale28": 0.4897772840922388, "zscale28": 0.4897772840922388, "Cab29": 75.80649778789896, "Cw29": 0.03402511267046991, "xscale29": 0.7123195286888035, "yscale29": 0.7123195286888035, "zscale29": 0.7123195286888035, "Cab30": 66.31624918047669, "Cw30": 0.02802134382956275, "xscale30": 0.33542578283842184, "yscale30": 0.33542578283842184, "zscale30": 0.33542578283842184, "Cab31": 36.10087166742031, "Cw31": 0.04886233853735833, "xscale31": 0.7551775874040924, "yscale31": 0.7551775874040924, "zscale31": 0.7551775874040924, "Cab32": 88.9471372618227, "Cw32": 0.01232082586124303, "xscale32": 0.4740696940202644, "yscale32": 0.4740696940202644, "zscale32": 0.4740696940202644, "Cab33": 46.50911786166859, "Cw33": 0.025123287796719657, "xscale33": 0.5108794580695808, "yscale33": 0.5108794580695808, "zscale33": 0.5108794580695808, "Cab34": 53.81515153083117, "Cw34": 0.020041958722340228, "xscale34": 0.4807781866908324, "yscale34": 0.4807781866908324, "zscale34": 0.4807781866908324, "Cab35": 79.02970054367651, "Cw35": 0.03239169616040424, "xscale35": 0.39045470608902877, "yscale35": 0.39045470608902877, "zscale35": 0.39045470608902877, "Cab36": 48.146211002210265, "Cw36": 0.03540888664564983, "xscale36": 0.5717172060932514, "yscale36": 0.5717172060932514, "zscale36": 0.5717172060932514, "Cab37": 54.80422268455201, "Cw37": 0.044540372975548276, "xscale37": 0.5306780188205602, "yscale37": 0.5306780188205602, "zscale37": 0.5306780188205602, "Cab38": 53.59125485089142, "Cw38": 0.03519634882988963, "xscale38": 0.5238645597505953, "yscale38": 0.5238645597505953, "zscale38": 0.5238645597505953, "Cab39": 37.398675944364854, "Cw39": 0.01666304732725475, "xscale39": 0.6631715459473649, "yscale39": 0.6631715459473649, "zscale39": 0.6631715459473649, "Cab40": 80.90598095888944, "Cw40": 0.037154963196030164, "xscale40": 0.5594728358078218, "yscale40": 0.5594728358078218, "zscale40": 0.5594728358078218, "Cab41": 79.49662356745816, "Cw41": 0.04398162280653763, "xscale41": 0.6103626378168135, "yscale41": 0.6103626378168135, "zscale41": 0.6103626378168135, "Cab42": 23.62260353887541, "Cw42": 0.030212192509915782, "xscale42": 0.5312914696581532, "yscale42": 0.5312914696581532, "zscale42": 0.5312914696581532, "Cab43": 76.1695896540341, "Cw43": 0.01643224630368635, "xscale43": 0.7012823145394511, "yscale43": 0.7012823145394511, "zscale43": 0.7012823145394511, "Cab44": 82.00294562952618, "Cw44": 0.018165219219945856, "xscale44": 0.4814514629990851, "yscale44": 0.4814514629990851, "zscale44": 0.4814514629990851, "Cab45": 75.24730571042953, "Cw45": 0.02650597541042201, "xscale45": 0.3531079940988725, "yscale45": 0.3531079940988725, "zscale45": 0.3531079940988725, "Cab46": 31.171858181841316, "Cw46": 0.04761248672041195, "xscale46": 0.5526380946833286, "yscale46": 0.5526380946833286, "zscale46": 0.5526380946833286, "Cab47": 33.27033002856919, "Cw47": 0.027947545560923305, "xscale47": 0.5084424595291963, "yscale47": 0.5084424595291963, "zscale47": 0.5084424595291963, "Cab48": 81.19789235656503, "Cw48": 0.027034567428708238, "xscale48": 0.7687808038098267, "yscale48": 0.7687808038098267, "zscale48": 0.7687808038098267, "Cab49": 59.959288625284486, "Cw49": 0.011128078724467314, "xscale49": 0.43401824443366094, "yscale49": 0.43401824443366094, "zscale49": 0.43401824443366094, "Cab50": 53.999651790299296, "Cw50": 0.014462357345601107, "xscale50": 0.7871209702453151, "yscale50": 0.7871209702453151, "zscale50": 0.7871209702453151, "Cab51": 72.61731137059772, "Cw51": 0.03600059956348394, "xscale51": 0.764118874217876, "yscale51": 0.764118874217876, "zscale51": 0.764118874217876, "Cab52": 76.30639910330765, "Cw52": 0.018428117400576004,