{"Cab0": 27.425798296805752, "Cw0": 0.02143731842571774, "xscale0": 0.7026454687165882, "yscale0": 0.7026454687165882, "zscale0": 0.7026454687165882, "Cab1": 48.499628436934614, "Cw1": 0.04084419515802421, "xscale1": 0.6539557014186972, "yscale1": 0.6539557014186972, "zscale1": 0.6539557014186972, "Cab2": 72.777695980448, "Cw2": 0.010072053781963151, "xscale2": 0.7037217905508547, "yscale2": 0.7037217905508547, "zscale2": 0.7037217905508547, "Cab3": 71.5996033959255, "Cw3": 0.039921985544281106, "xscale3": 0.5512922029691317, "yscale3": 0.5512922029691317, "zscale3": 0.5512922029691317, "Cab4": 37.757680099203014, "Cw4": 0.023167389785847075, "xscale4": 0.6925887304646654, "yscale4": 0.6925887304646654, "zscale4": 0.6925887304646654, "Cab5": 55.408022575098535, "Cw5": 0.04447472350799068, "xscale5": 0.8810897766985804, "yscale5": 0.8810897766985804, "zscale5": 0.8810897766985804, "Cab6": 83.89136178664126, "Cw6": 0.022461639720790585, "xscale6": 0.49809776051437366, "yscale6": 0.49809776051437366, "zscale6": 0.49809776051437366, "Cab7": 58.54906766841101, "Cw7": 0.03192807214820974, "xscale7": 0.531809765742771, "yscale7": 0.531809765742771, "zscale7": 0.531809765742771, "Cab8": 81.34283261888467, "Cw8": 0.01094527822387485, "xscale8": 0.5721732096046703, "yscale8": 0.5721732096046703, "zscale8": 0.5721732096046703, "Cab9": 42.43965142083925, "Cw9": 0.028620520758862907, "xscale9": 0.6165271551196138, "yscale9": 0.6165271551196138, "zscale9": 0.6165271551196138, "Cab10": 70.19531174681094, "Cw10": 0.04198584484318355, "xscale10": 0.4426431823171769, "yscale10": 0.4426431823171769, "zscale10": 0.4426431823171769, "Cab11": 66.56178833567819, "Cw11": 0.029067401972993477, "xscale11": 0.6585309913970581, "yscale11": 0.6585309913970581, "zscale11": 0.6585309913970581, "Cab12": 65.32266443266215, "Cw12": 0.035301069461736646, "xscale12": 0.6274559632797657, "yscale12": 0.6274559632797657, "zscale12": 0.6274559632797657, "Cab13": 52.75087668237459, "Cw13": 0.040079557501288575, "xscale13": 0.6705563600372348, "yscale13": 0.6705563600372348, "zscale13": 0.6705563600372348, "Cab14": 67.8600829729161, "Cw14": 0.04621556969810387, "xscale14": 0.6461014664524726, "yscale14": 0.6461014664524726, "zscale14": 0.6461014664524726, "Cab15": 36.84776092370714, "Cw15": 0.04558131998241347, "xscale15": 0.5003429676075339, "yscale15": 0.5003429676075339, "zscale15": 0.5003429676075339, "Cab16": 30.967740512583, "Cw16": 0.014601365939056237, "xscale16": 0.4791931639176667, "yscale16": 0.4791931639176667, "zscale16": 0.4791931639176667, "Cab17": 32.82732590486756, "Cw17": 0.024126734730950155, "xscale17": 0.5521569037179634, "yscale17": 0.5521569037179634, "zscale17": 0.5521569037179634, "Cab18": 72.95973286682172, "Cw18": 0.04771073218372023, "xscale18": 0.5250589675537991, "yscale18": 0.5250589675537991, "zscale18": 0.5250589675537991, "Cab19": 46.31898902514186, "Cw19": 0.03342986923083861, "xscale19": 0.472906636265082, "yscale19": 0.472906636265082, "zscale19": 0.472906636265082, "Cab20": 50.02780634218424, "Cw20": 0.021460542339341675, "xscale20": 0.5354060761303752, "yscale20": 0.5354060761303752, "zscale20": 0.5354060761303752, "Cab21": 47.21070425529151, "Cw21": 0.03653430265345981, "xscale21": 0.46828893668838717, "yscale21": 0.46828893668838717, "zscale21": 0.46828893668838717, "Cab22": 69.7500647324995, "Cw22": 0.029489510542812465, "xscale22": 0.46681125290636355, "yscale22": 0.46681125290636355, "zscale22": 0.46681125290636355, "Cab23": 41.16845436659949, "Cw23": 0.027045338278147653, "xscale23": 0.6100808881460726, "yscale23": 0.6100808881460726, "zscale23": 0.6100808881460726, "Cab24": 83.32246928173802, "Cw24": 0.042967583477934154, "xscale24": 0.605998626471962, "yscale24": 0.605998626471962, "zscale24": 0.605998626471962, "Cab25": 49.41496639967136, "Cw25": 0.042832811561494086, "xscale25": 0.6517099309357796, "yscale25": 0.6517099309357796, "zscale25": 0.6517099309357796, "Cab26": 48.96061185117648, "Cw26": 0.02757749702031314, "xscale26": 0.616776318448115, "yscale26": 0.616776318448115, "zscale26": 0.616776318448115, "Cab27": 30.97675025223809, "Cw27": 0.04837830089892647, "xscale27": 0.46648971724925903, "yscale27": 0.46648971724925903, "zscale27": 0.46648971724925903, "Cab28": 57.07054458867864, "Cw28": 0.022432306496521726, "xscale28": 0.38479049735360726, "yscale28": 0.38479049735360726, "zscale28": 0.38479049735360726, "Cab29": 79.63652781854196, "Cw29": 0.023402911213734025, "xscale29": 0.49572657690250543, "yscale29": 0.49572657690250543, "zscale29": 0.49572657690250543, "Cab30": 59.67374220352808, "Cw30": 0.03325581492123974, "xscale30": 0.3939087099617445, "yscale30": 0.3939087099617445, "zscale30": 0.3939087099617445, "Cab31": 30.052265727959814, "Cw31": 0.025763862859893058, "xscale31": 0.6094370767576605, "yscale31": 0.6094370767576605, "zscale31": 0.6094370767576605, "Cab32": 57.76639129272145, "Cw32": 0.04908230239223107, "xscale32": 0.4120349785446508, "yscale32": 0.4120349785446508, "zscale32": 0.4120349785446508, "Cab33": 88.4110257972034, "Cw33": 0.01971156369294543, "xscale33": 0.4973936105629739, "yscale33": 0.4973936105629739, "zscale33": 0.4973936105629739, "Cab34": 24.508085916076695, "Cw34": 0.04190050364473013, "xscale34": 0.5744219440977059, "yscale34": 0.5744219440977059, "zscale34": 0.5744219440977059, "Cab35": 20.747695286672172, "Cw35": 0.02444333404322222, "xscale35": 0.353758930065331, "yscale35": 0.353758930065331, "zscale35": 0.353758930065331, "Cab36": 45.702791139122525, "Cw36": 0.04126793531144187, "xscale36": 0.5440317207078613, "yscale36": 0.5440317207078613, "zscale36": 0.5440317207078613, "Cab37": 35.70800480391773, "Cw37": 0.017783381489565136, "xscale37": 0.38801630351650557, "yscale37": 0.38801630351650557, "zscale37": 0.38801630351650557, "Cab38": 75.6178941670724, "Cw38": 0.013986338641429046, "xscale38": 0.5623560248442033, "yscale38": 0.5623560248442033, "zscale38": 0.5623560248442033, "Cab39": 36.18040850956979, "Cw39": 0.025811834719392447, "xscale39": 0.48723335645958776, "yscale39": 0.48723335645958776, "zscale39": 0.48723335645958776, "Cab40": 52.87189067112999, "Cw40": 0.015006729387106451, "xscale40": 0.4751364803047316, "yscale40": 0.4751364803047316, "zscale40": 0.4751364803047316, "Cab41": 59.698258357387935, "Cw41": 0.024438341685405728, "xscale41": 0.5028695873676327, "yscale41": 0.5028695873676327, "zscale41": 0.5028695873676327, "Cab42": 29.89022519360797, "Cw42": 0.047950379973976824, "xscale42": 0.6176906187808102, "yscale42": 0.6176906187808102, "zscale42": 0.6176906187808102, "Cab43": 58.41067509075995, "Cw43": 0.03138955647230003, "xscale43": 0.6849898129710519, "yscale43": 0.6849898129710519, "zscale43": 0.6849898129710519, "Cab44": 40.36516176421482, "Cw44": 0.04766844766374085, "xscale44": 0.3661148726862462, "yscale44": 0.3661148726862462, "zscale44": 0.3661148726862462, "Cab45": 58.72369218667145, "Cw45": 0.011715863053012403, "xscale45": 0.3757662023310081, "yscale45": 0.3757662023310081, "zscale45": 0.3757662023310081, "Cab46": 57.2732104486433, "Cw46": 0.03409464594713665, "xscale46": 0.49145402887441847, "yscale46": 0.49145402887441847, "zscale46": 0.49145402887441847, "Cab47": 42.48982428944183, "Cw47": 0.04421025683738625, "xscale47": 0.5650508625055289, "yscale47": 0.5650508625055289, "zscale47": 0.5650508625055289, "Cab48": 44.7595918701511, "Cw48": 0.04475008010799427, "xscale48": 0.7174330553427674, "yscale48": 0.7174330553427674, "zscale48": 0.7174330553427674, "Cab49": 84.41133725115502, "Cw49": 0.031204048553967134, "xscale49": 0.46520090654861485, "yscale49": 0.46520090654861485, "zscale49": 0.46520090654861485, "Cab50": 36.05370437245002, "Cw50": 0.024325121666502802, "xscale50": 0.6249986001271799, "yscale50": 0.6249986001271799, "zscale50": 0.6249986001271799, "Cab51": 24.314406934346486, "Cw51": 0.041242120453095055, "xscale51": 0.7178331692520555, "yscale51": 0.7178331692520555, "zscale51": 0.7178331692520555, "Cab52": 87.04860706393458,