{"Cab0": 26.379219672964176, "Cw0": 0.013428079595499574, "xscale0": 0.8010214500068891, "yscale0": 0.8010214500068891, "zscale0": 0.8010214500068891, "Cab1": 49.37903622921486, "Cw1": 0.03544450694104086, "xscale1": 0.6311554118419535, "yscale1": 0.6311554118419535, "zscale1": 0.6311554118419535, "Cab2": 30.618561894824488, "Cw2": 0.014760536022916422, "xscale2": 0.5250109452421547, "yscale2": 0.5250109452421547, "zscale2": 0.5250109452421547, "Cab3": 75.38126300084605, "Cw3": 0.015702757767680126, "xscale3": 0.404699911447789, "yscale3": 0.404699911447789, "zscale3": 0.404699911447789, "Cab4": 66.78358099429958, "Cw4": 0.031185576128450986, "xscale4": 0.7025879689241071, "yscale4": 0.7025879689241071, "zscale4": 0.7025879689241071, "Cab5": 23.300491882039324, "Cw5": 0.014956978696396055, "xscale5": 0.7193902640849936, "yscale5": 0.7193902640849936, "zscale5": 0.7193902640849936, "Cab6": 41.86818933916207, "Cw6": 0.024154089609906546, "xscale6": 0.44908259374676973, "yscale6": 0.44908259374676973, "zscale6": 0.44908259374676973, "Cab7": 44.391298756500596, "Cw7": 0.0461097128522867, "xscale7": 0.5431531143749062, "yscale7": 0.5431531143749062, "zscale7": 0.5431531143749062, "Cab8": 22.537553322274942, "Cw8": 0.013712085164856384, "xscale8": 0.5173988860703309, "yscale8": 0.5173988860703309, "zscale8": 0.5173988860703309, "Cab9": 54.61329184895583, "Cw9": 0.04677745794419623, "xscale9": 0.6590246768270184, "yscale9": 0.6590246768270184, "zscale9": 0.6590246768270184, "Cab10": 82.88970366323392, "Cw10": 0.03547040736947389, "xscale10": 0.5394944442277777, "yscale10": 0.5394944442277777, "zscale10": 0.5394944442277777, "Cab11": 85.94526036362575, "Cw11": 0.024185096217700472, "xscale11": 0.7449930265039344, "yscale11": 0.7449930265039344, "zscale11": 0.7449930265039344, "Cab12": 53.334598913642346, "Cw12": 0.022839487453239934, "xscale12": 0.5015827259033577, "yscale12": 0.5015827259033577, "zscale12": 0.5015827259033577, "Cab13": 49.12315199913305, "Cw13": 0.012157089849259627, "xscale13": 0.6631422423200984, "yscale13": 0.6631422423200984, "zscale13": 0.6631422423200984, "Cab14": 67.92914759107029, "Cw14": 0.013382315547274577, "xscale14": 0.6131066121828296, "yscale14": 0.6131066121828296, "zscale14": 0.6131066121828296, "Cab15": 62.61724830477776, "Cw15": 0.011333350461610029, "xscale15": 0.526920411602696, "yscale15": 0.526920411602696, "zscale15": 0.526920411602696, "Cab16": 36.315323274844246, "Cw16": 0.04352960640774684, "xscale16": 0.5139459250275664, "yscale16": 0.5139459250275664, "zscale16": 0.5139459250275664, "Cab17": 21.405733349474126, "Cw17": 0.023241374966973122, "xscale17": 0.474857742541722, "yscale17": 0.474857742541722, "zscale17": 0.474857742541722, "Cab18": 45.60490825123397, "Cw18": 0.021684027258185433, "xscale18": 0.5869486810475343, "yscale18": 0.5869486810475343, "zscale18": 0.5869486810475343, "Cab19": 24.41100814261114, "Cw19": 0.04878847580874903, "xscale19": 0.4649753310178554, "yscale19": 0.4649753310178554, "zscale19": 0.4649753310178554, "Cab20": 62.65888998325607, "Cw20": 0.042406257760651274, "xscale20": 0.6394722930262571, "yscale20": 0.6394722930262571, "zscale20": 0.6394722930262571, "Cab21": 72.24834430802609, "Cw21": 0.019438097002579688, "xscale21": 0.5377322784373527, "yscale21": 0.5377322784373527, "zscale21": 0.5377322784373527, "Cab22": 83.24619985083838, "Cw22": 0.030147078199725993, "xscale22": 0.5100031251116884, "yscale22": 0.5100031251116884, "zscale22": 0.5100031251116884, "Cab23": 73.96054652570743, "Cw23": 0.02621932227116599, "xscale23": 0.7428398311782741, "yscale23": 0.7428398311782741, "zscale23": 0.7428398311782741, "Cab24": 25.20844234852865, "Cw24": 0.04857631546064505, "xscale24": 0.49421941878581155, "yscale24": 0.49421941878581155, "zscale24": 0.49421941878581155, "Cab25": 50.66545383093981, "Cw25": 0.01435610616726906, "xscale25": 0.5674511012701052, "yscale25": 0.5674511012701052, "zscale25": 0.5674511012701052, "Cab26": 22.622618892804667, "Cw26": 0.020607472699494252, "xscale26": 0.6891146218645176, "yscale26": 0.6891146218645176, "zscale26": 0.6891146218645176, "Cab27": 72.5024243552455, "Cw27": 0.030218607358928874, "xscale27": 0.3694461013792836, "yscale27": 0.3694461013792836, "zscale27": 0.3694461013792836, "Cab28": 21.576337583722598, "Cw28": 0.01296112229243907, "xscale28": 0.388335593811345, "yscale28": 0.388335593811345, "zscale28": 0.388335593811345, "Cab29": 76.9990554636675, "Cw29": 0.04417680106668931, "xscale29": 0.5934581521456874, "yscale29": 0.5934581521456874, "zscale29": 0.5934581521456874, "Cab30": 30.057683031795086, "Cw30": 0.037845927133484475, "xscale30": 0.3633241364359659, "yscale30": 0.3633241364359659, "zscale30": 0.3633241364359659, "Cab31": 86.2516369893629, "Cw31": 0.014899330381411984, "xscale31": 0.575932955263277, "yscale31": 0.575932955263277, "zscale31": 0.575932955263277, "Cab32": 30.339744275561507, "Cw32": 0.02052129825609266, "xscale32": 0.46164725837299614, "yscale32": 0.46164725837299614, "zscale32": 0.46164725837299614, "Cab33": 45.74970029084287, "Cw33": 0.024490006803303703, "xscale33": 0.5184836785675889, "yscale33": 0.5184836785675889, "zscale33": 0.5184836785675889, "Cab34": 53.56973160743296, "Cw34": 0.018264921655468898, "xscale34": 0.5614254543524441, "yscale34": 0.5614254543524441, "zscale34": 0.5614254543524441, "Cab35": 41.36960475836611, "Cw35": 0.041656307660105, "xscale35": 0.33824578626207136, "yscale35": 0.33824578626207136, "zscale35": 0.33824578626207136, "Cab36": 74.27703384027801, "Cw36": 0.04536578041103818, "xscale36": 0.5510644933463281, "yscale36": 0.5510644933463281, "zscale36": 0.5510644933463281, "Cab37": 84.25588140227372, "Cw37": 0.043775055050726264, "xscale37": 0.45395931984686516, "yscale37": 0.45395931984686516, "zscale37": 0.45395931984686516, "Cab38": 85.87065291409947, "Cw38": 0.04591471200152184, "xscale38": 0.39777082097510863, "yscale38": 0.39777082097510863, "zscale38": 0.39777082097510863, "Cab39": 46.50380233686676, "Cw39": 0.035814665329419064, "xscale39": 0.6326677112717983, "yscale39": 0.6326677112717983, "zscale39": 0.6326677112717983, "Cab40": 50.97498281008788, "Cw40": 0.04552330401684958, "xscale40": 0.5276075784790154, "yscale40": 0.5276075784790154, "zscale40": 0.5276075784790154, "Cab41": 85.25674075027733, "Cw41": 0.0350626760503051, "xscale41": 0.5162912290850169, "yscale41": 0.5162912290850169, "zscale41": 0.5162912290850169, "Cab42": 79.73295221954476, "Cw42": 0.019518079829110704, "xscale42": 0.5242001841444894, "yscale42": 0.5242001841444894, "zscale42": 0.5242001841444894, "Cab43": 52.85541347661336, "Cw43": 0.04419448104562263, "xscale43": 0.7313361749126049, "yscale43": 0.7313361749126049, "zscale43": 0.7313361749126049, "Cab44": 58.477206040126546, "Cw44": 0.04884683520062642, "xscale44": 0.4215021919475073, "yscale44": 0.4215021919475073, "zscale44": 0.4215021919475073, "Cab45": 89.17488204683421, "Cw45": 0.048633405941495844, "xscale45": 0.29730153803973625, "yscale45": 0.29730153803973625, "zscale45": 0.29730153803973625, "Cab46": 66.47528484042331, "Cw46": 0.023004038008614548, "xscale46": 0.45223650721723635, "yscale46": 0.45223650721723635, "zscale46": 0.45223650721723635, "Cab47": 49.71492039273196, "Cw47": 0.04389938020459783, "xscale47": 0.47412022697833317, "yscale47": 0.47412022697833317, "zscale47": 0.47412022697833317, "Cab48": 36.705283573765804, "Cw48": 0.01883628252429494, "xscale48": 0.6967217899935376, "yscale48": 0.6967217899935376, "zscale48": 0.6967217899935376, "Cab49": 37.017745696518645, "Cw49": 0.032935463835057785, "xscale49": 0.41014348485544205, "yscale49": 0.41014348485544205, "zscale49": 0.41014348485544205, "Cab50": 68.00877993242099, "Cw50": 0.01276992092590545, "xscale50": 0.5900899842278335, "yscale50": 0.5900899842278335, "zscale50": 0.5900899842278335, "Cab51": 60.36121755024485, "Cw51": 0.029297830450125274, "xscale51": 0.6100370611634653, "yscale51": 0.6100370611634653, "zscale51": 0.6100370611634653, "Cab52": 85.26284695078805,