{"Cab0": 51.66509733160258, "Cw0": 0.035918547067321435, "xscale0": 0.6802562125061767, "yscale0": 0.6802562125061767, "zscale0": 0.6802562125061767, "Cab1": 60.45446414269051, "Cw1": 0.04681266958383067, "xscale1": 0.545648948440078, "yscale1": 0.545648948440078, "zscale1": 0.545648948440078, "Cab2": 52.99503412926918, "Cw2": 0.015085512089148562, "xscale2": 0.6698284879047022, "yscale2": 0.6698284879047022, "zscale2": 0.6698284879047022, "Cab3": 40.50867781667336, "Cw3": 0.045109959456191825, "xscale3": 0.4721567494772917, "yscale3": 0.4721567494772917, "zscale3": 0.4721567494772917, "Cab4": 56.145515524844996, "Cw4": 0.016315924990365046, "xscale4": 0.6935472701408469, "yscale4": 0.6935472701408469, "zscale4": 0.6935472701408469, "Cab5": 25.35586257912766, "Cw5": 0.024108787251784204, "xscale5": 0.7851130747671143, "yscale5": 0.7851130747671143, "zscale5": 0.7851130747671143, "Cab6": 75.50292646665817, "Cw6": 0.020858442844589802, "xscale6": 0.6062526631345044, "yscale6": 0.6062526631345044, "zscale6": 0.6062526631345044, "Cab7": 39.42895713369333, "Cw7": 0.027233896957588967, "xscale7": 0.5140527415971596, "yscale7": 0.5140527415971596, "zscale7": 0.5140527415971596, "Cab8": 62.78007574874693, "Cw8": 0.025360111104395185, "xscale8": 0.6407575703357041, "yscale8": 0.6407575703357041, "zscale8": 0.6407575703357041, "Cab9": 23.294722188660604, "Cw9": 0.04278894115829173, "xscale9": 0.6798730701771305, "yscale9": 0.6798730701771305, "zscale9": 0.6798730701771305, "Cab10": 20.703366683472957, "Cw10": 0.02015735304527409, "xscale10": 0.48134506785332637, "yscale10": 0.48134506785332637, "zscale10": 0.48134506785332637, "Cab11": 81.44348608077101, "Cw11": 0.013929892076481539, "xscale11": 0.7078945641964578, "yscale11": 0.7078945641964578, "zscale11": 0.7078945641964578, "Cab12": 86.04103755482743, "Cw12": 0.03172956619015031, "xscale12": 0.6085906643132998, "yscale12": 0.6085906643132998, "zscale12": 0.6085906643132998, "Cab13": 47.519538182659474, "Cw13": 0.025262021370602523, "xscale13": 0.6563006509548421, "yscale13": 0.6563006509548421, "zscale13": 0.6563006509548421, "Cab14": 51.16221086128233, "Cw14": 0.01063019638724724, "xscale14": 0.5837603135009231, "yscale14": 0.5837603135009231, "zscale14": 0.5837603135009231, "Cab15": 82.65048717675096, "Cw15": 0.046120194474120066, "xscale15": 0.6173294433619722, "yscale15": 0.6173294433619722, "zscale15": 0.6173294433619722, "Cab16": 22.807172084146995, "Cw16": 0.033638677943464784, "xscale16": 0.676636926659864, "yscale16": 0.676636926659864, "zscale16": 0.676636926659864, "Cab17": 78.90537470782286, "Cw17": 0.04664612655072101, "xscale17": 0.6366224000924599, "yscale17": 0.6366224000924599, "zscale17": 0.6366224000924599, "Cab18": 28.813436557707604, "Cw18": 0.0435895621868601, "xscale18": 0.7546976761421288, "yscale18": 0.7546976761421288, "zscale18": 0.7546976761421288, "Cab19": 76.25695233029535, "Cw19": 0.030725784891447276, "xscale19": 0.6526338024970401, "yscale19": 0.6526338024970401, "zscale19": 0.6526338024970401, "Cab20": 34.14483192795583, "Cw20": 0.021227532141969405, "xscale20": 0.5133169625979428, "yscale20": 0.5133169625979428, "zscale20": 0.5133169625979428, "Cab21": 43.88053330556915, "Cw21": 0.036574558909717954, "xscale21": 0.5805018533491787, "yscale21": 0.5805018533491787, "zscale21": 0.5805018533491787, "Cab22": 27.808814263761487, "Cw22": 0.044287805019767236, "xscale22": 0.48915846503966576, "yscale22": 0.48915846503966576, "zscale22": 0.48915846503966576, "Cab23": 69.03698511685717, "Cw23": 0.02777610932867848, "xscale23": 0.6105523092168306, "yscale23": 0.6105523092168306, "zscale23": 0.6105523092168306, "Cab24": 48.8273793480111, "Cw24": 0.04833172092063723, "xscale24": 0.5111206358493173, "yscale24": 0.5111206358493173, "zscale24": 0.5111206358493173, "Cab25": 36.815514975642934, "Cw25": 0.044616300198257235, "xscale25": 0.591222587741806, "yscale25": 0.591222587741806, "zscale25": 0.591222587741806, "Cab26": 81.48827999798587, "Cw26": 0.03722667806666308, "xscale26": 0.5824840414260941, "yscale26": 0.5824840414260941, "zscale26": 0.5824840414260941, "Cab27": 66.8562633328878, "Cw27": 0.03189819861962276, "xscale27": 0.5122117177570671, "yscale27": 0.5122117177570671, "zscale27": 0.5122117177570671, "Cab28": 24.82500730781032, "Cw28": 0.03630058273828243, "xscale28": 0.4440950510324556, "yscale28": 0.4440950510324556, "zscale28": 0.4440950510324556, "Cab29": 30.127312275831272, "Cw29": 0.032458704114762225, "xscale29": 0.6580894221625886, "yscale29": 0.6580894221625886, "zscale29": 0.6580894221625886, "Cab30": 33.250983975174734, "Cw30": 0.017378639461741247, "xscale30": 0.33983601874300096, "yscale30": 0.33983601874300096, "zscale30": 0.33983601874300096, "Cab31": 78.05915821275752, "Cw31": 0.023330134847835818, "xscale31": 0.5431688937970945, "yscale31": 0.5431688937970945, "zscale31": 0.5431688937970945, "Cab32": 61.03091946794924, "Cw32": 0.0281867632943558, "xscale32": 0.5349743450478386, "yscale32": 0.5349743450478386, "zscale32": 0.5349743450478386, "Cab33": 26.236796519930355, "Cw33": 0.03550872607174058, "xscale33": 0.4614151764095924, "yscale33": 0.4614151764095924, "zscale33": 0.4614151764095924, "Cab34": 86.78302224095185, "Cw34": 0.024928953970494418, "xscale34": 0.5049836293990148, "yscale34": 0.5049836293990148, "zscale34": 0.5049836293990148, "Cab35": 63.61904592752292, "Cw35": 0.016039811318458434, "xscale35": 0.3452859889800441, "yscale35": 0.3452859889800441, "zscale35": 0.3452859889800441, "Cab36": 23.90446929049291, "Cw36": 0.03983969189608136, "xscale36": 0.6415727741810593, "yscale36": 0.6415727741810593, "zscale36": 0.6415727741810593, "Cab37": 53.087803928010814, "Cw37": 0.02149217663761291, "xscale37": 0.3760899604507886, "yscale37": 0.3760899604507886, "zscale37": 0.3760899604507886, "Cab38": 48.355683571213184, "Cw38": 0.04554593287408684, "xscale38": 0.4319783868774894, "yscale38": 0.4319783868774894, "zscale38": 0.4319783868774894, "Cab39": 21.39347488877829, "Cw39": 0.04076139232623607, "xscale39": 0.5551542423415743, "yscale39": 0.5551542423415743, "zscale39": 0.5551542423415743, "Cab40": 52.881969128628654, "Cw40": 0.011245434637269494, "xscale40": 0.49804863769401997, "yscale40": 0.49804863769401997, "zscale40": 0.49804863769401997, "Cab41": 24.062739505701135, "Cw41": 0.035995367317550944, "xscale41": 0.6586901865838843, "yscale41": 0.6586901865838843, "zscale41": 0.6586901865838843, "Cab42": 73.8130992132075, "Cw42": 0.017610285969896035, "xscale42": 0.6137080289444737, "yscale42": 0.6137080289444737, "zscale42": 0.6137080289444737, "Cab43": 60.062381110521265, "Cw43": 0.028688414713160755, "xscale43": 0.687802433512543, "yscale43": 0.687802433512543, "zscale43": 0.687802433512543, "Cab44": 88.76186888082816, "Cw44": 0.025523458689898706, "xscale44": 0.367765368560585, "yscale44": 0.367765368560585, "zscale44": 0.367765368560585, "Cab45": 48.30432289960643, "Cw45": 0.04999077638316625, "xscale45": 0.3384645709285903, "yscale45": 0.3384645709285903, "zscale45": 0.3384645709285903, "Cab46": 72.20102009867149, "Cw46": 0.02696393189871745, "xscale46": 0.488936268371417, "yscale46": 0.488936268371417, "zscale46": 0.488936268371417, "Cab47": 78.95620010679028, "Cw47": 0.03136262610047512, "xscale47": 0.5253510123847526, "yscale47": 0.5253510123847526, "zscale47": 0.5253510123847526, "Cab48": 20.574245936704482, "Cw48": 0.0493723072242639, "xscale48": 0.584519769926001, "yscale48": 0.584519769926001, "zscale48": 0.584519769926001, "Cab49": 27.633003054985515, "Cw49": 0.038550300628733, "xscale49": 0.5204371766131369, "yscale49": 0.5204371766131369, "zscale49": 0.5204371766131369, "Cab50": 60.7818020236915, "Cw50": 0.035663657096038075, "xscale50": 0.7878978376333957, "yscale50": 0.7878978376333957, "zscale50": 0.7878978376333957, "Cab51": 23.057864036899602, "Cw51": 0.025967906157731827, "xscale51": 0.6819274998998825, "yscale51": 0.6819274998998825, "zscale51": 0.6819274998998825, "Cab52": 75.77006443817945, "Cw52": 0.010825230605472132,