{"Cab0": 46.50461572849785, "Cw0": 0.04540599162324461, "xscale0": 0.6622354471436345, "yscale0": 0.6622354471436345, "zscale0": 0.6622354471436345, "Cab1": 55.62520847818404, "Cw1": 0.01867467412400078, "xscale1": 0.6662933579665408, "yscale1": 0.6662933579665408, "zscale1": 0.6662933579665408, "Cab2": 72.37372826395145, "Cw2": 0.02507121851580533, "xscale2": 0.5486344127438859, "yscale2": 0.5486344127438859, "zscale2": 0.5486344127438859, "Cab3": 50.696814802181166, "Cw3": 0.03332099804718791, "xscale3": 0.5778653539168519, "yscale3": 0.5778653539168519, "zscale3": 0.5778653539168519, "Cab4": 22.81947219914025, "Cw4": 0.03022140152378696, "xscale4": 0.6654196737520676, "yscale4": 0.6654196737520676, "zscale4": 0.6654196737520676, "Cab5": 21.169858668912113, "Cw5": 0.018612188372731056, "xscale5": 0.8789478914271012, "yscale5": 0.8789478914271012, "zscale5": 0.8789478914271012, "Cab6": 77.57774222545449, "Cw6": 0.04881426855315566, "xscale6": 0.5737195743735216, "yscale6": 0.5737195743735216, "zscale6": 0.5737195743735216, "Cab7": 66.59563656613531, "Cw7": 0.02651086514123202, "xscale7": 0.47692039118652224, "yscale7": 0.47692039118652224, "zscale7": 0.47692039118652224, "Cab8": 74.03798720576862, "Cw8": 0.028398787631278538, "xscale8": 0.5340089871519581, "yscale8": 0.5340089871519581, "zscale8": 0.5340089871519581, "Cab9": 50.92108539853877, "Cw9": 0.01841970858461074, "xscale9": 0.6990110260308515, "yscale9": 0.6990110260308515, "zscale9": 0.6990110260308515, "Cab10": 66.7409220085153, "Cw10": 0.01848142584752516, "xscale10": 0.5577700591646112, "yscale10": 0.5577700591646112, "zscale10": 0.5577700591646112, "Cab11": 47.12271000436185, "Cw11": 0.019340317056277635, "xscale11": 0.6036618600791223, "yscale11": 0.6036618600791223, "zscale11": 0.6036618600791223, "Cab12": 71.13423093634123, "Cw12": 0.048867777943634956, "xscale12": 0.6000129868123905, "yscale12": 0.6000129868123905, "zscale12": 0.6000129868123905, "Cab13": 66.68958659276521, "Cw13": 0.01616846450581728, "xscale13": 0.7165080104436069, "yscale13": 0.7165080104436069, "zscale13": 0.7165080104436069, "Cab14": 82.47957111770768, "Cw14": 0.049712807334885444, "xscale14": 0.5519862424600527, "yscale14": 0.5519862424600527, "zscale14": 0.5519862424600527, "Cab15": 45.586909491630266, "Cw15": 0.04542702697531265, "xscale15": 0.6816214660314248, "yscale15": 0.6816214660314248, "zscale15": 0.6816214660314248, "Cab16": 76.36021477465869, "Cw16": 0.01735171380767678, "xscale16": 0.5066749494990713, "yscale16": 0.5066749494990713, "zscale16": 0.5066749494990713, "Cab17": 79.50783061464273, "Cw17": 0.04004331874537517, "xscale17": 0.6378965293699919, "yscale17": 0.6378965293699919, "zscale17": 0.6378965293699919, "Cab18": 77.9053276695337, "Cw18": 0.018313135092233125, "xscale18": 0.6761617901131344, "yscale18": 0.6761617901131344, "zscale18": 0.6761617901131344, "Cab19": 45.235878480994856, "Cw19": 0.012326536247710412, "xscale19": 0.45838882585551277, "yscale19": 0.45838882585551277, "zscale19": 0.45838882585551277, "Cab20": 62.50712386775966, "Cw20": 0.010617330748681795, "xscale20": 0.5840013535378149, "yscale20": 0.5840013535378149, "zscale20": 0.5840013535378149, "Cab21": 58.80591957597123, "Cw21": 0.024261820250614338, "xscale21": 0.47799289066998824, "yscale21": 0.47799289066998824, "zscale21": 0.47799289066998824, "Cab22": 45.49751741672847, "Cw22": 0.0345009857107581, "xscale22": 0.5397055343163365, "yscale22": 0.5397055343163365, "zscale22": 0.5397055343163365, "Cab23": 28.642701960395883, "Cw23": 0.03662268331149391, "xscale23": 0.6619542110105243, "yscale23": 0.6619542110105243, "zscale23": 0.6619542110105243, "Cab24": 76.28504390034149, "Cw24": 0.04900599424195148, "xscale24": 0.5339212132584508, "yscale24": 0.5339212132584508, "zscale24": 0.5339212132584508, "Cab25": 82.3088947940025, "Cw25": 0.02775015002397524, "xscale25": 0.5208783700700643, "yscale25": 0.5208783700700643, "zscale25": 0.5208783700700643, "Cab26": 40.246506587967104, "Cw26": 0.03062421994621692, "xscale26": 0.7016287090010975, "yscale26": 0.7016287090010975, "zscale26": 0.7016287090010975, "Cab27": 37.92296633917778, "Cw27": 0.01953443608631493, "xscale27": 0.4127890889006487, "yscale27": 0.4127890889006487, "zscale27": 0.4127890889006487, "Cab28": 32.96858736664601, "Cw28": 0.0231969353942472, "xscale28": 0.49172605399975, "yscale28": 0.49172605399975, "zscale28": 0.49172605399975, "Cab29": 43.17714139557882, "Cw29": 0.013729635362213385, "xscale29": 0.5879422936331, "yscale29": 0.5879422936331, "zscale29": 0.5879422936331, "Cab30": 88.2952833041612, "Cw30": 0.03442880956583211, "xscale30": 0.4213039524314232, "yscale30": 0.4213039524314232, "zscale30": 0.4213039524314232, "Cab31": 41.192751186515565, "Cw31": 0.01941357136917863, "xscale31": 0.692196776546157, "yscale31": 0.692196776546157, "zscale31": 0.692196776546157, "Cab32": 85.34460224642179, "Cw32": 0.03410183554616167, "xscale32": 0.46878302436181163, "yscale32": 0.46878302436181163, "zscale32": 0.46878302436181163, "Cab33": 69.64131561265927, "Cw33": 0.04246360142684509, "xscale33": 0.5509098967967416, "yscale33": 0.5509098967967416, "zscale33": 0.5509098967967416, "Cab34": 20.768138068280347, "Cw34": 0.017123635645335436, "xscale34": 0.5646462739403311, "yscale34": 0.5646462739403311, "zscale34": 0.5646462739403311, "Cab35": 45.565497931441826, "Cw35": 0.03535551518900284, "xscale35": 0.3548943356072984, "yscale35": 0.3548943356072984, "zscale35": 0.3548943356072984, "Cab36": 69.40087295850438, "Cw36": 0.044705045216101726, "xscale36": 0.6766040412987514, "yscale36": 0.6766040412987514, "zscale36": 0.6766040412987514, "Cab37": 33.35997178321293, "Cw37": 0.032816906260819886, "xscale37": 0.4558178349374077, "yscale37": 0.4558178349374077, "zscale37": 0.4558178349374077, "Cab38": 60.45541989736092, "Cw38": 0.04345532184151144, "xscale38": 0.40560649593424625, "yscale38": 0.40560649593424625, "zscale38": 0.40560649593424625, "Cab39": 42.83321693653944, "Cw39": 0.03549706885141174, "xscale39": 0.7138353776482872, "yscale39": 0.7138353776482872, "zscale39": 0.7138353776482872, "Cab40": 45.45423013485212, "Cw40": 0.03184693696177005, "xscale40": 0.5369498311077895, "yscale40": 0.5369498311077895, "zscale40": 0.5369498311077895, "Cab41": 88.85195276407524, "Cw41": 0.017347275380955048, "xscale41": 0.6040283157826304, "yscale41": 0.6040283157826304, "zscale41": 0.6040283157826304, "Cab42": 51.23664366080602, "Cw42": 0.04318512600375345, "xscale42": 0.46531319204410737, "yscale42": 0.46531319204410737, "zscale42": 0.46531319204410737, "Cab43": 63.9829768267794, "Cw43": 0.041630212173495364, "xscale43": 0.5581153929746349, "yscale43": 0.5581153929746349, "zscale43": 0.5581153929746349, "Cab44": 44.057980397778294, "Cw44": 0.02189610365205199, "xscale44": 0.5192091298553194, "yscale44": 0.5192091298553194, "zscale44": 0.5192091298553194, "Cab45": 44.31966080416633, "Cw45": 0.038572563454661576, "xscale45": 0.3889381202659625, "yscale45": 0.3889381202659625, "zscale45": 0.3889381202659625, "Cab46": 73.12238660825875, "Cw46": 0.026123395591760905, "xscale46": 0.3757114985512037, "yscale46": 0.3757114985512037, "zscale46": 0.3757114985512037, "Cab47": 73.999652403572, "Cw47": 0.013558796742958141, "xscale47": 0.5032000363443686, "yscale47": 0.5032000363443686, "zscale47": 0.5032000363443686, "Cab48": 45.30863302345814, "Cw48": 0.013905055232231072, "xscale48": 0.5702607974143871, "yscale48": 0.5702607974143871, "zscale48": 0.5702607974143871, "Cab49": 37.95765957639273, "Cw49": 0.019458446936423367, "xscale49": 0.5337367578593707, "yscale49": 0.5337367578593707, "zscale49": 0.5337367578593707, "Cab50": 35.98115558536661, "Cw50": 0.023517765266754278, "xscale50": 0.5735196702683413, "yscale50": 0.5735196702683413, "zscale50": 0.5735196702683413, "Cab51": 33.27787070910526, "Cw51": 0.04317415492490896, "xscale51": 0.715587466829628, "yscale51": 0.715587466829628, "zscale51": 0.715587466829628, "Cab52": 37.12821752397298, "Cw52": 0.012224163950874858,