{"Cab0": 48.63346845382256, "Cw0": 0.02238290888798815, "xscale0": 0.8064050598696006, "yscale0": 0.8064050598696006, "zscale0": 0.8064050598696006, "Cab1": 62.01361589914947, "Cw1": 0.034918475711580174, "xscale1": 0.6774411055071727, "yscale1": 0.6774411055071727, "zscale1": 0.6774411055071727, "Cab2": 74.59073704682974, "Cw2": 0.029059820261522283, "xscale2": 0.5227928426526848, "yscale2": 0.5227928426526848, "zscale2": 0.5227928426526848, "Cab3": 63.49179999522412, "Cw3": 0.03564709483948759, "xscale3": 0.4154245937362581, "yscale3": 0.4154245937362581, "zscale3": 0.4154245937362581, "Cab4": 74.72471552179269, "Cw4": 0.03503755564013516, "xscale4": 0.7077481342018942, "yscale4": 0.7077481342018942, "zscale4": 0.7077481342018942, "Cab5": 58.0415161494424, "Cw5": 0.025500966234352336, "xscale5": 0.8147971811023246, "yscale5": 0.8147971811023246, "zscale5": 0.8147971811023246, "Cab6": 55.55658193599612, "Cw6": 0.014403583271243185, "xscale6": 0.6361894583118282, "yscale6": 0.6361894583118282, "zscale6": 0.6361894583118282, "Cab7": 37.402945833323514, "Cw7": 0.040513702290739806, "xscale7": 0.46520817407519544, "yscale7": 0.46520817407519544, "zscale7": 0.46520817407519544, "Cab8": 84.13363961930399, "Cw8": 0.0438614325315936, "xscale8": 0.6072472896551083, "yscale8": 0.6072472896551083, "zscale8": 0.6072472896551083, "Cab9": 26.690224739049288, "Cw9": 0.039175254276846636, "xscale9": 0.6928971081386762, "yscale9": 0.6928971081386762, "zscale9": 0.6928971081386762, "Cab10": 56.18920911275872, "Cw10": 0.025425410563826738, "xscale10": 0.40788342811549433, "yscale10": 0.40788342811549433, "zscale10": 0.40788342811549433, "Cab11": 80.91178852361375, "Cw11": 0.02584201789661455, "xscale11": 0.6126758103477915, "yscale11": 0.6126758103477915, "zscale11": 0.6126758103477915, "Cab12": 78.57918426129606, "Cw12": 0.018988777789637937, "xscale12": 0.47064286669216854, "yscale12": 0.47064286669216854, "zscale12": 0.47064286669216854, "Cab13": 61.37076372843998, "Cw13": 0.021714470822366643, "xscale13": 0.5064700337658273, "yscale13": 0.5064700337658273, "zscale13": 0.5064700337658273, "Cab14": 55.7360929994067, "Cw14": 0.04611882103818686, "xscale14": 0.4820117151607017, "yscale14": 0.4820117151607017, "zscale14": 0.4820117151607017, "Cab15": 40.333077793654496, "Cw15": 0.023454473430671956, "xscale15": 0.6652377682389801, "yscale15": 0.6652377682389801, "zscale15": 0.6652377682389801, "Cab16": 71.13347661962922, "Cw16": 0.042962896674158216, "xscale16": 0.5806420970654627, "yscale16": 0.5806420970654627, "zscale16": 0.5806420970654627, "Cab17": 89.95722947034498, "Cw17": 0.024874447014944942, "xscale17": 0.5415631432821045, "yscale17": 0.5415631432821045, "zscale17": 0.5415631432821045, "Cab18": 21.072793397406596, "Cw18": 0.04511572351918014, "xscale18": 0.6953254300700061, "yscale18": 0.6953254300700061, "zscale18": 0.6953254300700061, "Cab19": 67.25278162152576, "Cw19": 0.047146354291746295, "xscale19": 0.48586354465396697, "yscale19": 0.48586354465396697, "zscale19": 0.48586354465396697, "Cab20": 30.654943129164327, "Cw20": 0.04659131946026802, "xscale20": 0.7285441144758419, "yscale20": 0.7285441144758419, "zscale20": 0.7285441144758419, "Cab21": 70.18090226659493, "Cw21": 0.030327586905814836, "xscale21": 0.5503517658760102, "yscale21": 0.5503517658760102, "zscale21": 0.5503517658760102, "Cab22": 58.256331749615825, "Cw22": 0.04409886872513625, "xscale22": 0.43893457101728495, "yscale22": 0.43893457101728495, "zscale22": 0.43893457101728495, "Cab23": 77.21958853270226, "Cw23": 0.015420349508641129, "xscale23": 0.5984923414827689, "yscale23": 0.5984923414827689, "zscale23": 0.5984923414827689, "Cab24": 82.69459528000053, "Cw24": 0.019993344833288997, "xscale24": 0.5711611211603782, "yscale24": 0.5711611211603782, "zscale24": 0.5711611211603782, "Cab25": 28.448547614587213, "Cw25": 0.02507131602681442, "xscale25": 0.7005656393908974, "yscale25": 0.7005656393908974, "zscale25": 0.7005656393908974, "Cab26": 74.89363630459694, "Cw26": 0.03154957637995962, "xscale26": 0.6400473689077112, "yscale26": 0.6400473689077112, "zscale26": 0.6400473689077112, "Cab27": 46.38396381232823, "Cw27": 0.017100056393826335, "xscale27": 0.38263024570934, "yscale27": 0.38263024570934, "zscale27": 0.38263024570934, "Cab28": 25.145121987930843, "Cw28": 0.026308420128749475, "xscale28": 0.49864609518941033, "yscale28": 0.49864609518941033, "zscale28": 0.49864609518941033, "Cab29": 80.68430709701437, "Cw29": 0.04682051646229692, "xscale29": 0.6322116808867853, "yscale29": 0.6322116808867853, "zscale29": 0.6322116808867853, "Cab30": 79.39827706993876, "Cw30": 0.03819623898838176, "xscale30": 0.34101471710587206, "yscale30": 0.34101471710587206, "zscale30": 0.34101471710587206, "Cab31": 81.18147436555152, "Cw31": 0.04929086286941052, "xscale31": 0.7324041908676392, "yscale31": 0.7324041908676392, "zscale31": 0.7324041908676392, "Cab32": 87.69944520233231, "Cw32": 0.033937741321229745, "xscale32": 0.5287441348793269, "yscale32": 0.5287441348793269, "zscale32": 0.5287441348793269, "Cab33": 35.44397882299414, "Cw33": 0.04664932824593065, "xscale33": 0.4826796770610453, "yscale33": 0.4826796770610453, "zscale33": 0.4826796770610453, "Cab34": 28.468828070042527, "Cw34": 0.015786405492321912, "xscale34": 0.5328548874276594, "yscale34": 0.5328548874276594, "zscale34": 0.5328548874276594, "Cab35": 46.72861508059713, "Cw35": 0.044023344416114954, "xscale35": 0.34106700558002073, "yscale35": 0.34106700558002073, "zscale35": 0.34106700558002073, "Cab36": 47.650736173569115, "Cw36": 0.033473232327961545, "xscale36": 0.5654456285719159, "yscale36": 0.5654456285719159, "zscale36": 0.5654456285719159, "Cab37": 84.97034517005052, "Cw37": 0.026669733512573818, "xscale37": 0.5348467062994811, "yscale37": 0.5348467062994811, "zscale37": 0.5348467062994811, "Cab38": 79.50765517137518, "Cw38": 0.025521756334317726, "xscale38": 0.44923942548277623, "yscale38": 0.44923942548277623, "zscale38": 0.44923942548277623, "Cab39": 50.31107133174776, "Cw39": 0.048367267292927375, "xscale39": 0.49471774613201286, "yscale39": 0.49471774613201286, "zscale39": 0.49471774613201286, "Cab40": 86.24741846467089, "Cw40": 0.015362997101875765, "xscale40": 0.6229338561809812, "yscale40": 0.6229338561809812, "zscale40": 0.6229338561809812, "Cab41": 46.39546129763315, "Cw41": 0.02151808111844939, "xscale41": 0.6163155085100852, "yscale41": 0.6163155085100852, "zscale41": 0.6163155085100852, "Cab42": 72.71277022304265, "Cw42": 0.02611600133940556, "xscale42": 0.6133532074094912, "yscale42": 0.6133532074094912, "zscale42": 0.6133532074094912, "Cab43": 51.47929110656918, "Cw43": 0.02068630329761218, "xscale43": 0.6049030816525723, "yscale43": 0.6049030816525723, "zscale43": 0.6049030816525723, "Cab44": 36.18655968542005, "Cw44": 0.038024879711535044, "xscale44": 0.48863191337610273, "yscale44": 0.48863191337610273, "zscale44": 0.48863191337610273, "Cab45": 67.868692807267, "Cw45": 0.014628265037824724, "xscale45": 0.308569941488346, "yscale45": 0.308569941488346, "zscale45": 0.308569941488346, "Cab46": 21.600715647060053, "Cw46": 0.042911996154763356, "xscale46": 0.5246368669338969, "yscale46": 0.5246368669338969, "zscale46": 0.5246368669338969, "Cab47": 21.71244642410263, "Cw47": 0.04758976642884806, "xscale47": 0.4307909325265142, "yscale47": 0.4307909325265142, "zscale47": 0.4307909325265142, "Cab48": 69.55492125473747, "Cw48": 0.030743052256564873, "xscale48": 0.7077579530180566, "yscale48": 0.7077579530180566, "zscale48": 0.7077579530180566, "Cab49": 83.06169920199204, "Cw49": 0.04905458863438048, "xscale49": 0.48601976906762284, "yscale49": 0.48601976906762284, "zscale49": 0.48601976906762284, "Cab50": 31.860506640819054, "Cw50": 0.02025330036628211, "xscale50": 0.5666231781300053, "yscale50": 0.5666231781300053, "zscale50": 0.5666231781300053, "Cab51": 29.121347134885532, "Cw51": 0.010761147695025048, "xscale51": 0.7851102765655816, "yscale51": 0.7851102765655816, "zscale51": 0.7851102765655816,