{"Cab0": 32.95487562069183, "Cw0": 0.03155015386373281, "xscale0": 0.7663618898816064, "yscale0": 0.7663618898816064, "zscale0": 0.7663618898816064, "Cab1": 28.013977982715176, "Cw1": 0.017778304536283457, "xscale1": 0.6869915605239394, "yscale1": 0.6869915605239394, "zscale1": 0.6869915605239394, "Cab2": 49.83860003126657, "Cw2": 0.025607283249139995, "xscale2": 0.5835821156950188, "yscale2": 0.5835821156950188, "zscale2": 0.5835821156950188, "Cab3": 33.02518095275769, "Cw3": 0.01881593764748453, "xscale3": 0.40990534746379254, "yscale3": 0.40990534746379254, "zscale3": 0.40990534746379254, "Cab4": 89.86937754214279, "Cw4": 0.041404261183316714, "xscale4": 0.6759249470019026, "yscale4": 0.6759249470019026, "zscale4": 0.6759249470019026, "Cab5": 69.16757735446899, "Cw5": 0.02260843837589896, "xscale5": 0.7789327379020936, "yscale5": 0.7789327379020936, "zscale5": 0.7789327379020936, "Cab6": 49.731146164211935, "Cw6": 0.022377061620307018, "xscale6": 0.5599053900338838, "yscale6": 0.5599053900338838, "zscale6": 0.5599053900338838, "Cab7": 64.5941080708902, "Cw7": 0.03407416586678559, "xscale7": 0.5851671692693854, "yscale7": 0.5851671692693854, "zscale7": 0.5851671692693854, "Cab8": 75.5535859606455, "Cw8": 0.036974225774252245, "xscale8": 0.515438008225966, "yscale8": 0.515438008225966, "zscale8": 0.515438008225966, "Cab9": 73.5279019082215, "Cw9": 0.017703792065533932, "xscale9": 0.6686187531721001, "yscale9": 0.6686187531721001, "zscale9": 0.6686187531721001, "Cab10": 86.86633811744476, "Cw10": 0.04343371806874368, "xscale10": 0.43700193439657525, "yscale10": 0.43700193439657525, "zscale10": 0.43700193439657525, "Cab11": 83.09884321158817, "Cw11": 0.0168578452597588, "xscale11": 0.6997864367228982, "yscale11": 0.6997864367228982, "zscale11": 0.6997864367228982, "Cab12": 28.181259404070104, "Cw12": 0.025087464112218773, "xscale12": 0.5944510414788048, "yscale12": 0.5944510414788048, "zscale12": 0.5944510414788048, "Cab13": 79.97451111606387, "Cw13": 0.03830187778933187, "xscale13": 0.692779793197505, "yscale13": 0.692779793197505, "zscale13": 0.692779793197505, "Cab14": 85.60797564079851, "Cw14": 0.029557165427449426, "xscale14": 0.46319282074991314, "yscale14": 0.46319282074991314, "zscale14": 0.46319282074991314, "Cab15": 26.347087808751358, "Cw15": 0.036016587646751086, "xscale15": 0.6644650841832489, "yscale15": 0.6644650841832489, "zscale15": 0.6644650841832489, "Cab16": 35.01563376047006, "Cw16": 0.026124599692692395, "xscale16": 0.6551737220163089, "yscale16": 0.6551737220163089, "zscale16": 0.6551737220163089, "Cab17": 21.248726865230843, "Cw17": 0.035632373012194574, "xscale17": 0.6532116287569574, "yscale17": 0.6532116287569574, "zscale17": 0.6532116287569574, "Cab18": 27.28566107800711, "Cw18": 0.013737936377864194, "xscale18": 0.6914722384329064, "yscale18": 0.6914722384329064, "zscale18": 0.6914722384329064, "Cab19": 76.45194373137127, "Cw19": 0.04830627403394948, "xscale19": 0.6446871358714857, "yscale19": 0.6446871358714857, "zscale19": 0.6446871358714857, "Cab20": 35.3374645123462, "Cw20": 0.015278724345812546, "xscale20": 0.5279691468502005, "yscale20": 0.5279691468502005, "zscale20": 0.5279691468502005, "Cab21": 51.72558822944549, "Cw21": 0.014865520090403815, "xscale21": 0.532556314521849, "yscale21": 0.532556314521849, "zscale21": 0.532556314521849, "Cab22": 53.73801701097355, "Cw22": 0.01954930628771452, "xscale22": 0.474273801737078, "yscale22": 0.474273801737078, "zscale22": 0.474273801737078, "Cab23": 78.4801285621806, "Cw23": 0.013336304620223501, "xscale23": 0.7240642716987324, "yscale23": 0.7240642716987324, "zscale23": 0.7240642716987324, "Cab24": 78.89370558055649, "Cw24": 0.0359175755430578, "xscale24": 0.5864564218750955, "yscale24": 0.5864564218750955, "zscale24": 0.5864564218750955, "Cab25": 53.082573885470254, "Cw25": 0.03570633399147271, "xscale25": 0.5373034257600362, "yscale25": 0.5373034257600362, "zscale25": 0.5373034257600362, "Cab26": 66.68186339069652, "Cw26": 0.029643159290536347, "xscale26": 0.6804704383998652, "yscale26": 0.6804704383998652, "zscale26": 0.6804704383998652, "Cab27": 54.482605929438925, "Cw27": 0.03558840710691424, "xscale27": 0.4544767169911184, "yscale27": 0.4544767169911184, "zscale27": 0.4544767169911184, "Cab28": 81.69791146045193, "Cw28": 0.03721363663991612, "xscale28": 0.3914267119993076, "yscale28": 0.3914267119993076, "zscale28": 0.3914267119993076, "Cab29": 84.90463356519199, "Cw29": 0.01948083599129678, "xscale29": 0.5078814675317833, "yscale29": 0.5078814675317833, "zscale29": 0.5078814675317833, "Cab30": 45.0938309677041, "Cw30": 0.04481146623186308, "xscale30": 0.3277238803551886, "yscale30": 0.3277238803551886, "zscale30": 0.3277238803551886, "Cab31": 57.52535797365155, "Cw31": 0.03683363139048833, "xscale31": 0.5368885634992069, "yscale31": 0.5368885634992069, "zscale31": 0.5368885634992069, "Cab32": 36.74217395481088, "Cw32": 0.014613987608623171, "xscale32": 0.5615890553141796, "yscale32": 0.5615890553141796, "zscale32": 0.5615890553141796, "Cab33": 69.40739916730791, "Cw33": 0.031735970148474894, "xscale33": 0.43101673220082765, "yscale33": 0.43101673220082765, "zscale33": 0.43101673220082765, "Cab34": 42.61584450246778, "Cw34": 0.04991838536242884, "xscale34": 0.6048405377997278, "yscale34": 0.6048405377997278, "zscale34": 0.6048405377997278, "Cab35": 73.228759741262, "Cw35": 0.016088817361898555, "xscale35": 0.41021796527428595, "yscale35": 0.41021796527428595, "zscale35": 0.41021796527428595, "Cab36": 36.436365387063745, "Cw36": 0.018588913830605673, "xscale36": 0.7398621535502504, "yscale36": 0.7398621535502504, "zscale36": 0.7398621535502504, "Cab37": 84.92648906256848, "Cw37": 0.017364059072710245, "xscale37": 0.5203689632691412, "yscale37": 0.5203689632691412, "zscale37": 0.5203689632691412, "Cab38": 20.15821561055075, "Cw38": 0.03245853673530645, "xscale38": 0.5016433767723699, "yscale38": 0.5016433767723699, "zscale38": 0.5016433767723699, "Cab39": 80.50235972740869, "Cw39": 0.017735982636720146, "xscale39": 0.5296582140277876, "yscale39": 0.5296582140277876, "zscale39": 0.5296582140277876, "Cab40": 43.47260087711877, "Cw40": 0.03683109382141366, "xscale40": 0.49710767081828794, "yscale40": 0.49710767081828794, "zscale40": 0.49710767081828794, "Cab41": 22.081997635329678, "Cw41": 0.014499834384090617, "xscale41": 0.4574652872885888, "yscale41": 0.4574652872885888, "zscale41": 0.4574652872885888, "Cab42": 51.04460673466312, "Cw42": 0.01557083218020705, "xscale42": 0.5532460547867991, "yscale42": 0.5532460547867991, "zscale42": 0.5532460547867991, "Cab43": 29.50941854787483, "Cw43": 0.04628821675509973, "xscale43": 0.6676328624001611, "yscale43": 0.6676328624001611, "zscale43": 0.6676328624001611, "Cab44": 30.3677222888044, "Cw44": 0.035274084290314006, "xscale44": 0.41951083292984825, "yscale44": 0.41951083292984825, "zscale44": 0.41951083292984825, "Cab45": 64.3229944782644, "Cw45": 0.02253037205654903, "xscale45": 0.39255757480889897, "yscale45": 0.39255757480889897, "zscale45": 0.39255757480889897, "Cab46": 85.7658054006069, "Cw46": 0.021008525540853, "xscale46": 0.5515382255323104, "yscale46": 0.5515382255323104, "zscale46": 0.5515382255323104, "Cab47": 37.068928283110694, "Cw47": 0.013715267668229388, "xscale47": 0.6145185668094932, "yscale47": 0.6145185668094932, "zscale47": 0.6145185668094932, "Cab48": 42.19568521480374, "Cw48": 0.026396320463106332, "xscale48": 0.6716217459826055, "yscale48": 0.6716217459826055, "zscale48": 0.6716217459826055, "Cab49": 75.80686536535669, "Cw49": 0.03389359281378249, "xscale49": 0.44068754996830267, "yscale49": 0.44068754996830267, "zscale49": 0.44068754996830267, "Cab50": 65.26243195636397, "Cw50": 0.03546187109754844, "xscale50": 0.6698512939592011, "yscale50": 0.6698512939592011, "zscale50": 0.6698512939592011, "Cab51": 62.93003586759489, "Cw51": 0.013654662791637361, "xscale51": 0.6780614389545385, "yscale51": 0.6780614389545385, "zscale51": 0.6780614389545385, "Cab52": 24.79163346720518, "Cw52": 0.02359497275692969,