{"Cab0": 77.82347820626356, "Cw0": 0.012936787416892118, "xscale0": 0.603781726656709, "yscale0": 0.603781726656709, "zscale0": 0.603781726656709, "Cab1": 49.0534698620135, "Cw1": 0.024283663992867726, "xscale1": 0.5876403295450132, "yscale1": 0.5876403295450132, "zscale1": 0.5876403295450132, "Cab2": 39.35036114445787, "Cw2": 0.03398618323245121, "xscale2": 0.6352152532533516, "yscale2": 0.6352152532533516, "zscale2": 0.6352152532533516, "Cab3": 73.74526913515753, "Cw3": 0.019816427245985875, "xscale3": 0.46262486958500654, "yscale3": 0.46262486958500654, "zscale3": 0.46262486958500654, "Cab4": 78.44139556235822, "Cw4": 0.033221690300840045, "xscale4": 0.6963947787237184, "yscale4": 0.6963947787237184, "zscale4": 0.6963947787237184, "Cab5": 22.89445454984621, "Cw5": 0.011911021862763245, "xscale5": 0.630870227980172, "yscale5": 0.630870227980172, "zscale5": 0.630870227980172, "Cab6": 47.54269497083695, "Cw6": 0.02625903788892029, "xscale6": 0.59910813075901, "yscale6": 0.59910813075901, "zscale6": 0.59910813075901, "Cab7": 39.291757129238974, "Cw7": 0.035322265081581344, "xscale7": 0.47876349266688195, "yscale7": 0.47876349266688195, "zscale7": 0.47876349266688195, "Cab8": 23.26813239114494, "Cw8": 0.04771445166809483, "xscale8": 0.6341387604972062, "yscale8": 0.6341387604972062, "zscale8": 0.6341387604972062, "Cab9": 32.445452814447805, "Cw9": 0.013273667017219656, "xscale9": 0.5894310549832507, "yscale9": 0.5894310549832507, "zscale9": 0.5894310549832507, "Cab10": 54.059673087346646, "Cw10": 0.038933800646552136, "xscale10": 0.46902576979923083, "yscale10": 0.46902576979923083, "zscale10": 0.46902576979923083, "Cab11": 44.668341674061, "Cw11": 0.014174520822311468, "xscale11": 0.5265831315434003, "yscale11": 0.5265831315434003, "zscale11": 0.5265831315434003, "Cab12": 87.56118701186553, "Cw12": 0.02249011089982698, "xscale12": 0.6333146912587012, "yscale12": 0.6333146912587012, "zscale12": 0.6333146912587012, "Cab13": 43.783410400587904, "Cw13": 0.031032139279807386, "xscale13": 0.5091376113400042, "yscale13": 0.5091376113400042, "zscale13": 0.5091376113400042, "Cab14": 60.944212598843556, "Cw14": 0.036143988520209225, "xscale14": 0.5210165211359498, "yscale14": 0.5210165211359498, "zscale14": 0.5210165211359498, "Cab15": 29.72685403047698, "Cw15": 0.030410999828837743, "xscale15": 0.5521044602575107, "yscale15": 0.5521044602575107, "zscale15": 0.5521044602575107, "Cab16": 21.934071995242142, "Cw16": 0.021280522457580775, "xscale16": 0.5327836031439912, "yscale16": 0.5327836031439912, "zscale16": 0.5327836031439912, "Cab17": 66.70527982878039, "Cw17": 0.011023663936359687, "xscale17": 0.545989810712874, "yscale17": 0.545989810712874, "zscale17": 0.545989810712874, "Cab18": 72.28164427473071, "Cw18": 0.04845453060389715, "xscale18": 0.5798617519859361, "yscale18": 0.5798617519859361, "zscale18": 0.5798617519859361, "Cab19": 89.3586551733883, "Cw19": 0.014290061030569904, "xscale19": 0.649572794000799, "yscale19": 0.649572794000799, "zscale19": 0.649572794000799, "Cab20": 87.00501214258063, "Cw20": 0.04136565967876535, "xscale20": 0.6354841085422553, "yscale20": 0.6354841085422553, "zscale20": 0.6354841085422553, "Cab21": 66.17468697249811, "Cw21": 0.036681464605757254, "xscale21": 0.4588644904089903, "yscale21": 0.4588644904089903, "zscale21": 0.4588644904089903, "Cab22": 51.33084459968589, "Cw22": 0.039280730681507336, "xscale22": 0.5442848011453713, "yscale22": 0.5442848011453713, "zscale22": 0.5442848011453713, "Cab23": 58.81548010770704, "Cw23": 0.03585733587816842, "xscale23": 0.5693620449355332, "yscale23": 0.5693620449355332, "zscale23": 0.5693620449355332, "Cab24": 35.4426614724413, "Cw24": 0.03223736026970486, "xscale24": 0.5940457295335899, "yscale24": 0.5940457295335899, "zscale24": 0.5940457295335899, "Cab25": 34.56003456351287, "Cw25": 0.01315797761802488, "xscale25": 0.5431376403133723, "yscale25": 0.5431376403133723, "zscale25": 0.5431376403133723, "Cab26": 67.16695925792274, "Cw26": 0.024257626210764903, "xscale26": 0.5852364876089025, "yscale26": 0.5852364876089025, "zscale26": 0.5852364876089025, "Cab27": 53.84041333606201, "Cw27": 0.03760403351944278, "xscale27": 0.3481932272506336, "yscale27": 0.3481932272506336, "zscale27": 0.3481932272506336, "Cab28": 38.29796996921259, "Cw28": 0.03542542282660587, "xscale28": 0.340378604717978, "yscale28": 0.340378604717978, "zscale28": 0.340378604717978, "Cab29": 86.4885932408318, "Cw29": 0.026207014601421136, "xscale29": 0.6616560233425213, "yscale29": 0.6616560233425213, "zscale29": 0.6616560233425213, "Cab30": 55.9320612050731, "Cw30": 0.012098978934287317, "xscale30": 0.38363441336063026, "yscale30": 0.38363441336063026, "zscale30": 0.38363441336063026, "Cab31": 34.553313564073555, "Cw31": 0.031031081196858747, "xscale31": 0.6893681658442464, "yscale31": 0.6893681658442464, "zscale31": 0.6893681658442464, "Cab32": 63.13812095537085, "Cw32": 0.013101827395061787, "xscale32": 0.4525170373934489, "yscale32": 0.4525170373934489, "zscale32": 0.4525170373934489, "Cab33": 85.3659341962816, "Cw33": 0.027854389525942713, "xscale33": 0.5690308092387667, "yscale33": 0.5690308092387667, "zscale33": 0.5690308092387667, "Cab34": 45.63937192923605, "Cw34": 0.02716954906039458, "xscale34": 0.44577180749130907, "yscale34": 0.44577180749130907, "zscale34": 0.44577180749130907, "Cab35": 67.96999382048791, "Cw35": 0.04572921009933029, "xscale35": 0.41531804123382743, "yscale35": 0.41531804123382743, "zscale35": 0.41531804123382743, "Cab36": 20.3887277156324, "Cw36": 0.012980880117453419, "xscale36": 0.666936270025077, "yscale36": 0.666936270025077, "zscale36": 0.666936270025077, "Cab37": 71.16500686737882, "Cw37": 0.03403575564967162, "xscale37": 0.35970937535815256, "yscale37": 0.35970937535815256, "zscale37": 0.35970937535815256, "Cab38": 42.38346967941523, "Cw38": 0.027059018946815137, "xscale38": 0.5637750556703872, "yscale38": 0.5637750556703872, "zscale38": 0.5637750556703872, "Cab39": 40.79221931189852, "Cw39": 0.02449949956594174, "xscale39": 0.5879286262841452, "yscale39": 0.5879286262841452, "zscale39": 0.5879286262841452, "Cab40": 60.88728560350201, "Cw40": 0.025441068669987615, "xscale40": 0.4771411457531151, "yscale40": 0.4771411457531151, "zscale40": 0.4771411457531151, "Cab41": 46.64162062248113, "Cw41": 0.02729308285027307, "xscale41": 0.6347929613470361, "yscale41": 0.6347929613470361, "zscale41": 0.6347929613470361, "Cab42": 22.690386708343336, "Cw42": 0.016184447423520047, "xscale42": 0.6297680853117736, "yscale42": 0.6297680853117736, "zscale42": 0.6297680853117736, "Cab43": 60.26160091667084, "Cw43": 0.0253993142672116, "xscale43": 0.5580121432252108, "yscale43": 0.5580121432252108, "zscale43": 0.5580121432252108, "Cab44": 86.03617155188924, "Cw44": 0.04635423868271541, "xscale44": 0.45499969220936254, "yscale44": 0.45499969220936254, "zscale44": 0.45499969220936254, "Cab45": 41.956309389490926, "Cw45": 0.016321607946066727, "xscale45": 0.28372832562552247, "yscale45": 0.28372832562552247, "zscale45": 0.28372832562552247, "Cab46": 26.080342498600974, "Cw46": 0.012622825779394158, "xscale46": 0.42569208406734604, "yscale46": 0.42569208406734604, "zscale46": 0.42569208406734604, "Cab47": 33.42895927130098, "Cw47": 0.043819135930818716, "xscale47": 0.5008131528222578, "yscale47": 0.5008131528222578, "zscale47": 0.5008131528222578, "Cab48": 46.53245141278376, "Cw48": 0.0475289169454997, "xscale48": 0.6102119739721782, "yscale48": 0.6102119739721782, "zscale48": 0.6102119739721782, "Cab49": 40.941990371084444, "Cw49": 0.04659155611275076, "xscale49": 0.5573638660401669, "yscale49": 0.5573638660401669, "zscale49": 0.5573638660401669, "Cab50": 37.839229240948896, "Cw50": 0.035782738163900527, "xscale50": 0.5582873645148351, "yscale50": 0.5582873645148351, "zscale50": 0.5582873645148351, "Cab51": 88.0317774951308, "Cw51": 0.020314972754300165, "xscale51": 0.7620667848074977, "yscale51": 0.7620667848074977, "zscale51": 0.7620667848074977, "Cab52": 62.11897852036383,