{"Cab0": 78.91898535631319, "Cw0": 0.023370824562878, "xscale0": 0.7685445932905292, "yscale0": 0.7685445932905292, "zscale0": 0.7685445932905292, "Cab1": 26.513312291113778, "Cw1": 0.03369414555993906, "xscale1": 0.544824670078021, "yscale1": 0.544824670078021, "zscale1": 0.544824670078021, "Cab2": 81.80050319295242, "Cw2": 0.04103163058932472, "xscale2": 0.6354124942079312, "yscale2": 0.6354124942079312, "zscale2": 0.6354124942079312, "Cab3": 28.889261840590304, "Cw3": 0.015860338304736425, "xscale3": 0.40101770253082303, "yscale3": 0.40101770253082303, "zscale3": 0.40101770253082303, "Cab4": 36.738432170696946, "Cw4": 0.027904281200846585, "xscale4": 0.5171525956032643, "yscale4": 0.5171525956032643, "zscale4": 0.5171525956032643, "Cab5": 53.45814217401206, "Cw5": 0.041706845402389385, "xscale5": 0.8482961014352247, "yscale5": 0.8482961014352247, "zscale5": 0.8482961014352247, "Cab6": 34.14534341353013, "Cw6": 0.03961751690224357, "xscale6": 0.4853668841277031, "yscale6": 0.4853668841277031, "zscale6": 0.4853668841277031, "Cab7": 50.9427020684964, "Cw7": 0.040269746893567014, "xscale7": 0.44323584119396425, "yscale7": 0.44323584119396425, "zscale7": 0.44323584119396425, "Cab8": 60.30610733387835, "Cw8": 0.0366286805689953, "xscale8": 0.5153189756846683, "yscale8": 0.5153189756846683, "zscale8": 0.5153189756846683, "Cab9": 67.34709853039796, "Cw9": 0.025099127215364888, "xscale9": 0.5791635652939798, "yscale9": 0.5791635652939798, "zscale9": 0.5791635652939798, "Cab10": 89.38597411007278, "Cw10": 0.02651298215714909, "xscale10": 0.46485655968026796, "yscale10": 0.46485655968026796, "zscale10": 0.46485655968026796, "Cab11": 82.44568081038916, "Cw11": 0.014828988229615769, "xscale11": 0.7119932192835524, "yscale11": 0.7119932192835524, "zscale11": 0.7119932192835524, "Cab12": 21.070893409734595, "Cw12": 0.017464792911248583, "xscale12": 0.4773735253146522, "yscale12": 0.4773735253146522, "zscale12": 0.4773735253146522, "Cab13": 70.71569789563446, "Cw13": 0.0176190025702019, "xscale13": 0.6580264659446873, "yscale13": 0.6580264659446873, "zscale13": 0.6580264659446873, "Cab14": 85.12315281932038, "Cw14": 0.03852052469901438, "xscale14": 0.5658723770828863, "yscale14": 0.5658723770828863, "zscale14": 0.5658723770828863, "Cab15": 64.20722383903987, "Cw15": 0.02476408598552072, "xscale15": 0.6598940500911773, "yscale15": 0.6598940500911773, "zscale15": 0.6598940500911773, "Cab16": 31.066577215634616, "Cw16": 0.02171313010945234, "xscale16": 0.536117501632669, "yscale16": 0.536117501632669, "zscale16": 0.536117501632669, "Cab17": 73.68021483871095, "Cw17": 0.043999923235869084, "xscale17": 0.5534275796099212, "yscale17": 0.5534275796099212, "zscale17": 0.5534275796099212, "Cab18": 31.81851796913582, "Cw18": 0.015378544894343961, "xscale18": 0.5347988021145512, "yscale18": 0.5347988021145512, "zscale18": 0.5347988021145512, "Cab19": 50.944127375769924, "Cw19": 0.018847649512005536, "xscale19": 0.49467354228256816, "yscale19": 0.49467354228256816, "zscale19": 0.49467354228256816, "Cab20": 63.41765250338065, "Cw20": 0.03465932770673256, "xscale20": 0.6385486321798188, "yscale20": 0.6385486321798188, "zscale20": 0.6385486321798188, "Cab21": 77.42520489344375, "Cw21": 0.01748180405858478, "xscale21": 0.5576579476824346, "yscale21": 0.5576579476824346, "zscale21": 0.5576579476824346, "Cab22": 73.02979031896166, "Cw22": 0.04392020352605796, "xscale22": 0.6004464893753797, "yscale22": 0.6004464893753797, "zscale22": 0.6004464893753797, "Cab23": 79.08244613462782, "Cw23": 0.020757248917677527, "xscale23": 0.5728383563973924, "yscale23": 0.5728383563973924, "zscale23": 0.5728383563973924, "Cab24": 52.68089808244748, "Cw24": 0.019857796144183874, "xscale24": 0.5822642711328396, "yscale24": 0.5822642711328396, "zscale24": 0.5822642711328396, "Cab25": 20.587273208043488, "Cw25": 0.04939499371617899, "xscale25": 0.5969666799622912, "yscale25": 0.5969666799622912, "zscale25": 0.5969666799622912, "Cab26": 47.5113144482397, "Cw26": 0.043333607785888524, "xscale26": 0.5595476345014218, "yscale26": 0.5595476345014218, "zscale26": 0.5595476345014218, "Cab27": 86.45217688160386, "Cw27": 0.02424010142611637, "xscale27": 0.431495983721646, "yscale27": 0.431495983721646, "zscale27": 0.431495983721646, "Cab28": 23.763737650930413, "Cw28": 0.012472273614106655, "xscale28": 0.48160263764754313, "yscale28": 0.48160263764754313, "zscale28": 0.48160263764754313, "Cab29": 48.850236421622256, "Cw29": 0.0272595163709589, "xscale29": 0.48769671720509317, "yscale29": 0.48769671720509317, "zscale29": 0.48769671720509317, "Cab30": 21.436393525488768, "Cw30": 0.012553389003049014, "xscale30": 0.39909677671762844, "yscale30": 0.39909677671762844, "zscale30": 0.39909677671762844, "Cab31": 27.802728844357283, "Cw31": 0.03309110707426617, "xscale31": 0.6772668374182997, "yscale31": 0.6772668374182997, "zscale31": 0.6772668374182997, "Cab32": 28.004290685134194, "Cw32": 0.04321073793504497, "xscale32": 0.5170529647205562, "yscale32": 0.5170529647205562, "zscale32": 0.5170529647205562, "Cab33": 42.39690812167408, "Cw33": 0.030132033272880526, "xscale33": 0.5465780390577772, "yscale33": 0.5465780390577772, "zscale33": 0.5465780390577772, "Cab34": 77.08519817534375, "Cw34": 0.011589305513125288, "xscale34": 0.5410911872186434, "yscale34": 0.5410911872186434, "zscale34": 0.5410911872186434, "Cab35": 88.84693406466083, "Cw35": 0.02476446411489442, "xscale35": 0.4196468953260825, "yscale35": 0.4196468953260825, "zscale35": 0.4196468953260825, "Cab36": 32.6087425542717, "Cw36": 0.02588715765218911, "xscale36": 0.5221283731107501, "yscale36": 0.5221283731107501, "zscale36": 0.5221283731107501, "Cab37": 43.537841314327125, "Cw37": 0.02589571915827723, "xscale37": 0.5372590362069838, "yscale37": 0.5372590362069838, "zscale37": 0.5372590362069838, "Cab38": 40.93090971107439, "Cw38": 0.046363981216688575, "xscale38": 0.411227683022043, "yscale38": 0.411227683022043, "zscale38": 0.411227683022043, "Cab39": 45.43419999854204, "Cw39": 0.014218346703760508, "xscale39": 0.5055556791836998, "yscale39": 0.5055556791836998, "zscale39": 0.5055556791836998, "Cab40": 78.61134863506004, "Cw40": 0.02300885601043246, "xscale40": 0.595965472389087, "yscale40": 0.595965472389087, "zscale40": 0.595965472389087, "Cab41": 62.9968593070709, "Cw41": 0.028311472695494472, "xscale41": 0.4418645427289815, "yscale41": 0.4418645427289815, "zscale41": 0.4418645427289815, "Cab42": 54.43754628167664, "Cw42": 0.022603276410625685, "xscale42": 0.47454062680729014, "yscale42": 0.47454062680729014, "zscale42": 0.47454062680729014, "Cab43": 42.220853008313355, "Cw43": 0.04220263794035278, "xscale43": 0.6336445549184722, "yscale43": 0.6336445549184722, "zscale43": 0.6336445549184722, "Cab44": 34.158813612323016, "Cw44": 0.019987909987447317, "xscale44": 0.3595111596431893, "yscale44": 0.3595111596431893, "zscale44": 0.3595111596431893, "Cab45": 76.20400827693948, "Cw45": 0.040315901370237446, "xscale45": 0.33518924058801564, "yscale45": 0.33518924058801564, "zscale45": 0.33518924058801564, "Cab46": 66.64555026384919, "Cw46": 0.029729567522922017, "xscale46": 0.537414303065584, "yscale46": 0.537414303065584, "zscale46": 0.537414303065584, "Cab47": 64.60738201172487, "Cw47": 0.011222455491509117, "xscale47": 0.5650606728744889, "yscale47": 0.5650606728744889, "zscale47": 0.5650606728744889, "Cab48": 25.991459721656863, "Cw48": 0.026112774629769145, "xscale48": 0.5574817385113818, "yscale48": 0.5574817385113818, "zscale48": 0.5574817385113818, "Cab49": 25.864766743561628, "Cw49": 0.025195077076695962, "xscale49": 0.4522443369429507, "yscale49": 0.4522443369429507, "zscale49": 0.4522443369429507, "Cab50": 27.894731285930067, "Cw50": 0.011441381239576045, "xscale50": 0.6906313457919521, "yscale50": 0.6906313457919521, "zscale50": 0.6906313457919521, "Cab51": 65.8425041221406, "Cw51": 0.04878043754787969, "xscale51": 0.6217191952099397, "yscale51": 0.6217191952099397, "zscale51": 0.6217191952099397, "Cab52": 51.39253740336945,