{"Cab0": 44.65487593893819, "Cw0": 0.010906248461759938, "xscale0": 0.8521962212375216, "yscale0": 0.8521962212375216, "zscale0": 0.8521962212375216, "Cab1": 63.94816620835252, "Cw1": 0.033952207286533656, "xscale1": 0.5165072646306186, "yscale1": 0.5165072646306186, "zscale1": 0.5165072646306186, "Cab2": 38.27605163298673, "Cw2": 0.04389126320930636, "xscale2": 0.7621339565718073, "yscale2": 0.7621339565718073, "zscale2": 0.7621339565718073, "Cab3": 88.49264023182809, "Cw3": 0.025664828348626476, "xscale3": 0.45443236954623306, "yscale3": 0.45443236954623306, "zscale3": 0.45443236954623306, "Cab4": 42.378418560648136, "Cw4": 0.03592896116798028, "xscale4": 0.5778357237279952, "yscale4": 0.5778357237279952, "zscale4": 0.5778357237279952, "Cab5": 70.31806077572203, "Cw5": 0.016904307448152692, "xscale5": 0.8321976020526796, "yscale5": 0.8321976020526796, "zscale5": 0.8321976020526796, "Cab6": 37.8318733600507, "Cw6": 0.010906515074055748, "xscale6": 0.535197865920168, "yscale6": 0.535197865920168, "zscale6": 0.535197865920168, "Cab7": 52.80500145354772, "Cw7": 0.021347987471911967, "xscale7": 0.573666748814777, "yscale7": 0.573666748814777, "zscale7": 0.573666748814777, "Cab8": 60.25925306765919, "Cw8": 0.02438346325859462, "xscale8": 0.5425176480256897, "yscale8": 0.5425176480256897, "zscale8": 0.5425176480256897, "Cab9": 88.41672164543834, "Cw9": 0.04306553116997272, "xscale9": 0.7492019500619416, "yscale9": 0.7492019500619416, "zscale9": 0.7492019500619416, "Cab10": 52.70666207958001, "Cw10": 0.04086101216296024, "xscale10": 0.4247867624007442, "yscale10": 0.4247867624007442, "zscale10": 0.4247867624007442, "Cab11": 78.82332971693509, "Cw11": 0.03106005298121845, "xscale11": 0.6343646875375114, "yscale11": 0.6343646875375114, "zscale11": 0.6343646875375114, "Cab12": 63.8208106968435, "Cw12": 0.010909766007398179, "xscale12": 0.5749580532696277, "yscale12": 0.5749580532696277, "zscale12": 0.5749580532696277, "Cab13": 41.992906545760306, "Cw13": 0.0461037501086911, "xscale13": 0.6913392754214954, "yscale13": 0.6913392754214954, "zscale13": 0.6913392754214954, "Cab14": 73.04614355169679, "Cw14": 0.01026264198095271, "xscale14": 0.6300495575121684, "yscale14": 0.6300495575121684, "zscale14": 0.6300495575121684, "Cab15": 45.49790222814388, "Cw15": 0.023426667691036913, "xscale15": 0.5954833912621519, "yscale15": 0.5954833912621519, "zscale15": 0.5954833912621519, "Cab16": 79.89616128245657, "Cw16": 0.023481373268292097, "xscale16": 0.5741287077149365, "yscale16": 0.5741287077149365, "zscale16": 0.5741287077149365, "Cab17": 78.77157028009967, "Cw17": 0.03480302526241871, "xscale17": 0.5952140813460234, "yscale17": 0.5952140813460234, "zscale17": 0.5952140813460234, "Cab18": 67.1351551910273, "Cw18": 0.02333389266099322, "xscale18": 0.5398934676538492, "yscale18": 0.5398934676538492, "zscale18": 0.5398934676538492, "Cab19": 78.3633774742568, "Cw19": 0.04032656069373526, "xscale19": 0.6374104798257613, "yscale19": 0.6374104798257613, "zscale19": 0.6374104798257613, "Cab20": 50.08740890023395, "Cw20": 0.04657885775658757, "xscale20": 0.5340773757545948, "yscale20": 0.5340773757545948, "zscale20": 0.5340773757545948, "Cab21": 24.24061588729158, "Cw21": 0.04699475249404097, "xscale21": 0.5454586593250877, "yscale21": 0.5454586593250877, "zscale21": 0.5454586593250877, "Cab22": 80.11577892695149, "Cw22": 0.014696733477744202, "xscale22": 0.4413747788048029, "yscale22": 0.4413747788048029, "zscale22": 0.4413747788048029, "Cab23": 23.06752361406081, "Cw23": 0.03288038288024055, "xscale23": 0.7406124510684963, "yscale23": 0.7406124510684963, "zscale23": 0.7406124510684963, "Cab24": 35.96835241648054, "Cw24": 0.040031359591789044, "xscale24": 0.4991458448124592, "yscale24": 0.4991458448124592, "zscale24": 0.4991458448124592, "Cab25": 71.21192316007075, "Cw25": 0.014588085322850648, "xscale25": 0.670768920874023, "yscale25": 0.670768920874023, "zscale25": 0.670768920874023, "Cab26": 54.04956479167558, "Cw26": 0.04004400350119934, "xscale26": 0.6837005639307918, "yscale26": 0.6837005639307918, "zscale26": 0.6837005639307918, "Cab27": 83.98707011105168, "Cw27": 0.03451530473480913, "xscale27": 0.4129417142229989, "yscale27": 0.4129417142229989, "zscale27": 0.4129417142229989, "Cab28": 30.462151050616278, "Cw28": 0.015056033882922325, "xscale28": 0.4395024926319227, "yscale28": 0.4395024926319227, "zscale28": 0.4395024926319227, "Cab29": 23.470415599001658, "Cw29": 0.021850716414428293, "xscale29": 0.7161135066973097, "yscale29": 0.7161135066973097, "zscale29": 0.7161135066973097, "Cab30": 62.45754871063434, "Cw30": 0.01878852352726862, "xscale30": 0.4472521111211448, "yscale30": 0.4472521111211448, "zscale30": 0.4472521111211448, "Cab31": 73.55734079465256, "Cw31": 0.04993384685799285, "xscale31": 0.6233031286752418, "yscale31": 0.6233031286752418, "zscale31": 0.6233031286752418, "Cab32": 22.565151294694516, "Cw32": 0.023437332927462622, "xscale32": 0.5304426687355617, "yscale32": 0.5304426687355617, "zscale32": 0.5304426687355617, "Cab33": 43.593064961251116, "Cw33": 0.014547556035667281, "xscale33": 0.4355985801012275, "yscale33": 0.4355985801012275, "zscale33": 0.4355985801012275, "Cab34": 32.38750747216956, "Cw34": 0.028724297921861812, "xscale34": 0.5278611157259635, "yscale34": 0.5278611157259635, "zscale34": 0.5278611157259635, "Cab35": 29.31450805436512, "Cw35": 0.0267849405057519, "xscale35": 0.3348896142677869, "yscale35": 0.3348896142677869, "zscale35": 0.3348896142677869, "Cab36": 37.375228363289665, "Cw36": 0.03681499880083648, "xscale36": 0.6618472083377156, "yscale36": 0.6618472083377156, "zscale36": 0.6618472083377156, "Cab37": 48.15356581769174, "Cw37": 0.02827954496302104, "xscale37": 0.37045639979027756, "yscale37": 0.37045639979027756, "zscale37": 0.37045639979027756, "Cab38": 26.157671643133806, "Cw38": 0.012240540615257136, "xscale38": 0.46074754034378657, "yscale38": 0.46074754034378657, "zscale38": 0.46074754034378657, "Cab39": 85.68269715960605, "Cw39": 0.04477537422813858, "xscale39": 0.5457587546056373, "yscale39": 0.5457587546056373, "zscale39": 0.5457587546056373, "Cab40": 58.46488825718821, "Cw40": 0.015887191769181932, "xscale40": 0.49075148600153345, "yscale40": 0.49075148600153345, "zscale40": 0.49075148600153345, "Cab41": 44.49334914005644, "Cw41": 0.0448861784269744, "xscale41": 0.47272162968255355, "yscale41": 0.47272162968255355, "zscale41": 0.47272162968255355, "Cab42": 37.18390623597881, "Cw42": 0.04775495005084298, "xscale42": 0.440137095407494, "yscale42": 0.440137095407494, "zscale42": 0.440137095407494, "Cab43": 56.92211858435102, "Cw43": 0.021080970539387876, "xscale43": 0.5154780442929818, "yscale43": 0.5154780442929818, "zscale43": 0.5154780442929818, "Cab44": 41.29402590613343, "Cw44": 0.019975801247564134, "xscale44": 0.48389616237406036, "yscale44": 0.48389616237406036, "zscale44": 0.48389616237406036, "Cab45": 88.0948079167681, "Cw45": 0.02952690912423154, "xscale45": 0.30785065276797857, "yscale45": 0.30785065276797857, "zscale45": 0.30785065276797857, "Cab46": 82.60948675414662, "Cw46": 0.013222276226922696, "xscale46": 0.4560958807855592, "yscale46": 0.4560958807855592, "zscale46": 0.4560958807855592, "Cab47": 27.111852834025782, "Cw47": 0.02986470041155484, "xscale47": 0.5822776231155614, "yscale47": 0.5822776231155614, "zscale47": 0.5822776231155614, "Cab48": 20.11305551148996, "Cw48": 0.0424048922714165, "xscale48": 0.5260059230542353, "yscale48": 0.5260059230542353, "zscale48": 0.5260059230542353, "Cab49": 47.24303620258278, "Cw49": 0.046744936817962865, "xscale49": 0.47566317374372064, "yscale49": 0.47566317374372064, "zscale49": 0.47566317374372064, "Cab50": 76.79630550926326, "Cw50": 0.02326763427741404, "xscale50": 0.6890496179610499, "yscale50": 0.6890496179610499, "zscale50": 0.6890496179610499, "Cab51": 47.245689549148466, "Cw51": 0.02371810493379015, "xscale51": 0.837889993621256, "yscale51": 0.837889993621256, "zscale51": 0.837889993621256, "Cab52": 51.92059282978644, "Cw52": 0.022065279976835564,