{"Cab0": 77.05947030198718, "Cw0": 0.029380139247458574, "xscale0": 0.8349821564616805, "yscale0": 0.8349821564616805, "zscale0": 0.8349821564616805, "Cab1": 39.30904688255116, "Cw1": 0.040987107262732504, "xscale1": 0.47557411045974873, "yscale1": 0.47557411045974873, "zscale1": 0.47557411045974873, "Cab2": 73.08191574080487, "Cw2": 0.049033440910317624, "xscale2": 0.5488889592588855, "yscale2": 0.5488889592588855, "zscale2": 0.5488889592588855, "Cab3": 50.252735054392154, "Cw3": 0.041055629802594244, "xscale3": 0.4941216973158274, "yscale3": 0.4941216973158274, "zscale3": 0.4941216973158274, "Cab4": 68.21251737763717, "Cw4": 0.04981683939399247, "xscale4": 0.5188136895790362, "yscale4": 0.5188136895790362, "zscale4": 0.5188136895790362, "Cab5": 81.02653705896296, "Cw5": 0.04202043262919253, "xscale5": 0.8036108619589004, "yscale5": 0.8036108619589004, "zscale5": 0.8036108619589004, "Cab6": 32.483229816737044, "Cw6": 0.04751800159736392, "xscale6": 0.6148845148182175, "yscale6": 0.6148845148182175, "zscale6": 0.6148845148182175, "Cab7": 76.40736777418849, "Cw7": 0.04375202711599516, "xscale7": 0.6340828039234228, "yscale7": 0.6340828039234228, "zscale7": 0.6340828039234228, "Cab8": 26.354983994388526, "Cw8": 0.03958775626396077, "xscale8": 0.5075514493538944, "yscale8": 0.5075514493538944, "zscale8": 0.5075514493538944, "Cab9": 78.3284811570103, "Cw9": 0.016277901779585168, "xscale9": 0.5713488910755088, "yscale9": 0.5713488910755088, "zscale9": 0.5713488910755088, "Cab10": 48.97838107995561, "Cw10": 0.014454622141605271, "xscale10": 0.5232159227775751, "yscale10": 0.5232159227775751, "zscale10": 0.5232159227775751, "Cab11": 42.69593920093193, "Cw11": 0.019232465465813448, "xscale11": 0.5303757525402821, "yscale11": 0.5303757525402821, "zscale11": 0.5303757525402821, "Cab12": 76.9710328796483, "Cw12": 0.03983102918969335, "xscale12": 0.5500457206937512, "yscale12": 0.5500457206937512, "zscale12": 0.5500457206937512, "Cab13": 87.92638179250994, "Cw13": 0.02989844617421661, "xscale13": 0.7476251395928328, "yscale13": 0.7476251395928328, "zscale13": 0.7476251395928328, "Cab14": 41.387759540267105, "Cw14": 0.035702081368131015, "xscale14": 0.6168261516387572, "yscale14": 0.6168261516387572, "zscale14": 0.6168261516387572, "Cab15": 80.69884342117783, "Cw15": 0.024978519651958873, "xscale15": 0.5125479135784802, "yscale15": 0.5125479135784802, "zscale15": 0.5125479135784802, "Cab16": 57.7666419096498, "Cw16": 0.015527067246474468, "xscale16": 0.47134602228379957, "yscale16": 0.47134602228379957, "zscale16": 0.47134602228379957, "Cab17": 40.715653291668076, "Cw17": 0.011776030013987073, "xscale17": 0.4773587323628335, "yscale17": 0.4773587323628335, "zscale17": 0.4773587323628335, "Cab18": 66.20556683534437, "Cw18": 0.04853144391243476, "xscale18": 0.5497242446342084, "yscale18": 0.5497242446342084, "zscale18": 0.5497242446342084, "Cab19": 42.1436922144593, "Cw19": 0.02148243304798348, "xscale19": 0.5256225099564574, "yscale19": 0.5256225099564574, "zscale19": 0.5256225099564574, "Cab20": 84.26164685885118, "Cw20": 0.02522939551272209, "xscale20": 0.7113394957313786, "yscale20": 0.7113394957313786, "zscale20": 0.7113394957313786, "Cab21": 62.30791651052398, "Cw21": 0.035315893077225095, "xscale21": 0.6371597358105195, "yscale21": 0.6371597358105195, "zscale21": 0.6371597358105195, "Cab22": 25.74550559720114, "Cw22": 0.011584502149190498, "xscale22": 0.603431698657343, "yscale22": 0.603431698657343, "zscale22": 0.603431698657343, "Cab23": 64.80263314001319, "Cw23": 0.04549670806625618, "xscale23": 0.6840181296659769, "yscale23": 0.6840181296659769, "zscale23": 0.6840181296659769, "Cab24": 38.341110079826464, "Cw24": 0.0174176034911381, "xscale24": 0.4687706688119086, "yscale24": 0.4687706688119086, "zscale24": 0.4687706688119086, "Cab25": 83.28284052817963, "Cw25": 0.011267415925751636, "xscale25": 0.6646329851194653, "yscale25": 0.6646329851194653, "zscale25": 0.6646329851194653, "Cab26": 76.49371864768608, "Cw26": 0.037713531543455865, "xscale26": 0.6344166637888461, "yscale26": 0.6344166637888461, "zscale26": 0.6344166637888461, "Cab27": 21.37118496965488, "Cw27": 0.03950329579536668, "xscale27": 0.392297861507773, "yscale27": 0.392297861507773, "zscale27": 0.392297861507773, "Cab28": 41.62259295591018, "Cw28": 0.0316836782438495, "xscale28": 0.34339702382706067, "yscale28": 0.34339702382706067, "zscale28": 0.34339702382706067, "Cab29": 76.88394488173141, "Cw29": 0.029754095179885517, "xscale29": 0.5635474816252422, "yscale29": 0.5635474816252422, "zscale29": 0.5635474816252422, "Cab30": 76.48417029064265, "Cw30": 0.04022231465217673, "xscale30": 0.4510886716436939, "yscale30": 0.4510886716436939, "zscale30": 0.4510886716436939, "Cab31": 59.59853750624733, "Cw31": 0.01492296795882615, "xscale31": 0.6323127820020673, "yscale31": 0.6323127820020673, "zscale31": 0.6323127820020673, "Cab32": 30.36335725813444, "Cw32": 0.02698512776828855, "xscale32": 0.5579441827379535, "yscale32": 0.5579441827379535, "zscale32": 0.5579441827379535, "Cab33": 67.38975765037246, "Cw33": 0.042555833338896204, "xscale33": 0.5292410351273691, "yscale33": 0.5292410351273691, "zscale33": 0.5292410351273691, "Cab34": 89.4768901612684, "Cw34": 0.023148484634242336, "xscale34": 0.515091770643845, "yscale34": 0.515091770643845, "zscale34": 0.515091770643845, "Cab35": 21.341063667845486, "Cw35": 0.024166381368579924, "xscale35": 0.34683717845808226, "yscale35": 0.34683717845808226, "zscale35": 0.34683717845808226, "Cab36": 73.36290683968444, "Cw36": 0.0410184482070908, "xscale36": 0.7630296156253387, "yscale36": 0.7630296156253387, "zscale36": 0.7630296156253387, "Cab37": 73.04147973382771, "Cw37": 0.04169039135989976, "xscale37": 0.4503852056361839, "yscale37": 0.4503852056361839, "zscale37": 0.4503852056361839, "Cab38": 76.80079838106829, "Cw38": 0.01858471498882302, "xscale38": 0.4449654226464167, "yscale38": 0.4449654226464167, "zscale38": 0.4449654226464167, "Cab39": 60.18245713451036, "Cw39": 0.046858124957631364, "xscale39": 0.644421426417493, "yscale39": 0.644421426417493, "zscale39": 0.644421426417493, "Cab40": 80.34348606243752, "Cw40": 0.03813206094022599, "xscale40": 0.4950514656902455, "yscale40": 0.4950514656902455, "zscale40": 0.4950514656902455, "Cab41": 40.74505815673281, "Cw41": 0.011288222514506549, "xscale41": 0.4649052226181605, "yscale41": 0.4649052226181605, "zscale41": 0.4649052226181605, "Cab42": 55.586257209358564, "Cw42": 0.01612401694647893, "xscale42": 0.5029920578786349, "yscale42": 0.5029920578786349, "zscale42": 0.5029920578786349, "Cab43": 39.505710327631334, "Cw43": 0.02474740416583608, "xscale43": 0.692922083950237, "yscale43": 0.692922083950237, "zscale43": 0.692922083950237, "Cab44": 48.421053078879595, "Cw44": 0.024906144619435168, "xscale44": 0.46449026160628243, "yscale44": 0.46449026160628243, "zscale44": 0.46449026160628243, "Cab45": 88.8672341591952, "Cw45": 0.045717007586287765, "xscale45": 0.3941663176487192, "yscale45": 0.3941663176487192, "zscale45": 0.3941663176487192, "Cab46": 51.26211787023294, "Cw46": 0.039899371241373625, "xscale46": 0.5326176262471417, "yscale46": 0.5326176262471417, "zscale46": 0.5326176262471417, "Cab47": 34.086872833435336, "Cw47": 0.01247899595027335, "xscale47": 0.5375208268682587, "yscale47": 0.5375208268682587, "zscale47": 0.5375208268682587, "Cab48": 76.35893188342556, "Cw48": 0.02585838279783989, "xscale48": 0.7835674457587799, "yscale48": 0.7835674457587799, "zscale48": 0.7835674457587799, "Cab49": 37.43957867604502, "Cw49": 0.03279141094298011, "xscale49": 0.4871774501388077, "yscale49": 0.4871774501388077, "zscale49": 0.4871774501388077, "Cab50": 47.37734805449744, "Cw50": 0.019518438387553114, "xscale50": 0.7458529803001057, "yscale50": 0.7458529803001057, "zscale50": 0.7458529803001057, "Cab51": 78.19454985653061, "Cw51": 0.032574388257622114, "xscale51": 0.7085984009341068, "yscale51": 0.7085984009341068, "zscale51": 0.7085984009341068, "Cab52": 86.17058737968563, "Cw52": 0.03739241343988577,