{"Cab0": 50.656663710483144, "Cw0": 0.021690968400283853, "xscale0": 0.7931275653470837, "yscale0": 0.7931275653470837, "zscale0": 0.7931275653470837, "Cab1": 70.38439214200515, "Cw1": 0.02395909053150523, "xscale1": 0.5493782361393428, "yscale1": 0.5493782361393428, "zscale1": 0.5493782361393428, "Cab2": 71.45206384059767, "Cw2": 0.04476073554309666, "xscale2": 0.5521006587877078, "yscale2": 0.5521006587877078, "zscale2": 0.5521006587877078, "Cab3": 88.23369335439568, "Cw3": 0.025655155359895453, "xscale3": 0.5923087541497761, "yscale3": 0.5923087541497761, "zscale3": 0.5923087541497761, "Cab4": 51.72422994451044, "Cw4": 0.013413831441951239, "xscale4": 0.5977269144654833, "yscale4": 0.5977269144654833, "zscale4": 0.5977269144654833, "Cab5": 53.77680297047065, "Cw5": 0.011142501361060542, "xscale5": 0.8180973619927469, "yscale5": 0.8180973619927469, "zscale5": 0.8180973619927469, "Cab6": 71.82260057706614, "Cw6": 0.04936888036197033, "xscale6": 0.6343118767140176, "yscale6": 0.6343118767140176, "zscale6": 0.6343118767140176, "Cab7": 20.26512073494289, "Cw7": 0.041462439246667426, "xscale7": 0.48042401283195674, "yscale7": 0.48042401283195674, "zscale7": 0.48042401283195674, "Cab8": 43.5171695971437, "Cw8": 0.03937363908985327, "xscale8": 0.5638366681509673, "yscale8": 0.5638366681509673, "zscale8": 0.5638366681509673, "Cab9": 70.54446053440185, "Cw9": 0.024349953923325757, "xscale9": 0.5841956584422194, "yscale9": 0.5841956584422194, "zscale9": 0.5841956584422194, "Cab10": 35.49632563058622, "Cw10": 0.03918357302529148, "xscale10": 0.4579429962269499, "yscale10": 0.4579429962269499, "zscale10": 0.4579429962269499, "Cab11": 32.36649809121509, "Cw11": 0.014608245661005922, "xscale11": 0.7513300029012652, "yscale11": 0.7513300029012652, "zscale11": 0.7513300029012652, "Cab12": 58.57172060011522, "Cw12": 0.03430306426137896, "xscale12": 0.49038462649567466, "yscale12": 0.49038462649567466, "zscale12": 0.49038462649567466, "Cab13": 62.20573181894551, "Cw13": 0.01266501803427067, "xscale13": 0.5516499700768275, "yscale13": 0.5516499700768275, "zscale13": 0.5516499700768275, "Cab14": 51.37860404252572, "Cw14": 0.023524706572609504, "xscale14": 0.45152352471445345, "yscale14": 0.45152352471445345, "zscale14": 0.45152352471445345, "Cab15": 29.856058672467455, "Cw15": 0.01708197330275349, "xscale15": 0.5092978500702842, "yscale15": 0.5092978500702842, "zscale15": 0.5092978500702842, "Cab16": 70.45240438520912, "Cw16": 0.013935365987133488, "xscale16": 0.6092786116716415, "yscale16": 0.6092786116716415, "zscale16": 0.6092786116716415, "Cab17": 71.91839746186179, "Cw17": 0.014002344683661976, "xscale17": 0.48715046450633975, "yscale17": 0.48715046450633975, "zscale17": 0.48715046450633975, "Cab18": 38.255471168652505, "Cw18": 0.019341354653809803, "xscale18": 0.6588685409873035, "yscale18": 0.6588685409873035, "zscale18": 0.6588685409873035, "Cab19": 34.43938804430933, "Cw19": 0.03195786333421472, "xscale19": 0.6069316760404091, "yscale19": 0.6069316760404091, "zscale19": 0.6069316760404091, "Cab20": 54.27905592192172, "Cw20": 0.020213629293564905, "xscale20": 0.7481429432829301, "yscale20": 0.7481429432829301, "zscale20": 0.7481429432829301, "Cab21": 82.86237528718534, "Cw21": 0.028341353334740783, "xscale21": 0.5268444980036405, "yscale21": 0.5268444980036405, "zscale21": 0.5268444980036405, "Cab22": 71.51729823856255, "Cw22": 0.013055031580947798, "xscale22": 0.42684914072191177, "yscale22": 0.42684914072191177, "zscale22": 0.42684914072191177, "Cab23": 57.83629122224782, "Cw23": 0.04552368341935418, "xscale23": 0.7446363659326072, "yscale23": 0.7446363659326072, "zscale23": 0.7446363659326072, "Cab24": 27.984523766801598, "Cw24": 0.02357239753297965, "xscale24": 0.4387835263576257, "yscale24": 0.4387835263576257, "zscale24": 0.4387835263576257, "Cab25": 52.73670237179678, "Cw25": 0.010689598594655405, "xscale25": 0.6703783725497476, "yscale25": 0.6703783725497476, "zscale25": 0.6703783725497476, "Cab26": 72.54718307214542, "Cw26": 0.04277046300749425, "xscale26": 0.6931291262925883, "yscale26": 0.6931291262925883, "zscale26": 0.6931291262925883, "Cab27": 49.55656608962844, "Cw27": 0.02238888578695533, "xscale27": 0.5001213921062372, "yscale27": 0.5001213921062372, "zscale27": 0.5001213921062372, "Cab28": 40.36556474995324, "Cw28": 0.01676738641827692, "xscale28": 0.4556988886501999, "yscale28": 0.4556988886501999, "zscale28": 0.4556988886501999, "Cab29": 25.318761584520757, "Cw29": 0.015768090877595488, "xscale29": 0.7075968930250129, "yscale29": 0.7075968930250129, "zscale29": 0.7075968930250129, "Cab30": 87.50174183407114, "Cw30": 0.044640809066778905, "xscale30": 0.37652187734445, "yscale30": 0.37652187734445, "zscale30": 0.37652187734445, "Cab31": 26.255657064414414, "Cw31": 0.027695339549651553, "xscale31": 0.7079980577577852, "yscale31": 0.7079980577577852, "zscale31": 0.7079980577577852, "Cab32": 38.441592341660005, "Cw32": 0.02730330815746622, "xscale32": 0.4243058561973304, "yscale32": 0.4243058561973304, "zscale32": 0.4243058561973304, "Cab33": 23.70872292296412, "Cw33": 0.0241651598302009, "xscale33": 0.5241722602017614, "yscale33": 0.5241722602017614, "zscale33": 0.5241722602017614, "Cab34": 63.79680189138693, "Cw34": 0.012322258239671556, "xscale34": 0.5687205294366013, "yscale34": 0.5687205294366013, "zscale34": 0.5687205294366013, "Cab35": 30.780130688345835, "Cw35": 0.03527442106919318, "xscale35": 0.354235768352966, "yscale35": 0.354235768352966, "zscale35": 0.354235768352966, "Cab36": 66.7514793696559, "Cw36": 0.03818662193409926, "xscale36": 0.7579301258825429, "yscale36": 0.7579301258825429, "zscale36": 0.7579301258825429, "Cab37": 83.98235417364316, "Cw37": 0.01377412310987411, "xscale37": 0.495021151415085, "yscale37": 0.495021151415085, "zscale37": 0.495021151415085, "Cab38": 42.50959715562877, "Cw38": 0.010287372744587527, "xscale38": 0.5241603509277807, "yscale38": 0.5241603509277807, "zscale38": 0.5241603509277807, "Cab39": 70.87211255937578, "Cw39": 0.03062562156262027, "xscale39": 0.5529905841038852, "yscale39": 0.5529905841038852, "zscale39": 0.5529905841038852, "Cab40": 22.567594029798713, "Cw40": 0.013004326887965685, "xscale40": 0.46879000570203067, "yscale40": 0.46879000570203067, "zscale40": 0.46879000570203067, "Cab41": 69.74946599518086, "Cw41": 0.04479240835811033, "xscale41": 0.5255234155396252, "yscale41": 0.5255234155396252, "zscale41": 0.5255234155396252, "Cab42": 20.156432705979125, "Cw42": 0.04717111297661765, "xscale42": 0.5015938099384765, "yscale42": 0.5015938099384765, "zscale42": 0.5015938099384765, "Cab43": 41.04750750895353, "Cw43": 0.03203815824722532, "xscale43": 0.6272310719768233, "yscale43": 0.6272310719768233, "zscale43": 0.6272310719768233, "Cab44": 85.24745243472454, "Cw44": 0.022232015784803986, "xscale44": 0.4605760705392847, "yscale44": 0.4605760705392847, "zscale44": 0.4605760705392847, "Cab45": 75.406555813405, "Cw45": 0.03898199749119839, "xscale45": 0.3755519986863013, "yscale45": 0.3755519986863013, "zscale45": 0.3755519986863013, "Cab46": 61.435049510049474, "Cw46": 0.01317127009551406, "xscale46": 0.5255232626871531, "yscale46": 0.5255232626871531, "zscale46": 0.5255232626871531, "Cab47": 38.309842567890215, "Cw47": 0.02441560603085382, "xscale47": 0.6240380392894561, "yscale47": 0.6240380392894561, "zscale47": 0.6240380392894561, "Cab48": 36.43847538023182, "Cw48": 0.03971827234899778, "xscale48": 0.7580787683451171, "yscale48": 0.7580787683451171, "zscale48": 0.7580787683451171, "Cab49": 37.18120616172932, "Cw49": 0.047505930649941894, "xscale49": 0.5576518441066808, "yscale49": 0.5576518441066808, "zscale49": 0.5576518441066808, "Cab50": 66.81261461290629, "Cw50": 0.0158539031637328, "xscale50": 0.7190654666893691, "yscale50": 0.7190654666893691, "zscale50": 0.7190654666893691, "Cab51": 67.33672473497545, "Cw51": 0.04426043400733532, "xscale51": 0.5950590684266235, "yscale51": 0.5950590684266235, "zscale51": 0.5950590684266235, "Cab52": 36.9508650087445, "Cw52": 0.0477680523094234,