{"Cab0": 87.34501561875047, "Cw0": 0.01240151014165948, "xscale0": 0.6828340889992947, "yscale0": 0.6828340889992947, "zscale0": 0.6828340889992947, "Cab1": 55.23653217544556, "Cw1": 0.040452759656399516, "xscale1": 0.6768893523807133, "yscale1": 0.6768893523807133, "zscale1": 0.6768893523807133, "Cab2": 45.32311533003356, "Cw2": 0.037024247034980674, "xscale2": 0.6976783168132475, "yscale2": 0.6976783168132475, "zscale2": 0.6976783168132475, "Cab3": 39.334597760730446, "Cw3": 0.040308559897374883, "xscale3": 0.41497369001427886, "yscale3": 0.41497369001427886, "zscale3": 0.41497369001427886, "Cab4": 26.14542262677721, "Cw4": 0.035234107708113215, "xscale4": 0.5580979271210893, "yscale4": 0.5580979271210893, "zscale4": 0.5580979271210893, "Cab5": 55.367495316736886, "Cw5": 0.039441723873364205, "xscale5": 0.8317371388040986, "yscale5": 0.8317371388040986, "zscale5": 0.8317371388040986, "Cab6": 30.02625493363582, "Cw6": 0.015718312571165127, "xscale6": 0.5806860425010865, "yscale6": 0.5806860425010865, "zscale6": 0.5806860425010865, "Cab7": 83.81013325146105, "Cw7": 0.023087522418546495, "xscale7": 0.5265037446327497, "yscale7": 0.5265037446327497, "zscale7": 0.5265037446327497, "Cab8": 78.25632494790392, "Cw8": 0.044046197057300486, "xscale8": 0.5464598316215611, "yscale8": 0.5464598316215611, "zscale8": 0.5464598316215611, "Cab9": 60.82595202388756, "Cw9": 0.039133830124969474, "xscale9": 0.6707453253654189, "yscale9": 0.6707453253654189, "zscale9": 0.6707453253654189, "Cab10": 51.40667848470645, "Cw10": 0.014559267908440011, "xscale10": 0.5220395180417791, "yscale10": 0.5220395180417791, "zscale10": 0.5220395180417791, "Cab11": 65.38586983355253, "Cw11": 0.016435210293873855, "xscale11": 0.5636321385285811, "yscale11": 0.5636321385285811, "zscale11": 0.5636321385285811, "Cab12": 81.20693910826324, "Cw12": 0.025660982749878318, "xscale12": 0.5676025224363185, "yscale12": 0.5676025224363185, "zscale12": 0.5676025224363185, "Cab13": 33.28647798977208, "Cw13": 0.012757476973004209, "xscale13": 0.6237039258628511, "yscale13": 0.6237039258628511, "zscale13": 0.6237039258628511, "Cab14": 42.173501815597774, "Cw14": 0.01709982927179018, "xscale14": 0.6451645889306838, "yscale14": 0.6451645889306838, "zscale14": 0.6451645889306838, "Cab15": 49.139719663123145, "Cw15": 0.04318016434761442, "xscale15": 0.5146211508626158, "yscale15": 0.5146211508626158, "zscale15": 0.5146211508626158, "Cab16": 41.76194716994256, "Cw16": 0.022639175607033442, "xscale16": 0.5588738224069059, "yscale16": 0.5588738224069059, "zscale16": 0.5588738224069059, "Cab17": 56.19600993050307, "Cw17": 0.023512928529566605, "xscale17": 0.6417858464522362, "yscale17": 0.6417858464522362, "zscale17": 0.6417858464522362, "Cab18": 82.56941303384332, "Cw18": 0.03526343174213443, "xscale18": 0.6865017682270403, "yscale18": 0.6865017682270403, "zscale18": 0.6865017682270403, "Cab19": 78.23145147726842, "Cw19": 0.046501630277284704, "xscale19": 0.45008980036726964, "yscale19": 0.45008980036726964, "zscale19": 0.45008980036726964, "Cab20": 85.98691187082561, "Cw20": 0.047427858270209025, "xscale20": 0.6295621914767566, "yscale20": 0.6295621914767566, "zscale20": 0.6295621914767566, "Cab21": 89.55007414751918, "Cw21": 0.012263163752376705, "xscale21": 0.5241066738718944, "yscale21": 0.5241066738718944, "zscale21": 0.5241066738718944, "Cab22": 84.05965301690493, "Cw22": 0.026142010141828438, "xscale22": 0.48968575469574666, "yscale22": 0.48968575469574666, "zscale22": 0.48968575469574666, "Cab23": 52.195016127229856, "Cw23": 0.03805703124833409, "xscale23": 0.5352138313523985, "yscale23": 0.5352138313523985, "zscale23": 0.5352138313523985, "Cab24": 79.4367794225438, "Cw24": 0.010082522054983918, "xscale24": 0.4808871986623937, "yscale24": 0.4808871986623937, "zscale24": 0.4808871986623937, "Cab25": 60.92456705840091, "Cw25": 0.010072524761425776, "xscale25": 0.6993161704011746, "yscale25": 0.6993161704011746, "zscale25": 0.6993161704011746, "Cab26": 63.327044510470984, "Cw26": 0.013097018318884716, "xscale26": 0.6015514366122313, "yscale26": 0.6015514366122313, "zscale26": 0.6015514366122313, "Cab27": 70.40204417907364, "Cw27": 0.026571833174637426, "xscale27": 0.419804680185012, "yscale27": 0.419804680185012, "zscale27": 0.419804680185012, "Cab28": 71.03586195776396, "Cw28": 0.035338107239109566, "xscale28": 0.3693817354070237, "yscale28": 0.3693817354070237, "zscale28": 0.3693817354070237, "Cab29": 34.19569834240095, "Cw29": 0.04782929882779035, "xscale29": 0.6131373209380389, "yscale29": 0.6131373209380389, "zscale29": 0.6131373209380389, "Cab30": 34.58223450076322, "Cw30": 0.02018651623419947, "xscale30": 0.4363493348585576, "yscale30": 0.4363493348585576, "zscale30": 0.4363493348585576, "Cab31": 86.22217753529478, "Cw31": 0.046823081809595414, "xscale31": 0.6607353168769992, "yscale31": 0.6607353168769992, "zscale31": 0.6607353168769992, "Cab32": 67.69398134525557, "Cw32": 0.04681488066288227, "xscale32": 0.5045565325792549, "yscale32": 0.5045565325792549, "zscale32": 0.5045565325792549, "Cab33": 52.996406946117645, "Cw33": 0.025617044582788098, "xscale33": 0.4488150165474915, "yscale33": 0.4488150165474915, "zscale33": 0.4488150165474915, "Cab34": 30.79844033895909, "Cw34": 0.039320161814185094, "xscale34": 0.5160780546478633, "yscale34": 0.5160780546478633, "zscale34": 0.5160780546478633, "Cab35": 48.50061494556813, "Cw35": 0.011393644756060138, "xscale35": 0.42096408499405924, "yscale35": 0.42096408499405924, "zscale35": 0.42096408499405924, "Cab36": 35.99928184649346, "Cw36": 0.04142092200098449, "xscale36": 0.7485527758581821, "yscale36": 0.7485527758581821, "zscale36": 0.7485527758581821, "Cab37": 21.907029969015856, "Cw37": 0.01506894384886746, "xscale37": 0.4266395590652162, "yscale37": 0.4266395590652162, "zscale37": 0.4266395590652162, "Cab38": 69.42324087217384, "Cw38": 0.010910469674330622, "xscale38": 0.5525909937725646, "yscale38": 0.5525909937725646, "zscale38": 0.5525909937725646, "Cab39": 61.44988777683994, "Cw39": 0.03205499014105475, "xscale39": 0.4970927397763695, "yscale39": 0.4970927397763695, "zscale39": 0.4970927397763695, "Cab40": 61.28530312177532, "Cw40": 0.02502048142550141, "xscale40": 0.6233759961789225, "yscale40": 0.6233759961789225, "zscale40": 0.6233759961789225, "Cab41": 50.316845311972244, "Cw41": 0.011149073676595402, "xscale41": 0.649070439051324, "yscale41": 0.649070439051324, "zscale41": 0.649070439051324, "Cab42": 49.75439406761315, "Cw42": 0.04716518422681443, "xscale42": 0.5348939630856735, "yscale42": 0.5348939630856735, "zscale42": 0.5348939630856735, "Cab43": 34.61426796576203, "Cw43": 0.03456345782040747, "xscale43": 0.551135023492724, "yscale43": 0.551135023492724, "zscale43": 0.551135023492724, "Cab44": 20.017263889211403, "Cw44": 0.01967170164969284, "xscale44": 0.51659824887221, "yscale44": 0.51659824887221, "zscale44": 0.51659824887221, "Cab45": 70.3686841511154, "Cw45": 0.019747801250719475, "xscale45": 0.40684652879473493, "yscale45": 0.40684652879473493, "zscale45": 0.40684652879473493, "Cab46": 30.000141295183468, "Cw46": 0.012771867620127426, "xscale46": 0.5285369652721844, "yscale46": 0.5285369652721844, "zscale46": 0.5285369652721844, "Cab47": 75.14521412479125, "Cw47": 0.04624740864792197, "xscale47": 0.5787885531267511, "yscale47": 0.5787885531267511, "zscale47": 0.5787885531267511, "Cab48": 32.00368602873814, "Cw48": 0.0412163681411903, "xscale48": 0.7363621501758024, "yscale48": 0.7363621501758024, "zscale48": 0.7363621501758024, "Cab49": 46.076687497779744, "Cw49": 0.019327673256464485, "xscale49": 0.5162605580940085, "yscale49": 0.5162605580940085, "zscale49": 0.5162605580940085, "Cab50": 57.296223894781996, "Cw50": 0.02218637024084208, "xscale50": 0.5448095030427212, "yscale50": 0.5448095030427212, "zscale50": 0.5448095030427212, "Cab51": 24.826618895947178, "Cw51": 0.027901283549259158, "xscale51": 0.6830276665660784, "yscale51": 0.6830276665660784, "zscale51": 0.6830276665660784, "Cab52": 83.79580210166901,