{"Cab0": 36.21983419122978, "Cw0": 0.025653301941191135, "xscale0": 0.8748338328688141, "yscale0": 0.8748338328688141, "zscale0": 0.8748338328688141, "Cab1": 52.98211573734397, "Cw1": 0.016044662862565357, "xscale1": 0.6995389807460756, "yscale1": 0.6995389807460756, "zscale1": 0.6995389807460756, "Cab2": 86.40731239138036, "Cw2": 0.035552704884970476, "xscale2": 0.7380138537961125, "yscale2": 0.7380138537961125, "zscale2": 0.7380138537961125, "Cab3": 41.56426100474741, "Cw3": 0.01913467543547997, "xscale3": 0.43885338144413616, "yscale3": 0.43885338144413616, "zscale3": 0.43885338144413616, "Cab4": 61.812345186449285, "Cw4": 0.02406874345222261, "xscale4": 0.5860687529226228, "yscale4": 0.5860687529226228, "zscale4": 0.5860687529226228, "Cab5": 62.05586169934283, "Cw5": 0.020166243410547846, "xscale5": 0.8739653799750493, "yscale5": 0.8739653799750493, "zscale5": 0.8739653799750493, "Cab6": 78.7251775079197, "Cw6": 0.048163679583540064, "xscale6": 0.6159457761611004, "yscale6": 0.6159457761611004, "zscale6": 0.6159457761611004, "Cab7": 38.536804881065436, "Cw7": 0.04059676369311555, "xscale7": 0.4630363832512118, "yscale7": 0.4630363832512118, "zscale7": 0.4630363832512118, "Cab8": 43.74539799608098, "Cw8": 0.03989440465976668, "xscale8": 0.5647947330243185, "yscale8": 0.5647947330243185, "zscale8": 0.5647947330243185, "Cab9": 56.6839109622214, "Cw9": 0.012753853654772423, "xscale9": 0.7479694593735449, "yscale9": 0.7479694593735449, "zscale9": 0.7479694593735449, "Cab10": 74.07251283301474, "Cw10": 0.033161874869572595, "xscale10": 0.4689926515652625, "yscale10": 0.4689926515652625, "zscale10": 0.4689926515652625, "Cab11": 65.42099951220723, "Cw11": 0.011804912608600686, "xscale11": 0.5410675218226434, "yscale11": 0.5410675218226434, "zscale11": 0.5410675218226434, "Cab12": 64.8663380495173, "Cw12": 0.018200005877798568, "xscale12": 0.5779555981034051, "yscale12": 0.5779555981034051, "zscale12": 0.5779555981034051, "Cab13": 61.23728124679292, "Cw13": 0.03447323013265344, "xscale13": 0.7042864846727908, "yscale13": 0.7042864846727908, "zscale13": 0.7042864846727908, "Cab14": 43.42228012481441, "Cw14": 0.016922192233286736, "xscale14": 0.5416683261781332, "yscale14": 0.5416683261781332, "zscale14": 0.5416683261781332, "Cab15": 67.76876312783827, "Cw15": 0.04765639545771, "xscale15": 0.5630068730809527, "yscale15": 0.5630068730809527, "zscale15": 0.5630068730809527, "Cab16": 30.89177655518501, "Cw16": 0.0390357584256067, "xscale16": 0.5506928140983656, "yscale16": 0.5506928140983656, "zscale16": 0.5506928140983656, "Cab17": 76.36095732054106, "Cw17": 0.01699182022405487, "xscale17": 0.4852754710740657, "yscale17": 0.4852754710740657, "zscale17": 0.4852754710740657, "Cab18": 32.15283676352962, "Cw18": 0.013890678074505867, "xscale18": 0.6246406021145389, "yscale18": 0.6246406021145389, "zscale18": 0.6246406021145389, "Cab19": 62.88373126258855, "Cw19": 0.04590058614400404, "xscale19": 0.6517796317939577, "yscale19": 0.6517796317939577, "zscale19": 0.6517796317939577, "Cab20": 68.92800261945666, "Cw20": 0.02330303497361074, "xscale20": 0.7444357942523446, "yscale20": 0.7444357942523446, "zscale20": 0.7444357942523446, "Cab21": 62.298059331632786, "Cw21": 0.018577682598137694, "xscale21": 0.4379382362390096, "yscale21": 0.4379382362390096, "zscale21": 0.4379382362390096, "Cab22": 59.800461023308586, "Cw22": 0.01894576900105207, "xscale22": 0.5980582219078192, "yscale22": 0.5980582219078192, "zscale22": 0.5980582219078192, "Cab23": 50.038518924525434, "Cw23": 0.026364701215760927, "xscale23": 0.5851101996584337, "yscale23": 0.5851101996584337, "zscale23": 0.5851101996584337, "Cab24": 87.03379702926914, "Cw24": 0.03796000535545857, "xscale24": 0.5919795146279534, "yscale24": 0.5919795146279534, "zscale24": 0.5919795146279534, "Cab25": 78.85945628852556, "Cw25": 0.012509916998890227, "xscale25": 0.6816292689387573, "yscale25": 0.6816292689387573, "zscale25": 0.6816292689387573, "Cab26": 24.938038167864736, "Cw26": 0.010989215187638438, "xscale26": 0.5861501339468157, "yscale26": 0.5861501339468157, "zscale26": 0.5861501339468157, "Cab27": 59.35169593064442, "Cw27": 0.019519031619452138, "xscale27": 0.513492834861567, "yscale27": 0.513492834861567, "zscale27": 0.513492834861567, "Cab28": 42.079434417302366, "Cw28": 0.030079769165591443, "xscale28": 0.3671386915340451, "yscale28": 0.3671386915340451, "zscale28": 0.3671386915340451, "Cab29": 85.73230619912351, "Cw29": 0.014785918971298141, "xscale29": 0.6469758806016225, "yscale29": 0.6469758806016225, "zscale29": 0.6469758806016225, "Cab30": 37.247813595189356, "Cw30": 0.017267146485780156, "xscale30": 0.3089107415966931, "yscale30": 0.3089107415966931, "zscale30": 0.3089107415966931, "Cab31": 35.26730187104275, "Cw31": 0.03271277458750003, "xscale31": 0.6116855649710717, "yscale31": 0.6116855649710717, "zscale31": 0.6116855649710717, "Cab32": 82.07688322434402, "Cw32": 0.03544374945613677, "xscale32": 0.5603602749377729, "yscale32": 0.5603602749377729, "zscale32": 0.5603602749377729, "Cab33": 88.98688583805765, "Cw33": 0.02261647734608515, "xscale33": 0.4277046268952872, "yscale33": 0.4277046268952872, "zscale33": 0.4277046268952872, "Cab34": 83.86874225861507, "Cw34": 0.03843261938035765, "xscale34": 0.4797934494919197, "yscale34": 0.4797934494919197, "zscale34": 0.4797934494919197, "Cab35": 80.5533034419786, "Cw35": 0.04286338693408651, "xscale35": 0.38858118815306464, "yscale35": 0.38858118815306464, "zscale35": 0.38858118815306464, "Cab36": 72.42453337357915, "Cw36": 0.033272994434049595, "xscale36": 0.7129547243971366, "yscale36": 0.7129547243971366, "zscale36": 0.7129547243971366, "Cab37": 83.91774505928447, "Cw37": 0.03376574513217149, "xscale37": 0.5168834653186275, "yscale37": 0.5168834653186275, "zscale37": 0.5168834653186275, "Cab38": 65.6389175745597, "Cw38": 0.02926575864462498, "xscale38": 0.4913716815782925, "yscale38": 0.4913716815782925, "zscale38": 0.4913716815782925, "Cab39": 75.56783976627906, "Cw39": 0.019454698218269027, "xscale39": 0.6780762242944715, "yscale39": 0.6780762242944715, "zscale39": 0.6780762242944715, "Cab40": 84.36466394259722, "Cw40": 0.047876023343197315, "xscale40": 0.5312661064994868, "yscale40": 0.5312661064994868, "zscale40": 0.5312661064994868, "Cab41": 82.3828140000337, "Cw41": 0.026326978508381324, "xscale41": 0.6035033676870482, "yscale41": 0.6035033676870482, "zscale41": 0.6035033676870482, "Cab42": 59.437177525597335, "Cw42": 0.04183626487804007, "xscale42": 0.49392262808591275, "yscale42": 0.49392262808591275, "zscale42": 0.49392262808591275, "Cab43": 61.968857039115974, "Cw43": 0.03371096432012786, "xscale43": 0.7027996758943994, "yscale43": 0.7027996758943994, "zscale43": 0.7027996758943994, "Cab44": 88.13101458367721, "Cw44": 0.012072956377008604, "xscale44": 0.3943123914969595, "yscale44": 0.3943123914969595, "zscale44": 0.3943123914969595, "Cab45": 76.07882156826747, "Cw45": 0.02584473210724709, "xscale45": 0.3377242967004502, "yscale45": 0.3377242967004502, "zscale45": 0.3377242967004502, "Cab46": 23.811434827662993, "Cw46": 0.020742536548566785, "xscale46": 0.47646811100959596, "yscale46": 0.47646811100959596, "zscale46": 0.47646811100959596, "Cab47": 29.231947085090674, "Cw47": 0.024139258781593592, "xscale47": 0.47603792927659866, "yscale47": 0.47603792927659866, "zscale47": 0.47603792927659866, "Cab48": 43.2049845295392, "Cw48": 0.022565365760825733, "xscale48": 0.7690751786105205, "yscale48": 0.7690751786105205, "zscale48": 0.7690751786105205, "Cab49": 51.96820020086204, "Cw49": 0.04632637363096575, "xscale49": 0.5057132425565308, "yscale49": 0.5057132425565308, "zscale49": 0.5057132425565308, "Cab50": 88.67464750591093, "Cw50": 0.012152635144387212, "xscale50": 0.5712474980273725, "yscale50": 0.5712474980273725, "zscale50": 0.5712474980273725, "Cab51": 37.18698919066827, "Cw51": 0.04775345472247954, "xscale51": 0.8048641410541629, "yscale51": 0.8048641410541629, "zscale51": 0.8048641410541629, "Cab52": 23.37799317794755,