{"Cab0": 41.856402705810034, "Cw0": 0.03223599511690829, "xscale0": 0.5867514775170956, "yscale0": 0.5867514775170956, "zscale0": 0.5867514775170956, "Cab1": 24.17351051442025, "Cw1": 0.024237584774291727, "xscale1": 0.5525168486533754, "yscale1": 0.5525168486533754, "zscale1": 0.5525168486533754, "Cab2": 21.65219813745276, "Cw2": 0.03472270881363187, "xscale2": 0.7554620198080773, "yscale2": 0.7554620198080773, "zscale2": 0.7554620198080773, "Cab3": 83.29130260115042, "Cw3": 0.03515856379510512, "xscale3": 0.5447204975651266, "yscale3": 0.5447204975651266, "zscale3": 0.5447204975651266, "Cab4": 41.12737162968307, "Cw4": 0.026939422405599232, "xscale4": 0.6023354333022115, "yscale4": 0.6023354333022115, "zscale4": 0.6023354333022115, "Cab5": 87.69635406305734, "Cw5": 0.030076226075161118, "xscale5": 0.7819766580431177, "yscale5": 0.7819766580431177, "zscale5": 0.7819766580431177, "Cab6": 46.17214620832736, "Cw6": 0.032211916518991156, "xscale6": 0.6305852509341832, "yscale6": 0.6305852509341832, "zscale6": 0.6305852509341832, "Cab7": 20.93228534700045, "Cw7": 0.030674283090556136, "xscale7": 0.5972402125133475, "yscale7": 0.5972402125133475, "zscale7": 0.5972402125133475, "Cab8": 64.15142724100185, "Cw8": 0.04275794736586888, "xscale8": 0.5286302254299734, "yscale8": 0.5286302254299734, "zscale8": 0.5286302254299734, "Cab9": 70.01169790157489, "Cw9": 0.031718480923047784, "xscale9": 0.6327913329786571, "yscale9": 0.6327913329786571, "zscale9": 0.6327913329786571, "Cab10": 28.28772154685786, "Cw10": 0.01635224539252087, "xscale10": 0.5570912049488387, "yscale10": 0.5570912049488387, "zscale10": 0.5570912049488387, "Cab11": 51.69314767063908, "Cw11": 0.04916324053034686, "xscale11": 0.6440246189250444, "yscale11": 0.6440246189250444, "zscale11": 0.6440246189250444, "Cab12": 84.76196947349271, "Cw12": 0.02260027046608686, "xscale12": 0.6208592128564101, "yscale12": 0.6208592128564101, "zscale12": 0.6208592128564101, "Cab13": 46.8519378445773, "Cw13": 0.02421667730266447, "xscale13": 0.6459190680464765, "yscale13": 0.6459190680464765, "zscale13": 0.6459190680464765, "Cab14": 70.37989755113857, "Cw14": 0.01610371733640611, "xscale14": 0.6495072482972892, "yscale14": 0.6495072482972892, "zscale14": 0.6495072482972892, "Cab15": 51.451363476841145, "Cw15": 0.01264509003186623, "xscale15": 0.639992161496956, "yscale15": 0.639992161496956, "zscale15": 0.639992161496956, "Cab16": 38.091264831170704, "Cw16": 0.011418493079871013, "xscale16": 0.5668858501570476, "yscale16": 0.5668858501570476, "zscale16": 0.5668858501570476, "Cab17": 67.59159817641232, "Cw17": 0.015873194193339456, "xscale17": 0.4909313272344502, "yscale17": 0.4909313272344502, "zscale17": 0.4909313272344502, "Cab18": 84.80362686277444, "Cw18": 0.03133814984758285, "xscale18": 0.5669723160269298, "yscale18": 0.5669723160269298, "zscale18": 0.5669723160269298, "Cab19": 37.34486124435895, "Cw19": 0.04118010936487208, "xscale19": 0.5932413225170758, "yscale19": 0.5932413225170758, "zscale19": 0.5932413225170758, "Cab20": 52.45413811659132, "Cw20": 0.041155393774902495, "xscale20": 0.5318384915625329, "yscale20": 0.5318384915625329, "zscale20": 0.5318384915625329, "Cab21": 72.28280324896835, "Cw21": 0.03974605396163848, "xscale21": 0.6044278239288909, "yscale21": 0.6044278239288909, "zscale21": 0.6044278239288909, "Cab22": 83.99584856910073, "Cw22": 0.027465933785570766, "xscale22": 0.5995808272645339, "yscale22": 0.5995808272645339, "zscale22": 0.5995808272645339, "Cab23": 48.866627206276256, "Cw23": 0.03749911057186076, "xscale23": 0.6323860463432599, "yscale23": 0.6323860463432599, "zscale23": 0.6323860463432599, "Cab24": 81.78089318505567, "Cw24": 0.03836871026342962, "xscale24": 0.6342321365974122, "yscale24": 0.6342321365974122, "zscale24": 0.6342321365974122, "Cab25": 53.9859027097768, "Cw25": 0.013711102975429915, "xscale25": 0.6147758179916074, "yscale25": 0.6147758179916074, "zscale25": 0.6147758179916074, "Cab26": 74.80430410025235, "Cw26": 0.0294693974627193, "xscale26": 0.5359867328224589, "yscale26": 0.5359867328224589, "zscale26": 0.5359867328224589, "Cab27": 48.73510066339651, "Cw27": 0.04374125340261137, "xscale27": 0.35007183627336713, "yscale27": 0.35007183627336713, "zscale27": 0.35007183627336713, "Cab28": 47.25816603646933, "Cw28": 0.04245448557992341, "xscale28": 0.3488772942055442, "yscale28": 0.3488772942055442, "zscale28": 0.3488772942055442, "Cab29": 52.249232255615105, "Cw29": 0.020226201954182635, "xscale29": 0.6689299431055912, "yscale29": 0.6689299431055912, "zscale29": 0.6689299431055912, "Cab30": 46.568722221737616, "Cw30": 0.04641348218728655, "xscale30": 0.3287736127031598, "yscale30": 0.3287736127031598, "zscale30": 0.3287736127031598, "Cab31": 33.645498710048756, "Cw31": 0.02804168398457077, "xscale31": 0.5203468760884925, "yscale31": 0.5203468760884925, "zscale31": 0.5203468760884925, "Cab32": 72.35550327416638, "Cw32": 0.010161692988456674, "xscale32": 0.5534845166370869, "yscale32": 0.5534845166370869, "zscale32": 0.5534845166370869, "Cab33": 72.83532940517702, "Cw33": 0.035331472805634, "xscale33": 0.5034803395989574, "yscale33": 0.5034803395989574, "zscale33": 0.5034803395989574, "Cab34": 44.98744904482824, "Cw34": 0.02078009128044407, "xscale34": 0.48682480107826126, "yscale34": 0.48682480107826126, "zscale34": 0.48682480107826126, "Cab35": 59.98090804333761, "Cw35": 0.04072794147140263, "xscale35": 0.4219502670580687, "yscale35": 0.4219502670580687, "zscale35": 0.4219502670580687, "Cab36": 69.81544763210158, "Cw36": 0.027120725178936454, "xscale36": 0.6124820781361798, "yscale36": 0.6124820781361798, "zscale36": 0.6124820781361798, "Cab37": 35.94848260111129, "Cw37": 0.02300266923368272, "xscale37": 0.41742904966270034, "yscale37": 0.41742904966270034, "zscale37": 0.41742904966270034, "Cab38": 38.04869782048688, "Cw38": 0.03236869288606281, "xscale38": 0.4461367295544493, "yscale38": 0.4461367295544493, "zscale38": 0.4461367295544493, "Cab39": 53.19873015425198, "Cw39": 0.0311057714771523, "xscale39": 0.7107173273488699, "yscale39": 0.7107173273488699, "zscale39": 0.7107173273488699, "Cab40": 76.64146176384845, "Cw40": 0.02295222699676617, "xscale40": 0.6095033192674659, "yscale40": 0.6095033192674659, "zscale40": 0.6095033192674659, "Cab41": 81.22267073485857, "Cw41": 0.021148860004425885, "xscale41": 0.5144251880807915, "yscale41": 0.5144251880807915, "zscale41": 0.5144251880807915, "Cab42": 74.1623408904124, "Cw42": 0.042117242912396914, "xscale42": 0.4555156687378402, "yscale42": 0.4555156687378402, "zscale42": 0.4555156687378402, "Cab43": 45.891904277050116, "Cw43": 0.021773961027196045, "xscale43": 0.6324107839485288, "yscale43": 0.6324107839485288, "zscale43": 0.6324107839485288, "Cab44": 36.701997317626805, "Cw44": 0.015011980974037976, "xscale44": 0.4222285378572782, "yscale44": 0.4222285378572782, "zscale44": 0.4222285378572782, "Cab45": 89.33599639650124, "Cw45": 0.03656691169022447, "xscale45": 0.3690373685306439, "yscale45": 0.3690373685306439, "zscale45": 0.3690373685306439, "Cab46": 82.84338203391317, "Cw46": 0.012944353951299656, "xscale46": 0.4297526024270407, "yscale46": 0.4297526024270407, "zscale46": 0.4297526024270407, "Cab47": 38.05550466151886, "Cw47": 0.01531636649347063, "xscale47": 0.5811103540686965, "yscale47": 0.5811103540686965, "zscale47": 0.5811103540686965, "Cab48": 58.78403347179706, "Cw48": 0.0249196188467111, "xscale48": 0.6337608016378069, "yscale48": 0.6337608016378069, "zscale48": 0.6337608016378069, "Cab49": 53.62870158833637, "Cw49": 0.04933231689276687, "xscale49": 0.5138089727869974, "yscale49": 0.5138089727869974, "zscale49": 0.5138089727869974, "Cab50": 75.8157637946916, "Cw50": 0.03308299959580633, "xscale50": 0.5920533095711421, "yscale50": 0.5920533095711421, "zscale50": 0.5920533095711421, "Cab51": 23.704794723592535, "Cw51": 0.04243900890282596, "xscale51": 0.6927385123087518, "yscale51": 0.6927385123087518, "zscale51": 0.6927385123087518, "Cab52": 82.08769980384156, "Cw52": 0.019848637793528592,